"================================================================="
"WinCasino 3.3.0.4"
"================================================================="
"Sample Info : "
=================================================================
"Name"		Box_0
"Type"		2
"Region Name"		Undefined
"Rotation (x, y, z)"		(0, 0, 0)
"Scale (x, y, z)"		(20000, 20000, 10000)
"Color (x, y, z)"		(0.964844, 0, 0)
=================================================================
"Regions Info : "
=================================================================
"Name"		GaN	Box_0 Outside (vacuum)
"Region ID"		1	2
"Nb Elements"	
"substrate"		0	0
"Rho"		3.64134	0
"Energy Intensity"	
"Avg Plasmon Energy"		0	0
"Avg Atomic Nb"	
"User Density"		0	0
"User Composition"		0	0
"Work Function"		0	0
"Checked"		1	0
"Moller init"		-1.#IND	1.#INF
"Color"		(0.501961, 0.501961, 0.752941)	(0.313, 0.313, 1)
"Composition"		GaN	
=================================================================
"Element Info : "
=================================================================
"Name"		Ga	N
"Region"		GaN	GaN
"Region ID"		1	1
"Z"		31	7
"FWt"		0.832709	0.167291
"Atomic Fraction"		0.5	0.5
"SigmaTElas"		0.0345459	0.0201917
"Repetition"		1	1
"Rho"		5.91	1.251
"Atomic Weight"		69.72	14.0067
"J"		0.333181	0.0805
"K_Gauvin"		0.833444	0.788796
"K_Monsel"		0.854599	0.845178
"ef"		1	1
"kf"		7e+007	7e+007
"ep"		13.8	15
"Secondary Minimum Energy"	
"Plasmon Energy"	
"Work Function"	
"NVE"	
"Int_PRZ"		(0, 0, 0)	(0, 0, 0)
"Int_PRZ_ABS"		(0, 0, 0)	(0, 0, 0)
=================================================================
"================================================================="
"initial energy"	30
"-----------------------------------------------------------------"
"================================================================="
"Scan Point"	0
"================================================================="
"X"	0
"Y"	0
"Initial Energy"	30
"RkoMax"	16019.3
"-----------------------------------------------------------------"
"Scan Point 0 Results : "

"BackScattering Coefficient"	0.27801
"nb backscattered"	27801
"nb backscattered sensor"	0
"nb transmitted"	0
"nb transmitted sensor"	0
"-----------------------------------------------------------------"

"##################################################################"
"Scan Point"	0	" Trajectories : "
"##################################################################"
"-----------------------------------------------------------------"
"Trajectory"	5

"NbCollisions"	150
"Zmax"	0
"Display"	256

"Collisions"

"X"	"Y"	"Z"	"Rx"	"Ry"	"Rz"	"Energy"	"CollisionType"	
0.0772756	-0.168818	-5000	1.33142e-008	-1.17936e-006	1	30	Region	
0.0772758	-0.168834	-4986.74	-0.0372733	-0.0276514	0.998922	29.9717579085	Atom	
0.0385382	-0.197571	-4985.7	-0.120262	-0.0771031	0.989744	29.9695435042	Atom	
-0.877798	-0.785059	-4978.16	-0.14796	-0.0743901	0.986192	29.9533076801	Atom	
-3.81868	-2.26365	-4958.55	-0.143503	-0.0721879	0.987014	29.9109368469	Atom	
-9.01174	-4.87597	-4922.84	-0.129485	-0.0446919	0.990574	29.8337065169	Atom	
-10.3211	-5.3279	-4912.82	0.0433384	0.0565448	0.997459	29.8120808934	Atom	
-9.79459	-4.64091	-4900.7	0.0619013	0.0794742	0.994913	29.7860833443	Atom	
-9.71552	-4.53939	-4899.43	0.0766101	-0.0262501	0.996716	29.7833481692	Atom	
-8.89672	-4.81995	-4888.78	0.0800337	-0.0199684	0.996592	29.7604605789	Atom	
-6.50431	-5.41686	-4858.99	0.131364	-0.045551	0.990287	29.6964078443	Atom	
-5.48836	-5.76914	-4851.33	0.366469	-0.00329443	0.930425	29.6798074614	Atom	
-4.99857	-5.77354	-4850.08	0.130895	0.0392842	0.990618	29.6769374617	Atom	
3.10233	-3.3423	-4788.78	0.117929	0.0567878	0.991397	29.5440266783	Atom	
6.01945	-1.93758	-4764.25	0.105168	0.04901	0.993246	29.4907132508	Atom	
12.1025	0.897188	-4706.8	0.0311357	0.160878	0.986483	29.3658703072	Atom	
13.1164	6.13617	-4674.68	0.137078	0.435961	0.889465	29.2953441337	Atom	
14.9793	12.0611	-4662.59	-0.583282	0.182145	0.791584	29.2658545757	Atom	
6.91248	14.5802	-4651.64	-0.737443	0.136422	0.661489	29.2358209348	Atom	
-1.97794	16.2248	-4643.67	-0.751459	0.0571026	0.657305	29.2096190851	Atom	
-9.26747	16.7788	-4637.29	-0.680042	0.00028918	0.733173	29.1885210276	Atom	
-18.8598	16.7828	-4626.95	-0.660093	-0.00616869	0.751159	29.1578245181	Atom	
-24.2869	16.7321	-4620.77	-0.682136	-0.00080629	0.731225	29.1399173956	Atom	
-32.0384	16.723	-4612.46	-0.620274	-0.0288521	0.783854	29.1151553776	Atom	
-42.427	16.2397	-4599.34	-0.61855	0.0104997	0.785676	29.078634045	Atom	
-57.6118	16.4975	-4580.05	-0.609586	0.028805	0.792196	29.0250497041	Atom	
-58.7925	16.5533	-4578.51	-0.632381	0.0176483	0.774456	29.0208158653	Atom	
-76.1024	17.0364	-4557.31	0.0176085	0.941755	0.335838	28.9609731936	Atom	
-75.5527	46.4376	-4546.83	0.00819364	0.963055	0.269179	28.8926079296	Atom	
-75.4973	52.9546	-4545.01	0.0264893	0.975773	0.217174	28.87776145	Atom	
-75.3965	56.6662	-4544.18	-0.0310795	0.968074	0.248731	28.8694127578	Atom	
-75.7497	67.6683	-4541.36	-0.146785	0.973822	0.173565	28.8444626574	Atom	
-75.866	68.4396	-4541.22	-0.192067	0.938564	0.286718	28.84272261	Atom	
-80.3265	90.2366	-4534.56	-0.19924	0.942684	0.267676	28.7917006142	Atom	
-83.6857	106.13	-4530.05	-0.235244	0.904234	0.3564	28.7546075352	Atom	
-90.149	130.974	-4520.25	-0.233018	0.919669	0.316088	28.6940983706	Atom	
-90.9902	134.294	-4519.11	-0.254463	0.904139	0.343193	28.6861343356	Atom	
-100.302	167.379	-4506.56	-0.180913	0.931489	0.315592	28.6053923979	Atom	
-105.216	192.681	-4497.98	-0.159922	0.922576	0.35111	28.5453214561	Atom	
-106.173	198.205	-4495.88	-0.136237	0.959955	0.244798	28.5320575885	Atom	
-114.551	257.238	-4480.83	-0.117992	0.978461	0.169388	28.3957817208	Atom	
-115.13	262.037	-4480	-0.122742	0.990275	0.0654926	28.3848718485	Atom	
-117.185	278.613	-4478.9	-0.220933	0.974964	-0.0251572	28.34762585	Atom	
-121.037	295.615	-4479.34	-0.16464	0.97873	-0.122395	28.3087819005	Atom	
-123.249	308.763	-4480.98	0.0322914	0.996235	-0.0804579	28.2788252289	Atom	
-123.102	313.303	-4481.35	0.0328671	0.994895	-0.095413	28.2686552936	Atom	
-122.665	326.523	-4482.62	0.000334915	0.996272	-0.0862617	28.2389917125	Atom	
-122.663	334.217	-4483.28	-0.0379068	0.991846	-0.121676	28.2217356841	Atom	
-123.468	355.281	-4485.87	-0.0190583	0.991501	-0.128695	28.1742625585	Atom	
-123.634	363.937	-4486.99	-0.0699089	0.988865	-0.131376	28.1547202279	Atom	
-124.084	370.294	-4487.83	-0.0719922	0.979315	-0.189102	28.1403224656	Atom	
-124.52	376.23	-4488.98	-0.0608025	0.977714	-0.200943	28.1267416514	Atom	
-125.479	391.647	-4492.15	-0.0626424	0.987106	-0.147302	28.0913996998	Atom	
-127.015	415.854	-4495.76	-0.0225277	0.997058	-0.0732623	28.0363787791	Atom	
-127.634	443.259	-4497.78	-0.00084292	0.999247	0.038792	27.9746141563	Atom	
-127.636	445.203	-4497.7	0.0124681	0.999117	0.0401128	27.9702326448	Atom	
-127.041	492.816	-4495.79	-0.0260758	0.99231	0.120996	27.8629454085	Atom	
-127.056	493.365	-4495.72	-0.0346012	0.991856	0.122576	27.861695454	Atom	
-127.126	495.387	-4495.47	-0.0173821	0.991118	0.131846	27.8570908218	Atom	
-127.141	496.238	-4495.36	-0.0871655	0.991548	0.0960974	27.8551506206	Atom	
-130.154	530.512	-4492.04	-0.161701	0.986102	0.0381444	27.7770756108	Atom	
-130.349	531.696	-4491.99	-0.170677	0.983492	0.0601036	27.7743554721	Atom	
-133.477	549.722	-4490.89	-0.176091	0.977526	-0.115908	27.7328610712	Atom	
-134.77	556.902	-4491.74	-0.189381	0.971134	-0.14503	27.7162110407	Atom	
-138.502	576.039	-4494.6	-0.21172	0.962597	-0.16906	27.6715241068	Atom	
-141.854	591.277	-4497.27	-0.195086	0.914884	-0.353451	27.6355772061	Atom	
-146.416	612.675	-4505.54	-0.222665	0.918498	-0.326776	27.582414058	Atom	
-146.873	614.558	-4506.21	-0.243979	0.928001	-0.281582	27.5777469557	Atom	
-149.161	623.26	-4508.85	-0.286843	0.902656	-0.320833	27.5563967025	Atom	
-164.138	670.392	-4525.6	-0.240678	0.893434	-0.379275	27.4374391244	Atom	
-166.134	677.801	-4528.75	-0.196421	0.886834	-0.418264	27.4184815174	Atom	
-167.008	681.748	-4530.61	-0.201998	0.878733	-0.432464	27.4083019269	Atom	
-171.226	700.095	-4539.64	-0.20199	0.900476	-0.385154	27.3605312649	Atom	
-181.818	747.315	-4559.84	-0.224248	0.887955	-0.401557	27.2403833853	Atom	
-198.631	813.892	-4589.95	-0.224107	0.917109	-0.329678	27.0679949138	Atom	
-200.097	819.889	-4592.1	-0.216678	0.931787	-0.291246	27.052884335	Atom	
-209.593	860.727	-4604.87	-0.125431	0.947896	-0.292849	26.9515594771	Atom	
-211.058	871.794	-4608.28	-0.167373	0.943213	-0.28694	26.9244871193	Atom	
-211.227	872.749	-4608.58	-0.11765	0.945418	-0.303879	26.9221391177	Atom	
-213.411	890.293	-4614.21	-0.0962045	0.900318	-0.424467	26.8790721101	Atom	
-220.559	957.193	-4645.76	-0.0772731	0.898561	-0.431992	26.7064010707	Atom	
-221.746	970.996	-4652.39	-0.0835542	0.896614	-0.434858	26.6705240308	Atom	
-221.975	973.451	-4653.58	-0.030136	0.853551	-0.520137	26.6641216206	Atom	
-222.55	989.747	-4663.51	-0.115882	0.946585	-0.300913	26.6194721187	Atom	
-223.583	998.182	-4666.19	-0.065496	0.932697	-0.354664	26.5986068159	Atom	
-226.807	1044.09	-4683.65	-0.0563459	0.931386	-0.359647	26.4832802566	Atom	
-227.12	1049.26	-4685.65	-0.00581683	0.896414	-0.44318	26.4702108483	Atom	
-227.147	1053.48	-4687.73	-0.0627536	0.871256	-0.4868	26.4591473187	Atom	
-227.779	1062.25	-4692.63	0.0186057	0.886938	-0.461514	26.4354551055	Atom	
-227.739	1064.16	-4693.63	-0.0112112	0.888207	-0.459306	26.4304021064	Atom	
-228.037	1087.79	-4705.85	0.459534	0.78196	-0.421151	26.3677358736	Atom	
-196.921	1140.74	-4734.36	0.414759	0.773182	-0.479755	26.2079742069	Atom	
-193.485	1147.15	-4738.34	0.396971	0.795271	-0.458212	26.1883323374	Atom	
-190.032	1154.06	-4742.32	0.37099	0.842102	-0.391447	26.1676982769	Atom	
-186.915	1161.14	-4745.61	0.3831	0.832539	-0.400142	26.1477521442	Atom	
-179.801	1176.6	-4753.04	0.379649	0.847368	-0.37126	26.1036471567	Atom	
-174.716	1187.95	-4758.02	0.358496	0.858814	-0.365949	26.0717948604	Atom	
-154.766	1235.74	-4778.38	0.378315	0.846096	-0.375498	25.9393118134	Atom	
-150.006	1246.39	-4783.11	0.369553	0.848147	-0.379575	25.9092345728	Atom	
-141.843	1265.12	-4791.49	0.379179	0.833652	-0.401556	25.8563921118	Atom	
-130.003	1291.15	-4804.03	0.385251	0.803528	-0.45379	25.7815647904	Atom	
-127.69	1295.98	-4806.75	0.387936	0.788892	-0.476608	25.7671400793	Atom	
-122.285	1306.97	-4813.39	0.133601	0.863822	-0.485759	25.7336608135	Atom	
-122.26	1307.13	-4813.48	0.123428	0.846317	-0.518183	25.7332188715	Atom	
-120.71	1317.76	-4819.99	0.155687	0.827969	-0.538729	25.703011488	Atom	
-111.769	1365.3	-4850.93	0.190978	0.836392	-0.513786	25.5647460815	Atom	
-108.991	1377.47	-4858.4	0.200156	0.832261	-0.516991	25.5295646173	Atom	
-108.922	1377.76	-4858.58	0.198493	0.820865	-0.53552	25.5287375054	Atom	
-107.788	1382.45	-4861.64	0.167875	0.817891	-0.550339	25.5149059862	Atom	
-104.771	1397.15	-4871.53	0.107062	0.827442	-0.551251	25.4713742368	Atom	
-103.557	1406.53	-4877.78	0.124493	0.841243	-0.526128	25.4438786859	Atom	
-103.472	1407.1	-4878.14	0.0903976	0.78435	-0.613696	25.4422281901	Atom	
-101.876	1420.95	-4888.98	0.0377362	0.777937	-0.627207	25.3993776372	Atom	
-101.666	1425.29	-4892.47	0.0556028	0.790441	-0.61001	25.3858322943	Atom	
-99.266	1459.4	-4918.8	0.106657	0.772594	-0.625878	25.2808923621	Atom	
-98.7323	1463.27	-4921.93	0.115829	0.767715	-0.630236	25.2686853441	Atom	
-93.6908	1496.68	-4949.36	0.121912	0.764845	-0.632574	25.162466211	Atom	
-92.8139	1502.18	-4953.91	0.126009	0.760025	-0.637561	25.1448537998	Atom	
-86.764	1538.67	-4984.52	0.112736	0.857292	-0.502335	25.027230639	Atom	
-85.8688	1545.48	-4988.51	0.169204	0.803941	-0.57013	25.007706511	Atom	
-85.6498	1546.52	-4989.25	0.160988	0.809616	-0.56445	25.0045217355	Atom	
-84.0032	1554.8	-4995.02	0.162857	0.808164	-0.565993	24.9793522898	Atom	
-83.9488	1555.07	-4995.21	0.165875	0.831561	-0.530086	24.9785293056	Atom	
-83.6898	1556.37	-4996.04	0.161447	0.806752	-0.568407	24.9746840507	Atom	
-82.9192	1560.22	-4998.75	0.187501	0.806159	-0.561204	24.9629269105	Atom	
-82.5024	1562.01	-5000	0.187501	0.806159	-0.561204	24.9574502669	Region	
"-----------------------------------------------------------------"
"Trajectory"	14

"NbCollisions"	77
"Zmax"	0
"Display"	256

"Collisions"

"X"	"Y"	"Z"	"Rx"	"Ry"	"Rz"	"Energy"	"CollisionType"	
-0.0677378	0.2257	-5000	1.47588e-006	-2.12196e-006	1	30	Region	
-0.0677359	0.225697	-4998.72	-0.00555731	0.00939893	0.99994	29.9972845953	Atom	
-0.149088	0.363285	-4984.09	-0.0421049	-0.00205044	0.999111	29.9661151703	Atom	
-0.253208	0.358215	-4981.62	-0.0338791	0.0156141	0.999304	29.9608453993	Atom	
-0.537239	0.489118	-4973.24	0.190574	0.865055	0.46407	29.9429771552	Atom	
1.85548	11.3502	-4967.41	0.147873	0.877805	0.455622	29.9162050739	Atom	
3.10442	18.7642	-4963.56	0.12716	0.874201	0.468618	29.8981824587	Atom	
4.62447	29.2142	-4957.96	0.119587	0.874713	0.469655	29.8726625193	Atom	
4.95815	31.6549	-4956.65	0.0470375	0.991574	0.120702	29.8667014965	Atom	
6.76754	69.7977	-4952.01	-0.0184405	0.999154	0.0367691	29.7845103405	Atom	
6.66666	75.2639	-4951.81	-0.025638	0.998505	0.0482836	29.7727951978	Atom	
5.87438	106.12	-4950.32	-0.0257316	0.999019	0.0360495	29.7066009707	Atom	
5.20039	132.288	-4949.37	-0.0532467	0.99813	0.0300123	29.6503938304	Atom	
3.51697	163.844	-4948.42	-0.163239	0.985795	0.0395083	29.5824488739	Atom	
2.50615	169.948	-4948.18	-0.177236	0.982982	0.0483148	29.5691167383	Atom	
2.27005	171.258	-4948.11	-0.19755	0.978752	0.0549343	29.5662476134	Atom	
2.12631	171.97	-4948.07	-0.170133	0.982088	0.0809816	29.5646802794	Atom	
-4.29732	209.05	-4945.02	-0.14814	0.987042	0.0616573	29.4833499293	Atom	
-4.97284	213.551	-4944.73	-0.161476	0.984868	0.0629298	29.4735057127	Atom	
-5.59876	217.369	-4944.49	-0.157612	0.982995	0.0942297	29.4651354613	Atom	
-11.3248	253.081	-4941.07	-0.166438	0.978463	0.122098	29.3866667191	Atom	
-12.9705	262.756	-4939.86	-0.170102	0.97541	0.140146	29.3652650806	Atom	
-15.7475	278.679	-4937.57	-0.149474	0.978457	0.142403	29.3299091866	Atom	
-17.3477	289.154	-4936.05	-0.125128	0.973075	0.193565	29.3067010882	Atom	
-23.5917	337.712	-4926.39	-0.109399	0.986149	0.12467	29.198455796	Atom	
-24.9321	349.795	-4924.86	-0.234428	0.970145	-0.0621388	29.1717993786	Atom	
-35.7836	394.702	-4927.74	-0.270261	0.96133	-0.0529529	29.0710197984	Atom	
-42.8838	419.958	-4929.13	-0.312891	0.946659	-0.0770398	29.0136635224	Atom	
-45.3674	427.472	-4929.74	-0.408019	0.911321	-0.0549065	28.9963065467	Atom	
-49.4738	436.643	-4930.29	-0.420227	0.906587	-0.0388421	28.9742895253	Atom	
-78.5626	499.399	-4932.98	-0.36968	0.927872	-0.0488948	28.8227624603	Atom	
-84.5955	514.541	-4933.78	-0.335899	0.941582	-0.0244081	28.7868902336	Atom	
-84.6664	514.74	-4933.78	-0.119751	0.977121	-0.17577	28.7864254458	Atom	
-84.7187	515.166	-4933.86	-0.0685088	0.98527	-0.156683	28.7854654197	Atom	
-85.0506	519.94	-4934.62	-0.0380674	0.991295	-0.126039	28.7748036455	Atom	
-85.7803	538.94	-4937.04	-0.0251938	0.98845	-0.149442	28.7326157989	Atom	
-87.1937	594.395	-4945.42	-0.0132222	0.990157	-0.139336	28.6089840171	Atom	
-87.3227	604.055	-4946.78	-0.0375265	0.667567	0.743603	28.5874114428	Atom	
-88.9855	633.635	-4913.83	-0.0338509	0.564635	0.824646	28.4893698148	Atom	
-89.4733	641.771	-4901.95	0.00204681	0.597122	0.802148	28.4574021009	Atom	
-89.4319	653.829	-4885.75	-0.0761595	0.933821	0.34954	28.4125595194	Atom	
-90.8598	671.336	-4879.2	-0.0804286	0.980414	0.179774	28.3708752483	Atom	
-90.8631	671.377	-4879.19	-0.0677273	0.997704	-0.000742543	28.3707821267	Atom	
-90.9831	673.144	-4879.19	0.377682	0.500509	-0.779004	28.3668396483	Atom	
-77.3556	691.203	-4907.3	0.457033	0.6197	-0.638038	28.2865114176	Atom	
-58.7198	716.472	-4933.31	0.562826	0.572982	-0.595751	28.1955281804	Atom	
-47.0912	728.31	-4945.62	0.611945	0.47307	-0.63382	28.149308505	Atom	
-22.1399	747.599	-4971.47	0.601203	0.495686	-0.626778	28.0579769466	Atom	
-16.4054	752.327	-4977.44	0.591146	0.499418	-0.633347	28.0365560566	Atom	
-0.193564	766.023	-4994.81	0.521327	0.520428	-0.676294	27.9749296808	Atom	
3.80427	770.014	-5000	0.521327	0.520428	-0.676294	27.9576671921	Region	
"-----------------------------------------------------------------"
"Trajectory"	15

"NbCollisions"	111
"Zmax"	0
"Display"	256

"Collisions"

"X"	"Y"	"Z"	"Rx"	"Ry"	"Rz"	"Energy"	"CollisionType"	
-0.314298	-0.103998	-5000	-3.53557e-006	3.88529e-006	1	30	Region	
-0.314344	-0.103948	-4986.98	-0.0213909	0.00562982	0.999755	29.9722721521	Atom	
-1.62508	0.24102	-4925.72	-0.000632491	-0.00195604	0.999998	29.8417151734	Atom	
-1.63032	0.224785	-4917.42	0.0186521	-0.000286411	0.999826	29.8239686139	Atom	
-1.31636	0.219964	-4900.59	0.0428901	-0.025895	0.998744	29.7879615706	Atom	
-0.557085	-0.238452	-4882.91	0.029307	-0.180632	0.983114	29.7500564275	Atom	
-0.481341	-0.705294	-4880.37	0.0517968	-0.0896978	0.994621	29.7445169287	Atom	
1.88452	-4.80232	-4834.94	0.147431	-0.095594	0.984442	29.6466023131	Atom	
2.45255	-5.17063	-4831.14	-0.0368368	-0.123804	0.991623	29.6383212173	Atom	
0.164134	-12.8617	-4769.54	-0.038599	-0.120214	0.991997	29.504768136	Atom	
0.102273	-13.0544	-4767.95	0.913859	-0.0809075	0.39789	29.5013102545	Atom	
7.11963	-13.6757	-4764.89	0.107287	0.990096	0.0905462	29.4847410807	Atom	
10.2377	15.0997	-4762.26	-0.000760699	0.998311	0.058091	29.422001173	Atom	
10.231	23.8972	-4761.75	-0.0244652	0.999668	0.00804249	29.4029451873	Atom	
8.85125	80.2761	-4761.3	-0.0451229	0.998683	0.0244168	29.2809272094	Atom	
4.95313	166.551	-4759.19	0.0845259	0.97802	-0.190609	29.0934009572	Atom	
5.87049	177.166	-4761.26	0.0970964	0.977661	-0.186417	29.0697209769	Atom	
6.40199	182.517	-4762.28	0.0823733	0.978183	-0.190715	29.0577698118	Atom	
8.42736	206.569	-4766.97	0.130607	0.971986	-0.195412	29.0040703891	Atom	
9.15076	211.952	-4768.05	0.14022	0.970571	-0.195781	28.9919559122	Atom	
11.5077	228.266	-4771.34	0.150087	0.962251	-0.227038	28.9551787637	Atom	
23.9912	308.302	-4790.22	0.0689298	0.966956	-0.245448	28.7730104314	Atom	
24.2708	312.224	-4791.22	0.0753546	0.947476	-0.310822	28.7640829103	Atom	
25.6632	329.732	-4796.96	0.166565	0.935586	-0.311343	28.7233982219	Atom	
25.732	330.118	-4797.09	0.177332	0.934563	-0.308455	28.7224878367	Atom	
26.5909	334.645	-4798.59	0.161052	0.933595	-0.320098	28.7118111913	Atom	
27.2477	338.452	-4799.89	0.167478	0.919767	-0.354937	28.702819129	Atom	
27.5644	340.191	-4800.56	0.163217	0.921837	-0.351536	28.6986488476	Atom	
31.5769	362.854	-4809.2	0.181884	0.910152	-0.372212	28.6444226167	Atom	
35.6284	383.127	-4817.49	0.172082	0.917251	-0.359221	28.5952150839	Atom	
36.2501	386.441	-4818.79	0.143457	0.988207	-0.0535394	28.5872228881	Atom	
40.5465	416.037	-4820.4	0.153485	0.986153	-0.0627992	28.5209578532	Atom	
45.0838	445.189	-4822.25	0.141221	0.987825	-0.0652583	28.4554289932	Atom	
49.4633	475.823	-4824.28	0.00996043	0.995216	-0.0971926	28.3865596436	Atom	
49.652	494.686	-4826.12	0.0307119	0.991142	-0.129206	28.3443878764	Atom	
49.9694	504.928	-4827.45	0.0164151	0.992147	-0.123992	28.321366967	Atom	
50.0046	507.053	-4827.72	0.0156075	0.990812	-0.134341	28.3165920734	Atom	
50.0134	507.614	-4827.8	-0.0911404	0.989088	-0.115752	28.3153299492	Atom	
49.4161	514.097	-4828.55	-0.101118	0.987677	-0.119453	28.300717015	Atom	
44.3152	563.92	-4834.58	-0.195791	0.97647	-0.0904016	28.1882045951	Atom	
38.3055	593.892	-4837.35	-0.125765	0.986718	-0.102818	28.1195259456	Atom	
35.2573	617.807	-4839.85	-0.128608	0.984753	-0.11714	28.0651890519	Atom	
33.7207	629.573	-4841.25	-0.159667	0.976067	-0.147648	28.0383626125	Atom	
32.917	634.486	-4841.99	-0.159759	0.980623	-0.113382	28.0270521059	Atom	
31.4459	643.516	-4843.03	-0.162504	0.979734	-0.117107	28.0063538567	Atom	
26.7591	671.773	-4846.41	-0.159601	0.979553	-0.122491	27.9414876502	Atom	
24.0903	688.153	-4848.46	-0.171193	0.982688	-0.0708381	27.9038106157	Atom	
22.2211	698.882	-4849.23	0.541371	0.835289	0.095966	27.8791824274	Atom	
40.4842	727.06	-4846	0.545859	0.837546	0.023562	27.8030354372	Atom	
42.7163	730.485	-4845.9	0.541769	0.840196	0.0235869	27.7937854264	Atom	
49.7092	741.33	-4845.59	0.53139	0.845864	0.0462418	27.7645790597	Atom	
49.7843	741.45	-4845.59	0.529674	0.847293	0.039235	27.7642586581	Atom	
70.6718	774.862	-4844.04	0.412937	0.909196	-0.0533395	27.6749532286	Atom	
76.0643	786.736	-4844.74	0.440849	0.894992	-0.0681341	27.6453031636	Atom	
76.2491	787.111	-4844.77	0.409066	0.910173	-0.0651929	27.6443510644	Atom	
105.635	852.494	-4849.45	0.323614	0.942711	-0.0810579	27.481107001	Atom	
107.905	859.106	-4850.02	0.347785	0.935381	-0.0640987	27.4650925905	Atom	
108.69	861.218	-4850.16	0.210344	0.974294	0.0806637	27.4599351817	Atom	
150.456	1054.67	-4834.15	0.264888	0.963584	0.0366094	27.0063095329	Atom	
153.815	1066.89	-4833.68	0.248211	0.968023	0.0363621	26.9769508258	Atom	
164.112	1107.05	-4832.17	0.275103	0.957281	0.0890626	26.8808247988	Atom	
171.478	1132.68	-4829.79	0.249543	0.965193	0.0783018	26.8186088529	Atom	
184.447	1182.85	-4825.72	0.24497	0.969531	-0.000442046	26.6976248221	Atom	
184.901	1184.64	-4825.72	0.0489481	0.938259	-0.342453	26.6933039833	Atom	
186.34	1212.24	-4835.79	-0.01443	0.92996	-0.367378	26.6245694252	Atom	
186.272	1216.65	-4837.53	0.071329	0.899562	-0.430931	26.613476446	Atom	
186.884	1224.37	-4841.23	0.0980165	0.912756	-0.396572	26.5933755344	Atom	
188.025	1234.99	-4845.85	0.11623	0.90657	-0.405735	26.5661115	Atom	
188.773	1240.82	-4848.46	0.157122	0.907616	-0.38929	26.5510094914	Atom	
199.683	1303.84	-4875.49	0.103116	0.95612	-0.274227	26.3880788624	Atom	
206.62	1368.17	-4893.94	0.0526989	0.942872	-0.328962	26.2294469493	Atom	
206.715	1369.86	-4894.53	0.0446291	0.941606	-0.333745	26.2251883424	Atom	
207.204	1380.18	-4898.18	0.0235924	0.869361	-0.493614	26.1992337829	Atom	
207.207	1380.3	-4898.25	0.0116634	0.854985	-0.518522	26.1988988193	Atom	
207.47	1399.56	-4909.94	0.0255938	0.849384	-0.527154	26.1454609266	Atom	
207.697	1407.1	-4914.61	0.00162252	0.869349	-0.494196	26.1243932355	Atom	
207.716	1417.23	-4920.37	0.0459813	0.925781	-0.375254	26.0967006143	Atom	
208.039	1423.73	-4923.01	0.0569308	0.911778	-0.406719	26.07998671	Atom	
209.166	1441.79	-4931.06	0.306905	0.887575	-0.343541	26.0328417521	Atom	
213.113	1453.21	-4935.48	0.265786	0.901108	-0.342581	26.0021915345	Atom	
215.397	1460.95	-4938.43	0.435638	0.640454	-0.632486	25.9816908893	Atom	
216.294	1462.27	-4939.73	0.520516	0.552733	-0.650807	25.9767772757	Atom	
217.328	1463.37	-4941.02	0.539299	0.563775	-0.625552	25.9720325853	Atom	
218.389	1464.47	-4942.25	0.518248	0.480121	-0.707745	25.9673370941	Atom	
231.643	1476.75	-4960.35	0.52728	0.489968	-0.694195	25.906254801	Atom	
242.286	1486.64	-4974.36	0.503333	0.49863	-0.705708	25.8579614182	Atom	
246.503	1490.82	-4980.28	0.368391	0.387145	-0.845226	25.8378830182	Atom	
255.099	1499.85	-5000	0.368391	0.387145	-0.845226	25.7819366689	Region	
"-----------------------------------------------------------------"
"Trajectory"	18

"NbCollisions"	93
"Zmax"	0
"Display"	256

"Collisions"

"X"	"Y"	"Z"	"Rx"	"Ry"	"Rz"	"Energy"	"CollisionType"	
-0.201488	-0.278927	-5000	-2.46423e-006	-5.07949e-006	1	30	Region	
-0.201502	-0.278955	-4994.43	-0.0285723	-0.0333841	0.999034	29.9881403661	Atom	
-1.33786	-1.60669	-4954.7	-0.0255924	-0.00272899	0.999669	29.9034363629	Atom	
-2.43183	-1.72334	-4911.97	0.039823	-0.135849	0.989929	29.8121916357	Atom	
-0.94996	-6.77849	-4875.13	-0.308809	-0.433642	0.846518	29.7325665745	Atom	
-2.11737	-8.41781	-4871.93	-0.301952	-0.397055	0.866702	29.7244600756	Atom	
-8.03799	-16.2032	-4854.93	-0.290484	-0.424383	0.857624	29.6824044358	Atom	
-10.3547	-19.5878	-4848.09	-0.366368	-0.406017	0.837212	29.6652795498	Atom	
-17.313	-27.2992	-4832.19	-0.381123	-0.404586	0.831297	29.6244781483	Atom	
-19.1076	-29.2042	-4828.28	-0.521249	-0.266267	0.810803	29.6143517638	Atom	
-22.2029	-30.7854	-4823.46	-0.503576	-0.285799	0.81531	29.6015773883	Atom	
-24.7457	-32.2285	-4819.35	-0.515217	-0.19404	0.834805	29.5907114051	Atom	
-30.4298	-34.3693	-4810.14	-0.544923	-0.204353	0.813203	29.5669631431	Atom	
-36.6027	-36.6842	-4800.93	-0.618218	-0.229765	0.751675	29.5425630947	Atom	
-42.2168	-38.7707	-4794.1	-0.61784	-0.302467	0.725801	29.5229902451	Atom	
-48.0516	-41.6271	-4787.24	-0.562362	-0.718393	-0.409463	29.5026243476	Atom	
-65.658	-64.1186	-4800.06	-0.554978	-0.745298	-0.3695	29.4350713454	Atom	
-68.1692	-67.4909	-4801.74	-0.537474	-0.731933	-0.418804	29.4252902972	Atom	
-82.8459	-87.4777	-4813.17	-0.66006	-0.663671	-0.35194	29.3662470148	Atom	
-94.505	-99.2006	-4819.39	-0.680939	-0.6628	-0.311477	29.3279930163	Atom	
-94.8101	-99.4975	-4819.53	-0.69248	-0.649752	-0.313518	29.3270219081	Atom	
-104.527	-108.614	-4823.93	-0.699791	-0.644805	-0.307439	29.2966019575	Atom	
-117.558	-120.622	-4829.65	-0.686562	-0.678452	-0.26141	29.2561947724	Atom	
-134.485	-137.349	-4836.1	-0.707003	-0.648492	-0.282143	29.2026430361	Atom	
-139.671	-142.106	-4838.17	-0.770842	-0.55244	-0.317196	29.1866851379	Atom	
-158.688	-155.735	-4845.99	-0.776604	-0.555144	-0.297829	29.1329939158	Atom	
-163.597	-159.244	-4847.88	-0.780021	-0.542111	-0.312542	29.1192185214	Atom	
-165.797	-160.773	-4848.76	-0.754808	-0.607211	-0.248113	29.1130674858	Atom	
-177.3	-170.026	-4852.54	-0.767622	-0.593273	-0.242454	29.0798364481	Atom	
-194.371	-183.22	-4857.93	-0.77625	-0.577111	-0.25373	29.0312965733	Atom	
-197.302	-185.399	-4858.89	-0.7713	-0.593348	-0.230291	29.0230430113	Atom	
-198.683	-186.462	-4859.3	-0.76957	-0.594063	-0.234203	29.0191279526	Atom	
-231.825	-212.045	-4869.39	-0.780707	-0.576876	-0.240232	28.9249758871	Atom	
-250.035	-225.501	-4874.99	-0.695028	-0.659261	-0.286898	28.8738465641	Atom	
-252.537	-227.874	-4876.02	-0.694821	-0.655152	-0.296648	28.8659436136	Atom	
-256.536	-231.645	-4877.73	-0.714769	-0.654158	-0.247352	28.8533067019	Atom	
-305.672	-276.614	-4894.73	-0.685325	-0.694566	-0.21888	28.7023252636	Atom	
-305.823	-276.768	-4894.78	-0.714376	-0.66513	-0.217412	28.7018371916	Atom	
-315.39	-285.675	-4897.69	-0.698685	-0.671266	-0.247471	28.6722998441	Atom	
-331.562	-301.212	-4903.42	-0.694207	-0.669823	-0.263463	28.6212084979	Atom	
-339.267	-308.646	-4906.35	-0.689706	-0.681018	-0.246008	28.5966759757	Atom	
-359.006	-328.137	-4913.39	-0.696776	-0.674088	-0.24517	28.5333680876	Atom	
-374.293	-342.927	-4918.77	-0.718574	-0.659915	-0.219461	28.4847502238	Atom	
-382.467	-350.433	-4921.26	-0.716103	-0.660377	-0.226051	28.4595101743	Atom	
-386.814	-354.442	-4922.63	-0.718423	-0.660699	-0.217588	28.4460305225	Atom	
-391.52	-358.77	-4924.06	-0.732917	-0.649983	-0.200886	28.4314799649	Atom	
-400.041	-366.326	-4926.4	-0.757201	-0.648814	-0.0754181	28.4056441799	Atom	
-400.491	-366.712	-4926.44	-0.64943	-0.751332	0.11722	28.4043225385	Atom	
-407.849	-375.224	-4925.11	-0.612164	-0.788275	0.0622734	28.3791264982	Atom	
-417.691	-387.897	-4924.11	-0.597233	-0.793879	0.114317	28.3433467505	Atom	
-441.15	-419.081	-4919.62	-0.585857	-0.803757	0.103664	28.2558395032	Atom	
-443.826	-422.752	-4919.15	-0.510785	-0.858764	0.0402894	28.2456408647	Atom	
-460.623	-450.993	-4917.82	-0.503358	-0.862707	0.0486595	28.1721786212	Atom	
-466.422	-460.932	-4917.26	-0.488781	-0.87187	0.0306037	28.146388566	Atom	
-475.453	-477.04	-4916.7	-0.400449	-0.913975	-0.0654984	28.1050027192	Atom	
-512.295	-561.128	-4922.72	-0.391458	-0.916611	-0.0811426	27.8986624242	Atom	
-521.098	-581.74	-4924.55	-0.237181	-0.968128	-0.0804552	27.847932203	Atom	
-524.09	-593.952	-4925.56	-0.252561	-0.963077	-0.0932443	27.8194332831	Atom	
-525.696	-600.077	-4926.15	-0.245599	-0.967459	-0.0608602	27.8050523015	Atom	
-530.486	-618.945	-4927.34	-0.313375	-0.699366	-0.642404	27.76093727	Atom	
-531.08	-620.271	-4928.56	-0.322234	-0.691211	-0.646833	27.7566457552	Atom	
-539.199	-637.688	-4944.86	-0.322349	-0.712404	-0.623355	27.6995681897	Atom	
-540.459	-640.473	-4947.29	-0.309617	-0.745098	-0.590733	27.6906983031	Atom	
-558.908	-684.869	-4982.49	-0.335688	-0.714488	-0.613857	27.5554764271	Atom	
-559.578	-686.295	-4983.72	-0.342623	-0.721387	-0.601839	27.5509294818	Atom	
-563.154	-693.825	-4990	-0.357751	-0.718649	-0.596286	27.5271456911	Atom	
-569.153	-705.877	-5000	-0.357751	-0.718649	-0.596286	27.4889071086	Region	
"-----------------------------------------------------------------"
"Trajectory"	19

"NbCollisions"	293
"Zmax"	0
"Display"	256

"Collisions"

"X"	"Y"	"Z"	"Rx"	"Ry"	"Rz"	"Energy"	"CollisionType"	
0.0252876	-0.269822	-5000	1.8889e-006	-1.16765e-006	1	30	Region	
0.0253221	-0.269843	-4981.72	-0.0141182	-0.0430844	0.998972	29.9610793344	Atom	
-0.0217221	-0.413407	-4978.39	-0.0174086	-0.0615067	0.997955	29.9539774779	Atom	
-0.153563	-0.879217	-4970.83	-0.0345739	-0.0742417	0.996641	29.9378333692	Atom	
-0.539279	-1.70748	-4959.71	-0.070852	-0.0533524	0.996059	29.9140411933	Atom	
-1.2952	-2.2767	-4949.09	0.0147564	-0.0391095	0.999126	29.891273712	Atom	
-1.03983	-2.95351	-4931.8	0.109058	-0.0800299	0.990808	29.854321219	Atom	
3.44676	-6.24589	-4891.04	0.157649	-0.124064	0.979671	29.7663904554	Atom	
4.21312	-6.84898	-4886.27	0.238342	-0.125673	0.963016	29.7559758359	Atom	
5.57013	-7.56451	-4880.79	0.137309	-0.0351134	0.989906	29.7437744366	Atom	
5.91296	-7.65218	-4878.32	0.203149	-0.0227785	0.978883	29.7384218786	Atom	
7.08574	-7.78368	-4872.67	0.206722	-0.0354324	0.977758	29.7260443949	Atom	
7.25101	-7.81201	-4871.89	0.254524	-0.0937688	0.96251	29.7243296762	Atom	
8.4311	-8.24677	-4867.42	0.721533	-0.371894	0.584025	29.7143851871	Atom	
9.39096	-8.7415	-4866.65	0.717879	-0.36773	0.591121	29.7115311158	Atom	
32.6581	-20.66	-4847.49	0.752608	-0.306398	0.582839	29.6419904561	Atom	
40.3493	-23.7912	-4841.53	0.794454	-0.428868	0.430017	29.6200228313	Atom	
111.156	-62.0147	-4803.21	0.802684	-0.434228	0.408833	29.4283228773	Atom	
135.212	-75.0284	-4790.95	0.811435	-0.411833	0.41469	29.3635268855	Atom	
144.516	-79.7504	-4786.2	0.827869	-0.420821	0.370867	29.3386933417	Atom	
154.141	-84.6431	-4781.89	0.852467	-0.342341	0.395099	29.3134952935	Atom	
192.553	-100.069	-4764.08	0.848977	-0.328833	0.413651	29.2157713646	Atom	
211.453	-107.389	-4754.87	0.862299	-0.316231	0.395523	29.1673590595	Atom	
214.155	-108.38	-4753.63	0.821975	-0.22835	0.521741	29.1605356239	Atom	
218.899	-109.698	-4750.62	0.819491	-0.186885	0.541764	29.1479682619	Atom	
224.344	-110.94	-4747.02	0.861691	-0.133233	0.48963	29.1334922169	Atom	
230.913	-111.956	-4743.29	0.828268	-0.145021	0.541241	29.1168761586	Atom	
260.391	-117.117	-4724.03	0.822475	-0.131167	0.553471	29.039273402	Atom	
303.717	-124.026	-4694.87	0.739281	-0.209361	0.640025	28.9241687041	Atom	
320.782	-128.859	-4680.1	0.751404	-0.189801	0.631955	28.8735671655	Atom	
325.827	-130.134	-4675.86	0.757156	-0.2103	0.618457	28.8588287728	Atom	
326.04	-130.193	-4675.68	0.756371	-0.192835	0.625074	28.8582119993	Atom	
337.437	-133.098	-4666.26	0.76224	-0.191261	0.618393	28.825120737	Atom	
369.171	-141.061	-4640.52	0.755415	-0.199837	0.624029	28.7336102893	Atom	
373.63	-142.241	-4636.83	0.75731	-0.238675	0.607878	28.7206031208	Atom	
379.089	-143.961	-4632.45	0.756682	-0.24357	0.606717	28.7047144951	Atom	
383.285	-145.312	-4629.09	0.619277	-0.522895	0.585728	28.6924834817	Atom	
397.396	-157.226	-4615.74	0.625199	-0.465872	0.62617	28.6422144697	Atom	
400.483	-159.526	-4612.65	0.608495	-0.523189	0.596663	28.6313080002	Atom	
412.689	-170.022	-4600.68	0.592676	-0.520144	0.614967	28.5869771733	Atom	
417.646	-174.371	-4595.54	0.248283	-0.552796	0.795469	28.5684738634	Atom	
429.503	-200.773	-4557.55	0.268918	-0.573103	0.774104	28.4627462116	Atom	
430.161	-202.173	-4555.66	0.233202	-0.609148	0.757995	28.4573201593	Atom	
435.411	-215.887	-4538.59	0.178951	-0.642521	0.745079	28.4073278166	Atom	
436.384	-219.38	-4534.54	0.214129	-0.586341	0.781251	28.3952357117	Atom	
436.454	-219.573	-4534.28	0.149988	-0.659006	0.737031	28.3945035956	Atom	
444.122	-253.266	-4496.6	0.248309	-0.632824	0.733401	28.2807695284	Atom	
445.055	-255.642	-4493.85	0.239162	-0.681201	0.691929	28.2723911788	Atom	
447.989	-264.001	-4485.36	0.277142	-0.73172	0.622718	28.2449993435	Atom	
449.426	-267.795	-4482.13	0.170297	-0.731429	0.660311	28.2334171867	Atom	
451.951	-278.637	-4472.34	-0.0296534	-0.824434	0.56518	28.2002934298	Atom	
451.812	-282.491	-4469.7	-0.014733	-0.873672	0.486292	28.189836462	Atom	
451.375	-308.379	-4455.29	0.0332484	-0.916944	0.397629	28.1235388074	Atom	
453.534	-367.91	-4429.47	-0.0234572	-0.993778	0.108879	27.9780064567	Atom	
452.106	-428.388	-4422.85	-0.0507728	-0.983427	0.174049	27.8410243126	Atom	
451.633	-437.554	-4421.23	-0.0683465	-0.981164	0.180679	27.8199627843	Atom	
451.518	-439.211	-4420.92	-0.12715	-0.956737	0.2617	27.8161447858	Atom	
451.474	-439.545	-4420.83	-0.167384	-0.969207	0.180612	27.8153571532	Atom	
449.521	-450.851	-4418.72	-0.150175	-0.962052	0.227821	27.7889775191	Atom	
448.841	-455.205	-4417.69	-0.24267	-0.941552	0.233647	27.7787348517	Atom	
440.339	-488.193	-4409.51	-0.24843	-0.935237	0.25222	27.6994240318	Atom	
440.161	-488.862	-4409.32	-0.233551	-0.943643	0.234504	27.6977998109	Atom	
439.208	-492.715	-4408.37	0.190539	-0.981465	-0.0205322	27.6885368487	Atom	
442.764	-511.033	-4408.75	0.143456	-0.987591	-0.0639037	27.646176083	Atom	
445.55	-530.213	-4409.99	0.140719	-0.986286	-0.0862501	27.6020446663	Atom	
448.84	-553.274	-4412.01	0.127183	-0.986784	-0.100411	27.5488475631	Atom	
450.665	-567.431	-4413.45	0.262143	-0.936755	0.231885	27.5161538161	Atom	
450.905	-568.29	-4413.24	0.249902	-0.942118	0.223526	27.5140630203	Atom	
452.759	-575.279	-4411.58	0.254116	-0.946403	0.199363	27.4971427023	Atom	
461.061	-606.197	-4405.06	0.172952	-0.912028	0.371877	27.4225859254	Atom	
461.248	-607.185	-4404.66	0.175275	-0.902085	0.394363	27.4201097004	Atom	
462.807	-615.209	-4401.15	0.180712	-0.897709	0.401822	27.3997641506	Atom	
463.533	-618.813	-4399.54	0.190777	-0.893843	0.405769	27.390577234	Atom	
466.617	-633.263	-4392.98	0.150626	-0.88858	0.433286	27.3535681753	Atom	
467.673	-639.493	-4389.94	0.0798968	-0.877447	0.472973	27.3375013182	Atom	
472.099	-688.1	-4363.74	0.0760048	-0.861507	0.502026	27.2104942286	Atom	
473.733	-706.618	-4352.95	0.0803058	-0.859444	0.504883	27.161030548	Atom	
474.171	-711.312	-4350.19	0.0755048	-0.857125	0.509545	27.148444378	Atom	
474.472	-714.722	-4348.17	0.185569	-0.804425	0.564327	27.1392718778	Atom	
479.185	-735.152	-4333.83	0.195425	-0.782012	0.591833	27.080704762	Atom	
481.61	-744.858	-4326.49	0.15708	-0.738254	0.655978	27.0520339597	Atom	
482.68	-749.885	-4322.02	0.0599542	-0.849087	0.52484	27.0362924879	Atom	
483.248	-757.932	-4317.05	0.0638815	-0.850986	0.521289	27.0143704905	Atom	
483.32	-758.894	-4316.46	0.0756946	-0.843855	0.531206	27.0117564052	Atom	
483.597	-761.979	-4314.52	0.0685109	-0.826905	0.558153	27.0032927695	Atom	
486.041	-791.478	-4294.61	0.0558792	-0.868327	0.492834	26.9207007267	Atom	
486.251	-794.733	-4292.76	-0.0132819	-0.848152	0.529586	26.9119999869	Atom	
485.775	-825.074	-4273.81	0.0242103	-0.898545	0.438214	26.8289519996	Atom	
485.862	-828.295	-4272.24	0.0174229	-0.890808	0.454046	26.8206105081	Atom	
486.455	-858.587	-4256.8	0.00412208	-0.869447	0.494009	26.7414561167	Atom	
486.503	-868.68	-4251.07	0.0277053	-0.869373	0.493379	26.7143693688	Atom	
486.532	-869.597	-4250.55	0.31721	-0.81284	0.488538	26.7119082385	Atom	
489.894	-878.213	-4245.37	0.449349	-0.727182	0.518934	26.6871527274	Atom	
490.351	-878.952	-4244.84	0.466376	-0.726413	0.504795	26.6847789558	Atom	
497.037	-889.366	-4237.6	0.482981	-0.725353	0.490503	26.6512713832	Atom	
501.31	-895.783	-4233.27	0.570027	-0.732089	0.372981	26.630575055	Atom	
516.313	-915.052	-4223.45	0.565569	-0.736587	0.370906	26.5689625576	Atom	
533.632	-937.608	-4212.09	0.419136	-0.809601	0.410939	26.4971433104	Atom	
534.046	-938.407	-4211.69	0.357943	-0.827948	0.431717	26.4948263003	Atom	
539.192	-950.311	-4205.48	0.35604	-0.84433	0.400427	26.4610301923	Atom	
541.062	-954.744	-4203.38	0.362248	-0.857997	0.364168	26.4486775881	Atom	
541.951	-956.852	-4202.48	0.378848	-0.847653	0.371429	26.4428963492	Atom	
543.994	-961.422	-4200.48	0.358277	-0.828686	0.43002	26.4302036423	Atom	
547.32	-969.115	-4196.49	0.23739	-0.837923	0.491457	26.4083397585	Atom	
549.68	-977.443	-4191.6	0.235327	-0.837108	0.493833	26.3849190774	Atom	
556.754	-1002.61	-4176.76	0.274466	-0.851174	0.447405	26.3140274484	Atom	
558.235	-1007.2	-4174.34	0.275745	-0.859811	0.429755	26.301272965	Atom	
558.261	-1007.28	-4174.3	0.305671	-0.864564	0.398867	26.3010534543	Atom	
562.743	-1019.96	-4168.45	0.290876	-0.875881	0.384998	26.2663828989	Atom	
573.258	-1051.62	-4154.54	0.386794	-0.815929	0.42971	26.1808354799	Atom	
576.074	-1057.56	-4151.41	0.380642	-0.830907	0.40584	26.1635583133	Atom	
578.737	-1063.37	-4148.57	0.467721	-0.788658	0.399069	26.1469499505	Atom	
605.332	-1108.22	-4125.88	0.464642	-0.789678	0.400645	26.0118917805	Atom	
608.748	-1114.02	-4122.93	0.456429	-0.802368	0.384551	25.9943576534	Atom	
609.393	-1115.16	-4122.39	0.492858	-0.814839	0.305169	25.9909844905	Atom	
609.681	-1115.63	-4122.21	0.370389	-0.881479	0.292926	25.9895915806	Atom	
612.36	-1122.01	-4120.09	0.396763	-0.867461	0.300151	25.9723324543	Atom	
624.579	-1148.72	-4110.85	0.396079	-0.876189	0.274618	25.8987945562	Atom	
633.869	-1169.27	-4104.41	0.467247	-0.841854	0.270116	25.8426603632	Atom	
648.975	-1196.49	-4095.67	0.477588	-0.837524	0.265451	25.7651513638	Atom	
649.689	-1197.74	-4095.28	0.462374	-0.845366	0.267518	25.7615617412	Atom	
649.707	-1197.78	-4095.27	0.4974	-0.809551	0.311802	25.7614652773	Atom	
650.47	-1199.02	-4094.79	0.50978	-0.810209	0.289286	25.7577816132	Atom	
656.19	-1208.11	-4091.54	0.456929	-0.859465	0.229207	25.7308081266	Atom	
658.689	-1212.81	-4090.29	0.465109	-0.857028	0.221757	25.7176520572	Atom	
659.887	-1215.02	-4089.72	0.330494	-0.89049	0.312732	25.7114545572	Atom	
662.635	-1222.42	-4087.12	0.360387	-0.883513	0.299209	25.6914417116	Atom	
668.669	-1237.22	-4082.11	0.266646	-0.937809	0.222293	25.6511116509	Atom	
679.514	-1275.36	-4073.07	0.250947	-0.943775	0.215208	25.5530328156	Atom	
679.584	-1275.62	-4073.01	0.262121	-0.940992	0.214072	25.5523620264	Atom	
688.199	-1306.55	-4065.97	0.248539	-0.941976	0.225632	25.4728556746	Atom	
691.898	-1320.57	-4062.61	0.230745	-0.951096	0.205362	25.4367662312	Atom	
692.782	-1324.21	-4061.82	0.297863	-0.943377	0.146004	25.4274672871	Atom	
694.771	-1330.51	-4060.85	0.263414	-0.961347	0.0801546	25.4112482367	Atom	
698.467	-1344	-4059.72	0.26749	-0.953274	0.140421	25.3771588721	Atom	
704.943	-1367.08	-4056.33	0.269031	-0.955067	0.124375	25.3182760099	Atom	
709.798	-1384.31	-4054.08	0.251773	-0.961655	0.108767	25.2743118144	Atom	
714.561	-1402.51	-4052.02	0.263492	-0.951715	0.157514	25.228145958	Atom	
717.506	-1413.14	-4050.26	0.0601314	-0.99749	0.0373875	25.2008349635	Atom	
717.722	-1416.72	-4050.13	0.0664208	-0.997645	0.0171168	25.192069183	Atom	
718.428	-1427.33	-4049.95	0.0637782	-0.997746	-0.0208627	25.1660469334	Atom	
718.546	-1429.17	-4049.98	0.025687	-0.999607	-0.0112343	25.1615379298	Atom	
719.266	-1457.2	-4050.3	0.0829233	-0.994586	-0.0626328	25.0928772338	Atom	
723.111	-1503.31	-4053.2	0.127168	-0.978502	-0.162365	24.979101829	Atom	
723.909	-1509.45	-4054.22	0.0548946	-0.937507	-0.343609	24.9636503263	Atom	
724.778	-1524.3	-4059.66	-0.0200635	-0.933402	-0.358272	24.9246258676	Atom	
724.743	-1525.95	-4060.3	-0.0256563	-0.943491	-0.330402	24.9202743328	Atom	
724.04	-1551.79	-4069.35	-0.0287762	-0.933085	-0.358504	24.8526820719	Atom	
723.869	-1557.33	-4071.48	-0.0225384	-0.930871	-0.364653	24.8380035923	Atom	
723.577	-1569.4	-4076.21	-0.0491945	-0.940446	-0.336365	24.805921867	Atom	
720.02	-1637.4	-4100.52	-0.122748	-0.949586	-0.288479	24.626885887	Atom	
717.091	-1660.06	-4107.41	-0.120949	-0.954399	-0.272935	24.5674546644	Atom	
716.81	-1662.28	-4108.04	-0.155505	-0.948035	-0.277575	24.5616486978	Atom	
716.779	-1662.47	-4108.1	-0.195118	-0.951951	-0.236047	24.5611495923	Atom	
713.606	-1677.95	-4111.94	-0.241299	-0.943484	-0.227186	24.5205661815	Atom	
706.519	-1705.66	-4118.61	-0.255287	-0.943413	-0.21166	24.4471715661	Atom	
704.047	-1714.79	-4120.66	-0.239981	-0.951514	-0.192434	24.422907219	Atom	
700.829	-1727.55	-4123.24	-0.223666	-0.958205	-0.17837	24.389295285	Atom	
698.196	-1738.83	-4125.34	-0.224718	-0.957217	-0.182314	24.3597539627	Atom	
693.579	-1758.5	-4129.08	-0.157691	-0.97432	-0.160733	24.3081368333	Atom	
692.976	-1762.22	-4129.7	-0.125273	-0.978439	-0.164206	24.2985117581	Atom	
689.879	-1786.41	-4133.76	-0.125064	-0.977985	-0.167047	24.2362791856	Atom	
687.652	-1803.82	-4136.73	-0.190036	-0.964199	-0.184952	24.1913833618	Atom	
683.48	-1824.99	-4140.79	-0.129502	-0.980965	-0.144693	24.1359219748	Atom	
680.572	-1847.02	-4144.04	-0.0990784	-0.95591	-0.276439	24.0791010645	Atom	
677.758	-1874.17	-4151.89	-0.109435	-0.949243	-0.294893	24.0070983732	Atom	
677.232	-1878.73	-4153.31	-0.124187	-0.947107	-0.295917	23.9948908748	Atom	
675.884	-1889.02	-4156.52	-0.286953	-0.957938	0.00351283	23.9672793417	Atom	
672.376	-1900.73	-4156.48	-0.246314	-0.968706	0.0306384	23.936172787	Atom	
670.797	-1906.94	-4156.28	-0.174777	-0.984464	0.0168667	23.9198474331	Atom	
662.406	-1954.2	-4155.47	-0.194224	-0.980927	0.00776684	23.7974950296	Atom	
661.725	-1957.64	-4155.45	-0.171857	-0.983133	-0.0625614	23.7885230226	Atom	
661.438	-1959.28	-4155.55	-0.205306	-0.977577	-0.0468219	23.7842521818	Atom	
659.741	-1967.36	-4155.94	-0.219898	-0.975046	0.030514	23.7630862566	Atom	
659.546	-1968.23	-4155.91	-0.19489	-0.979571	-0.0495891	23.7608117512	Atom	
658.331	-1974.33	-4156.22	-0.244939	-0.968468	-0.0455467	23.744841007	Atom	
655.982	-1983.62	-4156.66	-0.202464	-0.969696	-0.136738	23.720255448	Atom	
646.177	-2030.58	-4163.28	-0.177332	-0.93483	-0.307647	23.5960156692	Atom	
641.815	-2053.57	-4170.85	-0.234238	-0.942739	-0.237437	23.5326560461	Atom	
616.632	-2154.93	-4196.37	-0.270911	-0.900673	-0.339698	23.2551153383	Atom	
614.513	-2161.97	-4199.03	-0.270409	-0.900872	-0.339571	23.2347325744	Atom	
596.218	-2222.92	-4222.01	-0.377781	-0.854227	-0.35718	23.0583014107	Atom	
594.632	-2226.51	-4223.5	-0.398076	-0.841182	-0.365989	23.0472911026	Atom	
594.39	-2227.02	-4223.73	-0.39576	-0.839376	-0.372587	23.0456929534	Atom	
591.683	-2232.76	-4226.28	-0.429656	-0.779456	-0.455899	23.0277438037	Atom	
589.174	-2237.31	-4228.94	-0.410514	-0.75183	-0.515974	23.0124104962	Atom	
581.25	-2251.83	-4238.9	-0.466608	-0.777905	-0.42088	22.961694496	Atom	
562.15	-2283.67	-4256.13	-0.557889	-0.767563	-0.315606	22.8539548052	Atom	
558.611	-2288.54	-4258.13	-0.540862	-0.765859	-0.347748	22.8371966082	Atom	
548.395	-2303	-4264.7	-0.395584	-0.616603	-0.680671	22.7872700701	Atom	
546.161	-2306.49	-4268.54	-0.110061	-0.457094	-0.882582	22.7723164725	Atom	
545.666	-2308.54	-4272.51	-0.0509467	-0.44121	-0.895957	22.7603878142	Atom	
545.56	-2309.46	-4274.38	-0.0393291	-0.408993	-0.91169	22.7548766287	Atom	
545.501	-2310.07	-4275.74	-0.115104	-0.371708	-0.921186	22.7509131982	Atom	
545.224	-2310.97	-4277.96	-0.133799	-0.342797	-0.929832	22.7445261642	Atom	
543.584	-2315.17	-4289.36	-0.0916267	-0.33792	-0.936704	22.7120212478	Atom	
542.114	-2320.59	-4304.39	-0.172178	-0.315883	-0.933045	22.6694254862	Atom	
539.528	-2325.34	-4318.4	-0.0319536	-0.241947	-0.969763	22.6294986693	Atom	
538.738	-2331.32	-4342.38	0.465541	-0.438474	-0.768773	22.563663923	Atom	
548.705	-2340.71	-4358.84	0.460428	-0.438242	-0.771978	22.5065287706	Atom	
549.675	-2341.63	-4360.46	0.407573	-0.467352	-0.784517	22.5009004688	Atom	
554.576	-2347.25	-4369.9	0.446671	-0.552647	-0.703609	22.4687369502	Atom	
555.107	-2347.91	-4370.73	0.486965	-0.493481	-0.720653	22.4655574134	Atom	
555.624	-2348.43	-4371.5	0.473732	-0.50041	-0.724685	22.4627142182	Atom	
560.291	-2353.36	-4378.64	0.331315	-0.692536	-0.640799	22.4363294755	Atom	
563.035	-2359.1	-4383.95	0.293132	-0.690785	-0.660977	22.414132413	Atom	
570.962	-2377.78	-4401.82	0.448614	-0.473466	-0.758008	22.3415914421	Atom	
578.166	-2385.38	-4413.99	0.409865	-0.497375	-0.76461	22.2984066602	Atom	
582.403	-2390.52	-4421.9	0.394099	-0.455899	-0.798024	22.2705649165	Atom	
583.294	-2391.55	-4423.7	0.369178	-0.471805	-0.800692	22.2644640772	Atom	
585.694	-2394.62	-4428.91	0.403923	-0.396181	-0.824553	22.2469332577	Atom	
588.881	-2397.74	-4435.41	0.526929	-0.237419	-0.816075	22.2256448275	Atom	
599.221	-2402.4	-4451.43	0.538732	-0.206478	-0.816783	22.1726569914	Atom	
620.227	-2410.45	-4483.27	0.50089	-0.205416	-0.840782	22.0671678255	Atom	
638.107	-2417.79	-4513.29	0.66404	0.0115429	-0.747608	21.9702317371	Atom	
661.028	-2417.39	-4539.09	0.696984	0.0557758	-0.714914	21.8761709196	Atom	
661.489	-2417.35	-4539.57	0.70951	0.0581746	-0.70229	21.8743593364	Atom	
663.683	-2417.17	-4541.74	0.739582	0.0298306	-0.672405	21.8659070589	Atom	
665.312	-2417.11	-4543.22	0.750646	0.0180794	-0.660457	21.8598798815	Atom	
675.516	-2416.86	-4552.2	0.759874	-0.00962819	-0.649999	21.8226916533	Atom	
689.434	-2417.04	-4564.1	0.828499	-0.132441	-0.544104	21.7725155395	Atom	
689.781	-2417.09	-4564.33	0.765067	-0.271321	-0.584002	21.7713662507	Atom	
694.504	-2418.77	-4567.93	0.737663	-0.42496	-0.524654	21.754422607	Atom	
738.095	-2443.88	-4598.94	0.789157	-0.387658	-0.476395	21.5921411022	Atom	
743.313	-2446.44	-4602.09	0.778675	-0.375118	-0.502942	21.5738752883	Atom	
748.928	-2449.15	-4605.71	0.754976	-0.439535	-0.486642	21.5539423795	Atom	
769.627	-2461.2	-4619.06	0.751291	-0.450632	-0.482174	21.4781007652	Atom	
795.962	-2476.99	-4635.96	0.751526	-0.509839	-0.418657	21.3808650126	Atom	
804.921	-2483.07	-4640.95	0.730569	-0.528893	-0.431904	21.3476795556	Atom	
809.239	-2486.2	-4643.5	0.676555	-0.597479	-0.430456	21.3312085482	Atom	
820.2	-2495.88	-4650.48	0.450543	-0.688609	-0.56818	21.2860239483	Atom	
820.493	-2496.33	-4650.85	0.335559	-0.832243	-0.44133	21.2842087645	Atom	
820.873	-2497.27	-4651.35	0.342607	-0.843893	-0.412873	21.2810431081	Atom	
829.131	-2517.61	-4661.3	0.33576	-0.844804	-0.416618	21.2136964873	Atom	
835.852	-2534.52	-4669.64	0.341014	-0.826231	-0.448387	21.1576290238	Atom	
838.061	-2539.87	-4672.54	0.334335	-0.825077	-0.455487	21.1394482468	Atom	
852.098	-2574.51	-4691.67	0.315537	-0.838891	-0.443507	21.0215219238	Atom	
855.64	-2583.93	-4696.64	0.323018	-0.834593	-0.446221	20.9898586303	Atom	
872.758	-2628.16	-4720.29	0.314814	-0.82653	-0.466626	20.8401821744	Atom	
878.107	-2642.2	-4728.22	0.3222	-0.821866	-0.469812	20.7919217954	Atom	
883.802	-2656.73	-4736.52	0.321233	-0.803925	-0.500513	20.7416328375	Atom	
883.921	-2657.03	-4736.71	0.358091	-0.805208	-0.472663	20.740576604	Atom	
883.995	-2657.19	-4736.81	0.347624	-0.81018	-0.47198	20.7399815778	Atom	
886.492	-2663.01	-4740.2	0.348171	-0.815306	-0.462658	20.7195011682	Atom	
889.098	-2669.12	-4743.66	0.316786	-0.824219	-0.469372	20.6981475494	Atom	
890.528	-2672.84	-4745.78	0.321494	-0.836177	-0.444353	20.6852597503	Atom	
894.803	-2683.95	-4751.69	0.323083	-0.825857	-0.462145	20.6472688363	Atom	
896.501	-2688.3	-4754.12	0.321799	-0.816484	-0.479374	20.632231833	Atom	
897.085	-2689.78	-4754.99	0.334043	-0.761609	-0.555309	20.6270360401	Atom	
897.731	-2691.25	-4756.06	0.286161	-0.781531	-0.554365	20.6215037134	Atom	
898.128	-2692.33	-4756.83	0.26718	-0.750397	-0.604582	20.6175312352	Atom	
898.902	-2694.51	-4758.58	0.33483	-0.598634	-0.727685	20.6092324622	Atom	
903.549	-2702.82	-4768.68	0.345608	-0.61196	-0.711379	20.5694660973	Atom	
907.965	-2710.64	-4777.77	0.33654	-0.615789	-0.712421	20.5327979759	Atom	
909.352	-2713.17	-4780.7	0.330077	-0.62717	-0.705483	20.5209593912	Atom	
912.658	-2719.45	-4787.77	0.308714	-0.620851	-0.720583	20.4921663482	Atom	
922.428	-2739.1	-4810.58	0.275276	-0.622504	-0.732606	20.4010830615	Atom	
929.817	-2755.81	-4830.24	0.270592	-0.583956	-0.76536	20.323570936	Atom	
941.383	-2780.77	-4862.96	0.264659	-0.601733	-0.753574	20.1997504518	Atom	
942.19	-2782.61	-4865.25	0.467744	-0.521977	-0.713271	20.1908836258	Atom	
942.932	-2783.43	-4866.38	0.0812969	-0.372553	-0.924443	20.1862633531	Atom	
943.003	-2783.76	-4867.2	0.0193385	-0.460161	-0.887625	20.1837034519	Atom	
943.007	-2783.84	-4867.35	0.017861	-0.465401	-0.88492	20.183210762	Atom	
943.201	-2788.89	-4876.95	-0.0167528	-0.431853	-0.901788	20.151614929	Atom	
942.933	-2795.78	-4891.34	-0.0134249	-0.435185	-0.900241	20.1050605751	Atom	
942.777	-2800.86	-4901.83	-0.00755858	-0.42786	-0.903813	20.0710189653	Atom	
942.624	-2809.48	-4920.06	0.00818396	-0.439452	-0.898229	20.0120483575	Atom	
942.962	-2827.6	-4957.09	-0.0715807	-0.413592	-0.907644	19.891168783	Atom	
940.126	-2843.98	-4993.04	-0.0554785	-0.406585	-0.911927	19.7744952395	Atom	
940.07	-2844.39	-4993.97	-0.0469116	-0.381855	-0.923031	19.7714883643	Atom	
939.763	-2846.89	-5000	-0.0469116	-0.381855	-0.923031	19.7521435705	Region	
"-----------------------------------------------------------------"
"Trajectory"	27

"NbCollisions"	342
"Zmax"	0
"Display"	256

"Collisions"

"X"	"Y"	"Z"	"Rx"	"Ry"	"Rz"	"Energy"	"CollisionType"	
-0.367666	-0.285955	-5000	-9.13803e-007	-3.83605e-009	1	30	Region	
-0.367678	-0.285955	-4986.87	0.0457731	0.0433689	0.99801	29.9720470487	Atom	
-0.175318	-0.1037	-4982.68	0.032123	0.0502595	0.998219	29.963092955	Atom	
0.477604	0.91786	-4962.39	0.0591284	0.0422477	0.997356	29.9197750358	Atom	
1.00152	1.2922	-4953.55	0.0481112	0.0328378	0.998302	29.9008695193	Atom	
4.82396	3.90117	-4874.23	0.0435248	0.0458638	0.997999	29.7312646782	Atom	
5.14367	4.23806	-4866.9	0.0461701	0.0478089	0.997789	29.7155126524	Atom	
5.62003	4.73133	-4856.61	0.0374859	0.0490804	0.998091	29.6933780134	Atom	
5.66601	4.79152	-4855.39	0.0274904	0.0432845	0.998684	29.6907451778	Atom	
6.20247	5.6362	-4835.9	-0.0745845	0.00686764	0.997191	29.648851662	Atom	
5.52624	5.69847	-4826.86	-0.0521084	-0.0298939	0.998194	29.6293655655	Atom	
3.68611	4.64281	-4791.61	-0.0586956	-0.00881312	0.998237	29.5534298139	Atom	
3.31293	4.58678	-4785.26	0.240318	-0.246303	0.938926	29.5397304609	Atom	
19.947	-12.4616	-4720.27	0.242551	-0.188538	0.951642	29.3905305725	Atom	
27.6307	-18.4342	-4690.12	0.331989	-0.136787	0.933313	29.3219701167	Atom	
32.8134	-20.5696	-4675.55	0.339653	-0.13874	0.930262	29.2881206337	Atom	
41.0718	-23.9429	-4652.93	0.351305	-0.131315	0.927006	29.2353513115	Atom	
48.0954	-26.5683	-4634.4	0.292826	-0.156462	0.943278	29.1918982444	Atom	
50.0733	-27.6251	-4628.03	0.242242	-0.137126	0.960476	29.1772005095	Atom	
54.6242	-30.2012	-4609.99	0.247999	-0.110429	0.962446	29.1363051766	Atom	
54.7248	-30.246	-4609.59	0.271945	-0.111658	0.955813	29.1354205773	Atom	
55.1862	-30.4355	-4607.97	0.283588	-0.0743495	0.95606	29.1317231875	Atom	
58.7892	-31.3801	-4595.83	0.267404	-0.0802478	0.960237	29.1040315386	Atom	
59.0895	-31.4702	-4594.75	0.251388	-0.105137	0.962159	29.1015815986	Atom	
74.1075	-37.7511	-4537.27	0.199118	-0.161799	0.966526	28.9712650788	Atom	
74.9313	-38.4205	-4533.27	0.313062	-0.206031	0.927116	28.9622078468	Atom	
77.5422	-40.1388	-4525.54	0.351786	-0.193554	0.915851	28.9439456472	Atom	
79.834	-41.3997	-4519.57	0.370256	-0.285276	0.88404	28.9296730361	Atom	
80.6466	-42.0259	-4517.63	0.391666	-0.276976	0.877429	28.9248626211	Atom	
87.3936	-46.7971	-4502.52	0.364589	-0.299315	0.881752	28.8871026812	Atom	
91.437	-50.1166	-4492.74	0.349537	-0.32987	0.876932	28.8627672898	Atom	
103.68	-61.6706	-4462.02	0.355826	-0.312847	0.880633	28.7858591412	Atom	
111.571	-68.6089	-4442.49	0.329437	-0.258965	0.907969	28.7370581131	Atom	
118.615	-74.1457	-4423.08	0.341358	-0.263109	0.902357	28.689947918	Atom	
119.93	-75.1594	-4419.6	0.338539	-0.278787	0.898704	28.6814478971	Atom	
129.559	-83.0888	-4394.04	0.343412	-0.279733	0.896559	28.6186808114	Atom	
131.558	-84.7168	-4388.82	0.339114	-0.282051	0.897468	28.6058148221	Atom	
140.545	-92.192	-4365.04	0.33109	-0.296085	0.895943	28.5472043521	Atom	
145.459	-96.5865	-4351.74	0.320329	-0.290126	0.901785	28.5143285449	Atom	
158.445	-108.348	-4315.18	0.341767	-0.220301	0.913599	28.4244451771	Atom	
167.219	-114.004	-4291.73	0.329935	-0.202978	0.921923	28.3673876902	Atom	
172.202	-117.069	-4277.8	0.28634	-0.228936	0.930375	28.333764869	Atom	
178.613	-122.195	-4256.97	0.146481	0.126548	0.981086	28.2838755862	Atom	
184.396	-117.198	-4218.24	0.233881	0.116056	0.965314	28.1957642965	Atom	
186.221	-116.293	-4210.71	0.284045	0.119566	0.951327	28.1783147797	Atom	
197.277	-111.638	-4173.67	0.324168	0.110628	0.939509	28.091193639	Atom	
225.338	-102.062	-4092.35	0.157807	0.0621916	0.98551	27.8969765361	Atom	
227.878	-101.061	-4076.49	0.150427	0.0275141	0.988238	27.8606637354	Atom	
233.352	-100.06	-4040.52	0.182461	0.0542221	0.981717	27.7784782091	Atom	
237.422	-98.8504	-4018.63	0.138397	0.0704432	0.987868	27.7279848865	Atom	
237.924	-98.5953	-4015.05	0.161397	0.12806	0.978546	27.7197734108	Atom	
243.219	-94.3938	-3982.94	0.122117	0.141648	0.982356	27.6453790925	Atom	
246.315	-90.8028	-3958.04	0.112572	0.107589	0.987802	27.5877695551	Atom	
246.595	-90.5348	-3955.58	0.0750219	0.0988909	0.992266	27.5820994984	Atom	
246.819	-90.2402	-3952.62	0.105096	0.136915	0.984992	27.575317122	Atom	
247.851	-88.8957	-3942.95	0.106964	0.140937	0.984223	27.552958343	Atom	
248.541	-87.9866	-3936.6	0.101129	0.116946	0.987976	27.5382603768	Atom	
250.865	-85.299	-3913.89	0.168813	0.15838	0.97284	27.4858763174	Atom	
256.889	-79.6473	-3879.18	0.480347	-0.00280818	0.877074	27.4044142501	Atom	
257.263	-79.6495	-3878.5	0.483829	-0.0205998	0.87492	27.4026298274	Atom	
268.296	-80.1193	-3858.54	0.508227	-0.0591513	0.85919	27.3504461227	Atom	
270.084	-80.3273	-3855.52	0.461631	0.0165279	0.886918	27.342385104	Atom	
275.922	-80.1183	-3844.31	0.436599	0.0413228	0.898707	27.3133952928	Atom	
278.798	-79.846	-3838.38	0.584957	0.0371434	0.810214	27.2982778588	Atom	
323.243	-77.0239	-3776.82	0.57549	-0.0197477	0.81757	27.1238783275	Atom	
324.584	-77.0699	-3774.92	0.609943	-0.0128062	0.792342	27.1185058405	Atom	
329.569	-77.1745	-3768.45	0.648615	-0.0402733	0.760051	27.0996479584	Atom	
333.231	-77.4019	-3764.15	0.580565	-0.00707047	0.814183	27.0866128088	Atom	
342.683	-77.517	-3750.9	0.614574	-0.0894212	0.783774	27.0490080772	Atom	
343.426	-77.6251	-3749.95	0.68986	-0.113019	0.715066	27.0462140916	Atom	
357.383	-79.9116	-3735.48	0.699414	-0.107936	0.70652	26.9994335444	Atom	
358.95	-80.1535	-3733.9	0.377068	-0.0816103	0.922583	26.9942436315	Atom	
361.051	-80.6082	-3728.76	0.431965	0.00311415	0.901885	26.9813424623	Atom	
385.613	-80.4311	-3677.48	0.424826	-0.0781439	0.901896	26.8496111832	Atom	
388.818	-81.0206	-3670.67	0.425857	-0.0900008	0.900303	26.8320655239	Atom	
407.16	-84.8971	-3631.9	0.436191	-0.0609256	0.897789	26.7318388945	Atom	
410.296	-85.3351	-3625.44	0.454041	-0.0845822	0.886957	26.7150590925	Atom	
411.683	-85.5934	-3622.73	0.481584	-0.0691434	0.873668	26.7079297141	Atom	
413.004	-85.7831	-3620.34	0.45809	-0.0393796	0.888033	26.7015207842	Atom	
431.187	-87.3462	-3585.09	0.462626	-0.0222564	0.886274	26.6087998162	Atom	
439.697	-87.7556	-3568.78	0.465621	-0.00291652	0.88498	26.5657077243	Atom	
439.907	-87.7569	-3568.39	0.606534	0.0910204	0.789831	26.5646528482	Atom	
443.991	-87.144	-3563.07	0.749536	0.340262	0.567818	26.5488581315	Atom	
487.944	-67.1908	-3529.77	0.750589	0.335329	0.56936	26.4112495539	Atom	
510.693	-57.0279	-3512.51	0.761257	0.284598	0.582659	26.3398350928	Atom	
529.287	-50.0765	-3498.28	0.738607	0.218846	0.637625	26.2821569825	Atom	
530.715	-49.6532	-3497.05	0.698271	0.255432	0.668709	26.2775809881	Atom	
567.506	-36.1951	-3461.82	0.699333	0.290264	0.653207	26.1529304229	Atom	
573.045	-33.896	-3456.64	0.703734	0.296385	0.645689	26.1341209635	Atom	
573.529	-33.692	-3456.2	0.694057	0.30326	0.652931	26.1324851006	Atom	
594.973	-24.3223	-3436.03	0.729788	0.359375	0.581601	26.0590671989	Atom	
602.436	-20.6475	-3430.08	0.706738	0.258717	0.658473	26.0347139607	Atom	
608.753	-18.3349	-3424.19	0.734202	0.287718	0.614952	26.0134099157	Atom	
613.115	-16.6254	-3420.54	0.753588	0.207642	0.623691	25.9992402813	Atom	
622.904	-13.9283	-3412.44	0.777087	0.198087	0.597409	25.9682488124	Atom	
627.741	-12.6951	-3408.72	0.444843	0.490258	0.749508	25.9533819366	Atom	
644.204	5.44774	-3380.98	0.497169	0.540611	0.678648	25.8649636332	Atom	
648.936	10.5932	-3374.52	0.507436	0.538831	0.672435	25.8421614648	Atom	
657.838	20.046	-3362.73	0.495313	0.591418	0.63631	25.8001036979	Atom	
657.901	20.1213	-3362.64	0.453206	0.55393	0.698402	25.7997980515	Atom	
668.938	33.612	-3345.64	0.491932	0.561987	0.664961	25.7413346834	Atom	
678.298	44.304	-3332.98	0.498818	0.555911	0.664939	25.6955818614	Atom	
680.366	46.6089	-3330.23	0.507413	0.588323	0.62961	25.6855969845	Atom	
680.855	47.1764	-3329.62	0.514685	0.563225	0.646434	25.6832734282	Atom	
693.202	60.6871	-3314.11	0.483408	0.576658	0.658622	25.6254824282	Atom	
698.648	67.1838	-3306.69	0.50587	0.570335	0.647158	25.5982925995	Atom	
703.205	72.3223	-3300.86	0.437189	0.538817	0.720099	25.5765300347	Atom	
713.3	84.7638	-3284.23	0.475956	0.510938	0.715827	25.5207179248	Atom	
718.017	89.8275	-3277.14	0.442754	0.509146	0.738065	25.4967218718	Atom	
724.672	97.4805	-3266.05	0.408978	0.524884	0.746481	25.4603000455	Atom	
726.525	99.8581	-3262.67	0.416877	0.513	0.750363	25.4493115307	Atom	
726.701	100.075	-3262.35	0.462128	0.484664	0.742657	25.448285975	Atom	
733.671	107.385	-3251.15	0.436243	0.50403	0.745417	25.4116845392	Atom	
738.421	112.873	-3243.03	0.450225	0.491188	0.745676	25.3852308938	Atom	
769.588	146.876	-3191.41	0.480701	0.486198	0.729752	25.2169081747	Atom	
770.334	147.63	-3190.28	0.489016	0.440876	0.752656	25.2131150635	Atom	
783.264	159.287	-3170.38	0.491719	0.433508	0.755171	25.1484796231	Atom	
784.267	160.171	-3168.84	0.442951	0.457848	0.770825	25.1434819254	Atom	
784.877	160.802	-3167.78	0.448921	0.460022	0.766061	25.1401063746	Atom	
792.536	168.65	-3154.71	0.429015	0.451978	0.782088	25.0983046566	Atom	
799.789	176.292	-3141.48	0.875918	0.479822	-0.0503771	25.0568238509	Atom	
807.768	180.663	-3141.94	0.882011	0.46778	-0.0569072	25.0344442065	Atom	
849.829	202.97	-3144.66	0.882674	0.46666	-0.0558133	24.917207631	Atom	
850.213	203.173	-3144.68	0.817536	0.572468	-0.0625729	24.9161339482	Atom	
880.702	224.522	-3147.01	0.830639	0.550802	-0.081578	24.8241048234	Atom	
890.095	230.751	-3147.94	0.83447	0.551053	-0.000617918	24.7961195914	Atom	
892.743	232.499	-3147.94	0.839779	0.522037	-0.149159	24.7882585045	Atom	
913.282	245.267	-3151.59	0.876124	0.38819	-0.285859	24.727658288	Atom	
924.667	250.312	-3155.3	0.851336	0.410186	-0.32707	24.6953993887	Atom	
939.931	257.666	-3161.17	0.84746	0.389975	-0.360182	24.6508417714	Atom	
950.797	262.666	-3165.78	0.875371	0.368396	-0.313064	24.6189326354	Atom	
991.336	279.727	-3180.28	0.906566	0.317468	-0.278124	24.5035643783	Atom	
998.288	282.161	-3182.42	0.930982	0.271635	-0.243899	24.484390247	Atom	
1007.27	284.783	-3184.77	0.945091	0.198533	-0.25959	24.4602436626	Atom	
1008.32	285.003	-3185.06	0.952621	0.135565	-0.272276	24.4574711679	Atom	
1009.75	285.207	-3185.47	0.955356	0.146304	-0.256692	24.4537033667	Atom	
1026.48	287.768	-3189.96	0.9204	0.340491	-0.192173	24.4098630097	Atom	
1028.82	288.634	-3190.45	0.888757	0.401197	-0.221703	24.4034852017	Atom	
1050.17	298.273	-3195.77	0.87952	0.424877	-0.214299	24.343211893	Atom	
1071.39	308.524	-3200.95	0.877039	0.440898	-0.19082	24.2825683682	Atom	
1076.71	311.196	-3202.1	0.464763	0.189161	-0.864993	24.2673055987	Atom	
1091.01	317.019	-3228.73	0.447181	0.0673449	-0.891905	24.1897480078	Atom	
1093.46	317.387	-3233.6	0.349931	0.240992	-0.905247	24.1759383058	Atom	
1102.64	323.71	-3257.35	0.363523	0.192996	-0.911375	24.1096364351	Atom	
1103.69	324.266	-3259.98	0.420988	0.166494	-0.891655	24.102328833	Atom	
1103.94	324.368	-3260.53	0.367258	0.267681	-0.890768	24.1007804438	Atom	
1104.58	324.834	-3262.08	0.378993	0.252271	-0.89035	24.0963685778	Atom	
1106.41	326.052	-3266.38	0.362162	0.257295	-0.895901	24.0841380456	Atom	
1108.27	327.373	-3270.98	0.381716	0.248637	-0.890209	24.0711226448	Atom	
1108.39	327.449	-3271.25	0.376065	0.243529	-0.894018	24.070346408	Atom	
1114.12	331.16	-3284.87	0.408066	0.322972	-0.853915	24.0317079441	Atom	
1145.44	355.949	-3350.41	0.491307	0.189714	-0.850074	23.8368198694	Atom	
1148.39	357.09	-3355.52	0.515359	0.175683	-0.838773	23.8214480034	Atom	
1156.89	359.985	-3369.35	0.38617	-0.00857294	-0.922388	23.7793089911	Atom	
1159.82	359.92	-3376.34	0.385891	-0.119095	-0.914825	23.759887631	Atom	
1171.19	356.409	-3403.31	0.486199	-0.19126	-0.852661	23.6843587569	Atom	
1176.61	354.277	-3412.82	0.498041	-0.16056	-0.85216	23.6557157577	Atom	
1186.05	351.234	-3428.97	0.500436	-0.156289	-0.85155	23.6069950223	Atom	
1188.54	350.456	-3433.21	0.563317	-0.0372157	-0.825402	23.5941840214	Atom	
1214.57	348.737	-3471.34	0.550246	-0.0788189	-0.831275	23.4751474068	Atom	
1216.18	348.506	-3473.78	0.545431	-0.0955811	-0.832688	23.467559271	Atom	
1219.83	347.867	-3479.34	0.501088	-0.0833842	-0.86137	23.4502847353	Atom	
1222.53	347.418	-3483.99	0.475526	-0.108071	-0.873038	23.4363211644	Atom	
1228.75	346.003	-3495.42	0.342389	-0.0848871	-0.935716	23.4024196302	Atom	
1232.51	345.071	-3505.69	0.233394	-0.0355037	-0.971734	23.3739495035	Atom	
1241.22	343.747	-3541.93	0.298717	-0.0274325	-0.953947	23.2771513877	Atom	
1244.53	343.443	-3552.5	0.249996	0.00999359	-0.968195	23.2483162975	Atom	
1247.56	343.564	-3564.26	-0.233087	-0.238892	-0.942656	23.2166421406	Atom	
1246.39	342.364	-3569	-0.246262	-0.226047	-0.942474	23.2035321047	Atom	
1245.25	341.316	-3573.37	-0.871231	-0.365014	-0.32821	23.1914329973	Atom	
1227.94	334.064	-3579.89	-0.899291	-0.380742	-0.215202	23.1395479752	Atom	
1186.42	316.485	-3589.83	-0.910421	-0.355751	-0.211126	23.0187655738	Atom	
1176.33	312.541	-3592.17	-0.904792	-0.361369	-0.225309	22.9896415874	Atom	
1157.69	305.097	-3596.81	-0.961636	-0.141587	-0.234968	22.9354705552	Atom	
1145.45	303.294	-3599.8	-0.832021	-0.405944	-0.378089	22.9019312208	Atom	
1133.95	297.687	-3605.02	-0.838714	-0.396777	-0.372999	22.8655016735	Atom	
1115.64	289.025	-3613.16	-0.842436	-0.374903	-0.386974	22.807853122	Atom	
1111.07	286.99	-3615.26	-0.872602	-0.222018	-0.435056	22.793493119	Atom	
1105.34	285.533	-3618.12	-0.861169	-0.213844	-0.46115	22.7761163222	Atom	
1080.74	279.423	-3631.3	-0.791675	-0.225811	-0.567679	22.7004269407	Atom	
1070.22	276.423	-3638.84	-0.739133	-0.247823	-0.626311	22.6651511486	Atom	
1069.24	276.094	-3639.67	-0.811398	-0.165266	-0.560643	22.6616210544	Atom	
1038.99	269.933	-3660.57	-0.808432	-0.215998	-0.547524	22.5624732918	Atom	
1019.36	264.689	-3673.86	-0.772743	-0.223662	-0.594006	22.4976910257	Atom	
1012.74	262.773	-3678.95	-0.751873	-0.244978	-0.612105	22.4747789369	Atom	
1009.39	261.682	-3681.68	-0.70346	-0.324934	-0.632109	22.4628520621	Atom	
1008.84	261.426	-3682.18	-0.610663	-0.456832	-0.646835	22.4607412756	Atom	
997.952	253.28	-3693.71	-0.621288	-0.476804	-0.621819	22.4129903034	Atom	
978.855	238.625	-3712.82	-0.722001	-0.486591	-0.491878	22.3305343447	Atom	
978.556	238.423	-3713.03	-0.742274	-0.456	-0.491013	22.3294185587	Atom	
971.386	234.018	-3717.77	-0.78493	-0.382742	-0.487231	22.3034287891	Atom	
970.08	233.381	-3718.58	-0.801444	-0.353481	-0.48243	22.2989488911	Atom	
966.799	231.934	-3720.55	-0.771385	-0.50004	-0.393605	22.2879231609	Atom	
966.294	231.607	-3720.81	-0.685647	-0.578336	-0.442058	22.2861586194	Atom	
943.549	212.422	-3735.48	-0.692131	-0.590897	-0.414482	22.1967734339	Atom	
942.094	211.18	-3736.35	-0.679157	-0.56112	-0.473171	22.1910906812	Atom	
934.373	204.801	-3741.73	-0.683356	-0.586071	-0.435367	22.1603522895	Atom	
932.455	203.156	-3742.95	-0.673088	-0.592271	-0.442908	22.1527554559	Atom	
928.831	199.967	-3745.33	-0.591317	-0.686596	-0.423001	22.138178416	Atom	
923.492	193.768	-3749.15	-0.549174	-0.67903	-0.487162	22.1137241758	Atom	
920.95	190.624	-3751.41	-0.582072	-0.681881	-0.44298	22.1011729069	Atom	
916.231	185.096	-3755	-0.556246	-0.692547	-0.459313	22.0791817129	Atom	
896.475	160.5	-3771.31	-0.482547	-0.708571	-0.514855	21.9827768307	Atom	
882.465	139.927	-3786.26	-0.480087	-0.668238	-0.568309	21.9036949334	Atom	
880.116	136.657	-3789.04	-0.43023	-0.697661	-0.572862	21.8903291273	Atom	
869.521	119.476	-3803.15	-0.457154	-0.681405	-0.571575	21.823029454	Atom	
865.967	114.179	-3807.59	-0.393498	-0.593794	-0.701832	21.801732443	Atom	
860.564	106.026	-3817.23	-0.30118	-0.815941	-0.493489	21.7640895944	Atom	
847.947	71.8453	-3837.9	-0.345963	-0.768753	-0.537893	21.6490892507	Atom	
846.936	69.5978	-3839.47	-0.292553	-0.783506	-0.548207	21.6410298295	Atom	
834.408	36.0471	-3862.95	-0.466282	-0.655092	-0.594504	21.5229502939	Atom	
821.872	18.4352	-3878.93	-0.529559	-0.639437	-0.557394	21.4484968065	Atom	
813.321	8.10979	-3887.93	-0.53756	-0.618421	-0.573224	21.4036564278	Atom	
806.807	0.615696	-3894.88	-0.553836	-0.637027	-0.536155	21.3699502675	Atom	
804.594	-1.9293	-3897.02	-0.579947	-0.606513	-0.543878	21.3588242211	Atom	
789.979	-17.214	-3910.73	-0.565339	-0.519548	-0.640673	21.2886133091	Atom	
785.672	-21.1721	-3915.61	-0.506395	-0.535278	-0.676049	21.2673330108	Atom	
785.589	-21.2606	-3915.72	-0.326832	-0.656229	-0.680106	21.2668711255	Atom	
785.292	-21.856	-3916.34	-0.644959	-0.447146	-0.619749	21.2643348282	Atom	
781.13	-24.7417	-3920.34	-0.636581	-0.454489	-0.623061	21.246292198	Atom	
780.52	-25.1773	-3920.93	-0.635386	-0.459443	-0.620642	21.2436106878	Atom	
778.333	-26.7587	-3923.07	-0.590944	-0.493374	-0.638253	21.2339802685	Atom	
773.463	-30.8238	-3928.33	-0.59677	-0.501702	-0.626227	21.2109189933	Atom	
763.021	-39.6029	-3939.29	-0.567639	-0.491107	-0.660757	21.1619007418	Atom	
751.217	-49.8154	-3953.03	-0.454913	-0.352853	-0.817648	21.1035430818	Atom	
739.641	-58.7943	-3973.83	-0.446554	-0.298953	-0.843337	21.031975919	Atom	
714.871	-75.3772	-4020.61	-0.513725	-0.354875	-0.781121	20.8755539972	Atom	
713.179	-76.5454	-4023.19	-0.544948	-0.330806	-0.770453	20.8662169468	Atom	
698.744	-85.3085	-4043.59	-0.38792	-0.192281	-0.901413	20.7910518695	Atom	
696.219	-86.5598	-4049.46	-0.389345	-0.211815	-0.896407	20.7725341277	Atom	
692.923	-88.3532	-4057.05	-0.339003	-0.285249	-0.896499	20.7484241828	Atom	
690.226	-90.6222	-4064.18	-0.322327	-0.291572	-0.900606	20.7257534176	Atom	
682.004	-98.0599	-4087.16	-0.341902	-0.311074	-0.886756	20.6529883972	Atom	
680.923	-99.0432	-4089.96	-0.180447	-0.429292	-0.884956	20.6439472489	Atom	
680.821	-99.287	-4090.46	-0.0972097	-0.44538	-0.890049	20.6423219881	Atom	
678.855	-108.292	-4108.46	-0.161336	-0.423187	-0.891562	20.5844657324	Atom	
677.52	-111.795	-4115.84	-0.17549	-0.320269	-0.93093	20.5607267515	Atom	
677.247	-112.292	-4117.28	-0.145661	-0.186489	-0.971599	20.5562681674	Atom	
671.469	-119.69	-4155.82	-0.162348	-0.196336	-0.967003	20.4423900508	Atom	
670.002	-121.464	-4164.56	-0.193073	-0.174278	-0.965583	20.4163261771	Atom	
665.817	-125.242	-4185.49	-0.289455	-0.12928	-0.948421	20.353762652	Atom	
658.038	-128.716	-4210.98	-0.364692	-0.152396	-0.918572	20.2760068737	Atom	
648.226	-132.816	-4235.69	-0.389611	-0.177277	-0.903757	20.1979345148	Atom	
632.338	-140.046	-4272.55	-0.371004	-0.201638	-0.906476	20.0792344409	Atom	
630.103	-141.26	-4278.01	-0.365028	-0.211899	-0.906561	20.06162153	Atom	
629.713	-141.487	-4278.98	-0.448941	-0.365054	-0.815591	20.0584926479	Atom	
614.826	-153.592	-4306.02	-0.49432	-0.375727	-0.783886	19.96144944	Atom	
614.509	-153.833	-4306.53	-0.618769	-0.360893	-0.697769	19.9595655778	Atom	
610.129	-156.387	-4311.47	-0.560491	-0.273643	-0.781645	19.9387731155	Atom	
595.45	-163.554	-4331.94	-0.516634	-0.31479	-0.796239	19.8617684	Atom	
572.826	-177.339	-4366.81	-0.500455	-0.334612	-0.798486	19.7326219639	Atom	
559.188	-186.458	-4388.57	-0.258745	-0.345671	-0.901977	19.6518430501	Atom	
557.942	-188.122	-4392.91	-0.287618	-0.281613	-0.915407	19.6375277845	Atom	
552.829	-193.129	-4409.18	-0.275297	-0.308799	-0.910415	19.5846331476	Atom	
549.975	-196.329	-4418.62	-0.279322	-0.261121	-0.92401	19.553729023	Atom	
541.897	-203.881	-4445.34	-0.171407	-0.260571	-0.950117	19.4673865814	Atom	
539.596	-207.379	-4458.09	-0.190161	-0.279273	-0.941194	19.4271811621	Atom	
538.84	-208.489	-4461.84	-0.175161	-0.31297	-0.933471	19.4152505935	Atom	
537.748	-210.441	-4467.66	-0.245519	-0.2796	-0.928194	19.3965274939	Atom	
537.011	-211.28	-4470.44	-0.238635	-0.283609	-0.928773	19.3875166926	Atom	
526.118	-224.226	-4512.84	-0.227776	-0.317668	-0.920438	19.2503252281	Atom	
521.778	-230.278	-4530.38	-0.208739	-0.324713	-0.922491	19.19275193	Atom	
520.243	-232.666	-4537.16	-0.162558	-0.354539	-0.920802	19.1704776848	Atom	
517.424	-238.816	-4553.13	-0.184257	-0.317733	-0.930105	19.1178899326	Atom	
513.666	-245.295	-4572.1	-0.194374	-0.386518	-0.901567	19.0559376509	Atom	
513.331	-245.962	-4573.66	-0.18579	-0.366466	-0.911693	19.0506751151	Atom	
507.199	-258.057	-4603.74	-0.190099	-0.351797	-0.91657	18.9501237673	Atom	
502.715	-266.356	-4625.37	-0.194451	-0.390346	-0.899899	18.8779611088	Atom	
501.473	-268.848	-4631.11	-0.215335	-0.416097	-0.883456	18.8583692009	Atom	
500.694	-270.354	-4634.31	-0.202079	-0.42674	-0.881508	18.8472559214	Atom	
496.563	-279.077	-4652.33	-0.223192	-0.340072	-0.91353	18.7844558817	Atom	
494.794	-281.772	-4659.57	-0.247353	-0.311088	-0.917628	18.7600434075	Atom	
490.894	-286.678	-4674.04	-0.242405	-0.343124	-0.907472	18.7114233222	Atom	
489.277	-288.966	-4680.09	-0.471979	-0.269123	-0.839529	18.690825132	Atom	
488.928	-289.165	-4680.71	-0.459148	-0.263137	-0.848494	18.6885366132	Atom	
484.553	-291.672	-4688.79	-0.494682	-0.272258	-0.825328	18.6590697958	Atom	
482.068	-293.04	-4692.94	-0.542432	-0.298756	-0.785183	18.6435146731	Atom	
481.602	-293.297	-4693.62	-0.358921	-0.495561	-0.790946	18.6408502772	Atom	
479.319	-296.449	-4698.65	-0.378656	-0.496664	-0.78099	18.6211407987	Atom	
476.178	-300.568	-4705.12	-0.369433	-0.485367	-0.792425	18.5954196585	Atom	
474.326	-303.001	-4709.1	-0.338811	-0.507932	-0.791967	18.5798599739	Atom	
473.476	-304.276	-4711.08	-0.368862	-0.579152	-0.726996	18.5720582122	Atom	
463.358	-320.161	-4731.02	-0.364014	-0.526457	-0.768334	18.486823148	Atom	
462.825	-320.933	-4732.15	-0.708919	-0.511457	-0.48564	18.4822518606	Atom	
456.967	-325.159	-4736.16	-0.716626	-0.64585	-0.263296	18.4564751403	Atom	
453.426	-328.351	-4737.46	-0.707937	-0.651497	-0.272722	18.4410447914	Atom	
448.89	-332.525	-4739.21	-0.798383	-0.561284	-0.218047	18.421024319	Atom	
443.766	-336.127	-4740.61	-0.794988	-0.562982	-0.225931	18.4009552548	Atom	
427.519	-347.633	-4745.23	-0.870532	-0.440457	-0.219479	18.3369851484	Atom	
426.848	-347.972	-4745.4	-0.857874	-0.461374	-0.226244	18.3345659193	Atom	
416.746	-353.405	-4748.06	0.0590787	-0.866608	-0.49548	18.2976045276	Atom	
417.031	-357.588	-4750.45	0.0684535	-0.870215	-0.487893	18.2824288757	Atom	
417.629	-365.183	-4754.71	0.0804227	-0.873717	-0.479741	18.254973701	Atom	
419.331	-383.672	-4764.86	0.15068	-0.859786	-0.487918	18.1883256668	Atom	
420.611	-390.977	-4769.01	0.40901	-0.8961	-0.172381	18.161490434	Atom	
421.561	-393.06	-4769.41	0.387466	-0.910819	-0.142404	18.1541408041	Atom	
421.796	-393.613	-4769.5	0.418379	-0.893881	-0.161044	18.1522222986	Atom	
426.058	-402.717	-4771.14	0.466415	-0.822373	-0.325823	18.1200031257	Atom	
427.05	-404.467	-4771.83	0.473936	-0.824767	-0.308454	18.1132611822	Atom	
431.811	-412.752	-4774.93	0.424329	-0.837668	-0.343886	18.0814322536	Atom	
434.913	-418.874	-4777.44	0.496131	-0.804504	-0.326538	18.0582414823	Atom	
446.115	-437.04	-4784.82	0.510842	-0.777422	-0.366955	17.9865253055	Atom	
450.77	-444.125	-4788.16	0.508164	-0.781229	-0.362561	17.9574922432	Atom	
453.447	-448.239	-4790.07	0.322046	-0.282944	-0.903454	17.9406912796	Atom	
458.307	-452.509	-4803.7	0.336033	-0.363332	-0.868948	17.8925125551	Atom	
469.099	-464.178	-4831.61	0.325083	-0.351904	-0.877773	17.7897796194	Atom	
471.12	-466.366	-4837.07	0.567065	-0.234467	-0.789596	17.7697962786	Atom	
481.136	-470.507	-4851.02	0.585223	-0.199434	-0.785965	17.712993576	Atom	
487.562	-472.697	-4859.65	0.594995	-0.202781	-0.777728	17.6775934642	Atom	
495.106	-475.268	-4869.51	0.605356	-0.174926	-0.776495	17.6366522387	Atom	
498.748	-476.321	-4874.18	0.548129	-0.298223	-0.78142	17.6171889846	Atom	
520.201	-487.993	-4904.76	0.529037	-0.282401	-0.800231	17.490472981	Atom	
530.841	-493.673	-4920.86	0.543564	-0.225857	-0.80841	17.4249872621	Atom	
534.345	-495.129	-4926.07	0.546603	-0.27315	-0.79159	17.4039389626	Atom	
555.814	-505.857	-4957.16	0.463904	-0.260564	-0.846699	17.2755676142	Atom	
557.273	-506.677	-4959.82	0.440045	-0.231246	-0.86769	17.2652257256	Atom	
558.349	-507.242	-4961.94	0.433345	-0.296348	-0.851111	17.257184288	Atom	
558.602	-507.415	-4962.44	0.3454	-0.266148	-0.899925	17.2552677735	Atom	
572.633	-518.227	-4999	0.270724	-0.193038	-0.943104	17.1216122035	Atom	
572.921	-518.432	-5000	0.270724	-0.193038	-0.943104	17.1180922615	Region	
"-----------------------------------------------------------------"
"Trajectory"	28

"NbCollisions"	121
"Zmax"	0
"Display"	256

"Collisions"

"X"	"Y"	"Z"	"Rx"	"Ry"	"Rz"	"Energy"	"CollisionType"	
-0.130596	-0.226962	-5000	2.89831e-006	-4.18473e-006	1	30	Region	
-0.130542	-0.22704	-4981.26	0.0138404	0.171433	0.985099	29.960095978	Atom	
0.079031	2.36881	-4966.34	0.0429272	0.170843	0.984363	29.9278227546	Atom	
0.710031	4.88007	-4951.87	-0.418296	0.139284	0.897568	29.8964662585	Atom	
0.138765	5.07029	-4950.65	-0.418969	0.132691	0.898253	29.8935505191	Atom	
-2.98813	6.06061	-4943.94	-0.355093	0.0992335	0.929549	29.8776152444	Atom	
-3.72782	6.26732	-4942.01	-0.403661	0.18093	0.89684	29.8731656171	Atom	
-8.21524	8.27868	-4932.04	-0.3879	0.339036	0.857081	29.8494166775	Atom	
-10.2388	10.0474	-4927.56	-0.461667	0.344492	0.817428	29.8382649234	Atom	
-29.5785	24.4785	-4893.32	-0.457635	0.348608	0.81795	29.7486889172	Atom	
-35.164	28.7333	-4883.34	-0.439045	0.369348	0.819037	29.7225278867	Atom	
-41.6928	34.2256	-4871.16	-0.621996	0.424279	0.658109	29.6906316238	Atom	
-47.7229	38.3389	-4864.78	-0.640616	0.429019	0.636831	29.6698190493	Atom	
-84.5037	62.9709	-4828.22	-0.681052	0.455626	0.573213	29.5464921552	Atom	
-91.7547	67.8219	-4822.11	-0.655645	0.466236	0.59393	29.5235467955	Atom	
-92.8776	68.6203	-4821.1	-0.628842	0.430721	0.64733	29.519853735	Atom	
-97.0477	71.4767	-4816.8	-0.63041	0.443071	0.637394	29.5055515833	Atom	
-116.53	85.1693	-4797.1	-0.619043	0.430007	0.657175	29.4388755037	Atom	
-139.482	101.113	-4772.74	-0.596722	0.460672	0.657042	29.3587347064	Atom	
-139.905	101.439	-4772.27	-0.548532	0.427553	0.718548	29.3572020698	Atom	
-148.732	108.32	-4760.71	-0.57045	0.41024	0.71154	29.3223402183	Atom	
-152.99	111.382	-4755.4	-0.67925	0.351264	0.644385	29.306155574	Atom	
-162.323	116.208	-4746.54	-0.621713	0.364384	0.693324	29.2763513124	Atom	
-175.006	123.642	-4732.4	-0.719415	0.238643	0.652297	29.232062367	Atom	
-197.373	131.061	-4712.12	-0.709508	0.272393	0.649923	29.1644848484	Atom	
-236.427	146.055	-4676.35	-0.755491	0.284984	0.58993	29.0446170221	Atom	
-239.182	147.094	-4674.2	-0.811212	0.29852	0.502813	29.0366516971	Atom	
-251.725	151.709	-4666.42	-0.795222	0.251497	0.551698	29.0028633118	Atom	
-253.774	152.357	-4665	-0.997454	-0.0145338	0.0698112	28.9972276533	Atom	
-276.022	152.033	-4663.44	-0.997001	-0.0258128	0.0729566	28.9484311836	Atom	
-294.891	151.545	-4662.06	-0.994994	-0.0248939	0.096784	28.9069732043	Atom	
-322.918	150.844	-4659.34	-0.997076	-0.00761066	0.0760403	28.845197392	Atom	
-327.137	150.811	-4659.01	-0.992548	0.0146898	0.120962	28.8359025796	Atom	
-356.581	151.247	-4655.43	-0.993171	0.0157464	0.1156	28.7707168166	Atom	
-383.489	151.674	-4652.29	-0.990604	0.0116972	0.136264	28.7110753117	Atom	
-384.123	151.681	-4652.21	-0.993154	0.0496763	0.105719	28.7096648469	Atom	
-403.671	152.659	-4650.13	-0.992367	0.0699607	0.101554	28.6662628869	Atom	
-407.096	152.9	-4649.77	-0.995323	0.0705377	0.0659971	28.6586412692	Atom	
-419.733	153.796	-4648.94	-0.991331	0.0442982	0.123692	28.6306062025	Atom	
-425.125	154.037	-4648.26	-0.99037	0.0424922	0.131766	28.6185846109	Atom	
-435.406	154.478	-4646.9	-0.992315	0.122025	-0.0205328	28.5956371584	Atom	
-449.378	156.196	-4647.19	-0.990973	0.129545	-0.0345079	28.5644895222	Atom	
-451.869	156.522	-4647.27	-0.98739	0.0971942	-0.124958	28.5589240237	Atom	
-499.544	161.215	-4653.31	-0.990938	0.0780192	-0.109342	28.4520056894	Atom	
-504.692	161.62	-4653.87	-0.980389	-0.00172508	-0.197065	28.4404687849	Atom	
-513.74	161.604	-4655.69	-0.9833	-0.000939164	-0.18199	28.4199640501	Atom	
-519.056	161.599	-4656.68	-0.982037	0.00495603	-0.188625	28.4079473581	Atom	
-540.391	161.707	-4660.77	-0.974425	0.0628669	-0.21574	28.359635217	Atom	
-542.426	161.838	-4661.22	-0.977784	0.0141169	-0.20914	28.3549854345	Atom	
-559.247	162.081	-4664.82	-0.98475	-0.012195	-0.173548	28.3166726527	Atom	
-563.123	162.033	-4665.51	-0.986976	-0.0137067	-0.160282	28.3078976578	Atom	
-577.462	161.834	-4667.83	-0.915275	-0.267812	-0.300912	28.2755009151	Atom	
-585.203	159.568	-4670.38	-0.904608	-0.204635	-0.373911	28.2566214183	Atom	
-600.834	156.033	-4676.84	-0.896298	-0.223288	-0.383135	28.218034289	Atom	
-638.188	146.727	-4692.81	-0.907694	-0.190194	-0.374056	28.1248624639	Atom	
-666.83	140.725	-4704.61	-0.907879	-0.17477	-0.381066	28.0541311645	Atom	
-682.692	137.672	-4711.27	-0.88866	-0.217272	-0.403828	28.014890968	Atom	
-684.392	137.256	-4712.04	-0.88313	-0.219581	-0.414567	28.0105889357	Atom	
-703.984	132.385	-4721.24	-0.878184	-0.224636	-0.422293	27.9607008341	Atom	
-730.141	125.694	-4733.82	-0.882262	-0.221615	-0.415332	27.8936229042	Atom	
-733.446	124.864	-4735.37	-0.768401	-0.18431	-0.612854	27.8851702497	Atom	
-739.926	123.31	-4740.54	-0.761417	-0.188804	-0.620159	27.8661394638	Atom	
-748.726	121.127	-4747.71	-0.763162	-0.181007	-0.620338	27.840040487	Atom	
-768.927	116.336	-4764.13	-0.727901	-0.336144	-0.597635	27.7802269825	Atom	
-775.85	113.139	-4769.81	-0.736506	-0.31856	-0.596723	27.7586974682	Atom	
-776.005	113.072	-4769.94	-0.703939	-0.371542	-0.605331	27.758220113	Atom	
-792.521	104.355	-4784.14	-0.904888	-0.390611	-0.169115	27.7050760634	Atom	
-793.494	103.935	-4784.32	-0.894373	-0.415222	-0.166395	27.7026379875	Atom	
-812.586	95.0709	-4787.87	-0.890192	-0.414414	-0.189261	27.6542073745	Atom	
-818.573	92.2842	-4789.15	-0.86963	-0.429651	-0.243195	27.6389305559	Atom	
-847.874	77.8075	-4797.34	-0.737345	-0.246128	-0.629081	27.5623499638	Atom	
-858.576	74.2353	-4806.47	-0.700657	-0.262004	-0.663652	27.5292895932	Atom	
-869.488	70.1548	-4816.81	-0.783864	-0.196153	-0.589136	27.4937804772	Atom	
-898.804	62.8189	-4838.84	-0.799206	-0.160219	-0.579309	27.4084222551	Atom	
-909.508	60.673	-4846.6	-0.791197	-0.159933	-0.590279	27.3777777391	Atom	
-931.736	56.1798	-4863.18	-0.781272	-0.15859	-0.603708	27.3134411561	Atom	
-941.287	54.241	-4870.56	-0.76047	-0.140928	-0.633897	27.2853930835	Atom	
-950.698	52.4969	-4878.41	-0.806195	-0.157101	-0.570411	27.2569756768	Atom	
-950.834	52.4704	-4878.5	-0.751275	-0.18695	-0.632957	27.2565878946	Atom	
-974.523	46.5755	-4898.46	-0.786757	-0.143239	-0.600414	27.1841230983	Atom	
-977.645	46.0072	-4900.84	-0.778764	-0.136428	-0.612302	27.1749855612	Atom	
-980.74	45.4649	-4903.28	-0.768211	-0.142927	-0.624039	27.1658292454	Atom	
-984.068	44.8459	-4905.98	-0.775694	-0.110075	-0.621436	27.1558495966	Atom	
-991.875	43.738	-4912.24	-0.756034	-0.111553	-0.644956	27.1326501815	Atom	
-997.986	42.8364	-4917.45	-0.793335	-0.105936	-0.599497	27.1140085352	Atom	
-1008.91	41.3772	-4925.71	-0.894036	0.243085	-0.37631	27.0822224489	Atom	
-1014.12	42.7941	-4927.9	-0.884169	0.297917	-0.359848	27.0687583476	Atom	
-1017.04	43.7775	-4929.09	-0.881765	0.32302	-0.343726	27.0611311719	Atom	
-1021.81	45.5245	-4930.95	-0.891369	0.297307	-0.342155	27.0486306252	Atom	
-1043.18	52.6526	-4939.15	-0.900596	0.276058	-0.335737	26.9931953051	Atom	
-1083.27	64.9397	-4954.09	-0.922969	0.278092	-0.26607	26.8901150667	Atom	
-1106.93	72.0707	-4960.92	-0.89243	0.342167	-0.294093	26.8305472985	Atom	
-1149.25	88.2949	-4974.86	-0.8921	0.318266	-0.320724	26.7202070336	Atom	
-1152.18	89.3412	-4975.92	-0.884154	0.351732	-0.3075	26.7125319068	Atom	
-1159.92	92.4195	-4978.61	-0.90771	0.219697	-0.357484	26.6920941655	Atom	
-1188.11	99.242	-4989.71	-0.933926	0.121893	-0.336042	26.6195315845	Atom	
-1199.19	100.688	-4993.69	-0.929912	0.136932	-0.341341	26.5917561502	Atom	
-1216.37	103.218	-5000	-0.929912	0.136932	-0.341341	26.5484566287	Region	
"-----------------------------------------------------------------"
"Trajectory"	36

"NbCollisions"	126
"Zmax"	0
"Display"	256

"Collisions"

"X"	"Y"	"Z"	"Rx"	"Ry"	"Rz"	"Energy"	"CollisionType"	
0.176399	0.193935	-5000	3.69615e-007	1.43964e-006	1	30	Region	
0.176401	0.193945	-4993.44	-0.0467488	0.00328363	0.998901	29.9860335555	Atom	
-0.120208	0.214778	-4987.1	-0.056119	0.113604	0.99194	29.9725199546	Atom	
-1.14563	2.29058	-4968.98	0.0282361	0.0874874	0.995765	29.9335881729	Atom	
1.39267	10.1553	-4879.46	-0.00461447	0.0984571	0.995131	29.7418527229	Atom	
1.15918	15.1372	-4829.11	0.0928589	0.0116019	0.995612	29.6333753046	Atom	
1.78384	15.2152	-4822.41	-0.0111566	0.111807	0.993667	29.618911768	Atom	
1.73727	15.6819	-4818.26	-0.0534686	0.0831893	0.995098	29.6099336432	Atom	
1.53847	15.9912	-4814.56	-0.0525845	0.0724113	0.995988	29.601934593	Atom	
-0.441076	18.7172	-4777.07	-0.051761	0.0726856	0.996011	29.5209252945	Atom	
-0.580342	18.9127	-4774.39	-0.0497841	0.0615108	0.996864	29.5151227267	Atom	
-2.34066	21.0877	-4739.14	-0.0425386	0.0384301	0.998355	29.4388541957	Atom	
-4.66524	23.1878	-4684.59	-0.0308889	0.0507215	0.998235	29.320740159	Atom	
-4.68353	23.2178	-4683.99	-0.10214	-0.0216347	0.994535	29.319456476	Atom	
-4.96906	23.1573	-4681.21	-0.110723	0.00145282	0.99385	29.3133945311	Atom	
-5.9588	23.1703	-4672.33	-0.136045	0.0111157	0.99064	29.2940080479	Atom	
-6.19642	23.1897	-4670.6	-0.105979	-0.0208848	0.994149	29.2902179139	Atom	
-6.3231	23.1647	-4669.41	-0.134628	-0.0234747	0.990618	29.2876238696	Atom	
-11.6175	22.2416	-4630.45	-0.136402	-0.0498627	0.989398	29.2022725827	Atom	
-12.475	21.9281	-4624.24	0.116924	-0.080898	0.989841	29.1885975112	Atom	
-12.2164	21.7492	-4622.05	0.1475	-0.105139	0.983458	29.1837837496	Atom	
-11.0504	20.9181	-4614.27	0.160797	-0.180176	0.970402	29.166579209	Atom	
-7.70576	17.1703	-4594.09	0.174324	-0.16775	0.970294	29.1212860963	Atom	
-6.6394	16.1442	-4588.15	0.185304	-0.139152	0.972779	29.107949636	Atom	
-6.10486	15.7428	-4585.35	0.237514	-0.153362	0.959201	29.1016580855	Atom	
1.1184	11.0787	-4556.17	0.225414	-0.193956	0.954761	29.0353182837	Atom	
2.19517	10.1522	-4551.61	0.239855	-0.228868	0.943445	29.0248791862	Atom	
5.92337	6.59481	-4536.95	0.245299	-0.22914	0.941978	28.9909015233	Atom	
7.24141	5.3636	-4531.89	0.247385	-0.202706	0.947476	28.9791449054	Atom	
15.4222	-1.3397	-4500.56	0.130661	-0.157414	0.978851	28.9067660777	Atom	
18.2754	-4.77709	-4479.18	0.0323137	-0.196249	0.980021	28.8588763374	Atom	
18.4091	-5.58935	-4475.12	0.0517087	-0.177192	0.982817	28.8497872997	Atom	
18.6358	-6.36624	-4470.82	0.0728095	-0.20121	0.976838	28.8401566375	Atom	
20.9937	-12.8823	-4439.18	0.0443495	-0.175778	0.98343	28.7690046071	Atom	
21.0866	-13.2506	-4437.12	0.0689201	-0.18888	0.979579	28.7643908636	Atom	
26.7435	-28.7537	-4356.72	0.0418324	-0.236377	0.970761	28.583674556	Atom	
27.2176	-31.4325	-4345.72	0.00881887	-0.21203	0.977223	28.5585970445	Atom	
27.5322	-38.9963	-4310.86	-0.0858918	-0.258498	0.962186	28.4796035919	Atom	
27.0176	-40.5452	-4305.09	-0.169371	-0.126896	0.977349	28.4663060035	Atom	
26.0424	-41.2758	-4299.46	-0.132632	-0.186717	0.97342	28.4535237686	Atom	
25.24	-42.4054	-4293.57	-0.137202	-0.251956	0.957963	28.4400884151	Atom	
24.8455	-43.1299	-4290.82	-0.229213	-0.315596	0.920793	28.4336992872	Atom	
21.9641	-47.0972	-4279.24	-0.240947	-0.252209	0.937196	28.4057661588	Atom	
19.9182	-49.2387	-4271.29	-0.250372	-0.233003	0.939693	28.3868831948	Atom	
17.3684	-51.6116	-4261.72	-0.247715	-0.235761	0.93971	28.364223349	Atom	
15.9912	-52.9223	-4256.49	-0.253926	-0.201155	0.946075	28.3518452146	Atom	
15.2324	-53.5235	-4253.66	-0.209873	-0.153935	0.965535	28.3451897513	Atom	
13.2939	-54.9453	-4244.75	-0.197976	-0.130389	0.971496	28.3246138789	Atom	
11.2585	-56.2859	-4234.76	-0.390525	-0.160318	0.906525	28.3016975762	Atom	
8.52927	-57.4063	-4228.42	-0.387919	-0.154898	0.908584	28.286110704	Atom	
-37.3376	-75.7212	-4120.99	-0.141227	0.192083	-0.971164	28.0222818414	Atom	
-39.154	-73.2507	-4133.48	-0.121581	0.182285	-0.9757	27.9933691487	Atom	
-44.1315	-65.7879	-4173.43	-0.0763294	0.145401	-0.986424	27.9012580426	Atom	
-44.1748	-65.7055	-4173.99	-0.204857	0.0342364	-0.978193	27.8999791003	Atom	
-46.1892	-65.3688	-4183.61	-0.100466	0.101209	-0.989779	27.8777960508	Atom	
-46.8959	-64.6569	-4190.57	-0.0939156	0.0730541	-0.992896	27.8619185536	Atom	
-54.1075	-59.0473	-4266.81	-0.105955	0.0843613	-0.990786	27.6885061746	Atom	
-54.585	-58.6671	-4271.28	-0.135945	0.114433	-0.984085	27.6782775572	Atom	
-61.1188	-53.1671	-4318.57	-0.212405	0.0440265	-0.976189	27.5691642897	Atom	
-63.0504	-52.7668	-4327.45	-0.266825	0.0622504	-0.961732	27.5484538277	Atom	
-63.2926	-52.7103	-4328.32	-0.274708	0.0830596	-0.957933	27.5463856249	Atom	
-66.9827	-51.5945	-4341.19	-0.239599	0.140875	-0.960597	27.5157735065	Atom	
-76.3759	-46.0717	-4378.85	-0.159699	0.0809305	-0.983843	27.4263534244	Atom	
-76.898	-45.8071	-4382.07	-0.20996	0.122629	-0.969989	27.4188778672	Atom	
-77.2819	-45.5829	-4383.84	-0.287834	0.173886	-0.941762	27.4146950739	Atom	
-81.7018	-42.9128	-4398.3	-0.230253	0.169376	-0.958277	27.379568093	Atom	
-82.1573	-42.5777	-4400.2	-0.206166	0.177126	-0.962352	27.3750375649	Atom	
-87.1349	-38.3013	-4423.43	-0.066348	0.282514	-0.956966	27.319744201	Atom	
-90.7005	-23.1184	-4474.86	-0.0169548	0.262583	-0.96476	27.1964659501	Atom	
-91.3768	-12.645	-4513.34	-0.0196869	0.26681	-0.963548	27.1046417791	Atom	
-91.4962	-11.0264	-4519.19	-0.0184759	0.280986	-0.959534	27.0906375966	Atom	
-92.0002	-3.36227	-4545.36	-0.0326321	0.315334	-0.948419	27.027649799	Atom	
-92.0723	-2.66572	-4547.46	-0.0162273	0.196741	-0.980321	27.0225393429	Atom	
-92.0981	-2.35214	-4549.02	-0.105044	0.284255	-0.952977	27.0188511617	Atom	
-92.6841	-0.766392	-4554.33	-0.0647416	0.263246	-0.962554	27.0059413206	Atom	
-97.7908	19.9979	-4630.26	-0.0384291	0.247667	-0.968083	26.8233349274	Atom	
-98.6862	25.7684	-4652.81	-0.0433176	0.269101	-0.962137	26.7691037804	Atom	
-98.8338	26.6855	-4656.09	-0.186059	0.213743	-0.959008	26.7611585067	Atom	
-105.042	33.817	-4688.09	-0.12636	0.536353	-0.834481	26.6833566579	Atom	
-108.27	47.5219	-4709.41	-0.306036	0.660322	-0.685796	26.6236357128	Atom	
-109.504	50.1839	-4712.18	-0.312498	0.639668	-0.70226	26.6141965501	Atom	
-119.747	71.1497	-4735.2	-0.347558	0.64119	-0.684162	26.5374334823	Atom	
-128.013	86.3996	-4751.47	-0.32733	0.636134	-0.698705	26.4816029519	Atom	
-135.853	101.637	-4768.2	-0.319982	0.626222	-0.710956	26.4252803884	Atom	
-138.305	106.435	-4773.65	-0.385516	0.55817	-0.734727	26.4072331212	Atom	
-138.897	107.292	-4774.78	-0.411436	0.579706	-0.703321	26.403614558	Atom	
-140.466	109.503	-4777.46	-0.410608	0.582216	-0.701731	26.3946278121	Atom	
-142.759	112.754	-4781.38	-0.421191	0.564244	-0.710089	26.3814619551	Atom	
-145.792	116.817	-4786.49	-0.389127	0.486354	-0.782329	26.3644817463	Atom	
-154.185	127.307	-4803.37	-0.391887	0.465624	-0.793485	26.3135860615	Atom	
-156.57	130.142	-4808.2	-0.406698	0.468288	-0.784413	26.2991996747	Atom	
-161.246	135.526	-4817.22	-0.393789	0.455615	-0.79834	26.2720163138	Atom	
-165.621	140.587	-4826.08	-0.0627412	0.172248	-0.983054	26.2457315314	Atom	
-167.32	145.252	-4852.71	-0.0493705	0.153832	-0.986863	26.181588418	Atom	
-167.636	146.235	-4859.02	-0.0153342	0.251131	-0.967832	26.1664238702	Atom	
-167.696	147.219	-4862.81	-0.0326315	0.258503	-0.965459	26.1571255503	Atom	
-167.982	149.489	-4871.29	-0.0247385	0.276726	-0.96063	26.1362737631	Atom	
-168.666	157.143	-4897.86	-0.0355919	0.280618	-0.959159	26.0705613594	Atom	
-169.207	161.403	-4912.42	-0.0457207	0.284501	-0.957585	26.0344209058	Atom	
-170.24	167.829	-4934.05	-0.0631441	0.294371	-0.953603	25.9805850395	Atom	
-170.738	170.155	-4941.58	-0.0570924	0.225592	-0.972547	25.9617222776	Atom	
-171.422	172.855	-4953.22	-0.136788	0.195399	-0.971138	25.9331362574	Atom	
-174.413	177.127	-4974.45	-0.100538	0.1853	-0.977525	25.8808630201	Atom	
-177.04	181.97	-5000	-0.100538	0.1853	-0.977525	25.8182859308	Region	
"-----------------------------------------------------------------"
"Trajectory"	42

"NbCollisions"	175
"Zmax"	0
"Display"	256

"Collisions"

"X"	"Y"	"Z"	"Rx"	"Ry"	"Rz"	"Energy"	"CollisionType"	
-0.204722	-0.0864927	-5000	-6.45274e-006	-1.05694e-006	1	30	Region	
-0.204769	-0.0865004	-4992.67	-0.0329915	-0.0954177	0.99489	29.9843990481	Atom	
-0.25234	-0.224085	-4991.24	-0.00587593	-0.0724429	0.997355	29.9813277866	Atom	
-0.414939	-2.22872	-4963.64	0.00107996	-0.0786426	0.996902	29.9223822946	Atom	
-0.38419	-4.46786	-4935.26	-0.0238755	-0.118877	0.992622	29.8616362034	Atom	
-0.616805	-5.62606	-4925.58	-0.0489307	0.0176004	0.998647	29.8408160575	Atom	
-0.655304	-5.61221	-4924.8	-0.0353967	-0.115562	0.992669	29.8391337478	Atom	
-1.37124	-7.94956	-4904.72	0.2209	0.455665	0.862307	29.7958852569	Atom	
1.41613	-2.19987	-4893.84	-0.0717993	0.65647	0.750927	29.7688729339	Atom	
0.505671	6.12457	-4884.32	-0.0893042	0.649276	0.755292	29.7417074925	Atom	
0.426306	6.70158	-4883.65	-0.124174	0.632413	0.764614	29.7398022398	Atom	
-5.64271	37.6109	-4846.28	-0.078576	0.607259	0.790609	29.635015907	Atom	
-8.31534	58.2659	-4819.38	-0.0798469	0.575817	0.81367	29.561887101	Atom	
-10.3315	72.8055	-4798.84	-0.0140352	0.588504	0.808372	29.5074914159	Atom	
-11.0901	104.615	-4755.15	-0.0880493	0.184474	0.978885	29.3908818499	Atom	
-12.6463	107.875	-4737.84	0.0211567	0.163691	0.986285	29.3526305124	Atom	
-12.5723	108.448	-4734.39	0.0293469	0.159594	0.986746	29.3450489516	Atom	
-11.5849	113.818	-4701.19	0.0470275	0.17851	0.982814	29.272138793	Atom	
-7.32101	130.003	-4612.08	0.0205185	0.209818	0.977525	29.0752781316	Atom	
-7.18903	131.352	-4605.8	0.0319048	0.207117	0.977796	29.0612370107	Atom	
-6.66168	134.776	-4589.63	0.0486882	0.216257	0.975122	29.0251417595	Atom	
-6.0684	137.411	-4577.75	0.0520051	0.174384	0.983303	28.9985049446	Atom	
-4.65551	142.148	-4551.04	0.0834413	0.139068	0.986761	28.9390728151	Atom	
-3.21822	144.544	-4534.04	-0.0884535	0.166445	0.982075	28.9013299798	Atom	
-3.51682	145.106	-4530.72	-0.181755	0.10496	0.977726	28.8939254185	Atom	
-5.74406	146.392	-4518.74	-0.26799	0.160099	0.950026	28.8670416774	Atom	
-8.25465	147.892	-4509.84	-0.24427	0.138559	0.959757	28.8464737856	Atom	
-19.5263	154.285	-4465.56	-0.207124	0.146282	0.967317	28.7451068275	Atom	
-20.9658	155.302	-4458.83	-0.188851	0.116993	0.975012	28.7297969104	Atom	
-28.9034	160.219	-4417.85	-0.285405	0.0904265	0.954131	28.6371667649	Atom	
-30.269	160.652	-4413.29	-0.352664	-0.0211297	0.935511	28.6265947017	Atom	
-47.8193	159.601	-4366.73	-0.336727	0.0330616	0.941022	28.516605467	Atom	
-54.1798	160.225	-4348.96	-0.34266	0.0216854	0.939209	28.4747286705	Atom	
-68.011	161.1	-4311.05	-0.497563	-0.140589	0.855959	28.3851376245	Atom	
-70.2045	160.481	-4307.27	-0.347941	-0.235038	0.907576	28.3753281062	Atom	
-70.6471	160.182	-4306.12	-0.321759	-0.23131	0.918132	28.3724966765	Atom	
-77.0657	155.567	-4287.8	-0.297397	-0.229615	0.926732	28.3280929358	Atom	
-92.9285	143.32	-4238.37	-0.29725	-0.370209	0.880107	28.209216705	Atom	
-93.7595	142.285	-4235.91	-0.341687	-0.407972	0.846646	28.2029650268	Atom	
-96.0146	139.592	-4230.32	-0.322937	-0.440035	0.837903	28.1882038488	Atom	
-96.7254	138.624	-4228.48	-0.301084	-0.460305	0.835145	28.18327865	Atom	
-100.273	133.201	-4218.64	-0.23554	-0.46889	0.851272	28.1569129189	Atom	
-102.127	129.509	-4211.94	-0.272049	-0.485604	0.83077	28.1392831457	Atom	
-104.182	125.841	-4205.66	-0.257192	-0.584778	0.769342	28.1223571264	Atom	
-121.6	86.2387	-4153.56	-0.177489	-0.645559	0.742799	27.9705464739	Atom	
-123.891	77.906	-4143.97	-0.168551	-0.651863	0.739368	27.9414865681	Atom	
-124.631	75.0444	-4140.73	0.0234664	-0.732167	0.68072	27.9315951606	Atom	
-124.479	70.3012	-4136.32	0.0194319	-0.733582	0.679323	27.9169939202	Atom	
-123.733	42.1439	-4110.24	0.0811049	-0.746944	0.659922	27.8304476925	Atom	
-122.477	30.5787	-4100.03	0.0534558	-0.747503	0.662105	27.7954496713	Atom	
-121.759	20.543	-4091.14	0.0356118	-0.745285	0.665794	27.7650723345	Atom	
-121.747	20.285	-4090.91	0.03613	-0.715854	0.697314	27.7642884525	Atom	
-120.642	-1.6109	-4069.58	0.0282308	-0.695762	0.717718	27.6950194416	Atom	
-120.517	-4.69283	-4066.4	0.21733	-0.664319	0.715156	27.6849680439	Atom	
-120.196	-5.67422	-4065.34	0.234846	-0.681346	0.693264	27.6816148837	Atom	
-119.059	-8.97102	-4061.99	0.248911	-0.715556	0.652704	27.6706309943	Atom	
-117.39	-13.7709	-4057.61	0.0939566	-0.661129	0.744365	27.6553991979	Atom	
-116.89	-17.2848	-4053.65	-0.509744	-0.845197	-0.160636	27.643324758	Atom	
-133.057	-44.09	-4058.75	-0.523414	-0.842979	-0.124191	27.5712520664	Atom	
-138.844	-53.4111	-4060.12	-0.500435	-0.855221	-0.134767	27.5460717072	Atom	
-142.791	-60.1559	-4061.18	-0.492925	-0.868161	-0.0576284	27.5280988826	Atom	
-169.224	-106.712	-4064.27	-0.506381	-0.854732	-0.114071	27.4058275494	Atom	
-172.66	-112.511	-4065.05	-0.526122	-0.844241	-0.102236	27.3903036462	Atom	
-183.584	-130.04	-4067.17	-0.512616	-0.854326	-0.0857488	27.3427721988	Atom	
-186.685	-135.208	-4067.69	-0.533155	-0.843942	-0.0592304	27.3289042119	Atom	
-187.472	-136.454	-4067.78	-0.496727	-0.867632	-0.0218462	27.3255197003	Atom	
-192.578	-145.373	-4068	-0.513983	-0.853791	-0.0828413	27.3019425347	Atom	
-200.823	-159.068	-4069.33	-0.517489	-0.851431	-0.085271	27.26512766	Atom	
-210.882	-175.619	-4070.99	-0.597477	-0.800293	-0.0505326	27.2204662924	Atom	
-212.962	-178.405	-4071.16	-0.597496	-0.801826	-0.00859714	27.2124578254	Atom	
-228.603	-199.395	-4071.39	-0.527725	-0.847865	-0.0513084	27.152219955	Atom	
-230.214	-201.983	-4071.54	-0.645439	-0.760058	-0.0756334	27.1451854365	Atom	
-243.103	-217.161	-4073.06	-0.639763	-0.765059	-0.073405	27.0991423528	Atom	
-249.01	-224.224	-4073.73	-0.646832	-0.75926	-0.0716381	27.0778281965	Atom	
-252.275	-228.056	-4074.09	-0.582736	-0.801759	-0.132667	27.0661675339	Atom	
-261.37	-240.57	-4076.17	-0.659507	-0.748994	-0.063706	27.0300991555	Atom	
-275.018	-256.07	-4077.48	-0.637731	-0.76589	-0.0819268	26.982222468	Atom	
-289.6	-273.583	-4079.36	-0.663723	-0.741111	-0.101125	26.929251014	Atom	
-316.641	-303.777	-4083.48	-0.657794	-0.746063	-0.103429	26.8347187978	Atom	
-319.355	-306.855	-4083.9	-0.55036	-0.822285	-0.144748	26.8251193951	Atom	
-321.867	-310.608	-4084.56	-0.406328	-0.881479	-0.240609	26.8144972234	Atom	
-322.645	-312.295	-4085.02	-0.480809	-0.845869	-0.230928	26.8100397344	Atom	
-326.285	-318.698	-4086.77	-0.211241	-0.203048	-0.956111	26.7924131359	Atom	
-344.442	-336.152	-4168.96	-0.20977	-0.199724	-0.957135	26.59215705	Atom	
-346.837	-338.432	-4179.89	-0.214033	-0.200823	-0.95596	26.5654002843	Atom	
-353.905	-345.064	-4211.45	-0.255182	-0.256283	-0.93231	26.487948042	Atom	
-361.43	-352.621	-4238.95	-0.242873	-0.253784	-0.936272	26.4186229965	Atom	
-374.321	-366.092	-4288.64	-0.133841	-0.269791	-0.953572	26.2935789366	Atom	
-374.74	-366.936	-4291.62	-0.290455	-0.213172	-0.932842	26.2861822352	Atom	
-375.046	-367.16	-4292.61	-0.29638	-0.213059	-0.931002	26.2836909816	Atom	
-386.638	-375.494	-4329.02	-0.305012	-0.202073	-0.930663	26.1911739729	Atom	
-387.965	-376.373	-4333.07	-0.327582	-0.195328	-0.924412	26.1808563186	Atom	
-393.895	-379.908	-4349.8	-0.40175	-0.204001	-0.892738	26.1379064526	Atom	
-404.976	-385.535	-4374.43	-0.473543	-0.317827	-0.821428	26.0723703951	Atom	
-405.968	-386.201	-4376.15	-0.455191	-0.323284	-0.829631	26.0673849783	Atom	
-407.103	-387.007	-4378.22	-0.46851	-0.306862	-0.828453	26.0614507774	Atom	
-411.456	-389.858	-4385.91	-0.451177	-0.360572	-0.81635	26.0393207177	Atom	
-414.967	-392.664	-4392.27	-0.452529	-0.364762	-0.813736	26.0207800969	Atom	
-425.025	-400.771	-4410.35	-0.427726	-0.355698	-0.830981	25.9677847313	Atom	
-428.2	-403.412	-4416.52	-0.542626	-0.400252	-0.738482	25.9500541617	Atom	
-429.127	-404.095	-4417.78	-0.536443	-0.417026	-0.733702	25.945975444	Atom	
-435.976	-409.42	-4427.15	-0.516314	-0.498815	-0.696135	25.9154620507	Atom	
-436.383	-409.812	-4427.7	-0.505971	-0.532328	-0.67869	25.9135789297	Atom	
-465.851	-440.816	-4467.23	-0.617666	-0.614237	-0.491122	25.774255268	Atom	
-473.497	-448.42	-4473.31	-0.608483	-0.621978	-0.49284	25.7445174507	Atom	
-478.153	-453.179	-4477.08	-0.647877	-0.598709	-0.47096	25.7261162943	Atom	
-482.537	-457.231	-4480.26	-0.703264	-0.608075	-0.368327	25.7098358195	Atom	
-494.461	-467.54	-4486.51	-0.712189	-0.555864	-0.428721	25.6690236316	Atom	
-497.588	-469.981	-4488.39	-0.58533	-0.544069	-0.601148	25.6584402649	Atom	
-513.294	-484.58	-4504.52	-0.550245	-0.584017	-0.596786	25.5937465502	Atom	
-526.819	-498.935	-4519.19	-0.544223	-0.495883	-0.676699	25.5343674523	Atom	
-536.596	-507.843	-4531.35	-0.53512	-0.506414	-0.67616	25.4908862538	Atom	
-541.242	-512.24	-4537.22	-0.550084	-0.488892	-0.677046	25.4698439908	Atom	
-542.455	-513.318	-4538.71	-0.625292	-0.485691	-0.610831	25.4644976693	Atom	
-547.473	-517.215	-4543.61	-0.62161	-0.485122	-0.615026	25.4450345575	Atom	
-570.056	-534.84	-4565.96	-0.607455	-0.492546	-0.623214	25.3568624525	Atom	
-570.15	-534.916	-4566.05	-0.614973	-0.499556	-0.610125	25.3564856918	Atom	
-580.925	-543.67	-4576.74	-0.657091	-0.443845	-0.609289	25.3138411099	Atom	
-613.096	-565.4	-4606.57	-0.665693	-0.481726	-0.569905	25.1945311815	Atom	
-632.615	-579.525	-4623.28	-0.678263	-0.480932	-0.555575	25.1228079229	Atom	
-638.8	-583.911	-4628.35	-0.624478	-0.461865	-0.629848	25.1004519977	Atom	
-650.798	-592.784	-4640.45	-0.617438	-0.444905	-0.648714	25.053316673	Atom	
-651.274	-593.127	-4640.95	-0.640001	-0.448746	-0.623719	25.0514225991	Atom	
-653.73	-594.849	-4643.35	-0.631149	-0.466878	-0.619416	25.0419932618	Atom	
-654.688	-595.557	-4644.29	-0.629096	-0.474073	-0.61603	25.0382654808	Atom	
-670.429	-607.419	-4659.7	-0.7588	-0.220299	-0.612936	24.9767587665	Atom	
-673.035	-608.176	-4661.8	-0.698477	-0.350934	-0.623679	24.9682987359	Atom	
-697.645	-620.541	-4683.78	-0.690105	-0.351625	-0.632546	24.8814960639	Atom	
-708.908	-626.28	-4694.1	-0.502744	-0.335904	-0.796503	24.8411768601	Atom	
-712.794	-628.876	-4700.26	-0.511331	-0.320545	-0.797365	24.8220606257	Atom	
-732.878	-641.466	-4731.58	-0.474093	-0.307324	-0.825099	24.7248438355	Atom	
-754.68	-655.599	-4769.52	-0.543926	-0.30802	-0.780557	24.6106691282	Atom	
-758.328	-657.665	-4774.76	-0.532036	-0.350918	-0.77058	24.5939558401	Atom	
-776.915	-669.925	-4801.68	-0.362977	-0.315448	-0.876778	24.5068556231	Atom	
-777.254	-670.219	-4802.5	-0.348153	-0.201411	-0.915545	24.5045196241	Atom	
-789.866	-677.516	-4835.66	-0.326725	-0.184605	-0.926915	24.4139432868	Atom	
-792.431	-678.965	-4842.94	-0.330161	-0.181277	-0.926354	24.3942584878	Atom	
-798.565	-682.332	-4860.15	-0.302344	-0.0261523	-0.95284	24.3476395031	Atom	
-800.2	-682.474	-4865.3	-0.337587	0.00695826	-0.941269	24.3340453598	Atom	
-805.137	-682.372	-4879.07	-0.34605	-0.00315405	-0.938211	24.2972770403	Atom	
-806.744	-682.387	-4883.43	-0.356781	-0.0154514	-0.93406	24.2855846724	Atom	
-811.494	-682.592	-4895.86	-0.332832	0.0104531	-0.942928	24.2520616123	Atom	
-813.215	-682.538	-4900.74	-0.335159	0.0491199	-0.94088	24.239025921	Atom	
-818.374	-681.782	-4915.22	-0.34156	0.0957846	-0.934966	24.2002063395	Atom	
-818.673	-681.698	-4916.04	-0.261249	0.316478	-0.911916	24.1979949047	Atom	
-826.247	-672.524	-4942.47	-0.247777	0.304711	-0.919651	24.1247836428	Atom	
-827.941	-670.441	-4948.76	-0.230346	0.284857	-0.930482	24.1074802856	Atom	
-830.907	-666.772	-4960.75	-0.294343	0.208769	-0.932619	24.074856482	Atom	
-831.438	-666.396	-4962.43	-0.296336	0.21814	-0.929839	24.0702887649	Atom	
-834.319	-664.275	-4971.47	-0.300141	0.157827	-0.940748	24.0456289707	Atom	
-841.213	-660.65	-4993.07	-0.144506	0.126276	-0.981413	23.9873344657	Atom	
-841.852	-660.091	-4997.41	-0.164815	0.137882	-0.976639	23.9760939415	Atom	
-842.288	-659.726	-5000	-0.164815	0.137882	-0.976639	23.9693553432	Region	
"-----------------------------------------------------------------"
"Trajectory"	43

"NbCollisions"	139
"Zmax"	0
"Display"	256

"Collisions"

"X"	"Y"	"Z"	"Rx"	"Ry"	"Rz"	"Energy"	"CollisionType"	
0.299619	-0.0969222	-5000	3.15809e-006	-3.0983e-006	1	30	Region	
0.299742	-0.0970429	-4961.01	0.115556	-0.0360992	0.992645	29.9169966324	Atom	
0.326601	-0.105433	-4960.78	0.137249	-0.0514794	0.989198	29.9165006752	Atom	
2.25629	-0.829222	-4946.88	0.103867	-0.0494713	0.99336	29.8864993854	Atom	
2.44894	-0.92098	-4945.03	-0.021253	-0.0300185	0.999323	29.8825383934	Atom	
2.15086	-1.342	-4931.02	0.00402226	-0.0122578	0.999917	29.8525831805	Atom	
2.15239	-1.34667	-4930.64	-0.0508097	-0.0367613	0.998032	29.8517686065	Atom	
1.72244	-1.65775	-4922.19	0.0413356	-0.000260025	0.999145	29.8336806268	Atom	
2.55944	-1.66302	-4901.96	0.0234064	0.0913164	0.995547	29.7903768738	Atom	
3.33612	1.36707	-4868.93	-0.0341402	0.355483	0.934059	29.7193318696	Atom	
1.89678	16.3541	-4829.55	-0.00876668	0.340742	0.940116	29.6288937753	Atom	
1.71604	23.3794	-4810.16	0.0339605	0.342272	0.938987	29.5845588526	Atom	
2.75563	33.8569	-4781.42	0.0548437	0.299778	0.952431	29.5186538619	Atom	
4.59622	43.9177	-4749.45	0.0211243	0.294558	0.9554	29.4462713834	Atom	
4.61837	44.2265	-4748.45	0.0374148	0.301146	0.952844	29.4440058201	Atom	
4.94627	46.8657	-4740.1	0.0299314	0.299295	0.953691	29.4250658752	Atom	
5.12697	48.6726	-4734.34	0.028135	0.315324	0.948567	29.4120119084	Atom	
5.45093	52.3034	-4723.42	0.0306455	0.282679	0.958725	29.3871060657	Atom	
6.20606	59.2688	-4699.8	-0.0672997	0.19435	0.978621	29.3337721797	Atom	
5.36788	61.6893	-4687.61	-0.0977768	0.170782	0.980445	29.3067759442	Atom	
4.33668	63.4905	-4677.27	-0.0713063	0.178532	0.981347	29.2838986671	Atom	
4.13473	63.9961	-4674.49	-0.0176293	0.398452	0.91702	29.2777514226	Atom	
3.54633	77.295	-4643.88	-0.0187464	0.352222	0.935729	29.2052941209	Atom	
3.51275	77.926	-4642.21	-0.0161982	0.370582	0.928658	29.2013975755	Atom	
3.39507	80.6183	-4635.46	0.0100648	0.33413	0.942473	29.1855931294	Atom	
3.80857	94.3457	-4596.74	0.0655529	0.304192	0.950352	29.0961786721	Atom	
7.61139	111.992	-4541.61	0.071538	0.345813	0.935572	28.9696147205	Atom	
7.9897	113.821	-4536.66	0.0631145	0.361742	0.930139	28.9580371755	Atom	
10.4733	128.056	-4500.06	0.0674882	0.359174	0.930827	28.8718581952	Atom	
11.987	136.112	-4479.18	0.0566749	0.47153	0.880027	28.8226229041	Atom	
12.9056	143.755	-4464.92	0.0858959	0.481728	0.872101	28.7869933417	Atom	
12.9424	143.961	-4464.55	0.087839	0.503095	0.859756	28.7860522953	Atom	
13.8079	148.918	-4456.07	-0.0122697	0.277628	0.96061	28.7643709533	Atom	
13.6377	152.767	-4442.75	-0.0650314	0.291471	0.954367	28.7338432936	Atom	
13.6371	152.77	-4442.75	-0.159643	0.222271	0.961826	28.7338215625	Atom	
6.46572	162.755	-4399.54	-0.165674	0.242315	0.955948	28.6348325287	Atom	
6.23127	163.098	-4398.19	-0.107775	0.241963	0.964281	28.6317055303	Atom	
5.30274	165.182	-4389.88	-0.957249	0.10305	0.270285	28.6126667086	Atom	
2.07684	165.53	-4388.97	-0.963419	0.0895183	0.252606	28.6052155912	Atom	
-12.0322	166.841	-4385.27	-0.955927	0.151605	0.251433	28.5728286855	Atom	
-30.0834	169.703	-4380.52	-0.936987	0.138458	0.320758	28.5310303496	Atom	
-39.3905	171.079	-4377.33	-0.934205	0.193646	0.299603	28.5090181283	Atom	
-52.1872	173.731	-4373.23	-0.944258	0.280809	0.171822	28.4786438126	Atom	
-57.9911	175.457	-4372.17	-0.943059	0.308807	0.123604	28.4650025805	Atom	
-85.5063	184.467	-4368.57	-0.960558	0.233849	0.150477	28.4002258505	Atom	
-100.654	188.155	-4366.19	-0.911382	0.321429	0.257033	28.365151875	Atom	
-128.517	197.982	-4358.34	-0.907053	0.296393	0.29901	28.2970854477	Atom	
-128.583	198.003	-4358.31	-0.904225	0.291493	0.312103	28.2969222209	Atom	
-134.919	200.046	-4356.13	-0.983804	0.173987	-0.0431152	28.281293315	Atom	
-139.584	200.871	-4356.33	-0.967274	0.208681	-0.144337	28.2707114359	Atom	
-162.62	205.841	-4359.77	-0.967719	0.208901	-0.140996	28.2175467323	Atom	
-183.443	210.336	-4362.8	-0.964439	0.21847	-0.148756	28.1694408055	Atom	
-221.898	219.047	-4368.74	-0.940604	0.0770105	-0.330657	28.0801772061	Atom	
-228.586	219.594	-4371.09	-0.954321	0.0227509	-0.297915	28.0642185532	Atom	
-236.487	219.783	-4373.55	-0.949952	0.0104711	-0.312221	28.0456290688	Atom	
-240.326	219.825	-4374.81	-0.936184	-0.123192	-0.329215	28.0365516346	Atom	
-259.037	217.363	-4381.39	-0.926526	-0.14075	-0.348912	27.9916377161	Atom	
-276.42	214.722	-4387.94	-0.800777	-0.141455	-0.582019	27.9494252178	Atom	
-281.107	213.894	-4391.35	-0.793984	-0.14296	-0.590891	27.9362395933	Atom	
-283.536	213.457	-4393.15	-0.823956	-0.135305	-0.550263	27.9293467941	Atom	
-302.648	210.318	-4405.92	-0.853528	-0.099496	-0.511459	27.8770624045	Atom	
-304.617	210.089	-4407.1	-0.834681	-0.0755695	-0.545524	27.8718547399	Atom	
-324.606	208.279	-4420.16	-0.833558	-0.0818445	-0.546336	27.8177895795	Atom	
-328.942	207.853	-4423	-0.791939	-0.105165	-0.601476	27.8060267457	Atom	
-354.661	204.438	-4442.54	-0.80724	-0.0456162	-0.588458	27.7325681981	Atom	
-355.175	204.409	-4442.91	-0.807733	-0.041903	-0.588057	27.7311234369	Atom	
-355.958	204.368	-4443.48	-0.816796	-0.0287081	-0.576212	27.7289267567	Atom	
-369.434	203.895	-4452.99	-0.820267	-0.0369361	-0.570787	27.6915260365	Atom	
-427.626	201.274	-4493.48	-0.806072	-0.0697074	-0.587698	27.5305298008	Atom	
-446.722	199.623	-4507.41	-0.748903	-0.147102	-0.646146	27.4765159235	Atom	
-451.853	198.615	-4511.83	-0.740642	-0.173324	-0.64916	27.4608703124	Atom	
-455.015	197.875	-4514.6	-0.738742	-0.180389	-0.6494	27.4511169222	Atom	
-456.032	197.627	-4515.5	-0.733313	-0.180831	-0.655402	27.4479726573	Atom	
-465.191	195.368	-4523.68	-0.708492	-0.251696	-0.659309	27.4194287697	Atom	
-473.578	192.389	-4531.49	-0.609659	-0.402701	-0.68275	27.3923533297	Atom	
-485.713	184.373	-4545.08	-0.575127	-0.363285	-0.732975	27.34678792	Atom	
-515.581	165.506	-4583.14	-0.572535	-0.451287	-0.684503	27.2277527861	Atom	
-516.337	164.91	-4584.05	-0.617067	-0.416073	-0.667915	27.2247146654	Atom	
-535.062	152.285	-4604.32	-0.66855	-0.441373	-0.598524	27.1549134366	Atom	
-535.332	152.107	-4604.56	-0.636881	-0.460536	-0.618296	27.1539839897	Atom	
-552.921	139.388	-4621.63	-0.623248	-0.417834	-0.661042	27.0903256474	Atom	
-573.666	125.48	-4643.64	-0.633599	-0.376662	-0.67578	27.0134583678	Atom	
-595.915	112.254	-4667.37	-0.662627	-0.400896	-0.63262	26.9321841209	Atom	
-600.283	109.611	-4671.54	-0.671053	-0.43993	-0.596782	26.9168887863	Atom	
-620.426	96.4057	-4689.45	-0.694524	-0.420796	-0.583581	26.8472165222	Atom	
-624.725	93.8007	-4693.06	-0.462028	-0.506787	-0.727803	26.8328175099	Atom	
-628.301	89.8786	-4698.69	-0.471768	-0.511578	-0.718139	26.8148092441	Atom	
-632.698	85.1101	-4705.39	-0.429252	-0.593799	-0.680548	26.7931080203	Atom	
-639.239	76.0627	-4715.76	-0.498017	-0.485378	-0.718601	26.7576127644	Atom	
-643.863	71.5559	-4722.43	-0.456188	-0.496047	-0.738803	26.7359586519	Atom	
-653.132	61.4763	-4737.44	-0.464965	-0.51618	-0.719281	26.6885402847	Atom	
-666.208	46.9609	-4757.67	-0.470532	-0.481735	-0.739278	26.6228251107	Atom	
-668.213	44.9079	-4760.82	-0.460632	-0.508443	-0.727533	26.6128464813	Atom	
-669.531	43.4534	-4762.9	-0.442368	-0.502428	-0.742884	26.6061459091	Atom	
-679.215	32.4543	-4779.16	-0.359816	-0.594719	-0.718917	26.554861463	Atom	
-682.96	26.2641	-4786.65	-0.356811	-0.598987	-0.716869	26.5304405357	Atom	
-692.411	10.3989	-4805.63	-0.433107	-0.565464	-0.701904	26.4682511402	Atom	
-697.89	3.24591	-4814.51	-0.570399	-0.561181	-0.599767	26.438495075	Atom	
-708.962	-7.64786	-4826.16	-0.58145	-0.564696	-0.585691	26.3927906515	Atom	
-720.431	-18.7858	-4837.71	-0.619422	-0.516753	-0.591001	26.3462889718	Atom	
-753.561	-46.4251	-4869.32	-0.574417	-0.5608	-0.59628	26.2200096986	Atom	
-771.63	-64.0655	-4888.08	-0.564155	-0.534193	-0.629577	26.1454608615	Atom	
-783.821	-75.6088	-4901.68	-0.585832	-0.547916	-0.59715	26.0941327284	Atom	
-798.1	-88.9642	-4916.24	-0.561496	-0.556962	-0.611977	26.0361442506	Atom	
-802.764	-93.5897	-4921.32	-0.554481	-0.557314	-0.618023	26.0163519712	Atom	
-820.968	-111.887	-4941.61	-0.421545	-0.797185	-0.432198	25.9380617419	Atom	
-821.817	-113.493	-4942.48	-0.38361	-0.804999	-0.45257	25.9332439646	Atom	
-824.788	-119.728	-4945.98	-0.387358	-0.81028	-0.439773	25.9147290445	Atom	
-828.187	-126.837	-4949.84	-0.483349	-0.608677	-0.629194	25.8937419105	Atom	
-842.783	-145.218	-4968.84	-0.490563	-0.606534	-0.625671	25.8214594999	Atom	
-864.031	-171.489	-4995.94	-0.478376	-0.60708	-0.634516	25.7175543933	Atom	
-867.089	-175.37	-5000	-0.478376	-0.60708	-0.634516	25.7021666892	Region	
"-----------------------------------------------------------------"
"Trajectory"	48

"NbCollisions"	72
"Zmax"	0
"Display"	256

"Collisions"

"X"	"Y"	"Z"	"Rx"	"Ry"	"Rz"	"Energy"	"CollisionType"	
0.0851049	0.245296	-5000	-1.05495e-006	1.31899e-006	1	30	Region	
0.0851026	0.245299	-4997.85	-0.638667	-0.616148	0.46094	29.9954189995	Atom	
-2.80377	-2.54172	-4995.76	-0.643945	-0.648764	0.405512	29.9857873333	Atom	
-20.2395	-20.1079	-4984.78	-0.419102	-0.858808	0.294621	29.928117579	Atom	
-20.8116	-21.2803	-4984.38	-0.415138	-0.859204	0.299046	29.9252054735	Atom	
-24.5394	-28.9956	-4981.7	-0.467253	-0.85072	0.240728	29.9060488545	Atom	
-29.5497	-38.1178	-4979.11	-0.446077	-0.86094	0.244537	29.8831615955	Atom	
-35.0579	-48.7488	-4976.1	-0.503799	-0.832604	0.230126	29.8567894204	Atom	
-50.0702	-73.5588	-4969.24	-0.473999	-0.856148	0.205756	29.7931037701	Atom	
-50.8825	-75.0261	-4968.89	-0.457608	-0.861056	0.221762	29.7894348018	Atom	
-63.7559	-99.2493	-4962.65	-0.408702	-0.875224	0.258737	29.7292016662	Atom	
-65.9021	-103.845	-4961.29	-0.39903	-0.881809	0.251371	29.7179399158	Atom	
-75.3436	-124.71	-4955.34	-0.38794	-0.883769	0.26164	29.6671823772	Atom	
-85.3368	-147.475	-4948.6	-0.388901	-0.889392	0.240289	29.6118469931	Atom	
-93.1094	-165.251	-4943.8	-0.388832	-0.889379	0.240446	29.5688505124	Atom	
-120.349	-227.556	-4926.95	-0.405076	-0.884226	0.232502	29.4179650094	Atom	
-141.799	-274.379	-4914.64	-0.402044	-0.880136	0.252431	29.303445393	Atom	
-165.849	-327.029	-4899.54	-0.436615	-0.861328	0.259772	29.1736732688	Atom	
-179.066	-353.102	-4891.68	-0.440032	-0.867655	0.231402	29.1077711048	Atom	
-181.31	-357.527	-4890.5	-0.441632	-0.864115	0.241383	29.0966470096	Atom	
-184.282	-363.342	-4888.87	-0.467332	-0.864661	0.184287	29.0819674029	Atom	
-196.198	-385.389	-4884.17	-0.490221	-0.86956	0.0595745	29.0263166599	Atom	
-202.188	-396.014	-4883.45	-0.599867	-0.79993	-0.0164918	28.9996083865	Atom	
-203.278	-397.468	-4883.48	-0.584767	-0.810623	-0.0306309	28.9956319421	Atom	
-204.776	-399.543	-4883.56	-0.590971	-0.806421	-0.020927	28.9900298501	Atom	
-216.654	-415.752	-4883.98	-0.581224	-0.811096	-0.0655946	28.9460506117	Atom	
-220.408	-420.99	-4884.4	-0.583737	-0.808762	-0.071802	28.9319030442	Atom	
-230.123	-434.451	-4885.59	-0.586649	-0.808055	-0.0537569	28.8954262567	Atom	
-272.448	-492.749	-4889.47	-0.58424	-0.81083	-0.0349032	28.7371559011	Atom	
-280.725	-504.237	-4889.97	-0.580888	-0.812424	-0.050363	28.7059392242	Atom	
-286.443	-512.233	-4890.46	-0.550296	-0.824585	-0.131276	28.684231931	Atom	
-306.587	-542.419	-4895.27	-0.684674	-0.718624	-0.121659	28.6034549726	Atom	
-324.884	-561.623	-4898.52	-0.660681	-0.738664	-0.133698	28.5443536549	Atom	
-330.588	-568.001	-4899.67	-0.677442	-0.721598	-0.142717	28.5252263858	Atom	
-387.718	-628.854	-4911.71	-0.798896	-0.508708	-0.320906	28.3383129107	Atom	
-407.724	-641.593	-4919.75	-0.811611	-0.49387	-0.312057	28.2825168565	Atom	
-409.159	-642.466	-4920.3	-0.787649	-0.494308	-0.367788	28.2785725326	Atom	
-412.553	-644.596	-4921.88	-0.797822	-0.482533	-0.361444	28.2689553773	Atom	
-436.92	-659.334	-4932.92	-0.274359	-0.912937	-0.302115	28.200773651	Atom	
-438.831	-665.694	-4935.03	-0.310205	-0.895809	-0.318275	28.1851905526	Atom	
-444.168	-681.106	-4940.5	-0.271784	-0.903133	-0.332392	28.14669287	Atom	
-444.824	-683.285	-4941.3	-0.288915	-0.892072	-0.347469	28.1412867111	Atom	
-456.488	-719.301	-4955.33	-0.271136	-0.839437	-0.470989	28.0508328986	Atom	
-458.502	-725.535	-4958.83	-0.15902	-0.897982	-0.410294	28.0341515439	Atom	
-466.293	-769.53	-4978.93	-0.174467	-0.913974	-0.366352	27.9240503729	Atom	
-466.314	-769.643	-4978.98	-0.216463	-0.890197	-0.400865	27.9237717062	Atom	
-468.936	-780.423	-4983.83	-0.226807	-0.898333	-0.37624	27.8964716315	Atom	
-471.933	-792.295	-4988.8	-0.222695	-0.893742	-0.389401	27.8666557959	Atom	
-478.336	-817.992	-5000	-0.222695	-0.893742	-0.389401	27.8017319879	Region	
"-----------------------------------------------------------------"
"Trajectory"	52

"NbCollisions"	170
"Zmax"	0
"Display"	256

"Collisions"

"X"	"Y"	"Z"	"Rx"	"Ry"	"Rz"	"Energy"	"CollisionType"	
-0.0569058	0.108582	-5000	-1.38544e-006	3.58e-006	1	30	Region	
-0.0569608	0.108724	-4960.29	0.0577289	0.0169831	0.998188	29.9154621937	Atom	
0.298637	0.213336	-4954.15	0.151744	0.0337468	0.987844	29.9023178181	Atom	
3.29642	0.880022	-4934.63	0.142399	0.0447081	0.988799	29.8601467389	Atom	
7.49532	2.19832	-4905.47	0.0955535	0.10851	0.989492	29.7971316389	Atom	
10.1243	5.1838	-4878.25	0.477374	0.315852	0.819971	29.7382346153	Atom	
48.1782	30.3619	-4812.89	0.573163	0.341613	0.744839	29.5673219548	Atom	
55.9024	34.9656	-4802.85	0.562104	0.431735	0.705438	29.5382944921	Atom	
64.2821	41.4019	-4792.33	0.504578	0.447958	0.738061	29.5061587886	Atom	
94.5666	68.2881	-4748.03	0.517601	0.487356	0.703259	29.3766671649	Atom	
109.593	82.4361	-4727.62	0.444493	0.526651	0.724614	29.3138143129	Atom	
111.67	84.8974	-4724.23	0.473854	0.48238	0.736731	29.3036785662	Atom	
134.434	108.071	-4688.84	0.477552	0.492278	0.727741	29.1994612846	Atom	
139.317	113.105	-4681.4	0.478104	0.581552	0.65819	29.1772161471	Atom	
140.703	114.79	-4679.49	0.484821	0.579072	0.655457	29.1709071945	Atom	
170.522	150.406	-4639.17	0.523261	0.568535	0.634796	29.0369932302	Atom	
184.545	165.643	-4622.16	0.506963	0.570961	0.64575	28.9784297471	Atom	
191.965	174	-4612.71	0.648463	0.567477	0.50741	28.9463939171	Atom	
231.361	208.475	-4581.88	0.63388	0.560399	0.533056	28.8133041725	Atom	
234.863	211.571	-4578.94	0.540744	0.388274	0.746217	28.8011551867	Atom	
252.699	224.378	-4554.33	0.531486	0.39205	0.750879	28.7286053895	Atom	
273.146	239.461	-4525.44	0.488348	0.361203	0.794386	28.643819126	Atom	
278.509	243.428	-4516.72	0.475121	0.358558	0.803552	28.619557829	Atom	
288.873	251.249	-4499.19	0.480393	0.356361	0.801392	28.5713353138	Atom	
302.182	261.122	-4476.98	0.444628	0.438783	0.780881	28.510009526	Atom	
311.249	270.069	-4461.06	0.362484	0.385079	0.848716	28.4647955034	Atom	
312.125	271	-4459.01	0.383155	0.380747	0.84156	28.459425771	Atom	
320.131	278.956	-4441.43	0.373087	0.427372	0.823504	28.4130319335	Atom	
323.215	282.489	-4434.62	0.403356	0.402808	0.821614	28.3946514646	Atom	
336.574	295.83	-4407.41	0.37699	0.316231	0.870561	28.3209745395	Atom	
337.793	296.852	-4404.59	0.407047	0.320768	0.855232	28.3137679904	Atom	
340.16	298.717	-4399.62	0.262581	0.396689	0.879596	28.3008002933	Atom	
346.477	308.261	-4378.46	0.230994	0.398258	0.887712	28.2471412037	Atom	
346.805	308.826	-4377.2	0.180845	0.401594	0.897785	28.2439732281	Atom	
348.751	313.148	-4367.53	0.218817	0.377924	0.899607	28.2199292669	Atom	
352.388	319.429	-4352.58	0.241123	0.374308	0.895407	28.1827760086	Atom	
356.63	326.015	-4336.83	0.35198	0.3895	0.851117	28.1434033553	Atom	
357.711	327.21	-4334.22	0.228053	0.424911	0.876038	28.136526782	Atom	
367.01	344.537	-4298.49	0.238371	0.47601	0.846519	28.0451505039	Atom	
367.31	345.136	-4297.43	0.73393	0.66049	0.158426	28.0423274036	Atom	
407.584	381.38	-4288.74	0.714415	0.673518	0.189696	27.9190370268	Atom	
417.065	390.317	-4286.22	0.709884	0.674179	0.203832	27.8891166533	Atom	
440.275	412.36	-4279.55	0.834929	0.529674	0.149463	27.8153354259	Atom	
459.465	424.535	-4276.12	0.802655	0.579766	0.140056	27.7633591903	Atom	
477.413	437.498	-4272.99	0.756247	0.625606	0.19159	27.7127194225	Atom	
478.411	438.324	-4272.74	0.728157	0.594982	0.340271	27.7097275623	Atom	
479.097	438.884	-4272.41	0.730162	0.586164	0.351106	27.707589452	Atom	
491.738	449.032	-4266.34	0.789695	0.463661	0.401747	27.6683186025	Atom	
498.266	452.865	-4263.01	0.780846	0.454374	0.428746	27.6495472287	Atom	
508.26	458.681	-4257.53	0.788463	0.512496	0.34011	27.6204662116	Atom	
510.674	460.25	-4256.49	0.801881	0.49223	0.338668	27.6135027341	Atom	
525.479	469.338	-4250.23	0.816344	0.466655	0.340317	27.5715098891	Atom	
542.931	479.314	-4242.96	0.713355	0.566581	0.412445	27.5228253395	Atom	
552.343	486.79	-4237.52	0.723869	0.56238	0.399679	27.4927367098	Atom	
582.57	510.273	-4220.83	0.742071	0.557791	0.371752	27.397429017	Atom	
584.416	511.661	-4219.9	0.700185	0.628199	0.339274	27.3917347894	Atom	
607.804	532.644	-4208.57	0.666894	0.685568	0.291973	27.315274307	Atom	
609.158	534.036	-4207.98	0.64212	0.683265	0.347607	27.3106154568	Atom	
612.209	537.283	-4206.32	0.639903	0.684046	0.35015	27.2997125382	Atom	
627.541	553.673	-4197.93	0.625839	0.697622	0.348783	27.2447177719	Atom	
641.536	569.272	-4190.14	0.631593	0.582819	-0.511285	27.1933107187	Atom	
647.654	574.918	-4195.09	0.598952	0.610375	-0.518362	27.1710072944	Atom	
649.077	576.369	-4196.32	0.446353	0.613485	-0.651464	27.1655327639	Atom	
649.251	576.607	-4196.57	0.461268	0.576653	-0.674317	27.1646361938	Atom	
663.135	593.964	-4216.87	0.422235	0.579894	-0.696736	27.0952778157	Atom	
675.547	611.01	-4237.35	0.431036	0.580488	-0.690827	27.0274046372	Atom	
676.954	612.906	-4239.61	0.442643	0.579508	-0.684279	27.0198500398	Atom	
685.942	624.672	-4253.5	0.451589	0.569799	-0.686583	26.9728636952	Atom	
687.571	626.728	-4255.98	0.634786	0.477096	-0.607804	26.9645032955	Atom	
689.454	628.143	-4257.78	0.682634	0.414817	-0.601612	26.9576267969	Atom	
692.36	629.909	-4260.34	0.704301	0.286634	-0.649462	26.9477581528	Atom	
715.529	639.339	-4281.71	0.813566	0.143146	-0.563577	26.8714687971	Atom	
721.527	640.394	-4285.86	0.648165	0.200889	-0.734524	26.8543342659	Atom	
743.066	647.07	-4310.27	0.535555	0.255464	-0.804934	26.7770569483	Atom	
743.536	647.294	-4310.98	0.420681	0.182224	-0.888719	26.7750129125	Atom	
766.814	657.377	-4360.15	0.389601	0.212363	-0.896166	26.6460375308	Atom	
778.178	663.571	-4386.29	0.389983	0.245983	-0.887359	26.577786956	Atom	
779.165	664.194	-4388.54	0.371381	0.24111	-0.896628	26.5718500528	Atom	
780.016	664.746	-4390.59	0.371287	0.204185	-0.905789	26.5664773747	Atom	
803.661	677.75	-4448.28	0.449479	0.15461	-0.879809	26.4171124095	Atom	
803.776	677.789	-4448.5	0.431906	0.176348	-0.88451	26.416508125	Atom	
811.933	681.12	-4465.21	0.45474	0.162784	-0.875621	26.3720143567	Atom	
818.805	683.579	-4478.44	0.461716	-0.0590487	-0.88506	26.3363672238	Atom	
822.402	683.119	-4485.34	0.462735	-0.17913	-0.86821	26.317964473	Atom	
825.087	682.08	-4490.37	0.488118	-0.161618	-0.857683	26.3042550227	Atom	
833.956	679.143	-4505.96	0.43059	-0.272946	-0.860286	26.2613006913	Atom	
841.04	674.653	-4520.11	0.391142	-0.367979	-0.843564	26.2223589622	Atom	
841.472	674.247	-4521.04	0.443002	-0.387962	-0.808229	26.2197418854	Atom	
847.589	668.89	-4532.2	0.436648	-0.373289	-0.818532	26.1870184668	Atom	
853.256	664.045	-4542.82	0.44996	-0.371395	-0.812159	26.1562293053	Atom	
854.59	662.944	-4545.23	0.45552	-0.38028	-0.804915	26.1491887942	Atom	
872.687	647.836	-4577.21	0.466906	-0.394936	-0.791217	26.0548333281	Atom	
887.673	635.16	-4602.61	0.576303	-0.466242	-0.671188	25.9783824581	Atom	
897.191	627.46	-4613.69	0.597928	-0.455265	-0.659709	25.9389535024	Atom	
901.616	624.091	-4618.57	0.598863	-0.456414	-0.658065	25.9212654094	Atom	
902.118	623.708	-4619.12	0.627888	-0.459387	-0.628268	25.9192586837	Atom	
904.354	622.072	-4621.36	0.645342	-0.436356	-0.626999	25.9107407207	Atom	
904.485	621.984	-4621.49	0.602137	-0.400343	-0.690765	25.910255758	Atom	
909.27	618.802	-4626.98	0.610939	-0.414308	-0.674612	25.8912463791	Atom	
925.851	607.558	-4645.29	0.64743	-0.40499	-0.645614	25.8262774091	Atom	
929.308	605.395	-4648.73	0.650383	-0.40146	-0.644851	25.813469989	Atom	
935.738	601.426	-4655.11	0.671561	-0.423598	-0.607923	25.7897458068	Atom	
939.655	598.956	-4658.66	0.440195	-0.690971	-0.5734	25.7757425127	Atom	
942.84	593.956	-4662.8	0.464086	-0.677106	-0.571097	25.7583596725	Atom	
954.718	576.625	-4677.42	0.507595	-0.699576	-0.502932	25.6968378706	Atom	
960.508	568.645	-4683.16	0.505297	-0.734381	-0.453166	25.6693694285	Atom	
963.097	564.883	-4685.48	0.477465	-0.741843	-0.470846	25.6570210329	Atom	
963.501	564.256	-4685.88	0.476138	-0.739193	-0.476327	25.6549833103	Atom	
971.456	551.906	-4693.84	0.490348	-0.727855	-0.479361	25.6146975416	Atom	
977.589	542.802	-4699.83	0.481748	-0.707473	-0.517107	25.5844999746	Atom	
981.466	537.109	-4703.99	0.473475	-0.706989	-0.525346	25.5650545946	Atom	
994.544	517.581	-4718.5	0.477858	-0.689523	-0.544252	25.4982667978	Atom	
999.162	510.917	-4723.76	0.502058	-0.699464	-0.508614	25.4748512982	Atom	
1005.38	502.248	-4730.07	0.492933	-0.714444	-0.496576	25.4447984959	Atom	
1035.15	459.105	-4760.05	0.477476	-0.726934	-0.493542	25.2982387667	Atom	
1041.52	449.41	-4766.64	0.482649	-0.714628	-0.506317	25.265723377	Atom	
1050.87	435.563	-4776.45	0.470137	-0.739143	-0.482326	25.2184307524	Atom	
1053.48	431.458	-4779.13	0.463136	-0.751377	-0.47004	25.204857459	Atom	
1068.32	407.383	-4794.19	0.515127	-0.849719	-0.112351	25.1265056943	Atom	
1085.38	379.237	-4797.91	0.483465	-0.868788	-0.107093	25.0453102244	Atom	
1090.73	369.628	-4799.09	0.394756	-0.77149	-0.49897	25.0181271747	Atom	
1100.39	350.751	-4811.3	0.315498	-0.836403	-0.448209	24.9579441624	Atom	
1101.8	347.012	-4813.31	0.301238	-0.84565	-0.440604	24.9469275056	Atom	
1118.92	298.952	-4838.35	0.293136	-0.825682	-0.481996	24.806820575	Atom	
1124.98	281.89	-4848.31	0.299185	-0.827554	-0.475019	24.7556494074	Atom	
1133.79	257.528	-4862.29	0.186127	-0.846429	-0.498913	24.6826320685	Atom	
1137.7	239.735	-4872.78	0.157967	-0.836759	-0.52429	24.6303723596	Atom	
1139.53	230.036	-4878.85	0.107202	-0.803403	-0.585706	24.6015065727	Atom	
1141.82	212.894	-4891.35	0.0796293	-0.819511	-0.567504	24.5483203411	Atom	
1142.81	202.64	-4898.45	0.0963275	-0.774555	-0.625129	24.5170790129	Atom	
1143.81	194.624	-4904.92	0.0951825	-0.755165	-0.648588	24.4912142072	Atom	
1144.36	190.228	-4908.7	0.0384359	-0.687969	-0.724722	24.4766523376	Atom	
1144.57	186.552	-4912.57	0.0529646	-0.69646	-0.715638	24.4632789058	Atom	
1145.74	171.156	-4928.39	0.0727627	-0.70129	-0.709153	24.40793102	Atom	
1147.04	158.589	-4941.1	0.0946227	-0.7273	-0.679765	24.3629858202	Atom	
1148.13	150.249	-4948.89	0.0470877	-0.821271	-0.568592	24.3341806774	Atom	
1148.21	148.906	-4949.82	0.0809852	-0.846873	-0.525592	24.330070445	Atom	
1148.45	146.369	-4951.4	0.0930217	-0.81978	-0.565073	24.3225375674	Atom	
1148.94	142.001	-4954.41	0.078569	-0.775315	-0.626668	24.3091348527	Atom	
1150.51	126.535	-4966.91	0.0859918	-0.775673	-0.62525	24.2589411617	Atom	
1150.55	126.153	-4967.22	0.102589	-0.786787	-0.608639	24.2577014714	Atom	
1151.07	122.231	-4970.25	0.0723758	-0.75487	-0.651869	24.2451361031	Atom	
1151.15	121.321	-4971.04	0.054393	-0.760252	-0.647347	24.2420974642	Atom	
1153.02	95.1739	-4993.3	-0.15861	-0.752696	-0.638977	24.1553667209	Atom	
1151.36	87.2825	-5000	-0.15861	-0.752696	-0.638977	24.1288531383	Region	
"-----------------------------------------------------------------"
"Trajectory"	54

"NbCollisions"	196
"Zmax"	0
"Display"	256

"Collisions"

"X"	"Y"	"Z"	"Rx"	"Ry"	"Rz"	"Energy"	"CollisionType"	
0.112056	0.164155	-5000	-2.12223e-006	5.3661e-006	1	30	Region	
0.112031	0.164218	-4988.39	-0.0514086	0.054995	0.997162	29.9752746992	Atom	
-0.00634489	0.290852	-4986.09	-0.0697948	0.0507608	0.996269	29.9703689123	Atom	
-0.495978	0.646955	-4979.1	0.0464543	0.13362	0.989943	29.9554208231	Atom	
1.46393	6.28439	-4937.34	0.0546684	0.13931	0.988739	29.8654871908	Atom	
2.36159	8.57186	-4921.1	-0.0832633	0.363909	0.927705	29.8304018049	Atom	
2.0734	9.83142	-4917.89	-0.0954169	0.366244	0.925614	29.8229991754	Atom	
-1.02316	21.7171	-4887.85	-0.0945881	0.358514	0.92872	29.753576538	Atom	
-2.93134	28.9496	-4869.12	0.0246194	0.431677	0.901692	29.7103411649	Atom	
-2.39692	38.3202	-4849.54	0.0454063	0.382784	0.922721	29.6637645236	Atom	
-1.93146	42.2441	-4840.08	0.0538558	0.395824	0.916746	29.6417419413	Atom	
-1.83167	42.9775	-4838.38	-0.0370597	0.39653	0.917273	29.6377590933	Atom	
-2.12475	46.1134	-4831.13	-0.0503178	0.359031	0.931968	29.6207574479	Atom	
-3.65797	57.0534	-4802.73	-0.0513077	0.351781	0.934675	29.5552202286	Atom	
-3.88531	58.6121	-4798.59	-0.0172922	0.356078	0.934296	29.5456731494	Atom	
-3.94594	59.8605	-4795.32	0.00076198	0.390274	0.920698	29.5381170693	Atom	
-3.90957	78.4881	-4751.37	0.00580768	0.386	0.922481	29.4352300034	Atom	
-3.89415	79.5127	-4748.92	-0.147763	0.296959	0.943388	29.4294917334	Atom	
-5.56739	82.8754	-4738.24	-0.134435	0.297516	0.945204	29.4050099593	Atom	
-7.73761	87.6784	-4722.98	-0.0936376	0.285506	0.953792	29.3700852958	Atom	
-7.97633	88.4062	-4720.55	-0.0849183	0.289982	0.953257	29.3645647359	Atom	
-10.8956	98.3752	-4687.78	-0.0751617	0.299471	0.95114	29.2901097901	Atom	
-14.5877	113.086	-4641.06	-0.0701365	0.232002	0.970183	29.1835058675	Atom	
-17.1937	121.706	-4605.01	0.0854669	0.25563	0.96299	29.1026375018	Atom	
-16.957	122.414	-4602.34	0.107407	0.286262	0.952112	29.096596719	Atom	
-15.7558	125.615	-4591.69	0.127328	0.347319	0.929062	29.0721972739	Atom	
-15.7125	125.733	-4591.38	0.0569008	0.322115	0.944989	29.0714550025	Atom	
-15.0628	129.411	-4580.59	0.0759284	0.274555	0.958569	29.0465292062	Atom	
-14.8972	130.01	-4578.5	0.0838852	0.259742	0.962028	29.0417645608	Atom	
-14.2219	132.101	-4570.75	0.00768205	0.278674	0.960355	29.024172749	Atom	
-14.0661	137.75	-4551.29	-0.0117175	0.20767	0.978129	28.9798612891	Atom	
-14.1438	139.126	-4544.8	-0.0401873	0.235329	0.971084	28.9653553297	Atom	
-14.3576	140.378	-4539.64	-0.0881544	0.20085	0.975647	28.953707817	Atom	
-14.3637	140.392	-4539.57	-0.0709237	0.200716	0.977079	28.9535564081	Atom	
-15.4229	143.39	-4524.98	-0.0710335	0.186968	0.979795	28.92084677	Atom	
-15.8254	144.449	-4519.43	0.114262	0.143225	0.983072	28.9084227818	Atom	
-15.6222	144.704	-4517.68	0.0856975	0.150106	0.984949	28.9045228518	Atom	
-13.3584	148.669	-4491.66	0.0855522	0.165841	0.982435	28.846585337	Atom	
-10.3468	154.507	-4457.07	0.140103	0.269037	0.952885	28.7692558656	Atom	
-10.2178	154.755	-4456.2	0.0821244	0.290355	0.953388	28.7672296464	Atom	
-8.28751	161.579	-4433.79	-0.30214	0.375981	0.875985	28.7154819414	Atom	
-9.82272	163.49	-4429.34	-0.291444	0.424653	0.857164	28.7042794092	Atom	
-12.3673	167.198	-4421.85	-0.43447	0.86818	-0.239789	28.6850241713	Atom	
-42.896	228.201	-4438.7	-0.442773	0.867691	-0.225976	28.5299749554	Atom	
-45.5487	233.4	-4440.06	-0.445637	0.868048	-0.218862	28.5166978027	Atom	
-56.0498	253.855	-4445.21	-0.466655	0.860374	-0.204915	28.4644564594	Atom	
-56.5701	254.814	-4445.44	-0.448728	0.868636	-0.210036	28.4619809846	Atom	
-67.4177	275.813	-4450.52	-0.419813	0.888425	-0.185627	28.408305832	Atom	
-68.079	277.212	-4450.81	-0.433937	0.873426	-0.220965	28.4048032622	Atom	
-71.4782	284.054	-4452.54	-0.492969	0.864707	-0.0962472	28.3873826404	Atom	
-72.1869	285.297	-4452.68	-0.47089	0.877098	-0.0946679	28.3841835817	Atom	
-78.0375	296.195	-4453.86	-0.489294	0.865079	-0.110589	28.3565368584	Atom	
-90.5008	318.23	-4456.67	-0.494729	0.863161	-0.100976	28.2998126512	Atom	
-112.381	356.405	-4461.14	-0.407457	0.89238	-0.194	28.2011644702	Atom	
-117.259	367.088	-4463.46	-0.403214	0.893474	-0.197795	28.1743886067	Atom	
-123.542	381.011	-4466.54	-0.354423	0.902828	-0.243486	28.139508427	Atom	
-136.102	413.004	-4475.17	-0.396614	0.895571	-0.201621	28.0601093163	Atom	
-157.845	462.101	-4486.23	-0.38535	0.881128	-0.274078	27.9370002469	Atom	
-158.196	462.903	-4486.48	-0.388807	0.877711	-0.280094	27.9349474672	Atom	
-197.051	550.618	-4514.47	-0.390146	0.875674	-0.284572	27.7097285958	Atom	
-206.47	571.757	-4521.34	-0.409092	0.858119	-0.310283	27.6549734369	Atom	
-210.12	579.414	-4524.11	-0.65693	0.691387	0.300712	27.6347038018	Atom	
-215.466	585.04	-4521.66	-0.679841	0.682688	0.267867	27.6162061968	Atom	
-232.732	602.378	-4514.86	-0.671625	0.684159	0.284335	27.5584457781	Atom	
-253.505	623.54	-4506.06	-0.678066	0.680408	0.277979	27.4879826356	Atom	
-268.419	638.504	-4499.95	-0.686602	0.687772	0.235685	27.4377770169	Atom	
-280.606	650.712	-4495.76	-0.689395	0.711718	0.134881	27.3971990091	Atom	
-293.84	664.375	-4493.17	-0.61622	0.774176	0.144653	27.3532636785	Atom	
-293.892	664.44	-4493.16	-0.609899	0.778094	0.150311	27.3530707082	Atom	
-299.791	671.967	-4491.71	-0.597302	0.788521	0.146509	27.3309026716	Atom	
-300.136	672.421	-4491.62	-0.529364	0.843918	0.0870402	27.3295798889	Atom	
-322.264	707.698	-4487.99	-0.551289	0.830407	0.0806527	27.2337212226	Atom	
-330.145	719.569	-4486.83	-0.535508	0.838109	0.103947	27.2008445268	Atom	
-341.097	736.71	-4484.71	-0.500585	0.865626	0.0102782	27.1537672485	Atom	
-350.928	753.71	-4484.5	-0.416038	0.903802	0.100271	27.1085003012	Atom	
-374.024	803.885	-4478.94	-0.359012	0.915027	0.183945	26.9803642852	Atom	
-374.496	805.087	-4478.7	-0.414074	0.885315	0.211566	26.9773210491	Atom	
-376.189	808.707	-4477.83	-0.415312	0.87983	0.231115	26.9678471837	Atom	
-377.293	811.046	-4477.22	-0.288223	0.940059	0.182255	26.9616855884	Atom	
-378.363	814.536	-4476.54	-0.241265	0.966815	0.0840285	26.9530803894	Atom	
-382.319	830.389	-4475.16	-0.211851	0.976104	0.0483821	26.9150595147	Atom	
-385.094	843.174	-4474.53	-0.216176	0.975632	0.0375365	26.8846552671	Atom	
-387.073	852.103	-4474.19	-0.197669	0.976283	0.088305	26.8633932792	Atom	
-390.632	869.684	-4472.59	-0.223233	0.970489	0.0911989	26.8215280842	Atom	
-393.072	880.292	-4471.6	-0.213728	0.976496	-0.0278401	26.7960840419	Atom	
-398.395	904.609	-4472.29	-0.0910289	0.995347	0.0315968	26.7380756636	Atom	
-400.058	922.798	-4471.71	-0.0759207	0.996454	0.0362688	26.6954341806	Atom	
-402.059	949.057	-4470.76	-0.0571985	0.997542	0.0404695	26.6338637655	Atom	
-402.539	957.423	-4470.42	-0.060353	0.995267	0.0761695	26.6142337022	Atom	
-403.182	968.036	-4469.61	-0.102595	0.988125	0.114385	26.5892598735	Atom	
-403.799	973.974	-4468.92	0.0936438	0.977416	0.189443	26.5751746431	Atom	
-402.538	987.137	-4466.37	0.0907761	0.975466	0.200564	26.5435979129	Atom	
-400.986	1003.81	-4462.94	0.144843	0.97037	0.193396	26.5034799025	Atom	
-397.196	1029.2	-4457.88	0.161179	0.971918	0.171454	26.4419933122	Atom	
-397.19	1029.24	-4457.87	0.117326	0.948566	0.294035	26.4419029691	Atom	
-395.885	1039.78	-4454.6	0.131263	0.977603	0.164507	26.4157316702	Atom	
-392.763	1063.04	-4450.69	0.149203	0.972333	0.179744	26.3596966346	Atom	
-390.647	1076.83	-4448.14	0.321958	0.944884	0.0594669	26.3262198007	Atom	
-386.282	1089.64	-4447.34	0.30436	0.948589	-0.0868599	26.2941922762	Atom	
-383.292	1098.96	-4448.19	0.274028	0.960931	-0.0389995	26.2709615922	Atom	
-382.208	1102.76	-4448.34	0.379612	0.785885	-0.488138	26.2616006875	Atom	
-379.698	1107.95	-4451.57	0.277525	0.834055	-0.476794	26.2459487342	Atom	
-374.151	1124.62	-4461.1	0.272967	0.82944	-0.487358	26.1986185143	Atom	
-366.794	1146.98	-4474.24	0.235726	0.841417	-0.486262	26.1346975405	Atom	
-365.628	1151.14	-4476.64	0.235188	0.842489	-0.484664	26.1229529352	Atom	
-365.564	1151.37	-4476.77	0.289483	0.824421	-0.486343	26.1223027791	Atom	
-357.459	1174.45	-4490.39	0.26627	0.86952	-0.415976	26.0557476362	Atom	
-354.248	1184.94	-4495.41	0.261067	0.863115	-0.432292	26.0270260276	Atom	
-354.233	1184.99	-4495.43	0.247043	0.872361	-0.421849	26.0268944415	Atom	
-351.176	1195.78	-4500.65	0.254129	0.869968	-0.422581	25.9973946666	Atom	
-351.145	1195.89	-4500.7	0.298808	0.881553	-0.365483	25.997097328	Atom	
-347.385	1206.98	-4505.3	0.323331	0.861322	-0.391894	25.9670767873	Atom	
-339.224	1228.72	-4515.19	0.43227	0.887341	-0.160525	25.9067959612	Atom	
-335.283	1236.81	-4516.66	0.435063	0.881987	-0.181163	25.8849823632	Atom	
-331.574	1244.33	-4518.2	0.418441	0.887074	-0.194951	25.8645702863	Atom	
-324.241	1259.88	-4521.62	0.490343	0.858972	-0.147413	25.8225834936	Atom	
-322.464	1262.99	-4522.15	0.222915	0.958526	-0.177586	25.8138942492	Atom	
-319.439	1276	-4524.56	0.0760349	0.916315	-0.393173	25.7813234432	Atom	
-318.31	1289.6	-4530.4	-0.00605622	0.935544	-0.353159	25.7456801107	Atom	
-318.315	1290.33	-4530.67	0.00810125	0.932674	-0.36063	25.7438017272	Atom	
-318.294	1292.72	-4531.6	0.114793	0.90934	-0.399905	25.7376367102	Atom	
-314.51	1322.7	-4544.78	0.0527491	0.94932	-0.309854	25.6583454788	Atom	
-313.147	1347.23	-4552.79	0.108095	0.955801	-0.273421	25.5960535979	Atom	
-311.085	1365.46	-4558	0.10498	0.961144	-0.255307	25.5499782371	Atom	
-308.935	1385.15	-4563.23	0.12929	0.963209	-0.235612	25.5004258949	Atom	
-307.066	1399.06	-4566.64	0.155457	0.952133	-0.263203	25.4654165545	Atom	
-306.965	1399.69	-4566.81	0.138392	0.977527	-0.159025	25.4638295613	Atom	
-306.586	1402.36	-4567.24	0.102758	0.975286	-0.195595	25.457186914	Atom	
-304.371	1423.38	-4571.46	0.109442	0.974158	-0.197583	25.4049065455	Atom	
-303.953	1427.11	-4572.21	0.0836146	0.986045	-0.143956	25.3956150913	Atom	
-303.688	1430.23	-4572.67	0.192299	0.957981	-0.21282	25.3879058892	Atom	
-303.231	1432.51	-4573.18	0.261373	0.943071	-0.205675	25.3821291993	Atom	
-297.755	1452.27	-4577.49	0.238344	0.918491	-0.31554	25.3311831862	Atom	
-277.805	1529.14	-4603.9	0.25015	0.918176	-0.307211	25.1273207326	Atom	
-269.689	1558.94	-4613.86	0.231848	0.925114	-0.300685	25.0477897023	Atom	
-268.319	1564.4	-4615.64	0.0213355	0.844349	-0.535368	25.0332650425	Atom	
-267.067	1613.94	-4647.05	0.0358492	0.839994	-0.54141	24.8890307919	Atom	
-264.546	1673.02	-4685.13	0.0341451	0.849569	-0.52637	24.7153124475	Atom	
-263.566	1697.4	-4700.23	0.0226722	0.838258	-0.544802	24.6440533774	Atom	
-262.872	1723.06	-4716.91	0.121152	0.834316	-0.537809	24.5678578238	Atom	
-261.173	1734.76	-4724.45	0.269973	0.627941	-0.729935	24.5328686413	Atom	
-256.886	1744.73	-4736.04	0.33135	0.634033	-0.698719	24.4932007492	Atom	
-254.846	1748.63	-4740.35	0.315199	0.631831	-0.708124	24.477797081	Atom	
-240.282	1777.82	-4773.06	0.602873	0.571628	-0.556584	24.3621721212	Atom	
-236.136	1781.76	-4776.89	0.584394	0.55585	-0.591198	24.344894727	Atom	
-234.147	1783.65	-4778.9	0.621783	0.519394	-0.586187	24.336342703	Atom	
-211.392	1802.66	-4800.35	0.491255	0.609801	-0.621942	24.2443381539	Atom	
-198.375	1818.81	-4816.84	0.486125	0.617298	-0.618568	24.1775196956	Atom	
-194.764	1823.4	-4821.43	0.490238	0.613225	-0.619372	24.1587523652	Atom	
-189.119	1830.46	-4828.56	0.559591	-0.00995673	-0.828709	24.12963354	Atom	
-187.58	1830.43	-4830.84	0.487363	-0.0606942	-0.871088	24.1226748087	Atom	
-183.376	1829.91	-4838.36	0.495163	-0.0657985	-0.866305	24.1008338793	Atom	
-176.673	1829.02	-4850.08	0.531516	0.0632087	-0.844687	24.066540804	Atom	
-165.296	1830.37	-4868.16	0.563414	0.0825145	-0.822044	24.0122530342	Atom	
-154.104	1832.01	-4884.49	0.595071	-0.0620552	-0.801273	23.9617825541	Atom	
-151.368	1831.73	-4888.18	0.61219	-0.0453329	-0.78941	23.9500781901	Atom	
-134.106	1830.45	-4910.43	0.613855	-0.0549041	-0.787507	23.8782912774	Atom	
-133.022	1830.35	-4911.83	0.61038	-0.00878648	-0.79206	23.8737828484	Atom	
-132.037	1830.34	-4913.1	0.616285	-0.0622907	-0.785056	23.8696652533	Atom	
-121.718	1829.29	-4926.25	0.637027	-0.0802909	-0.766649	23.8269207564	Atom	
-111.819	1828.05	-4938.16	0.619156	-0.107933	-0.777815	23.7871975572	Atom	
-105.804	1827	-4945.72	0.611062	-0.139987	-0.779106	23.7623290111	Atom	
-97.4256	1825.08	-4956.4	0.639343	-0.143106	-0.755487	23.7272023465	Atom	
-89.1034	1823.21	-4966.24	0.625893	-0.146465	-0.766033	23.6938162564	Atom	
-86.4216	1822.59	-4969.52	0.605697	-0.153022	-0.780843	23.6828145561	Atom	
-85.0337	1822.24	-4971.31	0.609561	-0.133144	-0.781478	23.6769284795	Atom	
-83.9524	1822	-4972.69	0.604277	-0.129796	-0.786131	23.6723710222	Atom	
-79.2993	1821	-4978.75	0.615704	-0.13583	-0.776182	23.6525850492	Atom	
-70.8903	1819.15	-4989.35	0.6476	-0.133497	-0.750195	23.6174684416	Atom	
-67.3945	1818.42	-4993.4	0.62172	-0.228748	-0.749092	23.6035723104	Atom	
-62.5488	1816.64	-4999.24	0.579522	-0.205156	-0.788711	23.5834993389	Atom	
-61.9867	1816.44	-5000	0.579522	-0.205156	-0.788711	23.5809997876	Region	
"-----------------------------------------------------------------"
"Trajectory"	58

"NbCollisions"	275
"Zmax"	0
"Display"	256

"Collisions"

"X"	"Y"	"Z"	"Rx"	"Ry"	"Rz"	"Energy"	"CollisionType"	
0.139757	-0.254265	-5000	3.34402e-006	-4.05553e-006	1	30	Region	
0.13983	-0.254353	-4978.23	-0.00187277	-0.0215643	0.999766	29.9536516095	Atom	
0.116717	-0.520495	-4965.89	0.0312	-0.0376364	0.998804	29.92734238	Atom	
0.687425	-1.20894	-4947.62	0.0984362	-0.0660786	0.992947	29.888321605	Atom	
6.25094	-4.94363	-4891.5	0.0561515	-0.0559573	0.996853	29.7676284047	Atom	
7.14609	-5.83569	-4875.61	0.0259132	-0.0411485	0.998817	29.7334753553	Atom	
7.17769	-5.88587	-4874.39	-0.0195659	-0.0655883	0.997655	29.7308607127	Atom	
6.89951	-6.81836	-4860.21	-0.0173103	-0.0439426	0.998884	29.7003718583	Atom	
6.5772	-7.63657	-4841.61	0.00650586	-0.0144158	0.999875	29.6604090895	Atom	
6.61156	-7.71272	-4836.33	-0.00914709	0.0108394	0.999899	29.6490602498	Atom	
6.57537	-7.66983	-4832.37	0.123736	-0.294984	0.947457	29.6405571181	Atom	
7.59051	-10.0899	-4824.6	0.167454	-0.262016	0.950425	29.6229209868	Atom	
10.1307	-14.0646	-4810.18	0.162036	-0.272016	0.948552	29.5902958458	Atom	
13.4195	-19.5856	-4790.93	0.159482	-0.224994	0.96122	29.5466047813	Atom	
14.8992	-21.6731	-4782.01	0.167976	-0.196443	0.96602	29.5266099883	Atom	
15.7745	-22.6968	-4776.98	0.233179	-0.11068	0.966115	29.515372926	Atom	
16.1854	-22.8918	-4775.27	0.335719	-0.0528698	0.940477	29.5115722795	Atom	
35.9715	-26.0078	-4719.85	0.357503	-0.0233672	0.93362	29.3844357632	Atom	
49.8048	-26.912	-4683.72	0.325227	-0.00948039	0.945588	29.3006773984	Atom	
56.6055	-27.1102	-4663.95	0.38976	-0.0402795	0.920035	29.2553110946	Atom	
56.694	-27.1193	-4663.74	0.453867	-0.0379915	0.890259	29.2548178961	Atom	
75.2959	-28.6764	-4627.25	0.578652	0.781496	-0.233291	29.1657868206	Atom	
78.556	-24.2735	-4628.56	0.570795	0.786062	-0.237275	29.1535186862	Atom	
84.1114	-16.623	-4630.87	0.545934	0.788949	-0.281984	29.1323180978	Atom	
124.339	41.5116	-4651.65	0.551977	0.791627	-0.262008	28.9717162186	Atom	
139.215	62.8464	-4658.71	0.576543	0.77511	-0.258464	28.9127169897	Atom	
159.606	90.2601	-4667.85	0.557978	0.78872	-0.258036	28.8351655738	Atom	
160.605	91.6716	-4668.32	0.549777	0.797741	-0.247701	28.8312332127	Atom	
163.624	96.0525	-4669.68	0.636769	0.73632	-0.228821	28.8191644122	Atom	
166.132	98.9524	-4670.58	0.665092	0.709799	-0.232031	28.8105062635	Atom	
175.069	108.491	-4673.7	0.60347	0.756543	-0.251926	28.7809574143	Atom	
182.391	117.669	-4676.75	0.627152	0.763215	-0.155508	28.754257101	Atom	
187.901	124.375	-4678.12	0.679999	0.716278	-0.156677	28.7349064706	Atom	
189.887	126.467	-4678.58	0.677345	0.718712	-0.157025	28.7284720989	Atom	
208.116	145.809	-4682.8	0.676602	0.713387	-0.182454	28.6691597854	Atom	
208.94	146.679	-4683.02	0.719215	0.675005	-0.164616	28.6664684294	Atom	
240.264	176.076	-4690.19	0.736339	0.660523	-0.146678	28.5703183299	Atom	
247.464	182.535	-4691.63	0.748659	0.648991	-0.135353	28.548672559	Atom	
267.9	200.251	-4695.32	0.770776	0.630863	-0.0889759	28.4882101837	Atom	
273.34	204.703	-4695.95	0.761613	0.644505	-0.0675214	28.4725508458	Atom	
274.953	206.068	-4696.09	0.849419	0.519846	-0.0908094	28.4678500534	Atom	
286.791	213.313	-4697.36	0.875991	0.461103	-0.141509	28.4369107766	Atom	
305.731	223.282	-4700.42	0.916692	0.396361	-0.0507389	28.3888712376	Atom	
311.072	225.592	-4700.71	0.913928	0.404797	-0.0295817	28.3759079647	Atom	
328.97	233.52	-4701.29	0.905769	0.423171	-0.0225544	28.3323187506	Atom	
331.929	234.902	-4701.37	0.906776	0.418699	-0.0494839	28.3250391371	Atom	
336.994	237.24	-4701.64	0.911564	0.408571	-0.0460487	28.3125905546	Atom	
346.149	241.344	-4702.11	0.926218	0.371644	-0.0632551	28.290197371	Atom	
405.142	265.014	-4706.14	0.915451	0.39633	-0.069802	28.1480955414	Atom	
458.523	288.125	-4710.21	0.910303	0.407334	-0.0736749	28.0174748418	Atom	
458.559	288.141	-4710.21	0.917689	0.397011	-0.0151571	28.0173857537	Atom	
469.455	292.855	-4710.39	0.925218	0.377532	-0.0379603	27.9906908147	Atom	
496.88	304.046	-4711.51	0.92864	0.368911	-0.0391547	27.9239948449	Atom	
512.639	310.306	-4712.18	0.929855	0.366086	-0.0367538	27.885739809	Atom	
520.359	313.346	-4712.48	0.939005	0.341981	-0.0363129	27.8670024907	Atom	
524.802	314.964	-4712.66	0.934189	0.356594	-0.0114509	27.856318644	Atom	
575.552	334.336	-4713.28	0.936783	0.34489	-0.0590625	27.7336141861	Atom	
593.482	340.937	-4714.41	0.908691	0.414441	-0.0501873	27.6902326084	Atom	
615.713	351.076	-4715.64	0.889066	0.443959	-0.11163	27.6347101573	Atom	
636.248	361.33	-4718.21	0.886898	0.425468	-0.179969	27.5822076583	Atom	
636.702	361.548	-4718.31	0.857402	0.505662	-0.095746	27.5810421914	Atom	
638.981	362.892	-4718.56	0.911167	0.380624	-0.157797	27.5749921741	Atom	
663.395	373.091	-4722.79	0.917126	0.381044	-0.116985	27.5139801054	Atom	
685.434	382.247	-4725.6	0.922707	0.362879	-0.130117	27.4591674434	Atom	
699.422	387.749	-4727.57	0.902715	0.407216	-0.138852	27.4245320359	Atom	
742.65	407.249	-4734.22	0.898706	0.410826	-0.153459	27.3150202265	Atom	
743.364	407.575	-4734.34	0.915255	0.396426	-0.071799	27.3131973378	Atom	
765.583	417.199	-4736.09	0.916184	0.392774	-0.0795971	27.2574973463	Atom	
770.731	419.406	-4736.53	0.904156	0.400973	-0.147385	27.2445850522	Atom	
797.439	431.25	-4740.89	0.893859	0.425766	-0.140496	27.1766788092	Atom	
831.158	447.312	-4746.19	0.898677	0.412133	-0.150089	27.0897828869	Atom	
849.472	455.71	-4749.25	0.983595	0.0126113	0.179952	27.0427213948	Atom	
911.226	456.502	-4737.95	0.986606	-0.0146069	0.162465	26.8975294071	Atom	
934.256	456.161	-4734.16	0.976995	0.0110807	0.212972	26.8433179223	Atom	
943.686	456.268	-4732.1	0.978393	0.0402814	0.202794	26.8208656009	Atom	
947.385	456.42	-4731.33	0.952937	-0.240672	0.184356	26.8120654906	Atom	
974.829	449.489	-4726.02	0.943217	-0.214731	0.253442	26.7450112323	Atom	
993.457	445.248	-4721.02	0.946422	-0.205116	0.249425	26.6989367199	Atom	
1027.87	437.791	-4711.95	0.946049	-0.166519	0.277963	26.6139986108	Atom	
1028.95	437.601	-4711.63	0.960981	-0.12799	0.245223	26.611326186	Atom	
1084.2	430.241	-4697.53	0.964595	-0.0875588	0.248777	26.4766487362	Atom	
1089.13	429.794	-4696.26	0.953023	-0.0987215	0.286359	26.4646228993	Atom	
1093.46	429.346	-4694.96	0.964418	-0.140814	0.223764	26.4539549016	Atom	
1107.22	427.336	-4691.77	0.978218	-0.0840032	0.189822	26.4203696288	Atom	
1144.57	424.129	-4684.52	0.976756	-0.068829	0.203004	26.3304262479	Atom	
1146.07	424.023	-4684.21	0.978499	-0.198592	0.0556794	26.3267858619	Atom	
1146.84	423.868	-4684.16	0.965197	-0.247068	0.085742	26.324946142	Atom	
1162.55	419.847	-4682.77	0.965468	-0.239006	0.103673	26.2864900672	Atom	
1181.11	415.252	-4680.78	0.958888	-0.242988	0.146599	26.2410230711	Atom	
1233.24	402.041	-4672.81	0.962816	-0.238598	0.126716	26.1122474431	Atom	
1251.06	397.626	-4670.46	0.95238	-0.271529	0.138727	26.068258941	Atom	
1256.53	396.066	-4669.66	0.988466	-0.143644	0.04798	26.0545763293	Atom	
1261.04	395.41	-4669.44	0.979774	-0.199698	-0.0128023	26.0437050214	Atom	
1279.52	391.645	-4669.69	0.966494	-0.250103	0.0577702	25.9987756707	Atom	
1286.99	389.711	-4669.24	0.971305	-0.234867	0.037473	25.9803291599	Atom	
1302.37	385.991	-4668.65	0.928715	-0.362788	0.0766432	25.9425173578	Atom	
1305.48	384.778	-4668.39	0.946962	-0.307793	0.0923401	25.9345241272	Atom	
1314.51	381.843	-4667.51	0.954278	-0.282343	0.0981602	25.9117295694	Atom	
1318.53	380.652	-4667.1	0.951585	-0.280258	0.126259	25.9016409601	Atom	
1344.45	373.018	-4663.66	0.954123	-0.271917	0.125342	25.8364553192	Atom	
1358.37	369.052	-4661.83	0.995714	0.0348576	-0.0856706	25.8014860267	Atom	
1394.21	370.307	-4664.91	0.996145	0.0365117	-0.0797636	25.7150753762	Atom	
1400.17	370.526	-4665.39	0.999184	0.0138774	-0.0379188	25.7006802459	Atom	
1402.59	370.559	-4665.48	0.992612	0.12096	-0.00953937	25.6948382804	Atom	
1407.65	371.175	-4665.53	0.992462	0.118526	-0.0311669	25.6825717231	Atom	
1425.08	373.257	-4666.08	0.993612	0.0992003	-0.053793	25.6402587728	Atom	
1430.82	373.83	-4666.39	0.994414	0.0915945	-0.0524524	25.626327842	Atom	
1476.36	378.025	-4668.79	0.994419	0.104	-0.0177291	25.5158029933	Atom	
1480.73	378.482	-4668.87	0.998899	-0.0344802	-0.0318156	25.5051661128	Atom	
1482.82	378.409	-4668.93	0.999193	-0.0372867	-0.0149665	25.5001015777	Atom	
1489.09	378.175	-4669.03	0.998691	-0.047284	0.0195157	25.4848807407	Atom	
1496.82	377.81	-4668.88	0.993105	-0.00233085	0.117208	25.466135855	Atom	
1570.64	377.636	-4660.16	0.92108	-0.0167561	-0.389013	25.2858349162	Atom	
1571.12	377.628	-4660.36	0.913694	-0.00318546	-0.40639	25.2845805376	Atom	
1606.25	377.505	-4675.99	0.856397	0.0770369	-0.510539	25.1907945161	Atom	
1612.75	378.09	-4679.87	0.861232	0.0397901	-0.506652	25.1722184201	Atom	
1613.34	378.118	-4680.22	0.701539	0.548049	-0.455506	25.1705334433	Atom	
1615.62	379.896	-4681.69	0.708982	0.559963	-0.428702	25.1625882776	Atom	
1621.26	384.347	-4685.1	0.728069	0.45408	-0.513544	25.1431252979	Atom	
1622.78	385.298	-4686.18	0.825035	0.343123	-0.448982	25.1379960023	Atom	
1626.28	386.751	-4688.08	0.824537	0.359743	-0.436719	25.1276168056	Atom	
1626.42	386.816	-4688.16	0.823421	0.332453	-0.459839	25.1271761109	Atom	
1646.46	394.907	-4699.35	0.775124	-0.539514	-0.328797	25.067519591	Atom	
1649.16	393.031	-4700.49	0.749286	-0.574267	-0.32983	25.0589820561	Atom	
1654.9	388.633	-4703.02	0.775804	-0.56037	-0.290025	25.0401665393	Atom	
1673.01	375.548	-4709.79	0.787942	-0.54187	-0.292446	24.9827727684	Atom	
1678.92	371.484	-4711.98	0.775872	-0.559065	-0.292352	24.9643049718	Atom	
1686.2	366.238	-4714.73	0.779794	-0.567608	-0.264087	24.9411823398	Atom	
1747.53	321.596	-4735.5	0.802864	-0.573149	-0.164044	24.7472566439	Atom	
1757.67	314.361	-4737.57	0.828516	-0.557999	0.0468822	24.7159402508	Atom	
1759.25	313.299	-4737.48	0.824263	-0.56399	0.0500619	24.711210743	Atom	
1769.66	306.175	-4736.85	0.842897	-0.537991	0.00948191	24.6798380795	Atom	
1773.05	304.008	-4736.81	0.797739	-0.602894	-0.0114365	24.6698229305	Atom	
1773.77	303.467	-4736.82	0.831558	-0.548315	0.0886711	24.6675922921	Atom	
1775.34	302.43	-4736.65	0.825384	-0.556885	0.0928472	24.6628877661	Atom	
1786.9	294.632	-4735.35	0.830392	-0.548865	-0.0958993	24.6280501449	Atom	
1801.12	285.234	-4736.99	0.842547	-0.538515	-0.0107268	24.5854093946	Atom	
1812.88	277.713	-4737.14	0.874367	-0.482077	-0.0555368	24.5505809246	Atom	
1826.59	270.153	-4738.01	0.878286	-0.4755	-0.0501377	24.5114280436	Atom	
1828.24	269.26	-4738.11	0.894736	-0.437293	-0.090679	24.5067327515	Atom	
1830.7	268.062	-4738.36	0.898529	-0.433133	-0.0710097	24.4998818618	Atom	
1840.12	263.518	-4739.1	0.881462	-0.453363	-0.132238	24.4736484094	Atom	
1849.96	258.456	-4740.58	0.894128	-0.428077	-0.131473	24.4457008407	Atom	
1872.58	247.628	-4743.9	0.891146	-0.427446	-0.15215	24.3823342847	Atom	
1881.11	243.537	-4745.36	0.883453	-0.458207	-0.0977647	24.3583082382	Atom	
1885.99	241.006	-4745.9	0.888124	-0.453334	-0.0756585	24.3444306927	Atom	
1917.14	225.106	-4748.55	0.860262	-0.508295	-0.0398145	24.2562792294	Atom	
1919.89	223.484	-4748.68	0.831871	-0.545237	-0.103479	24.2482344453	Atom	
1973.73	188.189	-4755.38	0.818082	-0.266381	0.509688	24.0850291425	Atom	
1980.94	185.844	-4750.89	0.780046	-0.308731	0.544255	24.0627162104	Atom	
1989.29	182.537	-4745.06	0.714716	-0.424212	0.556081	24.0355432968	Atom	
2002.51	174.693	-4734.78	0.698095	-0.428882	0.573344	23.98860113	Atom	
2011.91	168.919	-4727.06	0.713938	-0.402214	0.573163	23.9543677425	Atom	
2038.61	153.875	-4705.62	0.70466	-0.409349	0.579558	23.8591480071	Atom	
2073.05	133.868	-4677.3	0.715775	-0.262543	0.647099	23.7343432657	Atom	
2076.28	132.683	-4674.38	0.71115	-0.218156	0.668337	23.7227709694	Atom	
2082.89	130.656	-4668.16	0.621761	-0.246328	0.743462	23.6989294347	Atom	
2102.96	122.704	-4644.16	0.63234	-0.173183	0.755086	23.6160536508	Atom	
2104.66	122.239	-4642.13	0.634227	-0.169855	0.754259	23.6091375643	Atom	
2106.08	121.859	-4640.45	0.609468	-0.0846894	0.788274	23.6033837451	Atom	
2106.39	121.816	-4640.05	0.540726	-0.0551458	0.839389	23.6020715919	Atom	
2106.73	121.781	-4639.51	0.505217	-0.0827049	0.85902	23.6004330265	Atom	
2112.77	120.793	-4629.25	0.514682	-0.0205268	0.857135	23.5696500243	Atom	
2118.83	120.551	-4619.15	0.521007	-0.0573429	0.851624	23.5392869361	Atom	
2124.67	119.908	-4609.6	0.521718	-0.0792169	0.849432	23.5103422113	Atom	
2133.51	118.566	-4595.22	0.531833	-0.0875736	0.842309	23.466582327	Atom	
2146.56	116.417	-4574.54	0.52998	-0.103998	0.841609	23.4030820882	Atom	
2150.82	115.581	-4567.78	0.601421	-0.205559	0.772035	23.3822506396	Atom	
2156.9	113.503	-4559.98	0.659394	-0.334804	0.673132	23.3560227316	Atom	
2180.51	101.518	-4535.88	0.629304	-0.353638	0.692038	23.2630552189	Atom	
2199.83	90.6593	-4514.63	0.615577	-0.314449	0.722625	23.1830671046	Atom	
2204.36	88.3448	-4509.31	0.635934	-0.31089	0.706353	23.1638401467	Atom	
2217.95	81.7021	-4494.22	0.639776	-0.31209	0.702344	23.107989781	Atom	
2226.86	77.356	-4484.44	0.779021	-0.299612	0.55078	23.0715198098	Atom	
2236.73	73.5589	-4477.46	0.811625	-0.35013	0.467626	23.0382880595	Atom	
2242.96	70.8702	-4473.87	0.812852	-0.339655	0.473188	23.0181292884	Atom	
2277.38	56.4892	-4453.83	0.818998	-0.343445	0.459661	22.9069055643	Atom	
2293.59	49.689	-4444.73	0.824375	-0.362213	0.43498	22.8546935969	Atom	
2335.17	31.4203	-4422.79	0.820277	-0.389055	0.419264	22.7214560047	Atom	
2361.48	18.9428	-4409.35	0.819507	-0.374309	0.433938	22.6363418626	Atom	
2364.27	17.6687	-4407.87	0.809892	-0.372419	0.453189	22.6272816156	Atom	
2386.02	7.66836	-4395.7	0.846663	-0.303153	0.437332	22.5557849505	Atom	
2401.93	1.97042	-4387.48	0.82233	-0.298198	0.484615	22.505615412	Atom	
2404.16	1.16178	-4386.17	0.81285	-0.317365	0.48842	22.4983644561	Atom	
2420.64	-5.27147	-4376.27	0.794842	-0.372861	0.478749	22.4441485381	Atom	
2464.95	-26.0592	-4349.57	0.657286	-0.556898	0.507779	22.294752295	Atom	
2470.79	-31.004	-4345.07	0.663204	-0.557742	0.499084	22.2708335069	Atom	
2478.24	-37.2691	-4339.46	0.598596	-0.527116	0.603185	22.240549156	Atom	
2485.77	-43.9008	-4331.87	0.593733	-0.525838	0.609078	22.2065934256	Atom	
2497.43	-54.2295	-4319.91	0.594026	-0.541523	0.594883	22.1535164773	Atom	
2501.86	-58.2668	-4315.47	0.60839	-0.53809	0.58337	22.1333323391	Atom	
2508.36	-64.0176	-4309.24	0.624822	-0.541762	0.56222	22.1043783566	Atom	
2520.83	-74.8269	-4298.02	0.916699	-0.281226	0.283856	22.0502680087	Atom	
2529	-77.3344	-4295.49	0.655474	-0.0425311	-0.754019	22.0260402229	Atom	
2553.12	-78.8994	-4323.23	0.723396	-0.00140015	-0.690432	21.9259733488	Atom	
2556.65	-78.9062	-4326.61	0.714098	-0.027955	-0.699487	21.9126404744	Atom	
2561.95	-79.1134	-4331.79	0.732156	-0.0254658	-0.680661	21.8924050279	Atom	
2579.31	-79.7175	-4347.94	0.738335	-0.025356	-0.673957	21.8275824873	Atom	
2585.13	-79.9171	-4353.24	0.712898	-0.0438888	-0.699893	21.806017682	Atom	
2586.51	-80.0024	-4354.6	0.764323	-0.00409753	-0.64482	21.8006909816	Atom	
2610.99	-80.1336	-4375.25	0.782223	0.123214	-0.610692	21.7128788005	Atom	
2625.52	-77.8452	-4386.6	0.820302	0.099944	-0.563131	21.6617960656	Atom	
2653.22	-74.4699	-4405.62	0.822438	0.0915176	-0.561444	21.5687408726	Atom	
2663.87	-73.2849	-4412.88	0.831159	0.0628587	-0.55247	21.5329438185	Atom	
2664.19	-73.2613	-4413.09	0.876259	-0.0296328	-0.480928	21.5319026012	Atom	
2664.86	-73.2841	-4413.46	0.881758	-0.0323685	-0.470589	21.5297749184	Atom	
2671.53	-73.529	-4417.02	0.869284	-0.052591	-0.491507	21.5088234422	Atom	
2678.15	-73.9295	-4420.77	0.854999	-0.0387138	-0.517182	21.48772557	Atom	
2680.01	-74.0138	-4421.89	0.860021	-0.04044	-0.508654	21.4816856336	Atom	
2686.21	-74.3053	-4425.56	0.821327	-0.0495873	-0.568299	21.4616954676	Atom	
2714.41	-76.0076	-4445.07	0.824906	-0.109664	-0.55453	21.3664123144	Atom	
2722.04	-77.0219	-4450.2	0.413857	-0.277853	-0.866903	21.3406486831	Atom	
2727.42	-80.6379	-4461.48	0.415716	-0.252422	-0.873764	21.3043672952	Atom	
2730.43	-82.4646	-4467.8	0.48101	-0.281888	-0.830161	21.2841649208	Atom	
2744.92	-90.9525	-4492.8	0.472406	-0.282925	-0.834737	21.2000443331	Atom	
2752.62	-95.569	-4506.42	0.531065	-0.155983	-0.83285	21.1543166413	Atom	
2757.39	-96.9685	-4513.89	0.462242	-0.106423	-0.880344	21.1291312692	Atom	
2758.84	-97.303	-4516.66	0.446962	-0.0842923	-0.890573	21.1203001408	Atom	
2759.75	-97.4743	-4518.47	0.682295	0.00650513	-0.731048	21.1145896043	Atom	
2759.99	-97.472	-4518.72	0.683572	0.00598484	-0.729858	21.1136151974	Atom	
2765.64	-97.4225	-4524.76	0.730795	-0.00645743	-0.682566	21.0903619137	Atom	
2778.5	-97.5362	-4536.77	0.856085	-0.105647	-0.505923	21.0408297325	Atom	
2833.09	-104.272	-4569.03	0.219596	0.406144	-0.887031	20.8610943683	Atom	
2833.38	-103.725	-4570.23	0.183965	0.416188	-0.890474	20.8572685882	Atom	
2834.79	-100.542	-4577.04	0.258804	0.451216	-0.854064	20.83556471	Atom	
2844.58	-83.4824	-4609.33	0.275881	0.472136	-0.837244	20.7281603054	Atom	
2845.97	-81.0918	-4613.57	0.291034	0.458043	-0.839938	20.7137179848	Atom	
2846.42	-80.3812	-4614.87	0.290814	0.433893	-0.852739	20.709291092	Atom	
2850.09	-74.9082	-4625.62	0.259681	0.43248	-0.863439	20.6732878655	Atom	
2852.02	-71.6966	-4632.04	0.346001	0.500629	-0.793507	20.6520627939	Atom	
2862.4	-56.6769	-4655.84	0.344242	0.504587	-0.791763	20.5662430332	Atom	
2884.49	-24.3057	-4706.64	0.357222	0.481865	-0.800124	20.3821327912	Atom	
2887.93	-19.6654	-4714.34	0.338444	0.455166	-0.823577	20.3543014541	Atom	
2900.56	-2.67385	-4745.09	0.344147	0.551955	-0.759545	20.2462978872	Atom	
2908.58	10.1895	-4762.79	0.420524	0.510073	-0.750323	20.1785911376	Atom	
2909.83	11.7072	-4765.02	0.410691	0.516702	-0.751233	20.1699239158	Atom	
2919.46	23.8182	-4782.63	0.354447	0.507431	-0.785418	20.1016263185	Atom	
2929.96	38.8604	-4805.91	0.329142	0.512061	-0.793384	20.0150192405	Atom	
2941.19	56.318	-4832.96	0.257699	0.50839	-0.821663	19.9150773435	Atom	
2944.21	62.2805	-4842.6	0.262919	0.508135	-0.820166	19.8805620956	Atom	
2950.5	74.432	-4862.21	0.305224	0.514945	-0.801043	19.8100889965	Atom	
2955.75	83.291	-4875.99	0.2741	0.58201	-0.765594	19.7592498126	Atom	
2961.85	96.2466	-4893.03	0.278535	0.61631	-0.7366	19.6933365191	Atom	
2963.27	99.4033	-4896.81	0.293193	0.625368	-0.723155	19.6781304281	Atom	
2967.76	108.976	-4907.88	0.269044	0.63322	-0.725705	19.6326598196	Atom	
2968.39	110.449	-4909.56	0.227194	0.651137	-0.724157	19.6257350712	Atom	
2978.1	138.276	-4940.51	0.320418	0.57183	-0.75521	19.4985198648	Atom	
2986.82	153.835	-4961.06	0.274778	0.587089	-0.761461	19.4171132707	Atom	
2987.37	155.026	-4962.61	0.259237	0.551162	-0.793106	19.4110228751	Atom	
2988.8	158.057	-4966.97	0.23579	0.542651	-0.806184	19.3945096837	Atom	
2998.46	180.292	-5000	0.23579	0.542651	-0.806184	19.2714063791	Region	
"-----------------------------------------------------------------"
"Trajectory"	59

"NbCollisions"	227
"Zmax"	0
"Display"	256

"Collisions"

"X"	"Y"	"Z"	"Rx"	"Ry"	"Rz"	"Energy"	"CollisionType"	
0.0287584	-0.0237126	-5000	2.34301e-006	3.09402e-006	1	30	Region	
0.0287797	-0.0236844	-4990.9	0.00356238	-0.0275609	0.999614	29.9806154204	Atom	
0.106001	-0.621116	-4969.23	0.0252064	-0.0358233	0.99904	29.9344395786	Atom	
0.107021	-0.622567	-4969.19	-0.0600215	-0.0864808	0.994444	29.9343532319	Atom	
-0.505105	-1.50454	-4959.04	-0.164993	-0.0720981	0.983656	29.9126017417	Atom	
-8.46716	-4.98377	-4911.58	-0.149389	-0.0675362	0.986469	29.8096183797	Atom	
-12.5132	-6.81293	-4884.86	-0.0666971	-0.0438008	0.996811	29.7516598115	Atom	
-13.3611	-7.36976	-4872.19	-0.0886233	-0.0508953	0.994764	29.7244128032	Atom	
-13.4338	-7.4115	-4871.37	-0.3323	-0.106729	0.937116	29.7226534971	Atom	
-17.4647	-8.70615	-4860	-0.318451	-0.112979	0.941183	29.6966347832	Atom	
-19.7253	-9.50817	-4853.32	-0.358925	-0.16219	0.919166	29.6813976361	Atom	
-25.794	-12.2505	-4837.78	-0.301798	-0.169128	0.93825	29.6450906658	Atom	
-33.6054	-16.628	-4813.5	-0.358489	-0.140572	0.92289	29.5894580046	Atom	
-47.3739	-22.0269	-4778.05	-0.379028	-0.131146	0.916045	29.5067812537	Atom	
-53.8549	-24.2694	-4762.39	-0.403067	-0.145797	0.903482	29.4698907884	Atom	
-66.1672	-28.723	-4734.79	-0.426183	-0.0776206	0.901301	29.4039222188	Atom	
-67.4693	-28.9601	-4732.04	-0.433295	-0.10806	0.894751	29.3973118738	Atom	
-69.9377	-29.5757	-4726.94	-0.461098	-0.139516	0.876312	29.384985024	Atom	
-75.2483	-31.1826	-4716.85	-0.473767	-0.172918	0.863507	29.3600546255	Atom	
-86.903	-35.4364	-4695.6	-0.431787	-0.149634	0.889477	29.3067695646	Atom	
-93.4383	-37.7011	-4682.14	-0.429002	-0.260814	0.864831	29.2739378727	Atom	
-103.989	-44.1158	-4660.87	-0.447053	-0.274522	0.851341	29.2205394352	Atom	
-105.279	-44.9075	-4658.41	-0.451892	-0.268401	0.850738	29.2142683978	Atom	
-120.472	-53.9315	-4629.81	-0.543395	-0.134007	0.828713	29.1411533392	Atom	
-167.75	-65.5908	-4557.71	-0.502387	-0.475951	0.721857	28.9515662648	Atom	
-172.67	-70.2514	-4550.64	-0.455137	-0.501929	0.735471	28.930117534	Atom	
-181.887	-80.4159	-4535.75	-0.48479	-0.436734	0.757788	28.8857339453	Atom	
-199.378	-96.1729	-4508.41	-0.484058	-0.419933	0.767688	28.8065630807	Atom	
-209.127	-104.631	-4492.94	-0.535852	-0.439269	0.721045	28.762269045	Atom	
-211.862	-106.873	-4489.26	-0.503578	-0.452107	0.736212	28.7510310515	Atom	
-214.507	-109.247	-4485.4	-0.501626	-0.465973	0.728862	28.7394628317	Atom	
-223.293	-117.41	-4472.63	-0.481868	-0.472772	0.73776	28.7008696381	Atom	
-249.51	-143.131	-4432.49	-0.373731	-0.473785	0.797404	28.5808718453	Atom	
-256.298	-151.736	-4418.01	-0.315764	-0.549701	0.773384	28.5406768424	Atom	
-270.75	-176.895	-4382.61	-0.289646	-0.598928	0.746586	28.4392778932	Atom	
-274.329	-184.296	-4373.39	-0.273937	-0.536395	0.798273	28.4118235502	Atom	
-275.639	-186.86	-4369.57	-0.254072	-0.551887	0.794272	28.4011937754	Atom	
-288.664	-215.155	-4328.85	-0.273469	-0.573478	0.772229	28.2871650867	Atom	
-292.402	-222.993	-4318.29	-0.285161	-0.571064	0.769785	28.256667048	Atom	
-311.18	-260.598	-4267.6	-0.234906	-0.495846	0.836036	28.109612151	Atom	
-312.686	-263.776	-4262.25	-0.112847	-0.492057	0.863218	28.0952381371	Atom	
-312.742	-264.019	-4261.82	0.0503862	-0.584654	0.809717	28.0941283225	Atom	
-311.129	-282.726	-4235.91	0.0313171	-0.580813	0.813434	28.0223468557	Atom	
-310.415	-295.973	-4217.36	-0.0182792	-0.585168	0.810706	27.9710726118	Atom	
-310.684	-304.586	-4205.43	-0.0729683	-0.611598	0.787797	27.9379372261	Atom	
-312.734	-321.764	-4183.3	0.313167	-0.563525	0.764438	27.8746419688	Atom	
-310.038	-326.616	-4176.72	0.294375	-0.538811	0.78932	27.8552061311	Atom	
-301.671	-341.93	-4154.28	0.311522	-0.585516	0.748415	27.7910063417	Atom	
-296.109	-352.384	-4140.92	0.305518	-0.586044	0.750474	27.7506043438	Atom	
-293.86	-356.697	-4135.4	0.250998	-0.689802	0.679097	27.7339307842	Atom	
-286.558	-376.766	-4115.64	0.0517666	-0.646152	0.761451	27.6679861093	Atom	
-284.052	-408.041	-4078.78	0.0477577	-0.65513	0.754005	27.5580707998	Atom	
-283.887	-410.309	-4076.17	0.0345545	-0.659388	0.751008	27.5501826658	Atom	
-283.62	-415.402	-4070.37	0.035794	-0.646433	0.76213	27.5325815105	Atom	
-283.103	-424.735	-4059.37	-0.00694179	-0.684276	0.72919	27.4996690508	Atom	
-283.198	-434.08	-4049.41	-0.00182287	-0.682415	0.730963	27.4685051281	Atom	
-283.251	-453.933	-4028.15	0.0102791	-0.694127	0.719779	27.4020549382	Atom	
-283.037	-468.417	-4013.13	0.020601	-0.702197	0.711684	27.3543049205	Atom	
-282.904	-472.925	-4008.56	-0.00147982	-0.717904	0.69614	27.3395914205	Atom	
-282.963	-501.605	-3980.75	-0.0102483	-0.750982	0.660243	27.2480059126	Atom	
-282.988	-503.432	-3979.14	0.00488766	-0.729169	0.684316	27.2424121915	Atom	
-282.958	-508.031	-3974.83	-0.00981563	-0.730934	0.682378	27.2279126373	Atom	
-283.398	-540.791	-3944.24	0.071258	-0.74107	0.667635	27.1248263604	Atom	
-282.701	-548.038	-3937.71	-0.07016	-0.847914	0.525471	27.102266212	Atom	
-283.429	-556.838	-3932.26	-0.0541424	-0.837974	0.543018	27.0783051816	Atom	
-283.712	-561.213	-3929.42	-0.0746109	-0.768864	0.635045	27.0662462538	Atom	
-285.418	-578.793	-3914.9	-0.138083	-0.73396	0.665008	27.0134050756	Atom	
-285.672	-580.146	-3913.68	-0.115668	-0.623105	0.773538	27.0091385534	Atom	
-289.317	-599.781	-3889.3	-0.160575	-0.622258	0.766166	26.9361946309	Atom	
-291.618	-608.698	-3878.32	-0.211329	-0.589366	0.779736	26.9029510179	Atom	
-294.387	-616.42	-3868.11	-0.216176	-0.553262	0.804468	26.872524301	Atom	
-298.751	-627.588	-3851.87	-0.278391	-0.577843	0.7672	26.8256112604	Atom	
-305.314	-641.211	-3833.78	-0.411428	-0.490317	0.768321	26.7707410785	Atom	
-307.02	-643.244	-3830.6	-0.450659	-0.463713	0.762809	26.7610754066	Atom	
-313.255	-649.66	-3820.04	-0.403466	-0.381188	0.831812	26.728810714	Atom	
-317.627	-653.79	-3811.03	-0.398723	-0.365448	0.841111	26.70351878	Atom	
-323.466	-659.142	-3798.71	-0.440729	-0.2877	0.850287	26.6693120666	Atom	
-325.101	-660.209	-3795.56	-0.470485	-0.185942	0.862595	26.6606399571	Atom	
-341.745	-666.787	-3765.04	-0.453206	-0.216733	0.864657	26.5778989858	Atom	
-344.083	-667.905	-3760.58	-0.0924501	-0.154648	0.983634	26.565802831	Atom	
-346.26	-671.548	-3737.41	-0.112976	-0.238739	0.964489	26.5105632882	Atom	
-346.388	-671.818	-3736.32	-0.117308	-0.242225	0.963102	26.5079026979	Atom	
-348.51	-676.199	-3718.9	-0.117743	-0.246933	0.961853	26.4654111517	Atom	
-350.741	-680.878	-3700.68	-0.425617	-0.26156	0.866277	26.4208283355	Atom	
-353.918	-682.83	-3694.21	-0.501889	-0.226456	0.83476	26.4032490048	Atom	
-356.01	-683.774	-3690.73	-0.547061	-0.233988	0.803725	26.3934248186	Atom	
-386.215	-696.693	-3646.35	-0.595147	-0.219506	0.773057	26.2632536555	Atom	
-393.671	-699.444	-3636.67	0.124188	-0.970679	-0.205815	26.2336001524	Atom	
-393.167	-703.384	-3637.5	0.0638926	-0.974961	-0.213001	26.2239831335	Atom	
-392.496	-713.62	-3639.74	0.0894392	-0.975426	-0.201359	26.1991047774	Atom	
-391.773	-721.499	-3641.37	0.0971995	-0.98854	-0.115504	26.1799484591	Atom	
-385.571	-784.578	-3648.74	0.0924658	-0.989171	-0.113975	26.0285370869	Atom	
-384.247	-798.746	-3650.37	0.123988	-0.974568	-0.186667	25.994394072	Atom	
-382.318	-813.908	-3653.27	0.124909	-0.974467	-0.186577	25.9572690906	Atom	
-376.743	-857.4	-3661.6	0.093684	-0.964999	-0.244949	25.8506436054	Atom	
-376.083	-864.199	-3663.33	0.167979	-0.961176	-0.218915	25.833757207	Atom	
-372.827	-882.828	-3667.57	0.181188	-0.934089	-0.307649	25.7872813628	Atom	
-366.97	-913.022	-3677.52	0.0638786	-0.9282	-0.366557	25.7096547989	Atom	
-365.844	-929.393	-3683.98	0.0300501	-0.944131	-0.328198	25.6671968562	Atom	
-365.802	-930.69	-3684.43	0.0590513	-0.936514	-0.345622	25.6638879698	Atom	
-365.72	-932	-3684.91	-0.00534029	-0.916093	-0.400929	25.6605148216	Atom	
-365.949	-971.353	-3702.14	-0.0227132	-0.899687	-0.435945	25.5569523987	Atom	
-366.408	-989.515	-3710.94	0.00433677	-0.911813	-0.410583	25.5081269417	Atom	
-366.374	-996.588	-3714.12	0.0788663	-0.902603	-0.423187	25.489337761	Atom	
-365.616	-1005.27	-3718.19	0.0712985	-0.890558	-0.449248	25.4660321642	Atom	
-364.83	-1015.08	-3723.14	0.0884564	-0.873179	-0.479305	25.4393026425	Atom	
-361.653	-1046.45	-3740.36	0.0888778	-0.874876	-0.476123	25.3521084708	Atom	
-361.411	-1048.82	-3741.65	0.0681387	-0.813391	-0.577713	25.3454996484	Atom	
-359.96	-1066.14	-3753.96	0.0552013	-0.791134	-0.609147	25.2936539039	Atom	
-359.811	-1068.28	-3755.6	0.0551366	-0.786201	-0.615506	25.2870691079	Atom	
-355.817	-1125.23	-3800.19	0.0488678	-0.795803	-0.603581	25.1103895581	Atom	
-355.706	-1127.04	-3801.56	0.0464935	-0.800183	-0.597951	25.1048223688	Atom	
-355.66	-1127.84	-3802.15	0.0464828	-0.778761	-0.625597	25.1023732695	Atom	
-355.595	-1128.92	-3803.02	0.060732	-0.808207	-0.585759	25.0989666132	Atom	
-353.559	-1156.01	-3822.66	0.0555787	-0.823919	-0.563975	25.0167223911	Atom	
-353.558	-1156.03	-3822.67	0.0668595	-0.803954	-0.590921	25.016674157	Atom	
-352.134	-1173.15	-3835.26	-0.0769229	-0.846795	-0.526327	24.9642737082	Atom	
-355.444	-1209.59	-3857.91	-0.0508854	-0.710136	-0.702223	24.8582493156	Atom	
-356.952	-1230.64	-3878.72	-0.0376668	-0.723041	-0.689777	24.7849870685	Atom	
-357.044	-1232.41	-3880.41	-0.0467284	-0.718729	-0.693718	24.7789162274	Atom	
-357.373	-1237.47	-3885.29	-0.0357567	-0.726584	-0.686146	24.7614737061	Atom	
-360.066	-1292.2	-3936.97	-0.0372714	-0.723588	-0.689225	24.574677424	Atom	
-361.058	-1311.45	-3955.32	-0.0389529	-0.714685	-0.698361	24.5082800421	Atom	
-361.986	-1328.48	-3971.95	-0.0307956	-0.692449	-0.720809	24.4487354644	Atom	
-363.562	-1363.91	-4008.83	0.0124754	-0.68958	-0.724102	24.3205621843	Atom	
-363.48	-1368.42	-4013.57	0.0296977	-0.69573	-0.717689	24.3041204771	Atom	
-362.871	-1382.7	-4028.3	0.0361008	-0.693483	-0.719568	24.2524421137	Atom	
-362.566	-1388.56	-4034.38	0.0609172	-0.688723	-0.722461	24.2311590522	Atom	
-361.791	-1397.32	-4043.57	0.0417425	-0.70006	-0.712863	24.1990658431	Atom	
-360.774	-1414.38	-4060.94	0.0519406	-0.68756	-0.724268	24.1375363223	Atom	
-360.628	-1416.31	-4062.98	-0.0182104	-0.703912	-0.710054	24.1304151671	Atom	
-360.797	-1422.84	-4069.56	-0.0115494	-0.691822	-0.721976	24.1069297055	Atom	
-360.892	-1428.58	-4075.56	-0.0717891	-0.72492	-0.685081	24.0859088945	Atom	
-363.28	-1452.7	-4098.35	0.128017	-0.839851	-0.527506	24.0015933708	Atom	
-363.014	-1454.45	-4099.44	0.123556	-0.850989	-0.510443	23.996299563	Atom	
-362.757	-1456.22	-4100.5	0.0798028	-0.84696	-0.525633	23.9910196219	Atom	
-360.053	-1484.91	-4118.32	0.136249	-0.829406	-0.541776	23.9048675502	Atom	
-356.49	-1506.6	-4132.48	0.148181	-0.797759	-0.584485	23.8381907904	Atom	
-353.544	-1522.46	-4144.1	0.160985	-0.804293	-0.572011	23.7873870376	Atom	
-353.304	-1523.66	-4144.96	0.149165	-0.786241	-0.599646	23.7835678549	Atom	
-352.473	-1528.04	-4148.3	0.0505912	-0.852163	-0.520826	23.7692982807	Atom	
-352.25	-1531.79	-4150.59	0.0333075	-0.872418	-0.487624	23.7580427446	Atom	
-351.575	-1549.48	-4160.48	0.0346816	-0.900864	-0.432714	23.7060784041	Atom	
-351.414	-1553.65	-4162.48	-0.0253496	-0.897217	-0.440862	23.6941959709	Atom	
-352.218	-1582.1	-4176.46	0.182007	-0.910306	-0.371774	23.6127966451	Atom	
-351.847	-1583.95	-4177.21	0.199695	-0.904081	-0.377835	23.6075434971	Atom	
-349.467	-1594.73	-4181.72	0.158101	-0.906088	-0.392439	23.57686062	Atom	
-347.949	-1603.43	-4185.49	0.133738	-0.923738	-0.358917	23.5521007631	Atom	
-344.287	-1628.72	-4195.31	0.125536	-0.929907	-0.345707	23.4814601856	Atom	
-342.155	-1644.51	-4201.18	0.196885	-0.907023	-0.372218	23.4375562223	Atom	
-339.5	-1656.74	-4206.2	0.264305	-0.911794	-0.314283	23.4026249891	Atom	
-337.052	-1665.19	-4209.11	0.0831748	-0.886632	-0.454935	23.3786125127	Atom	
-335.074	-1686.27	-4219.93	0.0113233	-0.824885	-0.565188	23.3169053347	Atom	
-334.72	-1712.12	-4237.64	0.0208745	-0.834812	-0.550139	23.2354198691	Atom	
-334.581	-1717.64	-4241.28	-0.00702386	-0.829275	-0.558797	23.2181663075	Atom	
-334.688	-1730.24	-4249.77	-0.475027	0.284238	-0.832801	23.1785339864	Atom	
-344.504	-1724.37	-4266.98	-0.472709	0.249917	-0.845037	23.1245495948	Atom	
-350.887	-1720.99	-4278.39	-0.463749	0.109197	-0.879211	23.0892040416	Atom	
-358.799	-1719.13	-4293.39	-0.471827	0.0954553	-0.876509	23.0444950338	Atom	
-380.159	-1714.81	-4333.07	-0.485835	0.0929019	-0.869099	22.925678639	Atom	
-399.033	-1711.2	-4366.83	-0.515652	0.129019	-0.847028	22.8233027303	Atom	
-399.221	-1711.15	-4367.14	-0.619719	0.254597	-0.74238	22.8223395985	Atom	
-406.997	-1707.96	-4376.46	-0.463789	0.21156	-0.860315	22.7891534549	Atom	
-423.281	-1700.53	-4406.66	-0.453769	0.093289	-0.886223	22.6961906611	Atom	
-423.888	-1700.4	-4407.85	-0.428825	0.124155	-0.894816	22.6926359067	Atom	
-426.909	-1699.53	-4414.15	-0.421422	0.128668	-0.89769	22.673926391	Atom	
-428.23	-1699.13	-4416.97	-0.561632	0.160257	-0.811718	22.6655913314	Atom	
-429.259	-1698.83	-4418.45	-0.472452	0.232045	-0.850261	22.6607173551	Atom	
-434.209	-1696.4	-4427.36	-0.464951	0.256979	-0.84722	22.6328539292	Atom	
-442.525	-1691.81	-4442.52	-0.493564	0.203988	-0.845449	22.5852413665	Atom	
-445.49	-1690.58	-4447.59	-0.48909	0.194254	-0.850327	22.5692233016	Atom	
-462.529	-1683.81	-4477.22	-0.433873	0.152823	-0.887919	22.4762779613	Atom	
-475.723	-1679.17	-4504.22	-0.423929	0.166782	-0.890207	22.3948810433	Atom	
-476.035	-1679.04	-4504.87	-0.512478	0.130792	-0.848681	22.3929043877	Atom	
-495.719	-1674.02	-4537.47	-0.466881	0.126249	-0.875262	22.2897956651	Atom	
-518.316	-1667.91	-4579.84	-0.489645	0.151042	-0.85874	22.1593894663	Atom	
-543.83	-1660.04	-4624.58	-0.489583	-0.0162675	-0.871805	22.0183514524	Atom	
-549.662	-1660.23	-4634.97	-0.455896	0.0946432	-0.884987	21.9859476536	Atom	
-554.66	-1659.19	-4644.67	-0.466917	0.0965778	-0.879011	21.9560890565	Atom	
-557.614	-1658.58	-4650.23	-0.445833	-0.0593079	-0.893149	21.9388396091	Atom	
-563.692	-1659.39	-4662.41	-0.423277	-0.00986062	-0.905947	21.9016477961	Atom	
-567.123	-1659.47	-4669.75	-0.396081	-0.0215521	-0.917962	21.8795106958	Atom	
-569.221	-1659.59	-4674.61	-0.530681	0.13922	-0.83606	21.8650245535	Atom	
-573.302	-1658.52	-4681.04	-0.524056	0.0857827	-0.847353	21.8439900232	Atom	
-573.444	-1658.49	-4681.27	-0.497816	0.0758149	-0.863963	21.8432497489	Atom	
-577.869	-1657.82	-4688.95	-0.559797	0.0936096	-0.823325	21.8189158905	Atom	
-583.706	-1656.84	-4697.54	-0.408305	0.0849397	-0.908885	21.7903489992	Atom	
-590.632	-1655.4	-4712.95	-0.393996	0.0979537	-0.913878	21.7438230352	Atom	
-591.426	-1655.2	-4714.79	-0.398025	0.0953401	-0.912407	21.7382898981	Atom	
-595.229	-1654.29	-4723.51	-0.134731	0.10268	-0.985548	21.7120363491	Atom	
-599.519	-1651.02	-4754.9	-0.140573	0.0875682	-0.98619	21.6244509066	Atom	
-601.131	-1650.02	-4766.2	-0.140809	0.104308	-0.984527	21.5928175118	Atom	
-604.061	-1647.85	-4786.69	-0.312381	0.0455705	-0.948863	21.5353248639	Atom	
-606.803	-1647.45	-4795.02	-0.338641	0.0515544	-0.939502	21.5110284977	Atom	
-614.926	-1646.21	-4817.56	-0.448516	0.0798743	-0.890199	21.4445693951	Atom	
-617.007	-1645.84	-4821.69	-0.502745	0.0906449	-0.859669	21.4316874165	Atom	
-625.609	-1644.29	-4836.4	-0.496533	0.0812776	-0.864204	21.3841466331	Atom	
-627.644	-1643.96	-4839.94	-0.603138	0.189445	-0.774813	21.3727345086	Atom	
-639.296	-1640.3	-4854.91	-0.403542	0.191515	-0.894693	21.3189408434	Atom	
-654.09	-1633.28	-4887.71	-0.40267	0.184939	-0.896468	21.2166534518	Atom	
-659.61	-1630.74	-4900	-0.367303	0.103947	-0.924274	21.178256819	Atom	
-666.439	-1628.81	-4917.18	-0.312285	0.0957831	-0.945147	21.1261144845	Atom	
-669.451	-1627.88	-4926.3	-0.288181	0.0931524	-0.953034	21.0990093215	Atom	
-690.237	-1621.17	-4995.04	-0.188706	0.167188	-0.967697	20.8961178109	Atom	
-691.205	-1620.31	-5000	-0.188706	0.167188	-0.967697	20.8815846669	Region	
"-----------------------------------------------------------------"
"Trajectory"	65

"NbCollisions"	66
"Zmax"	0
"Display"	256

"Collisions"

"X"	"Y"	"Z"	"Rx"	"Ry"	"Rz"	"Energy"	"CollisionType"	
-0.326411	-0.173503	-5000	-2.20617e-007	3.21991e-007	1	30	Region	
-0.326412	-0.173501	-4993.23	-0.0773082	-0.0666952	0.994774	29.9855917443	Atom	
-2.40066	-1.96299	-4966.54	-0.0415475	-0.0347493	0.998532	29.9284442716	Atom	
-4.09213	-3.37769	-4925.89	-0.0946294	0.00358421	0.995506	29.8415996386	Atom	
-5.74083	-3.31525	-4908.55	-0.121791	0.0153897	0.992436	29.8043479361	Atom	
-10.0241	-2.77401	-4873.64	-0.0902051	-0.011676	0.995855	29.729077955	Atom	
-12.5428	-3.10003	-4845.84	-0.101457	-0.0636944	0.992799	29.669196929	Atom	
-12.6109	-3.14278	-4845.17	-0.0851943	-0.00688691	0.996341	29.6677552665	Atom	
-13.0814	-3.18081	-4839.67	-0.0922227	0.0296194	0.995298	29.6558926577	Atom	
-15.1577	-2.51396	-4817.26	-0.404226	0.910393	-0.0882433	29.6075147371	Atom	
-23.2257	15.6568	-4819.02	-0.169438	0.917435	-0.360006	29.5645704675	Atom	
-27.8375	40.6275	-4828.82	-0.178952	0.906388	-0.38267	29.5059404578	Atom	
-27.9353	41.123	-4829.03	-0.18602	0.907602	-0.376371	29.504761114	Atom	
-31.5932	58.9701	-4836.43	-0.172503	0.905292	-0.388187	29.4623345067	Atom	
-31.9228	60.7	-4837.17	-0.0157655	0.938047	-0.34615	29.4582068949	Atom	
-32.4533	92.2629	-4848.82	0.0143006	0.867437	-0.497342	29.3855184426	Atom	
-32.0885	114.387	-4861.5	0.0368591	0.870093	-0.491508	29.3303109933	Atom	
-32.0735	114.744	-4861.71	0.0132556	0.93897	-0.343744	29.3294230088	Atom	
-32.0533	116.17	-4862.23	0.033246	0.940543	-0.338042	29.3261301097	Atom	
-30.4947	160.264	-4878.08	0.0185769	0.947111	-0.320368	29.2244877601	Atom	
-30.1407	178.312	-4884.18	-0.0354994	0.908483	-0.416411	29.1830602582	Atom	
-30.6988	192.595	-4890.73	0.0345729	0.905004	-0.423997	29.1488397565	Atom	
-30.6289	194.425	-4891.58	0.0387365	0.897388	-0.439538	29.1444356093	Atom	
-30.5667	195.868	-4892.29	0.0220381	0.923796	-0.38225	29.1409329165	Atom	
-30.5068	198.375	-4893.33	-0.000694805	0.921385	-0.38865	29.1350180544	Atom	
-30.5078	199.691	-4893.88	-0.0119086	0.934509	-0.355741	29.1319058674	Atom	
-30.6959	214.448	-4899.5	-0.107306	0.931486	-0.347591	29.0974879382	Atom	
-31.513	221.541	-4902.15	-0.117393	0.929971	-0.348385	29.0808758608	Atom	
-33.3375	235.994	-4907.56	0.0502806	0.957465	-0.284136	29.0469541613	Atom	
-30.7949	284.412	-4921.93	0.000724719	0.966633	-0.256163	28.9364796715	Atom	
-30.7784	306.318	-4927.74	-0.00427405	0.957184	-0.28945	28.8868186362	Atom	
-31.1476	388.987	-4952.73	0.0140929	0.964787	-0.262656	28.6973046397	Atom	
-31.0927	392.746	-4953.76	-0.014155	0.968309	-0.249352	28.6887100173	Atom	
-32.1231	463.239	-4971.91	-0.047238	0.963887	-0.26209	28.528086021	Atom	
-33.7303	496.033	-4980.83	-0.0232148	0.971965	-0.233976	28.4526848195	Atom	
-33.7712	497.746	-4981.24	-0.0434994	0.950762	-0.306855	28.4487705548	Atom	
-33.8934	500.418	-4982.1	-0.0480943	0.927193	-0.371484	28.4425282356	Atom	
-34.1702	505.754	-4984.24	-0.0274096	0.92784	-0.371971	28.4297426753	Atom	
-34.3679	512.445	-4986.92	-0.0132277	0.924859	-0.380081	28.4137163287	Atom	
-34.5176	522.912	-4991.22	-0.26995	0.909962	-0.314795	28.3885537943	Atom	
-35.1092	524.906	-4991.91	-0.331529	0.902629	-0.274498	28.3836781477	Atom	
-37.08	530.272	-4993.55	-0.362048	0.88007	-0.307242	28.3704500096	Atom	
-44.6852	548.759	-5000	-0.362048	0.88007	-0.307242	28.323688882	Region	
"-----------------------------------------------------------------"
"Trajectory"	69

"NbCollisions"	245
"Zmax"	0
"Display"	256

"Collisions"

"X"	"Y"	"Z"	"Rx"	"Ry"	"Rz"	"Energy"	"CollisionType"	
-0.0356179	-0.186252	-5000	-1.62355e-006	1.68539e-006	1	30	Region	
-0.0356405	-0.186228	-4986.08	0.144957	-0.0897107	0.985363	29.970367331	Atom	
0.970736	-0.809053	-4979.24	0.244386	-0.0405852	0.968828	29.9555742066	Atom	
9.23924	-2.1822	-4946.46	0.262905	-0.0514254	0.96345	29.8834536045	Atom	
12.2011	-2.76155	-4935.61	0.264655	-0.160389	0.950912	29.8593931482	Atom	
18.9108	-6.82787	-4911.5	0.259498	-0.162571	0.951962	29.8052118186	Atom	
20.3102	-7.70455	-4906.37	0.213963	-0.182638	0.959616	29.7936705137	Atom	
21.7634	-8.94504	-4899.85	0.0743361	-0.220343	0.972586	29.7791296399	Atom	
22.3668	-10.7335	-4891.95	-0.0125201	-0.2102	0.977578	29.7617464326	Atom	
21.9199	-18.2368	-4857.06	-0.00736947	-0.211413	0.977369	29.6852607927	Atom	
21.812	-21.331	-4842.75	-0.113041	-0.126985	0.985442	29.6538366757	Atom	
20.6768	-22.6061	-4832.86	-0.118298	-0.195775	0.973487	29.6322571115	Atom	
19.1466	-25.1386	-4820.27	-0.109617	-0.187692	0.976092	29.6044438652	Atom	
19.0602	-25.2865	-4819.5	-0.129517	-0.118495	0.984472	29.6027480347	Atom	
18.9458	-25.3912	-4818.63	-0.122871	-0.118828	0.985283	29.6008466972	Atom	
15.6707	-28.5585	-4792.36	-0.0943717	-0.103857	0.990105	29.5434868296	Atom	
15.1861	-29.0918	-4787.28	-0.0909063	-0.0958027	0.991241	29.5324197713	Atom	
14.2708	-30.0564	-4777.3	-0.034172	-0.0387023	0.998666	29.510711903	Atom	
13.5581	-30.8636	-4756.47	-0.0388117	-0.0300885	0.998793	29.4657184492	Atom	
13.3526	-31.0229	-4751.18	-0.0359228	-0.00497966	0.999342	29.4542822663	Atom	
13.2546	-31.0365	-4748.46	-0.0384988	-0.00626121	0.999239	29.4483923125	Atom	
12.4256	-31.1713	-4726.94	-0.0383986	-0.00346549	0.999256	29.4018602173	Atom	
11.4884	-31.2559	-4702.55	-0.0391249	-0.00523327	0.999221	29.3490521111	Atom	
11.2774	-31.2841	-4697.16	-0.114209	-0.030073	0.993001	29.3373677564	Atom	
10.4157	-31.511	-4689.67	-0.173698	-0.0758182	0.981876	29.321015401	Atom	
9.37338	-31.966	-4683.78	-0.15845	-0.17093	0.972459	29.3080032359	Atom	
1.69792	-40.246	-4636.67	-0.308912	-0.1182	0.943717	29.2029291123	Atom	
-3.94487	-42.4051	-4619.43	-0.230358	-0.235833	0.944096	29.1631929829	Atom	
-10.0043	-48.6086	-4594.6	-0.256073	-0.183514	0.949078	29.1059096658	Atom	
-20.5372	-56.157	-4555.56	-0.22161	-0.11038	0.968868	29.0161947267	Atom	
-23.9251	-57.8444	-4540.75	-0.172063	-0.0751391	0.982216	28.9827685062	Atom	
-25.2966	-58.4434	-4532.92	-0.261076	-0.0299421	0.964854	28.9653238453	Atom	
-30.9658	-59.0935	-4511.97	-0.270945	-0.0170656	0.962444	28.917778999	Atom	
-33.6131	-59.2603	-4502.57	-0.30149	0.012046	0.953393	28.896357569	Atom	
-35.4125	-59.1884	-4496.88	-0.339843	0.0145395	0.94037	28.8832648435	Atom	
-39.2655	-59.0235	-4486.21	-0.349871	0.021696	0.936546	28.8583840322	Atom	
-42.1792	-58.8429	-4478.41	-0.271842	0.0100257	0.96229	28.8400955592	Atom	
-42.5052	-58.8308	-4477.26	-0.249272	-0.037039	0.967725	28.8374608109	Atom	
-63.0639	-61.8856	-4397.45	-0.267326	-0.0244272	0.963296	28.6562395995	Atom	
-64.461	-62.0133	-4392.41	-0.343744	-0.00898982	0.93902	28.6446980702	Atom	
-65.8764	-62.0503	-4388.55	-0.379337	0.0100983	0.925203	28.6356018346	Atom	
-68.1902	-61.9887	-4382.9	-0.368199	-0.0442773	0.928692	28.6221244505	Atom	
-71.9659	-62.4428	-4373.38	-0.377728	-0.0601479	0.923961	28.5994570652	Atom	
-73.3175	-62.658	-4370.07	-0.235528	-0.0315677	0.971355	28.5915427215	Atom	
-79.942	-63.5459	-4342.75	-0.390474	-0.0481525	0.919354	28.5293180459	Atom	
-82.8583	-63.9055	-4335.89	-0.41938	-0.10673	0.901515	28.5127662509	Atom	
-103.004	-69.0325	-4292.58	-0.421524	-0.117165	0.899216	28.4062590225	Atom	
-114.941	-72.3505	-4267.12	-0.417035	-0.0983044	0.903559	28.3432825267	Atom	
-117.58	-72.9724	-4261.4	-0.445819	-0.111318	0.888174	28.3291884602	Atom	
-144.527	-79.701	-4207.71	-0.384669	-0.176005	0.906119	28.1944792955	Atom	
-169.312	-91.0413	-4149.33	-0.388388	-0.21664	0.895668	28.0503392537	Atom	
-170.04	-91.4474	-4147.65	-0.390216	-0.218838	0.894338	28.0461284635	Atom	
-174.598	-94.0035	-4137.21	-0.371647	-0.260833	0.890979	28.0198889105	Atom	
-179.108	-97.1691	-4126.39	-0.423567	-0.172083	0.88937	27.9926033165	Atom	
-180.494	-97.7322	-4123.48	-0.442991	-0.213759	0.87067	27.9852414402	Atom	
-185.973	-100.376	-4112.71	-0.483531	-0.232131	0.843986	27.9574101717	Atom	
-187.95	-101.325	-4109.26	-0.487912	-0.232582	0.841337	27.9482018582	Atom	
-189.592	-102.108	-4106.43	-0.577975	-0.399983	0.711307	27.9406194634	Atom	
-206.64	-113.906	-4085.45	-0.606041	-0.377495	0.700151	27.8741564882	Atom	
-207.062	-114.168	-4084.96	-0.674044	-0.323	0.664331	27.8725856962	Atom	
-208.657	-114.933	-4083.39	-0.664463	-0.325873	0.672529	27.8672421591	Atom	
-212.83	-116.979	-4079.17	-0.663859	-0.333797	0.669231	27.8530627173	Atom	
-230.48	-125.854	-4061.37	-0.709786	-0.30376	0.635557	27.7930045731	Atom	
-269.222	-142.434	-4026.69	-0.651393	-0.612135	0.448306	27.6694989136	Atom	
-278.502	-151.155	-4020.3	-0.6092	-0.579542	0.5413	27.6371468718	Atom	
-290.474	-162.544	-4009.66	-0.604553	-0.592048	0.532912	27.592479555	Atom	
-292.826	-164.847	-4007.59	-0.608273	-0.591023	0.529806	27.5836261191	Atom	
-295.094	-167.051	-4005.61	-0.59048	-0.561701	0.579505	27.5751366662	Atom	
-304.947	-176.424	-3995.94	-0.536829	-0.576591	0.61592	27.5371434415	Atom	
-325.02	-197.983	-3972.91	-0.538434	-0.58512	0.606402	27.4519085522	Atom	
-329.366	-202.706	-3968.02	-0.528547	-0.58597	0.614229	27.4334642062	Atom	
-340.59	-215.151	-3954.97	-0.434799	-0.679734	0.590688	27.3849089197	Atom	
-344.149	-220.714	-3950.14	-0.325669	-0.688842	0.647639	27.3661689877	Atom	
-349.829	-232.729	-3938.84	-0.319964	-0.731342	0.602297	27.3262137477	Atom	
-350.285	-233.769	-3937.98	-0.32753	-0.721912	0.609563	27.3229497641	Atom	
-352.41	-238.453	-3934.03	-0.315626	-0.718754	0.619494	27.3080700716	Atom	
-359.659	-254.961	-3919.8	-0.355043	-0.727524	0.587072	27.2553655894	Atom	
-361.561	-258.859	-3916.66	0.806818	-0.583329	-0.0936611	27.2430530796	Atom	
-353.722	-264.527	-3917.57	0.841061	-0.538893	-0.0470118	27.2207144616	Atom	
-288.606	-306.248	-3921.21	0.847844	-0.529651	0.0250923	27.0426055126	Atom	
-274.745	-314.907	-3920.8	0.825002	-0.5649	0.0161237	27.0047983218	Atom	
-265.477	-321.253	-3920.62	0.831314	-0.554128	-0.0431318	26.9787901309	Atom	
-262.784	-323.048	-3920.75	0.865275	-0.501246	0.00717665	26.9712858909	Atom	
-253.971	-328.154	-3920.68	0.895624	-0.431769	-0.106929	26.9476807093	Atom	
-245.112	-332.424	-3921.74	0.92636	-0.373967	-0.0447901	26.9247446134	Atom	
-222.18	-341.682	-3922.85	0.899309	-0.422504	-0.112843	26.8672978407	Atom	
-221.069	-342.204	-3922.99	0.903525	-0.412099	-0.117543	26.8644249434	Atom	
-216.593	-344.245	-3923.57	0.901931	-0.384615	-0.196449	26.8529097374	Atom	
-199.064	-351.72	-3927.39	0.855624	-0.503079	-0.12173	26.8077128134	Atom	
-189.415	-357.394	-3928.76	0.876726	-0.469312	-0.105351	26.7814507926	Atom	
-178.511	-363.231	-3930.07	0.884252	-0.368297	0.287153	26.7524671397	Atom	
-160.548	-370.712	-3924.24	0.869693	-0.384358	0.309683	26.70508578	Atom	
-123.597	-387.043	-3911.08	0.890076	-0.367053	0.270254	26.6058463223	Atom	
-111.638	-391.974	-3907.45	0.900429	-0.364687	0.237132	26.5743700215	Atom	
-61.7908	-412.163	-3894.32	0.90733	-0.344603	0.240834	26.4445600137	Atom	
-59.2944	-413.111	-3893.66	0.876945	-0.379633	0.294697	26.4380832482	Atom	
-56.635	-414.263	-3892.77	0.900715	-0.318176	0.295765	26.4309433977	Atom	
-53.1184	-415.505	-3891.61	0.887062	-0.320249	0.332509	26.4217489564	Atom	
-51.134	-416.221	-3890.87	0.894014	-0.335892	0.296506	26.4164794399	Atom	
19.1542	-442.629	-3867.55	0.904813	-0.317723	0.283487	26.2312509059	Atom	
22.2073	-443.702	-3866.6	0.828919	0.069747	-0.555004	26.223256765	Atom	
30.9991	-442.962	-3872.48	0.822897	0.0956516	-0.560082	26.1981225601	Atom	
42.565	-441.617	-3880.36	0.859899	-0.341967	-0.378987	26.1647903128	Atom	
67.3345	-451.468	-3891.27	0.859257	-0.332897	-0.388404	26.096408858	Atom	
86.9916	-459.083	-3900.16	0.897095	-0.278045	-0.343381	26.0419879961	Atom	
89.0803	-459.731	-3900.96	0.911408	-0.268823	-0.311561	26.0364403599	Atom	
96.5971	-461.948	-3903.53	0.719329	-0.475493	-0.50643	26.0167849298	Atom	
146.872	-495.181	-3938.92	0.726503	-0.429204	-0.536635	25.8501210256	Atom	
156.618	-500.938	-3946.12	0.70092	-0.4527	-0.551156	25.8179667661	Atom	
168.028	-508.308	-3955.09	0.645079	-0.479431	-0.594995	25.7789106964	Atom	
198.79	-531.171	-3983.47	0.621468	-0.478713	-0.62017	25.6643637434	Atom	
199.008	-531.339	-3983.69	0.617829	-0.483337	-0.62022	25.6635172104	Atom	
223.932	-550.837	-4008.71	0.612984	-0.485293	-0.623491	25.5662703223	Atom	
234.953	-559.562	-4019.92	0.51415	-0.571363	-0.639683	25.5228011738	Atom	
241.106	-566.4	-4027.57	0.517514	-0.559504	-0.647406	25.4938246546	Atom	
245.688	-571.354	-4033.3	0.43742	-0.388831	-0.810848	25.4723689667	Atom	
258.862	-583.064	-4057.72	0.420408	-0.423248	-0.80257	25.399336757	Atom	
264.46	-588.7	-4068.41	0.426525	-0.4692	-0.773258	25.366973718	Atom	
264.975	-589.267	-4069.34	0.796793	0.0836617	-0.598432	25.3640351141	Atom	
268.218	-588.926	-4071.78	0.807382	0.0764766	-0.585052	25.354132167	Atom	
278.75	-587.929	-4079.41	0.82291	0.0937509	-0.560383	25.3223843348	Atom	
292.837	-586.324	-4089	0.838372	0.197182	-0.508184	25.2806789812	Atom	
318.04	-580.396	-4104.28	0.866932	0.155054	-0.473695	25.207342285	Atom	
343.563	-575.831	-4118.23	0.754178	0.200133	-0.62543	25.1353582152	Atom	
343.687	-575.799	-4118.33	0.746541	0.170452	-0.643135	25.1349568546	Atom	
346.043	-575.261	-4120.36	0.687222	0.228646	-0.689527	25.1272227975	Atom	
376.701	-565.06	-4151.12	0.710283	0.201742	-0.674387	25.0178683862	Atom	
381.15	-563.797	-4155.35	0.699391	0.192209	-0.688409	25.0024590157	Atom	
383.562	-563.134	-4157.72	0.709439	0.244003	-0.661181	24.9939743797	Atom	
389.999	-560.92	-4163.72	0.720759	0.219322	-0.657575	24.9716386769	Atom	
419.353	-551.988	-4190.5	0.901192	0.0597569	-0.429282	24.8713154667	Atom	
440.102	-550.612	-4200.38	0.909528	0.224857	-0.349568	24.8144198049	Atom	
470.664	-543.056	-4212.13	0.849354	0.0406567	-0.526256	24.7312307542	Atom	
499.1	-541.695	-4229.75	0.835695	0.0423691	-0.547558	24.6481255173	Atom	
519.965	-540.637	-4243.42	0.840905	0.0293431	-0.540387	24.5859861499	Atom	
549.136	-539.619	-4262.16	0.861782	0.0592378	-0.503808	24.4994765537	Atom	
603.329	-535.894	-4293.85	0.840775	0.102469	-0.5316	24.3422127008	Atom	
625.503	-533.191	-4307.87	0.806632	0.14286	-0.57353	24.2759224824	Atom	
632.341	-531.98	-4312.73	0.79425	0.106965	-0.598102	24.2545678673	Atom	
640.993	-530.815	-4319.24	0.7274	0.0952294	-0.679574	24.2271094464	Atom	
654.985	-528.983	-4332.32	0.626695	0.413995	-0.660198	24.1785784788	Atom	
656.571	-527.936	-4333.99	0.605093	0.401453	-0.687531	24.1721853819	Atom	
673.002	-517.035	-4352.66	0.596999	0.328911	-0.731717	24.1035508151	Atom	
686.698	-509.489	-4369.44	0.679974	0.334375	-0.652556	24.0454361467	Atom	
721.177	-492.534	-4402.53	0.608523	0.352934	-0.71073	23.9167433998	Atom	
724.905	-490.372	-4406.89	0.642961	0.342551	-0.685025	23.9011265247	Atom	
730.672	-487.299	-4413.03	0.60929	0.424197	-0.669943	23.8782532664	Atom	
745.606	-476.902	-4429.45	0.588897	0.396684	-0.70416	23.815703461	Atom	
748.811	-474.743	-4433.28	0.592657	0.406224	-0.695514	23.8017861334	Atom	
764.419	-464.045	-4451.6	0.581221	0.388483	-0.715026	23.7344038882	Atom	
767.919	-461.705	-4455.91	0.52485	0.339708	-0.780468	23.7189632261	Atom	
778.722	-454.714	-4471.97	0.502596	0.323829	-0.801581	23.6661585337	Atom	
779.953	-453.92	-4473.93	0.512223	0.325762	-0.794674	23.6598627266	Atom	
784.922	-450.76	-4481.64	0.490298	0.326727	-0.807996	23.6349231241	Atom	
809.856	-434.145	-4522.73	0.487763	0.344829	-0.801985	23.5040910659	Atom	
810.117	-433.96	-4523.16	0.452947	0.321284	-0.831634	23.5027038909	Atom	
811.67	-432.858	-4526.01	0.453064	0.324275	-0.830409	23.4938471785	Atom	
812.665	-432.146	-4527.84	0.456916	0.311959	-0.833013	23.4881674495	Atom	
816.006	-429.865	-4533.93	0.458717	0.357988	-0.813279	23.4692651015	Atom	
820.56	-426.311	-4542	0.462998	0.362931	-0.808649	23.4435783746	Atom	
821.721	-425.401	-4544.03	0.455798	0.341951	-0.821777	23.4370895497	Atom	
836.841	-414.058	-4571.29	0.436601	0.32768	-0.837858	23.3511779325	Atom	
839.386	-412.148	-4576.17	0.421978	0.348899	-0.836782	23.3360380024	Atom	
841.369	-410.508	-4580.11	0.326079	0.465848	-0.822593	23.3238227057	Atom	
845.687	-404.339	-4591	0.321397	0.508439	-0.79887	23.2893954034	Atom	
850.035	-397.46	-4601.81	0.242631	0.587056	-0.772331	23.2541833904	Atom	
851.503	-393.909	-4606.48	0.306035	0.547524	-0.77882	23.2384183188	Atom	
855.24	-387.223	-4615.99	0.198678	0.526664	-0.82653	23.2065792057	Atom	
863.097	-366.395	-4648.68	0.274902	0.530976	-0.801557	23.1033603058	Atom	
864.79	-363.125	-4653.61	0.277565	0.485974	-0.828726	23.0872291305	Atom	
870.865	-352.489	-4671.75	0.183841	0.482474	-0.8564	23.0298680205	Atom	
871.883	-349.817	-4676.49	0.22204	0.519163	-0.825329	23.0153300665	Atom	
872.605	-348.129	-4679.18	0.220642	0.516533	-0.827352	23.0067842746	Atom	
873.078	-347.022	-4680.95	0.27422	0.455203	-0.847109	23.0011521564	Atom	
874.821	-344.129	-4686.33	0.123302	0.728657	-0.673688	22.9844474965	Atom	
875.757	-338.596	-4691.45	0.179938	0.732127	-0.656972	22.9644765532	Atom	
879.316	-324.115	-4704.44	0.185073	0.766046	-0.615566	22.9124250604	Atom	
883.599	-306.387	-4718.69	0.198828	0.734262	-0.649097	22.8514107046	Atom	
886.645	-295.137	-4728.63	0.155833	0.769916	-0.618826	22.8109318251	Atom	
888.443	-286.256	-4735.77	0.204268	0.729613	-0.652641	22.7804129642	Atom	
889.416	-282.781	-4738.88	0.209436	0.738834	-0.640516	22.7677982503	Atom	
892.775	-270.932	-4749.15	0.213505	0.754964	-0.620036	22.7253040206	Atom	
895.88	-259.95	-4758.17	0.280181	0.820356	-0.498513	22.6867062716	Atom	
896.419	-258.375	-4759.13	0.277001	0.843175	-0.460788	22.6816030769	Atom	
899.223	-249.84	-4763.79	0.345227	0.796439	-0.496492	22.6547008558	Atom	
900.814	-246.168	-4766.08	0.366322	0.767788	-0.525652	22.642438314	Atom	
904.338	-238.783	-4771.14	0.350274	0.786964	-0.507932	22.6168403331	Atom	
909.833	-226.436	-4779.11	0.380938	0.748742	-0.542469	22.5750516823	Atom	
910.115	-225.882	-4779.51	0.460587	0.758336	-0.461288	22.5730779789	Atom	
946.538	-165.914	-4815.99	0.451314	0.7877	-0.419337	22.3621258195	Atom	
949.869	-160.098	-4819.08	0.498964	0.789186	-0.358079	22.3422861887	Atom	
951.96	-156.792	-4820.58	0.469759	0.821584	-0.322997	22.3310199784	Atom	
952.863	-155.212	-4821.2	0.449807	0.803703	-0.389532	22.3258456445	Atom	
973.742	-117.907	-4839.29	0.445427	0.812042	-0.37707	22.2009469524	Atom	
974.587	-116.365	-4840	0.377768	0.868334	-0.321385	22.1958155254	Atom	
975.613	-114.009	-4840.87	0.318419	0.869317	-0.378019	22.18848003	Atom	
977.783	-108.082	-4843.45	0.289231	0.8865	-0.361196	22.1700454799	Atom	
979.079	-104.111	-4845.07	0.28453	0.911139	-0.298109	22.157924391	Atom	
982.998	-91.5627	-4849.17	0.253731	0.925466	-0.281307	22.1206458536	Atom	
986.571	-78.5302	-4853.14	0.239628	0.919453	-0.311745	22.082477284	Atom	
988.37	-71.6256	-4855.48	0.225477	0.901955	-0.368289	22.0620955803	Atom	
995.105	-44.6853	-4866.48	0.2717	0.880437	-0.3886	21.9809698238	Atom	
996.93	-38.7724	-4869.09	0.251956	0.890545	-0.378745	21.9626758734	Atom	
1005.37	-8.9451	-4881.77	0.26489	0.865193	-0.425764	21.8713819805	Atom	
1006.25	-6.07904	-4883.18	0.281053	0.869077	-0.407081	21.8623230403	Atom	
1008.85	1.98061	-4886.96	0.291637	0.861574	-0.415497	21.8369539993	Atom	
1012.81	13.6735	-4892.6	0.311363	0.856896	-0.410832	21.799794336	Atom	
1023.58	43.322	-4906.81	0.193001	0.905157	-0.378737	21.7049310952	Atom	
1026.76	58.2297	-4913.05	0.275193	0.861354	-0.42701	21.6596208259	Atom	
1029.23	65.9456	-4916.87	0.309472	0.863852	-0.397475	21.6349359972	Atom	
1032	73.6732	-4920.43	0.281243	0.894447	-0.347659	21.6102634619	Atom	
1034.56	81.8215	-4923.6	0.280818	0.925181	-0.255306	21.5851147699	Atom	
1043.65	111.789	-4931.87	0.27662	0.920254	-0.276792	21.4956164897	Atom	
1056.19	153.489	-4944.41	0.272338	0.933399	-0.233663	21.3700012088	Atom	
1060.83	169.383	-4948.39	0.286638	0.930145	-0.229496	21.3225786068	Atom	
1075.19	215.984	-4959.89	0.267712	0.932399	-0.242821	21.1828098743	Atom	
1079.31	230.345	-4963.63	0.182393	0.910112	-0.37206	21.1396188902	Atom	
1081.12	239.397	-4967.33	0.290965	0.834155	-0.468535	21.1116819827	Atom	
1083.39	245.895	-4970.98	0.325936	0.808101	-0.490651	21.0897808394	Atom	
1084.45	248.511	-4972.57	0.327604	0.815052	-0.477876	21.0806707592	Atom	
1103.25	295.304	-5000	0.327604	0.815052	-0.477876	20.9190711482	Region	
"-----------------------------------------------------------------"
"Trajectory"	73

"NbCollisions"	171
"Zmax"	0
"Display"	256

"Collisions"

"X"	"Y"	"Z"	"Rx"	"Ry"	"Rz"	"Energy"	"CollisionType"	
0.0165761	-0.169193	-5000	3.97019e-006	1.78013e-007	1	30	Region	
0.0166679	-0.169188	-4976.9	0.159271	0.0268494	0.98687	29.9508174007	Atom	
0.40414	-0.10387	-4974.5	0.168909	0.0834293	0.982094	29.945630966	Atom	
2.55937	0.960665	-4961.97	0.102194	0.0771574	0.991768	29.9184248927	Atom	
4.06301	2.09593	-4947.38	0.126755	0.120704	0.984563	29.8870300999	Atom	
8.95044	6.75003	-4909.41	0.0549694	0.17518	0.983001	29.8046884515	Atom	
8.99342	6.887	-4908.64	0.179005	0.0304057	0.983378	29.8030150091	Atom	
11.9451	7.38838	-4892.43	0.249154	-0.0477702	0.967285	29.7677220259	Atom	
18.7884	6.07632	-4865.86	0.326771	-0.0757614	0.942062	29.7088800372	Atom	
23.3056	5.02901	-4852.84	0.32489	-0.0614124	0.943756	29.679217907	Atom	
25.0656	4.69632	-4847.73	0.350745	-0.0791595	0.93312	29.6675846024	Atom	
27.6956	4.10277	-4840.73	0.310588	0.171117	0.935016	29.6514776501	Atom	
30.4219	5.60481	-4832.52	0.394378	0.172525	0.902608	29.6326135166	Atom	
52.0986	15.0875	-4782.91	0.386143	0.187603	0.90316	29.514432	Atom	
54.0574	16.0392	-4778.33	0.540091	0.210686	0.814808	29.503490173	Atom	
70.8172	22.5771	-4753.04	0.386812	0.241462	0.889985	29.4365352281	Atom	
72.0151	23.3248	-4750.29	0.414812	0.1902	0.889806	29.429841182	Atom	
81.3926	27.6246	-4730.17	0.242575	0.257519	0.93533	29.3809664664	Atom	
84.7734	31.2137	-4717.14	0.252362	0.241724	0.936954	29.3507948347	Atom	
93.0341	39.1262	-4686.47	0.217017	-0.30377	0.9277	29.2798746686	Atom	
105.592	21.5475	-4632.78	0.23881	-0.307437	0.921115	29.1542550959	Atom	
107.332	19.3081	-4626.07	0.138662	-0.191203	0.971707	29.1383881207	Atom	
115.314	8.30115	-4570.13	0.13344	-0.220484	0.96622	29.0129400629	Atom	
117.324	4.98058	-4555.58	0.1042	-0.211787	0.971745	28.9800076846	Atom	
117.618	4.38386	-4552.85	0.00133847	-0.259903	0.965634	28.973840983	Atom	
117.659	-3.65004	-4523	0.00523523	-0.236272	0.971673	28.9061750211	Atom	
117.73	-6.87396	-4509.74	0.0139975	-0.2251	0.974235	28.8762498338	Atom	
117.749	-7.18188	-4508.41	-0.0106404	-0.284026	0.958758	28.8732473403	Atom	
117.672	-9.25773	-4501.4	-0.0154923	-0.330671	0.943619	28.8572039843	Atom	
117.307	-17.0358	-4479.2	-0.0134091	-0.323342	0.946187	28.8055472304	Atom	
116.24	-42.7679	-4403.9	-0.0361618	-0.301797	0.952686	28.6305282792	Atom	
114.909	-53.8814	-4368.82	-0.031696	-0.360366	0.932272	28.5491484481	Atom	
114.893	-54.0568	-4368.37	-0.00985768	-0.330988	0.943583	28.5480705282	Atom	
114.881	-54.458	-4367.22	0.0145356	-0.315137	0.948935	28.5453855909	Atom	
115.191	-61.1724	-4347	0.0862419	-0.414123	0.906126	28.4981885758	Atom	
115.85	-64.3387	-4340.08	0.123805	-0.451154	0.883817	28.481229106	Atom	
116.251	-65.7997	-4337.21	0.192471	-0.449765	0.872162	28.4740429359	Atom	
119.775	-74.0334	-4321.25	0.172686	-0.467495	0.866965	28.4334092157	Atom	
125.582	-89.7542	-4292.09	0.264452	-0.52531	0.808774	28.3586838786	Atom	
129.209	-96.9599	-4281	0.014706	-0.79655	0.604394	28.3281387813	Atom	
129.659	-121.31	-4262.52	-0.233448	-0.86535	0.443477	28.2600083081	Atom	
121.139	-152.891	-4246.34	-0.266829	-0.840911	0.470819	28.1785154864	Atom	
115.863	-169.52	-4237.03	-0.409885	-0.90963	0.0675756	28.1342566589	Atom	
111.635	-178.903	-4236.33	-0.457207	-0.888946	0.0271541	28.1111409378	Atom	
105.374	-191.075	-4235.96	-0.419483	-0.906943	0.0385741	28.0804365696	Atom	
96.4222	-210.429	-4235.14	-0.403785	-0.914814	0.00856836	28.0325409952	Atom	
90.1486	-224.643	-4235	-0.409842	-0.912017	0.0159446	27.9976228328	Atom	
73.6396	-261.38	-4234.36	-0.400986	-0.915615	0.0293161	27.9070049849	Atom	
72.3979	-264.215	-4234.27	-0.415168	-0.907502	0.063839	27.900020733	Atom	
66.2817	-277.585	-4233.33	-0.303422	-0.879863	-0.365754	27.8667868781	Atom	
65.0962	-281.022	-4234.76	-0.746902	-0.446689	-0.492551	27.8579647124	Atom	
59.5599	-284.333	-4238.41	-0.760525	-0.438015	-0.479317	27.8412232231	Atom	
21.1957	-306.429	-4262.59	-0.765464	-0.393016	-0.509512	27.7272348733	Atom	
-7.82611	-321.33	-4281.91	-0.763984	-0.396428	-0.509091	27.6412813728	Atom	
-39	-337.506	-4302.68	-0.768675	-0.426833	-0.476395	27.5485463377	Atom	
-45.6447	-341.195	-4306.8	-0.623906	-0.41359	-0.663087	27.5288480975	Atom	
-59.7725	-350.561	-4321.81	-0.605125	-0.74174	-0.289216	27.4772183136	Atom	
-69.726	-362.761	-4326.57	-0.553839	-0.803522	-0.218206	27.4396584899	Atom	
-107.575	-417.673	-4341.48	-0.543592	-0.806655	-0.23198	27.2834393058	Atom	
-107.783	-417.982	-4341.57	-0.49448	-0.841763	-0.216623	27.2825608539	Atom	
-122.164	-442.463	-4347.87	-0.52232	-0.807668	-0.273595	27.2157734273	Atom	
-123.636	-444.739	-4348.64	-0.539112	-0.719846	-0.437242	27.2092893086	Atom	
-133.191	-457.498	-4356.39	-0.461625	-0.778255	-0.425701	27.1685016283	Atom	
-136.735	-463.472	-4359.66	-0.435939	-0.769054	-0.467454	27.1508141413	Atom	
-139.106	-467.655	-4362.2	-0.450738	-0.775948	-0.441293	27.1382769261	Atom	
-139.982	-469.164	-4363.06	-0.487332	-0.750259	-0.446787	27.1337928501	Atom	
-164.264	-506.546	-4385.32	-0.484374	-0.740761	-0.465462	27.0188747765	Atom	
-169.063	-513.885	-4389.93	-0.499374	-0.709448	-0.497301	26.9959479958	Atom	
-179.251	-528.359	-4400.08	-0.504993	-0.698501	-0.507029	26.9487003624	Atom	
-184.872	-536.134	-4405.72	-0.497037	-0.71358	-0.493718	26.9228898031	Atom	
-191.966	-546.319	-4412.77	-0.478365	-0.72824	-0.490747	26.8897657273	Atom	
-216.372	-583.473	-4437.81	-0.514076	-0.728241	-0.4532	26.7712464178	Atom	
-233.623	-607.911	-4453.02	-0.265526	-0.865567	-0.424606	26.6930200815	Atom	
-234.611	-611.132	-4454.6	-0.265133	-0.870202	-0.415274	26.6843246702	Atom	
-238.067	-622.474	-4460.01	-0.261226	-0.866723	-0.424915	26.653861785	Atom	
-240.996	-632.193	-4464.77	-0.251871	-0.854107	-0.455041	26.6276316721	Atom	
-241.104	-632.56	-4464.97	-0.349211	-0.841674	-0.41187	26.6266231631	Atom	
-244.679	-641.176	-4469.18	-0.337658	-0.854002	-0.395814	26.6026592599	Atom	
-246.509	-645.804	-4471.33	-0.353071	-0.843468	-0.404849	26.5899626536	Atom	
-248.975	-651.696	-4474.16	-0.316406	-0.858228	-0.404143	26.5735892494	Atom	
-257.104	-673.744	-4484.54	-0.328536	-0.862049	-0.385921	26.5133476273	Atom	
-257.278	-674.2	-4484.74	-0.334128	-0.850969	-0.405228	26.5121042361	Atom	
-257.458	-674.66	-4484.96	-0.276824	-0.924861	-0.260768	26.5108348273	Atom	
-260.046	-683.306	-4487.4	-0.387215	-0.887374	-0.250262	26.4888728893	Atom	
-264.294	-693.04	-4490.15	-0.41949	-0.883523	-0.208366	26.4630840564	Atom	
-273.211	-711.822	-4494.58	-0.418322	-0.889232	-0.185131	26.413070795	Atom	
-274.472	-714.502	-4495.13	-0.38349	-0.910057	-0.157262	26.4059697281	Atom	
-278.974	-725.186	-4496.98	-0.334064	-0.90923	-0.248401	26.3783032431	Atom	
-281.733	-732.695	-4499.03	-0.128841	-0.944912	-0.300901	26.3588233313	Atom	
-283.166	-743.206	-4502.38	-0.12946	-0.948646	-0.288635	26.3325701162	Atom	
-286.26	-765.875	-4509.28	-0.13094	-0.964426	-0.229645	26.2761291034	Atom	
-287.61	-775.823	-4511.64	-0.234396	-0.944278	-0.231081	26.2517229824	Atom	
-291.103	-789.893	-4515.09	-0.184329	-0.978208	-0.0955621	26.2164447224	Atom	
-300.544	-839.999	-4519.98	-0.185107	-0.978622	-0.0896389	26.0950359721	Atom	
-313.62	-909.126	-4526.31	-0.170276	-0.981858	-0.0834311	25.9269909834	Atom	
-315.263	-918.601	-4527.12	-0.19534	-0.974901	-0.106816	25.9039159084	Atom	
-318.01	-932.311	-4528.62	0.0810494	-0.686345	-0.722746	25.8702663946	Atom	
-316.588	-944.35	-4541.3	0.0773346	-0.619669	-0.781044	25.8282502338	Atom	
-316.018	-948.917	-4547.06	0.0791484	-0.619613	-0.780907	25.8105715888	Atom	
-313.993	-964.773	-4567.04	0.0967646	-0.690904	-0.716442	25.7491646319	Atom	
-313.658	-967.163	-4569.52	0.0554266	-0.749538	-0.659637	25.7408456946	Atom	
-313.263	-972.505	-4574.22	0.0730171	-0.751206	-0.656017	25.7237070197	Atom	
-313.179	-973.372	-4574.98	0.034154	-0.721864	-0.691191	25.7209293714	Atom	
-312.88	-979.693	-4581.03	0.459214	-0.430446	-0.77707	25.6998573948	Atom	
-305.506	-986.606	-4593.51	0.391223	-0.495699	-0.775388	25.6611914862	Atom	
-301.626	-991.521	-4601.2	0.239334	-0.76878	-0.59304	25.63728526	Atom	
-298.914	-1000.23	-4607.92	0.213194	-0.745669	-0.63129	25.6099431688	Atom	
-298.295	-1002.4	-4609.75	0.210009	-0.755338	-0.620774	25.6029308506	Atom	
-292.814	-1022.11	-4625.95	0.343945	-0.756732	-0.55593	25.5399019274	Atom	
-277.119	-1056.64	-4651.32	0.229707	-0.875857	-0.424393	25.4294780584	Atom	
-273.54	-1070.29	-4657.93	0.221031	-0.881056	-0.418194	25.3916405951	Atom	
-269.12	-1087.91	-4666.3	0.220983	-0.883565	-0.412892	25.3430302598	Atom	
-268.132	-1091.86	-4668.14	0.206846	-0.880637	-0.426254	25.3321448929	Atom	
-267.97	-1092.55	-4668.47	0.207191	-0.879978	-0.427446	25.3302419285	Atom	
-266.856	-1097.28	-4670.77	0.0688475	-0.781885	-0.61961	25.317137606	Atom	
-266.525	-1101.03	-4673.75	0.0660713	-0.778224	-0.624501	25.3054482754	Atom	
-265.714	-1110.59	-4681.42	0.048794	-0.772296	-0.633387	25.2755110596	Atom	
-265.198	-1118.75	-4688.11	0.0357404	-0.773598	-0.632668	25.2497193912	Atom	
-262.849	-1169.61	-4729.7	0.0256008	-0.779887	-0.625397	25.0891965835	Atom	
-261.719	-1204.02	-4757.29	0.0044116	-0.778632	-0.627465	24.9809187181	Atom	
-261.671	-1212.56	-4764.18	0.0719575	-0.809644	-0.582493	24.9538899562	Atom	
-261.606	-1213.29	-4764.7	0.0818876	-0.788407	-0.609679	24.9516819236	Atom	
-260.116	-1227.64	-4775.8	0.0792776	-0.785997	-0.613126	24.9068097885	Atom	
-260.114	-1227.66	-4775.81	0.156668	-0.781989	-0.603281	24.9067597154	Atom	
-257.834	-1239.04	-4784.59	0.16134	-0.785443	-0.597536	24.870835395	Atom	
-254.194	-1256.76	-4798.07	0.174636	-0.786832	-0.591944	24.815087089	Atom	
-253.96	-1257.81	-4798.87	0.220687	-0.756649	-0.615451	24.8117705189	Atom	
-249.431	-1273.34	-4811.5	0.211507	-0.69036	-0.691859	24.7609620265	Atom	
-248.254	-1277.18	-4815.35	0.279483	-0.658783	-0.698494	24.7471624938	Atom	
-246.194	-1282.04	-4820.5	0.319131	-0.66358	-0.676622	24.7288712444	Atom	
-240.068	-1294.78	-4833.49	0.343418	-0.647769	-0.680044	24.6812153227	Atom	
-239.338	-1296.15	-4834.93	0.358704	-0.5586	-0.747862	24.6759343446	Atom	
-231.987	-1307.6	-4850.26	0.384853	-0.668114	-0.636798	24.624974365	Atom	
-231.836	-1307.86	-4850.51	0.397903	-0.722187	-0.565791	24.623994781	Atom	
-224.22	-1321.68	-4861.34	0.430446	-0.728659	-0.532703	24.5763241295	Atom	
-205.268	-1353.77	-4884.79	-0.0756336	-0.0810594	-0.993835	24.4664863825	Atom	
-205.838	-1354.38	-4892.28	-0.031379	-0.16051	-0.986535	24.4476115487	Atom	
-206.425	-1357.38	-4910.73	0.0168439	-0.100196	-0.994825	24.4007759631	Atom	
-206.28	-1358.24	-4919.27	0.0039996	-0.112698	-0.993621	24.3792254907	Atom	
-206.279	-1358.28	-4919.63	-0.106602	-0.105126	-0.988729	24.3783252404	Atom	
-206.362	-1358.36	-4920.4	-0.0989876	-0.0909865	-0.99092	24.376366823	Atom	
-206.892	-1358.85	-4925.71	-0.0890523	-0.0785185	-0.992927	24.3629154956	Atom	
-211.989	-1363.34	-4982.54	-0.0748909	-0.115105	-0.990526	24.2191509956	Atom	
-212.143	-1363.58	-4984.57	-0.0697351	-0.118863	-0.990459	24.213975985	Atom	
-212.165	-1363.62	-4984.89	-0.00347629	-0.139186	-0.99026	24.2131716409	Atom	
-212.188	-1364.56	-4991.57	-0.00566735	-0.0871849	-0.996176	24.1961262251	Atom	
-212.192	-1364.62	-4992.3	-0.41484	0.044416	-0.90881	24.1942749702	Atom	
-215.706	-1364.24	-5000	-0.41484	0.044416	-0.90881	24.1728858528	Region	
"-----------------------------------------------------------------"
"Trajectory"	84

"NbCollisions"	107
"Zmax"	0
"Display"	256

"Collisions"

"X"	"Y"	"Z"	"Rx"	"Ry"	"Rz"	"Energy"	"CollisionType"	
-0.101721	0.218037	-5000	-9.4222e-007	6.38549e-006	1	30	Region	
-0.101722	0.218046	-4998.62	0.0141596	0.00744317	0.999872	29.99706579	Atom	
0.291196	0.424589	-4970.88	0.00318353	-0.00220888	0.999992	29.9379802744	Atom	
0.438891	0.322111	-4924.48	-0.00559308	-0.0570643	0.998355	29.8390407068	Atom	
0.402754	-0.0465875	-4918.03	0.0167316	-0.0354973	0.99923	29.8252251534	Atom	
0.826912	-0.94647	-4892.7	0.806255	-0.137993	0.575249	29.7709986662	Atom	
5.69435	-1.77955	-4889.23	0.710886	-0.249879	0.657421	29.7580662272	Atom	
10.7284	-3.54902	-4884.57	0.771605	-0.199919	0.603869	29.7428916326	Atom	
26.0479	-7.51824	-4872.58	0.781638	-0.150483	0.605307	29.7003287149	Atom	
28.9714	-8.08107	-4870.32	0.723062	-0.150087	0.674281	29.6923014903	Atom	
36.0899	-9.55868	-4863.68	0.719656	-0.143691	0.6793	29.6711673143	Atom	
42.7251	-10.8835	-4857.42	0.695375	-0.149864	0.702847	29.651363563	Atom	
51.1834	-12.7064	-4848.87	0.723512	-0.547552	0.420377	29.6252232218	Atom	
56.3644	-16.6274	-4845.86	0.713485	-0.5535	0.429624	29.609823233	Atom	
62.4202	-21.3252	-4842.21	0.707543	-0.580338	0.403226	29.5915625835	Atom	
66.5646	-24.7245	-4839.85	0.730151	-0.545396	0.41161	29.5789542048	Atom	
77.7675	-33.0927	-4833.54	0.714374	-0.511304	0.477743	29.5459162065	Atom	
97.2518	-47.0383	-4820.5	0.709452	-0.549696	0.441036	29.4871346672	Atom	
121.454	-65.7909	-4805.46	0.703927	-0.556301	0.441607	29.4134949595	Atom	
123.778	-67.6276	-4804	0.720245	-0.55451	0.416851	29.4063537601	Atom	
160.122	-95.6085	-4782.97	0.728115	-0.551144	0.407541	29.2971911012	Atom	
175.978	-107.61	-4774.09	0.734965	-0.544906	0.403613	29.2499423007	Atom	
189.928	-117.953	-4766.43	0.710307	-0.56631	0.418039	29.2087043898	Atom	
193.358	-120.687	-4764.41	0.723266	-0.557272	0.407842	29.19820368	Atom	
221.07	-142.039	-4748.79	0.75608	-0.513039	0.406367	29.114844818	Atom	
238.107	-153.6	-4739.63	0.751142	-0.583579	0.30858	29.0657071285	Atom	
253.951	-165.91	-4733.12	0.731907	-0.598979	0.324863	29.0196491378	Atom	
269.428	-178.575	-4726.25	0.738178	-0.572111	0.357468	28.9734197617	Atom	
274.462	-182.477	-4723.81	0.744474	-0.560345	0.363004	28.9584897146	Atom	
325.499	-220.891	-4698.93	0.558536	-0.671719	0.486653	28.8083595231	Atom	
327.813	-223.674	-4696.91	0.479673	-0.758007	0.441973	28.7992469742	Atom	
328.122	-224.163	-4696.63	0.474804	-0.764183	0.436562	28.797829455	Atom	
330.015	-227.21	-4694.89	0.455531	-0.787269	0.415571	28.7890580237	Atom	
352.582	-266.211	-4674.3	0.442153	-0.785522	0.432962	28.6800599706	Atom	
368.016	-293.629	-4659.19	0.406896	-0.810162	0.421988	28.6030282911	Atom	
380.415	-318.317	-4646.33	0.412393	-0.806535	0.423595	28.5356332802	Atom	
385.038	-327.359	-4641.58	0.354304	-0.815868	0.456977	28.5107928201	Atom	
387.942	-334.046	-4637.83	0.846099	-0.524214	-0.0965226	28.4926194078	Atom	
390.09	-335.377	-4638.08	0.878724	-0.42576	-0.215809	28.4869866744	Atom	
395.705	-338.098	-4639.46	0.882082	-0.44111	-0.16539	28.4728081739	Atom	
401.789	-341.14	-4640.6	0.850163	-0.500324	-0.164008	28.4574986706	Atom	
418.457	-350.949	-4643.81	0.849844	-0.503554	-0.15556	28.4139624426	Atom	
442.141	-364.983	-4648.15	0.852238	-0.499349	-0.156017	28.3520004506	Atom	
459.442	-375.12	-4651.32	0.845603	-0.509957	-0.157796	28.3067867502	Atom	
495.173	-396.668	-4657.98	0.839365	-0.485793	-0.243868	28.2125551978	Atom	
495.434	-396.819	-4658.06	0.839914	-0.487378	-0.238762	28.2118599273	Atom	
498.842	-398.797	-4659.03	0.838786	-0.491189	-0.234888	28.2027888145	Atom	
509.193	-404.858	-4661.93	0.840412	-0.491723	-0.227851	28.1751879917	Atom	
510.673	-405.724	-4662.33	0.872486	-0.483092	-0.0734157	28.1712448929	Atom	
524.155	-413.189	-4663.46	0.873868	-0.481502	-0.0671675	28.1366554515	Atom	
534.318	-418.789	-4664.24	0.87657	-0.478001	-0.0560392	28.1105940007	Atom	
559.474	-432.507	-4665.85	0.87485	-0.480383	-0.0622082	28.0462398347	Atom	
595.181	-452.113	-4668.39	0.86481	-0.499999	-0.0458638	27.9545498845	Atom	
619.56	-466.208	-4669.68	0.84764	-0.517145	-0.118604	27.8910548961	Atom	
635.019	-475.64	-4671.85	0.853184	-0.501785	-0.14244	27.8499028769	Atom	
672.852	-497.891	-4678.16	0.889132	-0.0105749	-0.457529	27.7497258709	Atom	
693.027	-498.131	-4688.54	0.827454	-0.111619	-0.550328	27.6983176246	Atom	
700.624	-499.155	-4693.6	0.832799	-0.0930678	-0.545696	27.6774876401	Atom	
724.181	-501.788	-4709.03	0.835102	-0.0724888	-0.545299	27.6132667385	Atom	
739.085	-503.082	-4718.76	0.80264	-0.143597	-0.578921	27.5726746403	Atom	
748.153	-504.704	-4725.3	0.814594	-0.101259	-0.571124	27.5469485838	Atom	
749.448	-504.865	-4726.21	0.819231	-0.191623	-0.5405	27.5433240132	Atom	
759.338	-507.178	-4732.74	0.832179	-0.15458	-0.532526	27.5158113993	Atom	
779.73	-510.966	-4745.79	0.756937	-0.237915	-0.60864	27.4599197318	Atom	
782.991	-511.991	-4748.41	0.748276	-0.242234	-0.61758	27.4500756424	Atom	
793.89	-515.519	-4757.4	0.505338	-0.431596	-0.747234	27.4167921468	Atom	
806.466	-526.26	-4776	0.517175	-0.422364	-0.744405	27.3598651905	Atom	
811.635	-530.482	-4783.44	0.529073	-0.378717	-0.759378	27.3369636908	Atom	
823.398	-538.902	-4800.32	0.508868	-0.364745	-0.779753	27.2859875869	Atom	
846.295	-555.314	-4835.41	0.494394	-0.350477	-0.79545	27.1826718564	Atom	
856.082	-562.252	-4851.16	0.744958	-0.0210244	-0.66678	27.1370793567	Atom	
911.914	-563.828	-4901.13	0.743653	-0.0173334	-0.668341	26.9642403442	Atom	
926.224	-564.161	-4913.99	0.742505	0.198895	-0.639631	26.9196388542	Atom	
938.074	-560.987	-4924.2	0.785407	0.166123	-0.596271	26.8825975196	Atom	
961.175	-556.101	-4941.74	0.794522	0.203205	-0.572226	26.8142581289	Atom	
978.862	-551.577	-4954.47	0.8407	0.0922885	-0.533579	26.762429388	Atom	
979.953	-551.458	-4955.17	0.828095	0.0878321	-0.553664	26.7594031659	Atom	
1011.64	-548.096	-4976.36	0.806717	0.00017443	-0.590938	26.6701562563	Atom	
1026.8	-548.093	-4987.46	0.821861	0.0397602	-0.568299	26.6262276718	Atom	
1036.54	-547.622	-4994.2	0.841672	0.053681	-0.537315	26.5984741429	Atom	
1043.96	-547.148	-4998.93	0.842605	0.0542259	-0.535795	26.5778153171	Atom	
1044.09	-547.14	-4999.01	0.812564	0.209317	-0.543992	26.5774569551	Atom	
1045.56	-546.761	-5000	0.812564	0.209317	-0.543992	26.5732101747	Region	
"-----------------------------------------------------------------"
"Trajectory"	85

"NbCollisions"	378
"Zmax"	0
"Display"	256

"Collisions"

"X"	"Y"	"Z"	"Rx"	"Ry"	"Rz"	"Energy"	"CollisionType"	
0.04404	0.200406	-5000	-1.23776e-007	-2.72232e-006	1	30	Region	
0.0440354	0.200306	-4963.42	0.00976346	-0.0269491	0.999589	29.9221154567	Atom	
0.170444	-0.148608	-4950.48	0.0268277	0.021265	0.999414	29.8944925108	Atom	
0.339766	-0.0143948	-4944.17	0.0335973	0.0155223	0.999315	29.8810170064	Atom	
0.73975	0.170402	-4932.27	0.249104	-0.0245131	0.968167	29.8555889968	Atom	
1.11843	0.133138	-4930.8	0.237818	-0.0196876	0.97111	29.8523399597	Atom	
21.9868	-1.59443	-4845.59	0.295189	-0.0532311	0.953955	29.664775591	Atom	
26.8714	-2.47527	-4829.8	0.294267	-0.0923492	0.951251	29.6292269916	Atom	
31.6519	-3.97552	-4814.35	0.265986	-0.0327387	0.963421	29.5942939786	Atom	
34.2682	-4.29755	-4804.87	0.274762	-0.0436213	0.960522	29.5731226622	Atom	
37.2826	-4.77613	-4794.33	0.263446	-0.0437751	0.963681	29.5494952594	Atom	
60.3002	-8.60082	-4710.13	0.205624	-0.0765045	0.975636	29.3612130954	Atom	
61.1147	-8.90386	-4706.27	0.181575	-0.104492	0.97781	29.3526333409	Atom	
63.3881	-10.2121	-4694.03	0.170301	-0.120162	0.978038	29.3255086006	Atom	
65.6246	-11.7902	-4681.18	0.180128	-0.131965	0.974751	29.2970351696	Atom	
67.7656	-13.3587	-4669.6	0.178276	-0.1317	0.975127	29.2712452506	Atom	
69.0692	-14.3218	-4662.47	0.303915	-0.0839925	0.948989	29.2553680605	Atom	
70.8391	-14.8109	-4656.94	0.318802	-0.0762168	0.944752	29.2427177841	Atom	
71.8522	-15.0531	-4653.94	0.315183	-0.13179	0.939836	29.2358124866	Atom	
82.6393	-19.5636	-4621.77	0.429419	-0.111831	0.896155	29.1614284917	Atom	
84.7657	-20.1174	-4617.33	0.432139	-0.0769678	0.898517	29.1506445335	Atom	
88.4553	-20.7745	-4609.66	0.418559	-0.0619891	0.906072	29.1320451831	Atom	
94.8611	-21.7232	-4595.8	0.414809	-0.042791	0.908902	29.0986879962	Atom	
111.079	-23.3962	-4560.26	0.396704	0.0528282	0.916425	29.0133957764	Atom	
117.035	-22.6031	-4546.5	0.391902	0.0955303	0.915034	28.980566997	Atom	
121.167	-21.5959	-4536.85	0.401081	0.084521	0.912135	28.957490486	Atom	
121.171	-21.595	-4536.85	0.437922	0.0618224	0.896885	28.9574678827	Atom	
122.255	-21.4419	-4534.62	0.42376	0.0878015	0.901509	28.9520455817	Atom	
128.208	-20.2085	-4521.96	0.422488	0.095236	0.901351	28.9212764526	Atom	
128.661	-20.1064	-4520.99	0.430883	0.0840866	0.898482	28.9189260975	Atom	
134.139	-19.0374	-4509.57	0.424021	0.0860929	0.901551	28.8910537738	Atom	
135.793	-18.7016	-4506.05	0.48372	0.0553773	0.873469	28.8824952779	Atom	
140.755	-18.1335	-4497.09	0.477089	0.0628503	0.876605	28.8599834072	Atom	
142.444	-17.9111	-4493.99	0.428712	0.227631	0.874294	28.8522117041	Atom	
145.462	-16.3083	-4487.84	0.44728	0.230588	0.864159	28.8367471236	Atom	
200.25	11.9365	-4381.99	0.438221	0.268013	0.857981	28.5675943979	Atom	
201.877	12.9317	-4378.8	0.348689	0.286486	0.89238	28.5593740566	Atom	
219.492	27.4046	-4333.72	0.348993	0.287981	0.891779	28.4475098799	Atom	
221.017	28.6626	-4329.82	0.323118	0.248757	0.913079	28.4378067355	Atom	
225.294	31.9556	-4317.73	0.338214	0.190672	0.921551	28.4083936708	Atom	
229.559	34.3601	-4306.11	0.341637	0.178856	0.922656	28.3803518413	Atom	
232.953	36.1366	-4296.95	0.399001	0.19562	0.895841	28.3582470788	Atom	
238.616	38.9135	-4284.23	0.326716	0.153624	0.932554	28.3266371829	Atom	
247.103	42.9039	-4260.01	0.394485	0.173981	0.902282	28.268744055	Atom	
250.59	44.4418	-4252.03	0.398594	0.173637	0.90054	28.2490100488	Atom	
262.327	49.5548	-4225.52	0.424509	0.141628	0.894278	28.1832361415	Atom	
263.446	49.9282	-4223.16	0.621207	0.102319	0.776938	28.1773361485	Atom	
269.98	51.0043	-4214.99	0.636327	0.145115	0.757648	28.1537972255	Atom	
281.657	53.6674	-4201.08	0.657582	0.131195	0.741872	28.1126948766	Atom	
292.15	55.7607	-4189.25	0.66019	0.136027	0.738679	28.0769181014	Atom	
296.663	56.6907	-4184.19	0.727273	0.0129606	0.686226	28.0615717612	Atom	
303.225	56.8077	-4178	0.692747	0.0294242	0.72058	28.0413115095	Atom	
317.676	57.4215	-4162.97	0.66441	0.0549384	0.745347	27.9944429953	Atom	
354.368	60.4555	-4121.81	0.683393	0.0444849	0.728694	27.8701949824	Atom	
356.241	60.5774	-4119.81	0.654618	0.0462756	0.754542	27.8640066897	Atom	
380.401	62.2852	-4091.97	0.657307	0.0121147	0.753526	27.7806658779	Atom	
382.782	62.3291	-4089.24	0.666777	0.0258783	0.744808	27.7724645256	Atom	
394.572	62.7867	-4076.07	0.648316	-0.013426	0.761253	27.7324295544	Atom	
395.634	62.7647	-4074.82	0.765318	0.17395	0.619701	27.7287176888	Atom	
406.837	65.311	-4065.75	0.795882	0.208236	0.568516	27.6955344263	Atom	
434.112	72.4474	-4046.26	0.787048	0.2551	0.561676	27.6177702832	Atom	
437.345	73.4952	-4043.96	0.791181	0.375283	0.482903	27.6084290472	Atom	
488.105	97.5723	-4012.98	0.816188	0.368857	0.444727	27.4624840634	Atom	
494.742	100.572	-4009.36	0.811589	0.318487	0.489786	27.443908359	Atom	
501.176	103.097	-4005.48	0.847806	0.267724	0.457765	27.4257869077	Atom	
505.268	104.389	-4003.27	0.841407	0.260764	0.473324	27.4147494748	Atom	
526.11	110.848	-3991.54	0.828369	0.2685	0.491643	27.3580868747	Atom	
554.975	120.204	-3974.41	0.811583	0.290647	0.50681	27.2782435378	Atom	
568.291	124.973	-3966.09	0.870483	0.219638	0.440475	27.2405596463	Atom	
585.019	129.194	-3957.63	0.826423	0.337766	0.450487	27.1963775284	Atom	
588.224	130.504	-3955.88	0.816714	0.328681	0.474286	27.1874496558	Atom	
608.501	138.664	-3944.11	0.801622	0.297603	0.518493	27.1302786635	Atom	
612.333	140.086	-3941.63	0.78964	0.298999	0.535787	27.1192523816	Atom	
626.419	145.42	-3932.07	0.817094	0.295799	0.494834	27.0780922147	Atom	
631.664	147.319	-3928.9	0.930546	0.234254	0.28144	27.0632634956	Atom	
632.241	147.464	-3928.72	0.938638	0.199501	0.281351	27.0618305315	Atom	
678.432	157.282	-3914.88	0.948739	0.162079	0.271339	26.9480915783	Atom	
713.193	163.22	-3904.93	0.938083	0.177157	0.297684	26.8631259458	Atom	
728.063	166.028	-3900.22	0.947255	0.0645787	0.313908	26.826274952	Atom	
734.466	166.465	-3898.09	0.95062	0.035606	0.308307	26.8105429094	Atom	
758.513	167.366	-3890.29	0.948066	0.0528724	0.313649	26.7516412019	Atom	
771.635	168.097	-3885.95	0.944206	0.0432643	0.326503	26.7193592756	Atom	
776.968	168.342	-3884.11	0.937191	0.0390533	0.346623	26.7061704014	Atom	
799.993	169.301	-3875.59	0.938274	0.0460996	0.342808	26.6487892098	Atom	
827.118	170.634	-3865.68	0.942165	0.0877801	0.323449	26.5811515598	Atom	
829.206	170.829	-3864.97	0.966232	0.144106	0.213611	26.5759548694	Atom	
843.869	173.015	-3861.72	0.958448	0.212898	0.189874	26.5403729368	Atom	
852.617	174.959	-3859.99	0.957635	0.207874	0.199307	26.5189495556	Atom	
856.3	175.758	-3859.22	0.953443	0.233003	0.191459	26.5099159462	Atom	
856.679	175.851	-3859.15	0.918677	0.378357	0.113486	26.5089827733	Atom	
896.536	192.266	-3854.23	0.770809	0.635426	0.0456845	26.4070505201	Atom	
901.062	195.997	-3853.96	0.722228	0.689448	-0.0552046	26.3932137062	Atom	
904.339	199.125	-3854.21	0.726027	0.68757	-0.0114921	26.3825171174	Atom	
929.912	223.343	-3854.61	0.721056	0.692495	0.02301	26.2994475549	Atom	
930.483	223.892	-3854.59	0.693864	0.676974	-0.245477	26.2975752005	Atom	
933.737	227.066	-3855.75	0.684996	0.672861	-0.279355	26.2864879751	Atom	
934.305	227.625	-3855.98	0.667646	0.693728	-0.270166	26.2845258225	Atom	
969.544	264.24	-3870.24	0.674356	0.686943	-0.270838	26.1596823485	Atom	
985.666	280.663	-3876.71	0.683997	0.684492	-0.252228	26.1029185911	Atom	
999.2	294.207	-3881.7	0.681895	0.694897	-0.228335	26.0558573031	Atom	
1007.02	302.18	-3884.32	0.665062	0.686156	-0.294758	26.0285314887	Atom	
1007.66	302.838	-3884.6	0.681607	0.660759	-0.314338	26.0262428966	Atom	
1011.86	306.904	-3886.54	0.677575	0.658183	-0.328157	26.0115755992	Atom	
1032.8	327.25	-3896.68	0.671377	0.669	-0.318892	25.9378489143	Atom	
1046.62	341.02	-3903.25	0.685833	0.654509	-0.318199	25.8886493724	Atom	
1060.7	354.461	-3909.78	0.721675	0.583346	-0.372684	25.839485765	Atom	
1066.09	358.813	-3912.56	0.716414	0.568535	-0.404375	25.8215974639	Atom	
1073.15	364.419	-3916.55	0.59076	0.561143	-0.57976	25.7979455992	Atom	
1081.28	372.14	-3924.53	0.561159	0.275618	-0.780471	25.764914609	Atom	
1096.41	379.571	-3945.57	0.593771	0.259233	-0.761731	25.7001222668	Atom	
1096.77	379.728	-3946.03	0.595272	0.289973	-0.749378	25.6986635183	Atom	
1100.55	381.569	-3950.79	0.669137	-0.455765	-0.58697	25.6833723371	Atom	
1107.59	376.775	-3956.96	0.670553	-0.484976	-0.561388	25.6580320079	Atom	
1144.1	350.369	-3987.53	0.659102	-0.518549	-0.544694	25.5267568286	Atom	
1162.93	335.552	-4003.09	0.681206	-0.490052	-0.543882	25.4575818966	Atom	
1163.43	335.193	-4003.49	0.735705	-0.460277	-0.496874	25.4558042163	Atom	
1192.91	316.749	-4023.4	0.750735	-0.444467	-0.488719	25.3585844952	Atom	
1194.59	315.755	-4024.5	0.754156	-0.449258	-0.478974	25.35314389	Atom	
1219.1	301.153	-4040.06	0.749242	-0.454539	-0.481696	25.2740368458	Atom	
1222.35	299.186	-4042.15	0.738148	-0.465711	-0.48811	25.2634779837	Atom	
1241.66	286.998	-4054.92	0.719605	-0.534021	-0.443835	25.1995982616	Atom	
1246.74	283.228	-4058.06	0.904935	-0.323127	-0.276916	25.1823335397	Atom	
1253.61	280.775	-4060.16	0.82765	-0.421399	-0.370699	25.1637565692	Atom	
1266.41	274.258	-4065.89	0.852456	-0.366276	-0.373043	25.1258893994	Atom	
1288.25	264.877	-4075.45	0.828792	-0.411569	-0.379098	25.0631072962	Atom	
1295.57	261.24	-4078.8	0.827307	-0.411778	-0.382102	25.0414043091	Atom	
1297.68	260.19	-4079.77	0.89835	-0.357127	-0.255788	25.0351378374	Atom	
1320.26	251.213	-4086.2	0.922988	-0.317108	-0.218025	24.9733390894	Atom	
1357.28	238.493	-4094.94	0.921648	-0.316296	-0.224773	24.8745356766	Atom	
1385.56	228.79	-4101.84	0.931139	-0.252663	-0.262949	24.7987376292	Atom	
1395.98	225.961	-4104.78	0.930142	-0.30238	-0.208329	24.7710058569	Atom	
1408.69	221.83	-4107.63	0.913376	-0.344411	-0.217082	24.7371317072	Atom	
1411.51	220.765	-4108.3	0.909138	-0.367616	-0.195771	24.7294623793	Atom	
1413.95	219.78	-4108.83	0.904438	-0.411676	-0.111871	24.7228095703	Atom	
1468.93	194.757	-4115.63	0.901375	-0.419098	-0.108994	24.5718861735	Atom	
1477.11	190.954	-4116.62	0.904844	-0.421247	-0.0617081	24.5492506372	Atom	
1486.23	186.706	-4117.24	0.918662	-0.394735	0.0156251	24.5240691561	Atom	
1489.49	185.306	-4117.18	0.920438	-0.390858	0.00497198	24.5152096757	Atom	
1495.67	182.682	-4117.15	0.596883	-0.715495	-0.363039	24.498427766	Atom	
1517.54	156.469	-4130.45	0.604846	-0.662838	-0.44137	24.4068067719	Atom	
1520.1	153.658	-4132.32	0.587344	-0.62264	-0.517056	24.3961692	Atom	
1528.74	144.498	-4139.93	0.606881	-0.64508	-0.464292	24.3592554343	Atom	
1534.61	138.263	-4144.42	0.594326	-0.644029	-0.481667	24.3349741421	Atom	
1580.09	88.9712	-4181.28	0.604816	-0.667999	-0.433561	24.1425507374	Atom	
1583.25	85.4835	-4183.54	0.715304	-0.535072	-0.449487	24.1293416474	Atom	
1586.54	83.0231	-4185.61	0.699645	-0.513543	-0.49676	24.1177033139	Atom	
1620.62	58.0071	-4209.81	0.708319	-0.508643	-0.489455	23.9943627118	Atom	
1622.3	56.8028	-4210.97	0.628424	-0.588943	-0.508163	23.9883437003	Atom	
1652.74	28.274	-4235.58	0.639207	-0.520317	-0.56629	23.8651697602	Atom	
1655.78	25.8005	-4238.28	0.525007	-0.723883	-0.447616	23.8530328074	Atom	
1671.87	3.62094	-4251.99	0.478913	-0.741778	-0.469476	23.7747741979	Atom	
1678.84	-7.17915	-4258.83	0.459453	-0.725163	-0.512875	23.7374898244	Atom	
1685.37	-17.4887	-4266.12	0.458813	-0.72461	-0.514229	23.7010384342	Atom	
1691.33	-26.8982	-4272.8	0.485363	-0.733038	-0.476527	23.6677034974	Atom	
1695.5	-33.1959	-4276.89	0.460613	-0.746127	-0.48076	23.6456247019	Atom	
1728.59	-86.805	-4311.43	0.457904	-0.740609	-0.491754	23.4608401537	Atom	
1737.44	-101.113	-4320.93	-0.18623	-0.98249	-0.00558024	23.4108456327	Atom	
1737.28	-101.941	-4320.94	-0.387284	-0.917251	0.0930647	23.4086620862	Atom	
1720.72	-141.159	-4316.96	-0.394202	-0.913294	0.102465	23.2978254242	Atom	
1700.28	-188.534	-4311.64	-0.408803	-0.900954	0.145474	23.1628497603	Atom	
1695.9	-198.186	-4310.08	-0.444362	-0.888944	0.110998	23.134844683	Atom	
1676.82	-236.343	-4305.32	-0.560923	-0.703767	0.43598	23.0225375704	Atom	
1648.52	-271.85	-4283.32	-0.550988	-0.712179	0.434986	22.8900220847	Atom	
1646.03	-275.071	-4281.36	-0.49335	-0.853089	0.169835	22.8780870247	Atom	
1643.55	-279.366	-4280.5	-0.448585	-0.883096	0.137524	22.8647973542	Atom	
1640.49	-285.387	-4279.56	-0.42813	-0.888639	0.164393	22.8467918066	Atom	
1628.04	-311.221	-4274.78	-0.406182	-0.905943	0.119516	22.7699738821	Atom	
1626.93	-313.704	-4274.46	-0.415027	-0.905503	0.0884123	22.7627125017	Atom	
1625.03	-317.846	-4274.05	-0.401829	-0.884499	0.237055	22.7505919647	Atom	
1621.99	-324.539	-4272.26	-0.366611	-0.8836	0.291285	22.7305279502	Atom	
1618.92	-331.937	-4269.82	-0.352664	-0.89759	0.264501	22.7083160928	Atom	
1616.67	-337.66	-4268.13	-0.337755	-0.904436	0.260609	22.6913863024	Atom	
1608.6	-359.285	-4261.9	0.542527	-0.646028	0.536948	22.6278665602	Atom	
1609.61	-360.49	-4260.9	0.552883	-0.644929	0.527624	22.6229011431	Atom	
1611.19	-362.333	-4259.39	0.593832	-0.631205	0.498943	22.6152901065	Atom	
1614.03	-365.356	-4257	0.590257	-0.627386	0.50792	22.6025339645	Atom	
1635.33	-387.993	-4238.68	0.601175	-0.63214	0.488864	22.5063820211	Atom	
1644.4	-397.532	-4231.3	0.59217	-0.633553	0.497941	22.4660323596	Atom	
1659.42	-413.596	-4218.67	0.641966	-0.612466	0.461264	22.3981416231	Atom	
1659.45	-413.632	-4218.65	0.681673	-0.611983	0.400996	22.3979855397	Atom	
1662.65	-416.504	-4216.77	0.704045	-0.635761	0.316431	22.3853889591	Atom	
1664.2	-417.904	-4216.07	0.686469	-0.654261	0.317337	22.3794736814	Atom	
1672.95	-426.237	-4212.03	0.689882	-0.656649	0.304754	22.3452680368	Atom	
1675.82	-428.969	-4210.76	0.639608	-0.556708	0.530073	22.3340786529	Atom	
1700.04	-450.054	-4190.68	0.661496	-0.559401	0.499493	22.2321982593	Atom	
1707.59	-456.436	-4184.98	0.637137	-0.702761	0.316518	22.2013987306	Atom	
1742.17	-494.585	-4167.8	0.650377	-0.6959	0.304521	22.0546841625	Atom	
1750.15	-503.117	-4164.07	0.593853	-0.747714	0.29709	22.0213751418	Atom	
1768.11	-525.738	-4155.08	0.590547	-0.741747	0.317908	21.939085601	Atom	
1769.55	-527.547	-4154.31	0.543347	-0.715322	0.439418	21.9324341686	Atom	
1775.77	-535.725	-4149.28	0.411913	-0.726741	0.549704	21.9012361776	Atom	
1785.78	-553.386	-4135.92	0.39803	-0.739015	0.543533	21.8348521689	Atom	
1792.02	-564.973	-4127.4	0.409942	-0.767877	0.492252	21.7919187873	Atom	
1812.85	-604	-4102.38	0.302888	-0.815826	0.492632	21.6525339083	Atom	
1817	-615.174	-4095.63	0.300879	-0.81083	0.502023	21.6147805648	Atom	
1824.29	-634.815	-4083.47	0.456291	-0.770541	0.445046	21.5479224611	Atom	
1833.93	-651.099	-4074.07	0.501174	-0.770269	0.394347	21.4894491185	Atom	
1859.82	-690.891	-4053.7	0.47164	-0.789475	0.392792	21.3462081054	Atom	
1865.39	-700.21	-4049.06	0.469794	-0.807665	0.35633	21.3133084293	Atom	
1870.99	-709.845	-4044.81	0.491013	-0.837213	0.240791	21.2800169148	Atom	
1875.11	-716.863	-4042.79	0.480297	-0.857776	0.183126	21.2565949375	Atom	
1879.15	-724.068	-4041.25	0.462096	-0.863962	0.20009	21.233103326	Atom	
1904.34	-771.177	-4030.34	0.434831	-0.87149	0.226775	21.0804850747	Atom	
1904.76	-772.01	-4030.13	0.437742	-0.866856	0.238626	21.0777964743	Atom	
1913.39	-789.101	-4025.42	0.45835	-0.835413	0.303314	21.0222913916	Atom	
1928.5	-816.652	-4015.42	0.40141	-0.868334	0.291318	20.9292631037	Atom	
1935.08	-830.883	-4010.64	0.495003	-0.830957	0.253932	20.8828671629	Atom	
1940.89	-840.634	-4007.66	-0.121039	-0.92915	-0.349328	20.8495941775	Atom	
1940.13	-846.467	-4009.86	0.136152	-0.982108	-0.130099	20.8317696986	Atom	
1943.49	-870.715	-4013.07	0.0826675	-0.953925	-0.288431	20.7616215322	Atom	
1944.66	-884.22	-4017.15	0.0492885	-0.966256	-0.252824	20.721294084	Atom	
1945.97	-909.803	-4023.85	0.0200358	-0.973037	-0.229775	20.6457560233	Atom	
1946.33	-927.277	-4027.97	0.0459244	-0.95957	-0.277699	20.5943743441	Atom	
1946.35	-927.649	-4028.08	-0.00139695	-0.955835	-0.2939	20.5932646822	Atom	
1946.33	-936.325	-4030.75	0.104477	-0.951863	-0.28817	20.567242106	Atom	
1949.36	-963.889	-4039.09	0.158791	-0.970227	-0.182881	20.4841394094	Atom	
1949.48	-964.662	-4039.24	0.159659	-0.964667	-0.209588	20.4818467931	Atom	
1950.03	-967.986	-4039.96	0.104841	-0.951175	-0.290299	20.4719272525	Atom	
1952.48	-990.179	-4046.73	0.113678	-0.939619	-0.322789	20.4047243386	Atom	
1955.86	-1018.15	-4056.34	0.131042	-0.913596	-0.384929	20.318762767	Atom	
1960.07	-1047.49	-4068.71	0.152601	-0.906931	-0.39267	20.225721982	Atom	
1961.85	-1058.07	-4073.28	0.203701	-0.897189	-0.391865	20.1918234925	Atom	
1972.04	-1102.94	-4092.89	0.163019	-0.877704	-0.450623	20.046190965	Atom	
1975.58	-1122.01	-4102.67	0.159829	-0.89128	-0.424351	19.9825883903	Atom	
1975.68	-1122.54	-4102.93	0.203105	-0.889005	-0.410388	19.9808430183	Atom	
1978.46	-1134.73	-4108.56	0.215996	-0.877382	-0.428423	19.9405871166	Atom	
1980.48	-1142.9	-4112.55	0.179976	-0.875736	-0.44799	19.913202818	Atom	
1983.1	-1155.68	-4119.08	0.212904	-0.882397	-0.41958	19.8702774421	Atom	
1984.34	-1160.8	-4121.51	0.214157	-0.880371	-0.423184	19.8531712674	Atom	
1987.1	-1172.14	-4126.97	0.286465	-0.880529	-0.377632	19.8151589248	Atom	
1989.35	-1179.08	-4129.94	0.273856	-0.888368	-0.368518	19.791875948	Atom	
1996.14	-1201.11	-4139.08	0.211545	-0.945207	-0.248663	19.7185395112	Atom	
2004.63	-1239.05	-4149.06	0.193919	-0.951469	-0.23896	19.5995100062	Atom	
2012.41	-1277.21	-4158.65	0.319975	-0.940692	-0.112756	19.4799819183	Atom	
2013.47	-1280.32	-4159.02	0.631296	-0.772807	-0.0650694	19.4700917201	Atom	
2024.31	-1293.59	-4160.14	0.603971	-0.794087	-0.0681553	19.4186455857	Atom	
2024.6	-1293.97	-4160.17	0.54506	-0.836832	-0.0512127	19.4172018193	Atom	
2025.48	-1295.31	-4160.25	0.436013	-0.89994	-0.000166259	19.412396893	Atom	
2042.09	-1329.6	-4160.26	0.386272	-0.921859	-0.0311413	19.2980055994	Atom	
2048.76	-1345.53	-4160.8	0.341249	-0.937042	-0.0741709	19.2458912836	Atom	
2049.88	-1348.59	-4161.04	0.314252	-0.941366	-0.122782	19.2360293242	Atom	
2051.49	-1353.42	-4161.67	0.397669	-0.903621	-0.159148	19.2205082109	Atom	
2067.61	-1390.06	-4168.12	0.342657	-0.929067	-0.139358	19.0978167632	Atom	
2068	-1391.11	-4168.28	0.3256	-0.934384	-0.144608	19.0943880294	Atom	
2077.01	-1416.96	-4172.28	0.305112	-0.939883	-0.153384	19.0102435361	Atom	
2080.85	-1428.78	-4174.21	0.356921	-0.911737	-0.20333	18.9718823791	Atom	
2081.83	-1431.28	-4174.77	0.36748	-0.912126	-0.181617	18.9634858229	Atom	
2099.19	-1474.37	-4183.35	0.527153	-0.814061	-0.243752	18.8190453048	Atom	
2105.39	-1483.95	-4186.21	0.520282	-0.775561	-0.357507	18.7828687788	Atom	
2115.65	-1499.25	-4193.27	0.558084	-0.770763	-0.307354	18.7220737956	Atom	
2132	-1521.83	-4202.27	0.586063	-0.760814	-0.278734	18.6316197633	Atom	
2134.24	-1524.73	-4203.34	0.599788	-0.740609	-0.302907	18.6197869244	Atom	
2134.89	-1525.54	-4203.66	0.33795	-0.812476	-0.47505	18.6164319034	Atom	
2137.66	-1532.2	-4207.56	0.322629	-0.809057	-0.49126	18.5909866577	Atom	
2138.75	-1534.93	-4209.22	0.323033	-0.810805	-0.488104	18.580496462	Atom	
2145.02	-1550.67	-4218.69	0.321852	-0.790759	-0.520683	18.520221876	Atom	
2154.76	-1574.6	-4234.45	0.370213	-0.732313	-0.571542	18.4259509613	Atom	
2158.07	-1581.14	-4239.56	0.326936	-0.809176	-0.488209	18.3980188606	Atom	
2179.68	-1634.64	-4271.84	0.325868	-0.810612	-0.486537	18.1910457725	Atom	
2184.68	-1647.08	-4279.3	0.271847	-0.876682	-0.396897	18.1426104773	Atom	
2185.69	-1650.33	-4280.77	0.315079	-0.906171	-0.2821	18.1308538514	Atom	
2187.38	-1655.18	-4282.28	0.316337	-0.935447	-0.157702	18.1139158091	Atom	
2187.65	-1655.98	-4282.42	0.362213	-0.927318	-0.0942486	18.1112101062	Atom	
2188.98	-1659.39	-4282.76	0.365195	-0.925464	-0.100741	18.0995535067	Atom	
2191.7	-1666.29	-4283.51	0.420372	-0.898974	-0.123016	18.0759102136	Atom	
2193.11	-1669.3	-4283.93	0.397446	-0.911862	-0.102688	18.0652895784	Atom	
2193.12	-1669.33	-4283.93	0.400306	-0.91231	-0.0862806	18.0651727084	Atom	
2194.43	-1672.32	-4284.21	0.402916	-0.911282	-0.0849951	18.0547791008	Atom	
2195.1	-1673.83	-4284.35	0.581783	-0.81102	-0.0614384	18.0495138041	Atom	
2196.85	-1676.27	-4284.54	0.567695	-0.814922	-0.116721	18.0399467689	Atom	
2207.16	-1691.06	-4286.66	0.605102	-0.792889	-0.0719618	17.9822647405	Atom	
2212.54	-1698.12	-4287.3	0.63553	-0.76857	-0.0734973	17.9538888043	Atom	
2224.1	-1712.1	-4288.63	0.57024	-0.819802	-0.0524563	17.8958617392	Atom	
2237.34	-1731.13	-4289.85	0.5222	-0.844965	-0.115505	17.8216344973	Atom	
2241.98	-1738.64	-4290.88	0.520099	-0.828513	-0.207517	17.793093382	Atom	
2244.32	-1742.36	-4291.81	0.651843	-0.756707	0.049956	17.7786762029	Atom	
2247.61	-1746.18	-4291.56	0.754127	-0.656543	-0.0156059	17.7624272871	Atom	
2256.07	-1753.55	-4291.73	0.74767	-0.663462	-0.0284109	17.7263556359	Atom	
2264.64	-1761.15	-4292.06	0.781786	-0.623542	0.00252797	17.6894126489	Atom	
2269.54	-1765.06	-4292.04	0.783634	-0.621128	0.0109132	17.6691672435	Atom	
2283.95	-1776.48	-4291.84	0.777478	-0.628683	-0.0169249	17.6097727508	Atom	
2284.97	-1777.31	-4291.86	0.765822	-0.629671	-0.130502	17.6055236151	Atom	
2305.88	-1794.5	-4295.43	0.811397	-0.58353	-0.0335875	17.5170684231	Atom	
2312.06	-1798.95	-4295.68	0.910949	-0.393051	0.125232	17.4922971743	Atom	
2316.25	-1800.76	-4295.11	0.852668	-0.495405	0.165924	17.4773207789	Atom	
2348.49	-1819.49	-4288.83	0.805072	-0.558231	0.200591	17.3541525884	Atom	
2358.67	-1826.54	-4286.3	0.869535	-0.15808	-0.467889	17.312758613	Atom	
2371.24	-1828.83	-4293.07	0.880064	-0.175049	-0.441413	17.2652861887	Atom	
2379	-1830.37	-4296.96	0.836074	-0.080303	-0.542707	17.2363072426	Atom	
2439.33	-1836.17	-4336.12	0.853216	-0.0554649	-0.518599	16.9986743209	Atom	
2447.91	-1836.72	-4341.33	0.872749	-0.0831022	-0.481043	16.9652103666	Atom	
2512.71	-1842.89	-4377.05	0.892885	0.0551367	-0.446896	16.717708322	Atom	
2514.81	-1842.76	-4378.1	0.884021	0.0527495	-0.464461	16.7097575096	Atom	
2521.2	-1842.38	-4381.46	0.885126	0.037481	-0.463839	16.6853801066	Atom	
2537.26	-1841.7	-4389.88	0.883634	0.0285375	-0.467308	16.6241145049	Atom	
2542.8	-1841.52	-4392.81	0.883883	-0.014008	-0.467497	16.6028710452	Atom	
2548.02	-1841.61	-4395.57	0.866505	-0.0284293	-0.498359	16.5828584839	Atom	
2558	-1841.93	-4401.31	0.885969	-0.0155341	-0.463485	16.5437844631	Atom	
2562.66	-1842.01	-4403.75	0.881977	-0.0374563	-0.469803	16.5258934157	Atom	
2573.74	-1842.48	-4409.64	0.894685	-0.0216388	-0.446172	16.4831841936	Atom	
2576.81	-1842.56	-4411.18	0.914348	-0.109887	-0.389735	16.4714641599	Atom	
2583.99	-1843.42	-4414.23	0.909234	-0.187261	-0.371789	16.4447132832	Atom	
2589.47	-1844.55	-4416.48	0.912015	-0.208297	-0.35333	16.4241038797	Atom	
2599.18	-1846.77	-4420.24	0.917076	-0.0676429	-0.392932	16.3877274878	Atom	
2603.23	-1847.07	-4421.98	0.913968	-0.0885373	-0.396009	16.3725827448	Atom	
2615.48	-1848.25	-4427.28	0.544097	0.577839	-0.608326	16.3266725929	Atom	
2633.48	-1829.14	-4447.41	0.48845	0.589439	-0.643412	16.2130755663	Atom	
2637.82	-1823.9	-4453.13	0.496516	0.607857	-0.619663	16.1823768819	Atom	
2657.4	-1799.93	-4477.56	0.488183	0.652793	-0.579257	16.0460412523	Atom	
2675.02	-1776.37	-4498.47	0.47846	0.659025	-0.580312	15.9204366715	Atom	
2682.14	-1766.56	-4507.1	0.480061	0.649414	-0.589748	15.8683257816	Atom	
2691.17	-1754.35	-4518.19	0.506511	0.620723	-0.598456	15.802318218	Atom	
2694.83	-1749.86	-4522.52	0.517278	0.610831	-0.599423	15.7768429172	Atom	
2725.44	-1713.71	-4557.99	0.522423	0.610595	-0.595187	15.5682066637	Atom	
2733.05	-1704.82	-4566.66	0.453542	0.590414	-0.667616	15.5163470098	Atom	
2734.67	-1702.72	-4569.04	0.455959	0.59899	-0.658264	15.503605278	Atom	
2743.52	-1691.09	-4581.82	0.450195	0.596502	-0.664462	15.4342091043	Atom	
2749.81	-1682.75	-4591.11	0.462593	0.598286	-0.654264	15.3841065186	Atom	
2754.01	-1677.31	-4597.05	0.59015	0.394853	-0.704141	15.3514331099	Atom	
2771.38	-1665.7	-4617.77	0.555787	0.386294	-0.736123	15.2454950779	Atom	
2783.85	-1657.03	-4634.29	0.592824	0.433726	-0.678559	15.1642705789	Atom	
2786.3	-1655.24	-4637.09	0.586826	0.435984	-0.682315	15.1492513735	Atom	
2808.53	-1638.72	-4662.94	0.614142	0.386727	-0.687947	15.0114557035	Atom	
2809.54	-1638.09	-4664.07	0.621937	0.376183	-0.68679	15.0054220629	Atom	
2812.68	-1636.18	-4667.54	0.672589	0.432816	-0.600245	14.9868914406	Atom	
2815.37	-1634.46	-4669.94	0.680323	0.440714	-0.585604	14.9722528972	Atom	
2817.35	-1633.17	-4671.64	0.675689	0.399876	-0.619309	14.9615749971	Atom	
2830.07	-1625.64	-4683.31	0.693474	0.276935	-0.665133	14.8923831121	Atom	
2833.7	-1624.19	-4686.78	0.476335	0.210971	-0.853579	14.8731403698	Atom	
2845.75	-1618.86	-4708.38	0.445134	0.223794	-0.867048	14.7797873765	Atom	
2847.86	-1617.79	-4712.49	0.487984	0.208015	-0.847704	14.7621902679	Atom	
2849.77	-1616.98	-4715.81	0.468876	0.214277	-0.856878	14.7476633644	Atom	
2853.33	-1615.35	-4722.32	0.421078	0.186459	-0.887652	14.7194578233	Atom	
2873.98	-1606.21	-4765.85	0.411698	0.170052	-0.895314	14.5371074992	Atom	
2883.05	-1602.46	-4785.57	0.432213	0.0491836	-0.900429	14.4543856305	Atom	
2887.87	-1601.91	-4795.62	0.551367	0.046788	-0.83295	14.4123177642	Atom	
2894.95	-1601.31	-4806.31	0.445489	0.0960937	-0.890116	14.3638089923	Atom	
2897.1	-1600.85	-4810.61	0.4229	0.0953193	-0.901149	14.3454990676	Atom	
2898.21	-1600.6	-4812.97	0.348642	0.253107	-0.902433	14.3355344042	Atom	
2909.17	-1592.64	-4841.34	0.385569	0.189412	-0.903028	14.2162445839	Atom	
2913.44	-1590.54	-4851.35	0.379415	0.153672	-0.912376	14.1739040017	Atom	
2920.08	-1587.85	-4867.32	0.261261	0.217809	-0.940373	14.1069176317	Atom	
2920.29	-1587.68	-4868.05	0.210564	0.126764	-0.969326	14.1039065368	Atom	
2926.1	-1584.19	-4894.79	0.167336	0.109461	-0.979805	13.9979084488	Atom	
2926.43	-1583.97	-4896.72	0.213627	0.0360731	-0.976249	13.990292974	Atom	
2929.28	-1583.49	-4909.78	0.261279	-0.0370088	-0.964554	13.9385878829	Atom	
2932.39	-1583.93	-4921.25	0.25348	0.0283287	-0.966926	13.8924572647	Atom	
2938.94	-1583.2	-4946.24	0.165613	-0.0220368	-0.985945	13.7919892863	Atom	
2940.29	-1583.38	-4954.27	0.219287	0.234954	-0.946948	13.7601670418	Atom	
2941.01	-1582.6	-4957.39	0.248328	0.190551	-0.949749	13.7472534527	Atom	
2948.97	-1576.5	-4987.82	0.360468	0.141801	-0.92193	13.6217371138	Atom	
2952.52	-1575.1	-4996.9	0.414177	0.16123	-0.895803	13.5828581175	Atom	
2952.65	-1575.05	-4997.17	0.397555	0.179813	-0.899788	13.5816478698	Atom	
2953.28	-1574.77	-4998.6	0.389864	0.215746	-0.895243	13.5753886754	Atom	
2953.89	-1574.43	-5000	0.389864	0.215746	-0.895243	13.5691911738	Region	
"-----------------------------------------------------------------"
"Trajectory"	89

"NbCollisions"	291
"Zmax"	0
"Display"	256

"Collisions"

"X"	"Y"	"Z"	"Rx"	"Ry"	"Rz"	"Energy"	"CollisionType"	
0.0574358	-0.240176	-5000	-2.12192e-006	-3.23468e-006	1	30	Region	
0.0574334	-0.24018	-4998.87	-0.00546088	0.0105704	0.999929	29.9975981759	Atom	
0.046617	-0.219243	-4996.89	-0.00549852	-0.0012248	0.999984	29.9933808205	Atom	
-0.108589	-0.253815	-4968.66	0.0160021	-0.00702911	0.999847	29.9332724115	Atom	
-0.0322372	-0.287354	-4963.89	0.0294266	0.016951	0.999423	29.9230956099	Atom	
0.910157	0.255507	-4931.89	0.0307474	0.03765	0.998818	29.8547707849	Atom	
1.03646	0.410167	-4927.78	0.0938859	-0.0117378	0.995514	29.845990833	Atom	
2.82439	0.186638	-4908.83	0.0855698	0.00173436	0.996331	29.8052782484	Atom	
5.95999	0.250192	-4872.32	0.0757855	0.0147945	0.997014	29.7268532268	Atom	
10.0059	1.04002	-4819.09	0.0808475	0.00623418	0.996707	29.6123550227	Atom	
10.6237	1.08766	-4811.47	0.0216221	-0.0200177	0.999566	29.595914965	Atom	
10.7832	0.940054	-4804.1	0.0356817	-0.0233121	0.999091	29.5800448419	Atom	
11.5584	0.43358	-4782.4	0.0330073	-0.0207208	0.99924	29.5332650993	Atom	
11.8127	0.273918	-4774.7	0.0194901	-0.0263624	0.999462	29.516652927	Atom	
11.9404	0.101214	-4768.15	0.0162634	-0.00982273	0.999819	29.5025229413	Atom	
11.9768	0.0792498	-4765.91	-0.013233	-0.0186638	0.999738	29.49769809	Atom	
11.8967	-0.0336515	-4759.87	-0.0315068	0.0233898	0.99923	29.4846440151	Atom	
11.3014	0.408277	-4740.99	-0.0121524	0.0281563	0.99953	29.443856423	Atom	
11.2674	0.487105	-4738.19	-0.0584784	0.0864421	0.994539	29.4378059739	Atom	
8.67281	4.32242	-4694.06	0.227858	0.433082	0.872079	29.341903921	Atom	
17.8514	21.7679	-4658.93	0.266277	0.459358	0.8474	29.2546073508	Atom	
27.0507	37.6377	-4629.66	0.288019	0.443783	0.848588	29.1795599577	Atom	
36.2732	51.8479	-4602.48	0.288684	0.451728	0.844158	29.1098595441	Atom	
64.6484	96.2489	-4519.51	0.256231	0.393227	0.883017	28.8954968369	Atom	
65.6811	97.8337	-4515.95	0.285603	0.35582	0.889844	28.8866554739	Atom	
77.2675	112.269	-4479.85	0.286382	0.354974	0.889932	28.7976361547	Atom	
86.5838	123.816	-4450.9	0.266291	0.4097	0.872488	28.7260775958	Atom	
95.9598	138.242	-4420.18	0.271688	0.403118	0.873889	28.6484723935	Atom	
98.7295	142.351	-4411.27	0.265746	0.403953	0.875329	28.6259544721	Atom	
99.2491	143.141	-4409.56	0.315471	0.32591	0.891213	28.6216333868	Atom	
106.557	150.691	-4388.92	0.362338	0.164204	0.917468	28.5704279281	Atom	
107.671	151.196	-4386.1	0.255724	0.20453	0.944866	28.5636205822	Atom	
109.197	152.416	-4380.46	0.219154	0.242586	0.945052	28.5504109566	Atom	
125.006	169.916	-4312.28	0.219296	0.242846	0.944952	28.3906328457	Atom	
128.38	173.652	-4297.75	0.257307	0.264396	0.929456	28.3564059648	Atom	
133.96	179.385	-4277.59	0.300061	0.220674	0.928044	28.3081165167	Atom	
140.209	183.981	-4258.27	0.491134	0.235985	0.838509	28.2616758731	Atom	
152.468	189.871	-4237.33	0.43197	0.280079	0.857297	28.2059391799	Atom	
160.695	195.205	-4221.01	0.470982	0.178344	0.863927	28.1633478129	Atom	
161.739	195.601	-4219.09	0.463081	0.192749	0.865103	28.1583862666	Atom	
165.081	196.992	-4212.85	0.470439	0.182644	0.863324	28.142220787	Atom	
167.559	197.954	-4208.3	0.498256	0.177283	0.848712	28.1304199919	Atom	
181.136	202.785	-4185.18	0.520614	0.192698	0.831762	28.0693526585	Atom	
189.311	205.81	-4172.11	0.557515	0.297414	0.775063	28.0340996145	Atom	
193.957	208.289	-4165.65	0.550017	0.352711	0.757018	28.0153699571	Atom	
204.573	215.097	-4151.04	0.592516	0.343366	0.728714	27.971970315	Atom	
218.372	223.093	-4134.07	0.583564	0.326663	0.743468	27.9195441061	Atom	
245.577	238.322	-4099.41	0.596435	0.301549	0.743864	27.8144343928	Atom	
258.305	244.757	-4083.54	0.667456	0.255782	0.699341	27.7661771126	Atom	
264.111	246.982	-4077.46	0.66635	0.263516	0.697522	27.7464788308	Atom	
278.916	252.837	-4061.96	0.678568	0.303177	0.669051	27.6961365027	Atom	
299.582	262.07	-4041.58	0.708658	0.301994	0.637654	27.6270300654	Atom	
315.119	268.691	-4027.6	0.706606	0.305277	0.638368	27.5771813559	Atom	
327.811	274.175	-4016.13	0.705102	0.297778	0.643552	27.5362841381	Atom	
329.956	275.08	-4014.18	0.704953	0.313474	0.636219	27.5293519657	Atom	
336.735	278.095	-4008.06	0.685775	0.313043	0.657051	27.5074245521	Atom	
347.453	282.988	-3997.79	0.697751	0.295789	0.652421	27.4717686084	Atom	
369.524	292.344	-3977.15	0.687867	0.398948	0.606366	27.3995287216	Atom	
399.26	309.59	-3950.94	0.679814	0.4059	0.610817	27.3005929292	Atom	
399.522	309.747	-3950.7	0.666222	0.398056	0.630635	27.2997077774	Atom	
408.828	315.307	-3941.9	0.669535	0.373906	0.641808	27.267647434	Atom	
421.061	322.138	-3930.17	0.688737	0.367486	0.624976	27.2256740005	Atom	
427.077	325.348	-3924.71	0.700322	0.361218	0.615687	27.2055807411	Atom	
439.289	331.647	-3913.97	0.614781	0.552851	0.562494	27.1654467556	Atom	
454.901	345.686	-3899.69	0.669591	0.544831	0.504785	27.1069317544	Atom	
465.878	354.618	-3891.41	0.657378	0.552627	0.512307	27.069091448	Atom	
489.175	374.203	-3873.26	0.636621	0.557455	0.532876	26.9871995795	Atom	
495.186	379.467	-3868.23	0.638419	0.552646	0.535727	26.9653280523	Atom	
500.58	384.136	-3863.7	0.654808	0.532425	0.536423	26.9457458952	Atom	
506.565	389.002	-3858.8	0.771965	0.502319	0.389546	26.924549781	Atom	
514.29	394.029	-3854.9	0.766147	0.531859	0.360755	26.9013269484	Atom	
524.041	400.797	-3850.31	0.74472	0.527924	0.408274	26.8717726543	Atom	
539.474	411.738	-3841.85	0.759975	0.540807	0.360508	26.8236062366	Atom	
549.691	419.008	-3837	0.722581	0.569514	0.391829	26.792315014	Atom	
550.02	419.268	-3836.82	0.685377	0.612529	0.393786	26.7912546282	Atom	
558.28	426.65	-3832.08	0.535973	0.797705	-0.276404	26.7631766679	Atom	
587.681	470.409	-3847.24	0.519244	0.813184	-0.262901	26.6352673771	Atom	
603.704	495.503	-3855.35	0.387316	0.917755	-0.0878132	26.5630388525	Atom	
605.224	499.103	-3855.7	0.387714	0.921639	0.0161219	26.5538359819	Atom	
615.697	523.998	-3855.26	0.381163	0.923723	0.0380855	26.4904587607	Atom	
620.57	535.809	-3854.78	0.389866	0.920721	0.0166538	26.46040104	Atom	
625.021	546.321	-3854.58	0.369477	0.929192	-0.00946599	26.4335392356	Atom	
625.776	548.22	-3854.6	0.327805	0.942142	0.0700934	26.4287262706	Atom	
631.338	564.204	-3853.42	0.310365	0.948673	0.0607703	26.3887706032	Atom	
631.928	566.008	-3853.3	0.321409	0.94587	0.0450204	26.3842874823	Atom	
636.517	579.512	-3852.66	0.31074	0.950384	0.0144956	26.3506180954	Atom	
637.638	582.94	-3852.6	0.286801	0.957655	-0.0253282	26.3421030838	Atom	
656.637	646.382	-3854.28	0.31832	0.946349	-0.0556353	26.1856766054	Atom	
669.669	685.123	-3856.56	0.306092	0.950209	-0.0584024	26.088554187	Atom	
670.765	688.526	-3856.77	0.291095	0.944711	-0.150943	26.0800339463	Atom	
670.959	689.157	-3856.87	0.172884	0.984941	0.0012918	26.0784431383	Atom	
672.41	697.423	-3856.86	0.160208	0.987042	-0.00902676	26.058468592	Atom	
687.747	791.911	-3857.72	0.151747	0.98773	-0.0369152	25.8304808047	Atom	
691.874	818.776	-3858.73	0.156328	0.987625	-0.0126127	25.765250613	Atom	
694.69	836.568	-3858.95	0.15099	0.988367	-0.0182587	25.7219589644	Atom	
697.552	855.3	-3859.3	0.231294	0.969305	-0.0833683	25.6763551549	Atom	
701.464	871.696	-3860.71	0.256046	0.961633	-0.098497	25.6355942533	Atom	
702.589	875.919	-3861.14	0.258984	0.963486	-0.0679868	25.6249997893	Atom	
706.38	890.024	-3862.14	0.274471	0.959274	-0.0667781	25.5896664501	Atom	
707.303	893.248	-3862.36	0.30069	0.94743	-0.109374	25.5815456336	Atom	
707.993	895.423	-3862.61	0.261629	0.960754	-0.0922013	25.5759988728	Atom	
714.755	920.257	-3865	0.248247	0.968105	-0.0338465	25.5135199392	Atom	
720.961	944.456	-3865.84	0.237963	0.970041	0.0489293	25.4529820006	Atom	
721.654	947.28	-3865.7	0.251477	0.967755	0.0144711	25.4459174964	Atom	
722.267	949.642	-3865.67	0.362366	0.932027	0.00406405	25.4399955894	Atom	
730.036	969.624	-3865.58	0.357826	0.933788	0.000830368	25.3879537546	Atom	
744.351	1006.98	-3865.55	0.418927	0.906637	0.0500977	25.2906923374	Atom	
753.413	1026.59	-3864.46	0.416338	0.907765	0.0512333	25.2379384211	Atom	
755.997	1032.23	-3864.14	0.474383	0.877331	0.0724623	25.2227768891	Atom	
766.021	1050.76	-3862.61	0.419896	0.897415	0.135398	25.1711342888	Atom	
783.423	1087.96	-3857	0.40415	0.909243	0.0997022	25.0696875157	Atom	
811.032	1150.07	-3850.19	0.372029	0.921538	0.111185	24.9019273378	Atom	
811.906	1152.24	-3849.93	0.346591	0.91858	0.189962	24.8961260516	Atom	
813.4	1156.19	-3849.11	0.342818	0.922872	0.175453	24.8854840285	Atom	
822.168	1179.8	-3844.62	0.296397	0.92211	0.248722	24.8223082961	Atom	
826.345	1192.79	-3841.12	0.322892	0.915995	0.238105	24.7874265502	Atom	
830.445	1204.43	-3838.09	0.350712	0.917343	0.18837	24.7559607763	Atom	
832.338	1209.38	-3837.08	-0.263954	0.236503	0.935091	24.7425764659	Atom	
830.904	1210.66	-3832	-0.271438	0.224392	0.935932	24.7290984344	Atom	
828.618	1212.55	-3824.12	-0.340532	0.283435	0.896495	24.7081921589	Atom	
827.397	1213.57	-3820.9	-0.349413	0.292782	0.89005	24.6992855568	Atom	
814.289	1224.55	-3787.51	-0.330911	0.214185	0.919034	24.606068418	Atom	
810.273	1227.15	-3776.36	-0.40729	0.203336	0.890376	24.5758239215	Atom	
803.296	1230.63	-3761.1	-0.129908	0.307782	0.942547	24.5330860346	Atom	
802.883	1231.61	-3758.11	-0.139548	0.380613	0.914144	24.5251458284	Atom	
801.917	1234.25	-3751.78	-0.0984432	0.451015	0.887071	24.5078456137	Atom	
800.85	1239.13	-3742.17	-0.108853	0.533556	0.838731	24.4807676044	Atom	
797.545	1255.33	-3716.7	-0.0919744	0.560671	0.822915	24.4047816787	Atom	
796.945	1258.99	-3711.34	-0.117523	0.59169	0.797553	24.3884328196	Atom	
796.506	1261.2	-3708.36	0.119675	0.603917	0.788012	24.3790572647	Atom	
803.359	1295.78	-3663.24	0.109227	0.638239	0.76205	24.2353007385	Atom	
806.219	1312.49	-3643.29	0.143351	0.656232	0.740817	24.1692625874	Atom	
807.341	1317.63	-3637.49	0.156434	0.671974	0.723864	24.1494786155	Atom	
811.209	1334.24	-3619.59	0.322599	0.716288	0.618758	24.086932645	Atom	
811.611	1335.13	-3618.82	0.332043	0.725517	0.602804	24.0837774908	Atom	
815.109	1342.78	-3612.47	0.344763	0.692543	0.633658	24.0570738805	Atom	
823.146	1358.92	-3597.7	0.343485	0.682957	0.644661	23.9979288534	Atom	
829.726	1372	-3585.35	0.168433	-0.361651	-0.916973	23.9492302935	Atom	
830.142	1371.11	-3587.61	0.0913505	-0.348951	-0.932678	23.9429412254	Atom	
834.389	1354.89	-3630.96	0.112895	-0.34881	-0.930369	23.8245667807	Atom	
834.771	1353.71	-3634.11	0.0992297	-0.274772	-0.956375	23.8159147409	Atom	
836.019	1350.25	-3646.15	0.131945	-0.297175	-0.945662	23.7837320187	Atom	
838.129	1345.5	-3661.27	0.160453	-0.320758	-0.933472	23.7427998859	Atom	
838.494	1344.77	-3663.39	0.070522	-0.453262	-0.888583	23.7369645683	Atom	
839.097	1340.89	-3670.99	0.077271	-0.445789	-0.891797	23.7150340659	Atom	
840.177	1334.67	-3683.45	0.0432486	-0.376137	-0.925554	23.6791991779	Atom	
840.966	1327.8	-3700.35	0.131088	-0.380097	-0.91561	23.6322918444	Atom	
843.857	1319.42	-3720.54	0.126184	-0.396152	-0.909473	23.5755448163	Atom	
847.886	1306.77	-3749.58	0.138111	-0.406273	-0.903254	23.493244603	Atom	
848.48	1305.02	-3753.46	0.158021	-0.415819	-0.895614	23.4821260226	Atom	
853.898	1290.77	-3784.17	0.180333	-0.436157	-0.881616	23.3934625408	Atom	
858.839	1278.82	-3808.32	0.227732	-0.391014	-0.891766	23.3224034768	Atom	
859.03	1278.49	-3809.08	0.185716	-0.378716	-0.906688	23.3202160566	Atom	
863.383	1269.61	-3830.33	0.285241	-0.412207	-0.865288	23.2592771804	Atom	
864.157	1268.49	-3832.67	0.274895	-0.424495	-0.862691	23.2522070414	Atom	
874.919	1251.87	-3866.45	0.418457	-0.380117	-0.824867	23.1501814704	Atom	
879.227	1247.96	-3874.94	0.408544	-0.345931	-0.844644	23.1232558804	Atom	
887.201	1241.21	-3891.43	0.388309	-0.350337	-0.852338	23.0721661286	Atom	
890.933	1237.84	-3899.62	0.292434	-0.324644	-0.899493	23.0469707047	Atom	
894.765	1233.59	-3911.4	0.279101	-0.333809	-0.900375	23.0125769914	Atom	
910.017	1215.35	-3960.61	0.27156	-0.325897	-0.905564	22.8689977621	Atom	
911.51	1213.55	-3965.58	0.250033	-0.279662	-0.92697	22.8544843383	Atom	
916.395	1208.09	-3983.7	0.239359	-0.353433	-0.904319	22.8028654133	Atom	
917.836	1205.96	-3989.14	0.2687	-0.444913	-0.854314	22.7869333399	Atom	
919.467	1203.26	-3994.33	0.162771	-0.367416	-0.915702	22.7708642859	Atom	
921.121	1199.53	-4003.63	0.156379	-0.369991	-0.91578	22.7439412928	Atom	
922.478	1196.32	-4011.58	0.220041	-0.183813	-0.958016	22.7209301361	Atom	
923.263	1195.66	-4014.99	0.190331	-0.102987	-0.976303	22.7114664644	Atom	
927.592	1193.32	-4037.2	0.202869	-0.181912	-0.96216	22.6510728015	Atom	
928.572	1192.44	-4041.85	0.262015	-0.144418	-0.954197	22.6382234653	Atom	
934.973	1188.91	-4065.16	0.22335	0.27206	-0.936001	22.573200969	Atom	
935.335	1189.35	-4066.68	0.243011	0.467326	-0.850031	22.5688826439	Atom	
937.256	1193.05	-4073.4	0.220722	0.421855	-0.879386	22.5477951765	Atom	
940.97	1200.15	-4088.2	0.20988	0.380576	-0.900618	22.5028579073	Atom	
946.549	1210.26	-4112.13	0.212777	0.388779	-0.896424	22.4317824423	Atom	
948.335	1213.53	-4119.66	0.224554	0.352401	-0.908509	22.4092707638	Atom	
955.802	1225.24	-4149.87	0.195194	0.355576	-0.914038	22.3200598333	Atom	
955.842	1225.32	-4150.06	0.169479	0.348587	-0.921827	22.3195103969	Atom	
956.609	1226.89	-4154.23	0.156259	0.288034	-0.944785	22.3073276366	Atom	
958.031	1229.52	-4162.83	0.182212	0.290965	-0.939222	22.2828196901	Atom	
959.303	1231.55	-4169.39	0.164106	0.260782	-0.951347	22.2640059173	Atom	
961.552	1235.12	-4182.42	0.15014	0.244945	-0.957841	22.2270558442	Atom	
961.874	1235.65	-4184.48	0.154395	0.272796	-0.949602	22.2212590383	Atom	
967.656	1245.86	-4220.04	0.231804	0.279903	-0.931623	22.120125843	Atom	
973.974	1253.49	-4245.43	0.216388	0.256577	-0.94199	22.0462439849	Atom	
975.853	1255.72	-4253.61	0.244047	0.246291	-0.937967	22.0226445578	Atom	
976.34	1256.21	-4255.48	0.278579	0.263903	-0.923444	22.0172169509	Atom	
976.493	1256.36	-4255.99	0.265211	0.245239	-0.932481	22.0157310872	Atom	
982.264	1261.69	-4276.28	0.274107	0.252069	-0.928077	21.9565270766	Atom	
992.958	1271.53	-4312.48	0.278823	0.30097	-0.911962	21.8501643785	Atom	
994.872	1273.59	-4318.74	0.305957	0.302375	-0.902751	21.8313799488	Atom	
999.425	1278.09	-4332.18	0.265511	0.36772	-0.891227	21.7906249934	Atom	
1004.25	1284.78	-4348.39	-0.809286	-0.321369	-0.491709	21.7407325586	Atom	
1004.06	1284.7	-4348.51	-0.808265	-0.241534	-0.537	21.7400771041	Atom	
991.447	1280.93	-4356.89	-0.827832	-0.225152	-0.51381	21.6971954755	Atom	
985.449	1279.3	-4360.61	-0.825863	-0.232219	-0.513834	21.6772569794	Atom	
978.671	1277.4	-4364.83	-0.770026	-0.291108	-0.567729	21.6546532827	Atom	
971.732	1274.77	-4369.95	-0.742885	-0.27604	-0.609855	21.6298172839	Atom	
965.117	1272.32	-4375.38	-0.733929	-0.29146	-0.613514	21.6052520803	Atom	
958.186	1269.56	-4381.17	-0.696854	-0.197809	-0.689395	21.5791775318	Atom	
933.55	1262.57	-4405.54	-0.709636	-0.219488	-0.669509	21.4814740128	Atom	
930.975	1261.77	-4407.97	-0.62627	-0.0635652	-0.777011	21.4714091336	Atom	
930.462	1261.72	-4408.61	-0.687533	-0.0781168	-0.721939	21.4691356613	Atom	
926.655	1261.29	-4412.61	-0.637427	-0.131584	-0.759192	21.4537713942	Atom	
913.283	1258.53	-4428.53	-0.604584	-0.13143	-0.785624	21.3955270325	Atom	
902.216	1256.12	-4442.91	-0.643693	-0.180895	-0.743597	21.3445975836	Atom	
901.005	1255.78	-4444.31	-0.274782	0.36045	-0.891387	21.3393553692	Atom	
899.171	1258.19	-4450.26	-0.26922	0.40809	-0.872343	21.3207401937	Atom	
898.899	1258.6	-4451.14	-0.27102	0.396197	-0.877255	21.317928527	Atom	
897.697	1260.36	-4455.03	-0.272804	0.416297	-0.867337	21.3055502284	Atom	
897.155	1261.19	-4456.76	-0.274296	0.408151	-0.870732	21.2999983731	Atom	
886.015	1277.76	-4492.12	-0.263309	0.415294	-0.870746	21.1866082622	Atom	
884.228	1280.58	-4498.03	-0.34284	0.394778	-0.852415	21.1675809196	Atom	
882.267	1282.84	-4502.91	-0.328656	0.391732	-0.859378	21.1515296194	Atom	
881.031	1284.31	-4506.14	-0.322414	0.389578	-0.862716	21.1409748806	Atom	
867.175	1301.05	-4543.21	-0.35243	0.400357	-0.845877	21.0202765607	Atom	
866.017	1302.37	-4545.99	-0.339586	0.418937	-0.842124	21.0110025939	Atom	
854.27	1316.86	-4575.12	-0.357306	0.37658	-0.854705	20.9133770658	Atom	
851.219	1320.08	-4582.42	-0.296188	0.304001	-0.905459	20.8891951932	Atom	
850.498	1320.82	-4584.63	-0.26039	0.329059	-0.907699	20.8822926929	Atom	
838.559	1335.9	-4626.24	-0.221553	0.308414	-0.925092	20.7522710107	Atom	
835.15	1340.65	-4640.48	-0.220867	0.312034	-0.924042	20.7084240464	Atom	
835.115	1340.7	-4640.63	-0.222364	0.316051	-0.922316	20.7079689093	Atom	
833.533	1342.95	-4647.19	-0.142382	0.475992	-0.867848	20.6876669382	Atom	
833.31	1343.7	-4648.55	-0.137712	0.490737	-0.860356	20.6831784102	Atom	
828.778	1359.84	-4676.86	-0.285303	0.454493	-0.843824	20.5891603661	Atom	
827.454	1361.95	-4680.78	-0.291664	0.444127	-0.847162	20.5758573578	Atom	
826.698	1363.1	-4682.97	-0.283557	0.455899	-0.843654	20.5684176078	Atom	
823.486	1368.27	-4692.53	-0.285178	0.448112	-0.847272	20.5359180715	Atom	
820.383	1373.14	-4701.75	-0.292556	0.442185	-0.84787	20.5046504311	Atom	
817.275	1377.84	-4710.76	-0.254636	0.473097	-0.843409	20.4740896546	Atom	
812.898	1385.97	-4725.25	-0.246054	0.481723	-0.841071	20.4245870575	Atom	
804.887	1401.66	-4752.64	-0.379146	0.41135	-0.828879	20.33064471	Atom	
800.318	1406.61	-4762.62	-0.383465	0.451065	-0.805913	20.2957513637	Atom	
799.972	1407.02	-4763.35	-0.416224	0.397611	-0.817718	20.2931282351	Atom	
793.007	1413.68	-4777.03	-0.403308	0.402139	-0.821965	20.2446064877	Atom	
791.277	1415.4	-4780.56	-0.462496	0.456691	-0.759954	20.2321403985	Atom	
786.223	1420.39	-4788.87	-0.496875	0.443085	-0.746184	20.200377019	Atom	
785.576	1420.97	-4789.84	-0.460866	0.43625	-0.772845	20.1965839353	Atom	
777.115	1428.98	-4804.03	-0.791484	0.00673963	-0.611152	20.1431439548	Atom	
754.36	1429.17	-4821.6	-0.834452	-0.00931788	-0.551002	20.0592835249	Atom	
738.444	1428.99	-4832.11	-0.818331	0.0154171	-0.57454	20.0034664082	Atom	
727.504	1429.2	-4839.79	-0.586318	0.1457	-0.796871	19.9642597559	Atom	
722.904	1430.34	-4846.04	-0.604286	0.129496	-0.786174	19.9412176217	Atom	
692.63	1436.83	-4885.43	-0.661495	0.036262	-0.749073	19.7939269251	Atom	
687.285	1437.12	-4891.48	-0.693274	-0.00561592	-0.720652	19.770033665	Atom	
670.964	1436.99	-4908.44	-0.638277	-0.010041	-0.769742	19.7003572829	Atom	
657.443	1436.78	-4924.75	-0.629996	-0.00608756	-0.776574	19.6374830409	Atom	
656.52	1436.77	-4925.89	-0.407804	-0.385692	-0.827609	19.6331248077	Atom	
654.294	1434.66	-4930.4	-0.38502	-0.351495	-0.853353	19.6168811002	Atom	
652.285	1432.83	-4934.86	-0.410588	-0.290961	-0.864152	19.6013440227	Atom	
645.686	1428.15	-4948.75	-0.37512	-0.293056	-0.879434	19.55344912	Atom	
645.205	1427.78	-4949.87	-0.578846	-0.703927	-0.411612	19.5496271945	Atom	
642.408	1424.38	-4951.86	-0.592478	-0.684933	-0.424072	19.5351977113	Atom	
632.423	1412.83	-4959.01	-0.652734	-0.644004	-0.398995	19.484846814	Atom	
622.199	1402.75	-4965.26	-0.656668	-0.666196	-0.353511	19.4379565862	Atom	
606.117	1386.43	-4973.92	-0.671865	-0.645012	-0.364084	19.3645074314	Atom	
600.282	1380.83	-4977.08	-0.666647	-0.649256	-0.366126	19.3383815229	Atom	
597.198	1377.83	-4978.77	-0.650989	-0.634706	-0.416367	19.3244511697	Atom	
594.468	1375.16	-4980.52	-0.649151	-0.584388	-0.486922	19.3118158147	Atom	
584.378	1366.08	-4988.09	-0.649402	-0.576728	-0.495643	19.2649618975	Atom	
581.512	1363.54	-4990.27	-0.607046	-0.598819	-0.522409	19.251633378	Atom	
581.018	1363.05	-4990.7	-0.638193	-0.563292	-0.524798	19.2491761599	Atom	
580.269	1362.39	-4991.32	-0.620566	-0.576331	-0.531732	19.2456265126	Atom	
571.761	1354.49	-4998.61	-0.413222	-0.488987	-0.768205	19.2041882681	Atom	
571.011	1353.6	-5000	-0.413222	-0.488987	-0.768205	19.198691591	Region	
"-----------------------------------------------------------------"
"Trajectory"	91

"NbCollisions"	250
"Zmax"	0
"Display"	256

"Collisions"

"X"	"Y"	"Z"	"Rx"	"Ry"	"Rz"	"Energy"	"CollisionType"	
-0.175361	-0.171904	-5000	-3.21485e-006	-4.09109e-006	1	30	Region	
-0.175375	-0.171922	-4995.62	0.0295165	0.0508327	0.998271	29.9906793774	Atom	
0.814339	1.53254	-4962.15	0.0532172	0.0624596	0.996628	29.9192712695	Atom	
1.69476	2.56586	-4945.66	0.0671416	0.0728153	0.995083	29.8839720114	Atom	
2.54884	3.49212	-4933	0.0583598	0.0617964	0.996381	29.8568045953	Atom	
4.19164	5.23165	-4904.96	0.0695728	0.0663856	0.995366	29.7966423138	Atom	
7.1401	8.04505	-4862.77	-0.022565	0.132893	0.990873	29.7059206565	Atom	
6.9158	9.36608	-4852.92	0.0269975	0.115721	0.992915	29.6845891718	Atom	
8.85345	17.6716	-4781.66	0.143497	0.138041	0.979976	29.5304852047	Atom	
13.8672	22.4947	-4747.42	0.267114	0.140169	0.953416	29.4551527653	Atom	
30.3224	31.1296	-4688.69	0.332592	0.0800828	0.939665	29.322059559	Atom	
30.842	31.2547	-4687.22	0.3081	0.0420181	0.950426	29.3186720254	Atom	
31.8075	31.3864	-4684.24	0.241944	0.049292	0.969037	29.3118764343	Atom	
33.5468	31.7408	-4677.27	0.223354	0.181186	0.95775	29.2962846104	Atom	
38.9025	36.0853	-4654.31	0.304628	0.287316	0.908103	29.2442556091	Atom	
42.2586	39.2507	-4644.3	0.298275	0.27767	0.913199	29.2203170611	Atom	
48.9813	45.509	-4623.72	0.280431	0.296786	0.91284	29.1713110529	Atom	
54.9662	51.8429	-4604.24	0.234352	0.378371	0.895497	29.1248452095	Atom	
57.9133	56.6011	-4592.98	0.27694	0.391153	0.877669	29.0974307207	Atom	
60.3754	60.0786	-4585.17	0.268693	0.387564	0.881815	29.0780353132	Atom	
64.7144	66.3373	-4570.93	0.35944	0.345376	0.866902	29.0427859602	Atom	
71.1818	72.5516	-4555.34	0.319743	0.265257	0.909617	29.0034734835	Atom	
76.8651	77.2664	-4539.17	0.314696	0.274109	0.908752	28.9645954875	Atom	
87.2625	86.3229	-4509.14	0.338945	0.270631	0.901041	28.8922522597	Atom	
88.4673	87.2848	-4505.94	0.331944	0.2953	0.895886	28.8844537115	Atom	
97.9274	95.7006	-4480.41	0.332965	0.291294	0.896818	28.8219141196	Atom	
104.847	101.755	-4461.77	0.370963	0.293585	0.881019	28.7762282386	Atom	
110.605	106.311	-4448.1	0.348961	0.354003	0.867703	28.7420698027	Atom	
110.78	106.489	-4447.66	0.296055	0.3366	0.893897	28.7409594032	Atom	
111.269	107.044	-4446.19	0.288895	0.337758	0.895801	28.7373271246	Atom	
118.561	115.57	-4423.57	0.272422	0.31421	0.909428	28.6817092607	Atom	
122.011	119.549	-4412.06	0.274784	0.313395	0.908998	28.6537628227	Atom	
130.465	129.191	-4384.09	0.329387	0.251437	0.910101	28.5858153479	Atom	
132.401	130.669	-4378.74	0.324238	0.261449	0.909128	28.5728103371	Atom	
134.447	132.319	-4373	0.386006	0.327158	0.862535	28.5588406882	Atom	
141.431	138.238	-4357.4	0.411558	0.277749	0.86803	28.5187781822	Atom	
144.817	140.523	-4350.26	0.393386	0.133834	0.90958	28.500539066	Atom	
150.125	142.329	-4337.98	0.434641	0.151805	0.887717	28.4706097123	Atom	
170.618	149.486	-4296.13	0.469711	0.113672	0.875472	28.3659485176	Atom	
176.942	151.017	-4284.34	0.386043	0.21533	0.896997	28.3359716187	Atom	
202.636	165.348	-4224.64	0.315024	0.227743	0.921354	28.1876702821	Atom	
204.585	166.757	-4218.94	0.307647	0.234852	0.922062	28.1738265392	Atom	
205.257	167.27	-4216.93	0.419763	0.395004	0.817173	28.1689384662	Atom	
215.145	176.575	-4197.68	0.408321	0.389351	0.825639	28.1162036388	Atom	
219.867	181.078	-4188.13	0.448744	0.430814	0.782961	28.0902748657	Atom	
231.912	192.642	-4167.11	0.410309	0.423382	0.807709	28.0300464279	Atom	
238.789	199.738	-4153.58	0.380069	0.388531	0.839399	27.9923795355	Atom	
240.435	201.42	-4149.94	0.272799	0.433222	0.859011	27.9826356287	Atom	
246.367	210.841	-4131.26	-0.449762	0.459676	0.765775	27.9336937057	Atom	
234.365	223.108	-4110.83	-0.391057	0.495791	0.775413	27.8735529814	Atom	
233.068	224.752	-4108.25	-0.413881	0.507147	0.755979	27.8660666962	Atom	
227.255	231.875	-4097.64	-0.477425	0.500001	0.72254	27.8343507616	Atom	
222.818	236.521	-4090.92	-0.545745	0.540943	0.639955	27.8133471522	Atom	
217.327	241.965	-4084.48	-0.541051	0.559007	0.628312	27.7905912329	Atom	
213.733	245.678	-4080.31	-0.50169	0.585054	0.637196	27.7755595776	Atom	
207.268	253.217	-4072.1	-0.500523	0.546418	0.671494	27.7463872349	Atom	
205.246	255.424	-4069.38	-0.525158	0.525737	0.669186	27.7372338454	Atom	
176.183	284.52	-4032.35	-0.512511	0.500642	0.697632	27.611805535	Atom	
176	284.698	-4032.1	-0.521964	0.510871	0.683055	27.6109956875	Atom	
171.793	288.816	-4026.6	-0.511735	0.504488	0.695427	27.5926613695	Atom	
166.939	293.601	-4020	-0.523652	0.500801	0.689193	27.5710748051	Atom	
163.277	297.104	-4015.18	-0.542704	0.507812	0.669029	27.555146298	Atom	
159.686	300.463	-4010.75	-0.540255	0.511039	0.668553	27.5400745565	Atom	
126.596	331.764	-3969.81	-0.505118	0.53721	0.675471	27.400467943	Atom	
104.057	355.735	-3939.67	-0.49467	0.574321	0.652271	27.2983525723	Atom	
101.991	358.133	-3936.94	-0.484288	0.604694	0.632306	27.2887659159	Atom	
100.379	360.147	-3934.84	-0.475668	0.619452	0.624515	27.2811207271	Atom	
97.7451	363.576	-3931.38	-0.472978	0.627193	0.618806	27.2684059884	Atom	
94.6335	367.703	-3927.31	0.0336572	0.94605	-0.322269	27.2532920542	Atom	
96.5682	422.086	-3945.83	0.0392959	0.941459	-0.33483	27.1211736085	Atom	
96.7311	425.987	-3947.22	0.0680631	0.92972	-0.361923	27.1116113028	Atom	
98.1066	444.777	-3954.53	0.0788173	0.912119	-0.402276	27.0649685765	Atom	
98.1757	445.576	-3954.89	0.0641644	0.896323	-0.438734	27.0629433422	Atom	
99.3248	461.629	-3962.74	0.0350537	0.883593	-0.466942	27.0215521144	Atom	
99.8801	475.624	-3970.14	0.029796	0.876618	-0.480264	26.9848997063	Atom	
100.252	486.56	-3976.13	0.0874582	0.912298	-0.400079	26.9560026343	Atom	
100.432	488.437	-3976.95	0.110731	0.88365	-0.454865	26.9512318953	Atom	
101.971	500.723	-3983.28	0.0906483	0.870256	-0.484187	26.9189928857	Atom	
104.374	523.794	-3996.11	0.0977631	0.8547	-0.509834	26.8574615298	Atom	
105.921	537.315	-4004.18	0.0880303	0.865656	-0.492839	26.8206781855	Atom	
109.78	575.262	-4025.78	-0.31901	0.86661	-0.383693	26.7186374042	Atom	
106.578	583.96	-4029.64	-0.274762	0.862031	-0.42592	26.6952039443	Atom	
98.6735	608.76	-4041.89	-0.281017	0.911678	-0.299789	26.627986537	Atom	
95.9811	617.495	-4044.76	-0.30564	0.908494	-0.284997	26.6055566685	Atom	
94.1291	623	-4046.49	-0.301629	0.904858	-0.300419	26.5913616752	Atom	
89.0314	638.292	-4051.57	-0.349	0.906534	-0.237476	26.5517525441	Atom	
61.1314	710.763	-4070.55	-0.351095	0.904091	-0.243623	26.3641709855	Atom	
60.3859	712.683	-4071.07	-0.365584	0.909289	-0.198853	26.3591605194	Atom	
54.827	726.509	-4074.09	-0.343685	0.907081	-0.243074	26.3232752297	Atom	
52.4325	732.829	-4075.78	-0.415877	0.889352	-0.189998	26.3068149776	Atom	
40.8925	757.507	-4081.06	-0.450013	0.885677	-0.114298	26.241223838	Atom	
37.6405	763.907	-4081.88	-0.518504	0.849503	-0.097457	26.2241081807	Atom	
36.1602	766.333	-4082.16	-0.537302	0.836364	-0.108636	26.2173428087	Atom	
32.9873	771.272	-4082.8	-0.535413	0.827746	-0.167841	26.2033464891	Atom	
23.5522	785.858	-4085.76	-0.534975	0.835797	-0.123472	26.1615617351	Atom	
2.72676	818.394	-4090.57	-0.502374	0.861554	-0.0731064	26.0691406413	Atom	
-21.6772	860.246	-4094.12	-0.522014	0.850642	0.0625272	25.9534862838	Atom	
-26.9288	868.803	-4093.49	-0.204141	0.954446	-0.21762	25.9294499578	Atom	
-27.2309	870.216	-4093.81	-0.215534	0.97104	-0.103082	25.9259106213	Atom	
-29.5192	880.526	-4094.91	-0.232646	0.966155	-0.111451	25.9005229063	Atom	
-31.7459	889.773	-4095.97	-0.235171	0.961377	-0.143	25.8776185569	Atom	
-35.3082	904.335	-4098.14	-0.225862	0.966298	-0.123507	25.8413427121	Atom	
-36.7392	910.458	-4098.92	0.218434	0.942416	-0.253258	25.8261528265	Atom	
-28.8061	944.685	-4108.12	0.208685	0.944306	-0.254433	25.7390405917	Atom	
-19.5275	986.671	-4119.43	0.235559	0.910467	-0.339945	25.632108911	Atom	
-19.1302	988.206	-4120	0.222396	0.911291	-0.346538	25.6280397586	Atom	
-16.7984	997.761	-4123.64	0.287528	0.854963	-0.431702	25.6027368972	Atom	
-13.2784	1008.23	-4128.92	0.292349	0.838817	-0.459259	25.5731699554	Atom	
-12.5908	1010.2	-4130	0.233116	0.82846	-0.509226	25.5674839317	Atom	
-8.47437	1024.83	-4139	0.23572	0.831757	-0.502609	25.5247905283	Atom	
-7.81426	1027.16	-4140.4	0.222276	0.838905	-0.496822	25.5180108279	Atom	
-6.27477	1032.97	-4143.84	0.224598	0.831904	-0.507436	25.5012395192	Atom	
-5.83696	1034.59	-4144.83	0.161364	0.820178	-0.548881	25.4965167897	Atom	
-5.83628	1034.59	-4144.84	0.182115	0.819783	-0.542946	25.4965065519	Atom	
-5.82289	1034.65	-4144.88	0.17972	0.767583	-0.615237	25.4963284686	Atom	
1.14836	1064.43	-4168.74	0.314918	0.695133	-0.646232	25.4023366713	Atom	
3.93767	1070.59	-4174.46	0.308312	0.668995	-0.676305	25.380811637	Atom	
24.3619	1114.9	-4219.27	0.172274	0.566331	-0.805972	25.2197124137	Atom	
26.1284	1120.71	-4227.53	0.18444	0.605248	-0.774376	25.1946514252	Atom	
31.0569	1136.88	-4248.22	0.222306	0.573026	-0.78881	25.1292891053	Atom	
31.8661	1138.97	-4251.09	0.222622	0.580921	-0.782924	25.1203667476	Atom	
34.2475	1145.18	-4259.47	0.236803	0.666476	-0.706918	25.0941399205	Atom	
37.3494	1153.91	-4268.73	0.247121	0.694049	-0.676186	25.0619965133	Atom	
40.3841	1162.44	-4277.03	0.232637	0.745077	-0.625093	25.0318325879	Atom	
41.3591	1165.56	-4279.65	0.246264	0.73186	-0.635402	25.0215284804	Atom	
45.9129	1179.09	-4291.4	0.224481	0.729753	-0.645808	24.9760500505	Atom	
46.5306	1181.1	-4293.18	0.225005	0.77627	-0.588879	24.9692718474	Atom	
51.3703	1197.8	-4305.85	0.209961	0.774269	-0.597012	24.9162836489	Atom	
53.8223	1206.84	-4312.82	0.23209	0.773461	-0.589824	24.8874650918	Atom	
58.1401	1221.23	-4323.79	0.250493	0.760699	-0.598824	24.8415149691	Atom	
66.5003	1246.62	-4343.78	0.213927	0.887327	-0.408517	24.7589603189	Atom	
69.5726	1259.36	-4349.64	0.427215	0.81491	-0.391676	24.7233437719	Atom	
73.4025	1266.67	-4353.15	0.422839	0.809134	-0.408056	24.7010850935	Atom	
74.905	1269.54	-4354.6	0.463044	0.796508	-0.388801	24.692256366	Atom	
75.2067	1270.06	-4354.86	0.465507	0.790616	-0.397781	24.6906370788	Atom	
77.2503	1273.53	-4356.6	0.470922	0.795523	-0.38128	24.6797255191	Atom	
105.271	1320.87	-4379.29	0.459579	0.727038	-0.510101	24.531785359	Atom	
109.179	1327.05	-4383.63	0.511168	0.708288	-0.486863	24.5105426838	Atom	
117.589	1338.7	-4391.64	0.485625	0.730402	-0.480293	24.4694090476	Atom	
119.797	1342.02	-4393.82	0.533242	0.712416	-0.456199	24.4580288472	Atom	
127.29	1352.03	-4400.23	0.525582	0.717658	-0.45687	24.4228405745	Atom	
128.766	1354.05	-4401.52	0.528604	0.71321	-0.460336	24.4158003037	Atom	
153.747	1387.75	-4423.27	0.558896	0.728007	-0.39704	24.29729639	Atom	
180.403	1422.48	-4442.21	0.551689	0.725959	-0.410637	24.177240513	Atom	
189.061	1433.87	-4448.65	0.613257	0.688114	-0.387832	24.137582713	Atom	
195.081	1440.62	-4452.46	0.558332	0.743692	-0.367678	24.1127430663	Atom	
203.273	1451.54	-4457.85	0.479301	0.753616	-0.449814	24.075586581	Atom	
215.575	1470.88	-4469.4	0.492408	0.74192	-0.455071	24.0105101143	Atom	
217.124	1473.21	-4470.83	0.468386	0.765116	-0.441828	24.0025158686	Atom	
231.469	1496.64	-4484.36	0.427046	0.744303	-0.513464	23.9246752889	Atom	
235.268	1503.27	-4488.93	0.368269	0.708962	-0.601457	23.9020058557	Atom	
238.936	1510.33	-4494.92	0.375218	0.677287	-0.632846	23.8766101135	Atom	
244.17	1519.77	-4503.75	0.414192	0.672313	-0.613548	23.8410080936	Atom	
266.315	1555.72	-4536.55	0.437049	0.628886	-0.643032	23.7043955801	Atom	
266.714	1556.29	-4537.14	0.43817	0.636129	-0.635096	23.7020520999	Atom	
269.85	1560.85	-4541.68	0.373097	0.676892	-0.63452	23.6836757691	Atom	
274.511	1569.3	-4549.61	0.275757	0.793944	-0.541859	23.6515888868	Atom	
275.621	1572.5	-4551.79	0.365906	0.793101	-0.486933	23.6412431054	Atom	
287.576	1598.41	-4567.7	0.350473	0.800306	-0.486496	23.5572026761	Atom	
291.805	1608.07	-4573.57	0.326181	0.799801	-0.503909	23.5260753775	Atom	
297.834	1622.85	-4582.88	0.382055	0.792378	-0.475574	23.4783507103	Atom	
303.356	1634.3	-4589.76	0.38482	0.858159	-0.339819	23.4409668268	Atom	
303.454	1634.52	-4589.85	0.394883	0.859786	-0.323783	23.4403085232	Atom	
308.072	1644.58	-4593.63	0.402785	0.857546	-0.319966	23.4100270555	Atom	
312.97	1655.01	-4597.52	0.444417	0.832448	-0.330943	23.3785022958	Atom	
316.987	1662.53	-4600.51	0.444079	0.834663	-0.32578	23.3550449924	Atom	
327.714	1682.69	-4608.38	0.487405	0.784577	-0.383242	23.2923156684	Atom	
329.416	1685.43	-4609.72	0.487097	0.806234	-0.335743	23.2832269949	Atom	
340.698	1704.1	-4617.5	0.384012	0.815231	-0.433512	23.2229288886	Atom	
349.647	1723.1	-4627.6	0.309713	0.818324	-0.484173	23.1621392655	Atom	
351.399	1727.73	-4630.34	0.449537	0.837963	-0.309411	23.1473463516	Atom	
357.001	1738.17	-4634.2	0.457456	0.840881	-0.289229	23.114758638	Atom	
357.81	1739.66	-4634.71	0.597597	0.689204	-0.409727	23.1101233151	Atom	
358.947	1740.97	-4635.49	0.65677	0.649933	-0.382414	23.1051427826	Atom	
367.855	1749.79	-4640.67	0.649996	0.66135	-0.374327	23.0696173913	Atom	
371.219	1753.21	-4642.61	0.63745	0.699133	-0.323836	23.0560484479	Atom	
375.159	1757.53	-4644.61	0.635348	0.690437	-0.345876	23.0398303457	Atom	
376.814	1759.33	-4645.51	0.650851	0.69943	-0.29528	23.032991483	Atom	
398.977	1783.15	-4655.57	0.690534	0.626369	-0.361698	22.9435860407	Atom	
455.852	1834.74	-4685.36	0.677543	0.59798	-0.4282	22.7266677621	Atom	
455.941	1834.82	-4685.42	0.642187	0.594003	-0.484517	22.7263209748	Atom	
458.965	1837.61	-4687.7	0.614868	0.623396	-0.483026	22.7138232166	Atom	
460.206	1838.87	-4688.67	0.51028	0.609996	-0.606233	22.708468368	Atom	
460.809	1839.59	-4689.39	0.478167	0.711792	-0.514498	22.7053292015	Atom	
485.515	1876.37	-4715.97	0.499357	0.685368	-0.530013	22.568127388	Atom	
487.251	1878.75	-4717.81	0.539127	0.665645	-0.516003	22.5588567638	Atom	
492.09	1884.73	-4722.45	0.568098	0.628256	-0.531563	22.5348978807	Atom	
498.905	1892.26	-4728.82	0.551432	0.589118	-0.590647	22.5028556776	Atom	
503.795	1897.49	-4734.06	0.591262	0.4812	-0.647191	22.4791401494	Atom	
508.902	1901.64	-4739.65	0.680402	0.399618	-0.614296	22.4560245298	Atom	
518.192	1907.1	-4748.04	0.684941	0.409543	-0.602603	22.4194505957	Atom	
524.349	1910.78	-4753.45	0.700084	0.402836	-0.58958	22.3953442001	Atom	
542.97	1921.5	-4769.14	0.69542	0.363806	-0.619706	22.3239471024	Atom	
543.151	1921.59	-4769.3	0.707213	0.380822	-0.595671	22.3232454641	Atom	
546.771	1923.54	-4772.35	0.708561	0.376861	-0.596588	22.3094709522	Atom	
548.802	1924.62	-4774.06	0.764165	0.35305	-0.539822	22.3017553729	Atom	
551.758	1925.99	-4776.14	0.575442	0.807728	-0.128231	22.2913347122	Atom	
555.844	1931.72	-4777.06	0.598704	0.762045	-0.24666	22.2722066236	Atom	
559.076	1935.84	-4778.39	0.673447	0.695005	-0.251869	22.257654987	Atom	
599.232	1977.28	-4793.41	0.697189	0.662147	-0.274753	22.0968181735	Atom	
603.848	1981.66	-4795.22	0.643301	0.582038	-0.497388	22.0788598216	Atom	
604.282	1982.05	-4795.56	0.595234	0.564818	-0.571556	22.0770291723	Atom	
605.638	1983.34	-4796.86	0.571005	0.60556	-0.554301	22.0708431283	Atom	
608.347	1986.21	-4799.49	0.310426	0.782157	-0.540246	22.0579598724	Atom	
610.738	1992.24	-4803.65	0.306918	0.795246	-0.522863	22.0370413026	Atom	
616.384	2006.87	-4813.27	0.329308	0.750654	-0.572779	21.9870310373	Atom	
633.9	2046.79	-4843.74	0.386543	0.705388	-0.594148	21.8421741672	Atom	
642.164	2061.88	-4856.44	0.351942	0.729253	-0.586794	21.783644729	Atom	
665.77	2110.79	-4895.8	0.350204	0.687243	-0.636439	21.5996413142	Atom	
666.215	2111.66	-4896.61	0.283807	0.749955	-0.597512	21.5961351649	Atom	
668.732	2118.31	-4901.91	0.43443	0.683092	-0.587073	21.5716386682	Atom	
674.141	2126.82	-4909.22	0.406828	0.69074	-0.597803	21.5372191729	Atom	
675.439	2129.02	-4911.12	0.444252	0.689693	-0.571807	21.5283873562	Atom	
679.741	2135.7	-4916.66	0.411428	0.712952	-0.567826	21.5015740952	Atom	
683.447	2142.12	-4921.77	0.271743	0.691744	-0.669063	21.4766131407	Atom	
684.162	2143.94	-4923.53	0.270582	0.690059	-0.67127	21.4693150009	Atom	
687.176	2151.63	-4931.01	0.285656	0.682662	-0.672586	21.4383984443	Atom	
691.283	2161.44	-4940.68	0.296678	0.692605	-0.65748	21.3984667265	Atom	
693.517	2166.66	-4945.63	0.302388	0.703416	-0.643248	21.3775094616	Atom	
695.665	2171.66	-4950.2	0.307071	0.734804	-0.604789	21.3577334866	Atom	
704.464	2192.71	-4967.53	0.321019	0.729912	-0.603469	21.2779015736	Atom	
711.466	2208.63	-4980.7	0.22622	0.69971	-0.677666	21.216947005	Atom	
715.492	2221.09	-4992.76	0.225137	0.677238	-0.700473	21.1671078827	Atom	
717.82	2228.09	-5000	0.225137	0.677238	-0.700473	21.1380920071	Region	
"-----------------------------------------------------------------"
"Trajectory"	92

"NbCollisions"	275
"Zmax"	0
"Display"	256

"Collisions"

"X"	"Y"	"Z"	"Rx"	"Ry"	"Rz"	"Energy"	"CollisionType"	
-0.000751484	0.0918263	-5000	-1.59461e-006	5.44828e-006	1	30	Region	
-0.000759769	0.0918546	-4994.8	0.048119	0.0315185	0.998344	29.9889375169	Atom	
1.09846	0.811857	-4972	0.013144	-0.017672	0.999757	29.9402864932	Atom	
1.42482	0.373069	-4947.17	0.0252407	-0.0166346	0.999543	29.887337865	Atom	
2.86549	-0.576387	-4890.12	0.0233127	-0.00901529	0.999688	29.7654493077	Atom	
2.97152	-0.617392	-4885.58	0.0347387	-0.0418176	0.998521	29.7557044545	Atom	
3.09376	-0.764532	-4882.06	0.162333	-0.0884879	0.98276	29.7481639144	Atom	
7.11389	-2.95591	-4857.73	0.130119	-0.136111	0.982111	29.6950814185	Atom	
10.3647	-6.35638	-4833.19	0.170436	-0.160056	0.972283	29.6414543293	Atom	
11.9136	-7.81099	-4824.35	0.28494	-0.168353	0.943645	29.621918333	Atom	
13.7462	-8.89377	-4818.28	0.347184	-0.163302	0.923469	29.6080854339	Atom	
17.1057	-10.4739	-4809.35	0.311357	-0.183187	0.932469	29.5872663493	Atom	
22.1436	-13.438	-4794.26	0.329352	-0.156487	0.931149	29.5524331087	Atom	
22.6739	-13.6899	-4792.76	0.347024	-0.178911	0.920633	29.5489640912	Atom	
23.6494	-14.1929	-4790.17	0.329954	-0.143795	0.932981	29.5429059143	Atom	
26.7318	-15.5362	-4781.46	0.332401	-0.11021	0.936677	29.5227708043	Atom	
33.4994	-17.7801	-4762.39	0.346434	-0.0785649	0.934779	29.4788648248	Atom	
34.2105	-17.9413	-4760.47	0.361584	-0.0802576	0.928879	29.4744325256	Atom	
47.9516	-20.9913	-4725.17	0.379855	-0.110302	0.918446	29.3923723522	Atom	
55.9328	-23.3089	-4705.87	0.406972	-0.0989926	0.908061	29.3469006949	Atom	
56.0302	-23.3326	-4705.65	0.394423	-0.0962064	0.913879	29.3463822295	Atom	
64.5133	-25.4017	-4686	0.451369	-0.0465499	0.891122	29.2997786333	Atom	
68.6816	-25.8316	-4677.77	0.423166	-0.00380572	0.906044	29.2797425886	Atom	
72.1412	-25.8627	-4670.36	0.473335	0.018426	0.88069	29.2619952115	Atom	
73.7144	-25.8015	-4667.43	0.506648	-0.0365998	0.861376	29.2547766602	Atom	
88.4843	-26.8685	-4642.32	0.540396	-0.156274	0.826771	29.1914502419	Atom	
94.8246	-28.702	-4632.62	0.605965	-0.175197	0.775959	29.1659196838	Atom	
95.1231	-28.7883	-4632.24	0.589257	-0.180776	0.787461	29.1648471274	Atom	
104.021	-31.5179	-4620.35	0.592794	-0.165163	0.788236	29.1319660741	Atom	
118.976	-35.6847	-4600.46	0.648931	-0.223623	0.727242	29.0769797544	Atom	
147.705	-45.5847	-4568.27	0.644937	-0.259236	0.718925	28.9803418518	Atom	
153.753	-48.016	-4561.53	0.642883	-0.317294	0.697155	28.9598156082	Atom	
160.212	-51.2036	-4554.52	0.623553	-0.313094	0.716347	28.9378155554	Atom	
167.076	-54.6503	-4546.64	0.658724	-0.284874	0.696369	28.9136930504	Atom	
179.489	-60.0185	-4533.51	0.657314	-0.314437	0.684886	28.8723743595	Atom	
194.023	-66.9708	-4518.37	0.66479	-0.267327	0.697561	28.8238382931	Atom	
248.045	-88.6943	-4461.69	0.715812	-0.251283	0.651514	28.6452148669	Atom	
255.63	-91.3572	-4454.78	0.650149	-0.286075	0.703895	28.6218052461	Atom	
268.161	-96.8708	-4441.22	0.970998	-0.157998	0.17944	28.5792022128	Atom	
335.921	-107.896	-4428.69	0.975528	-0.00834443	0.219718	28.4247636424	Atom	
337.732	-107.912	-4428.29	0.979516	0.0101748	0.20111	28.4206377522	Atom	
344.355	-107.843	-4426.93	0.997558	0.0662418	-0.0221401	28.4056069841	Atom	
344.676	-107.822	-4426.93	0.992726	0.0475903	-0.110593	28.404891403	Atom	
346.027	-107.757	-4427.08	0.993974	0.0736964	-0.0811416	28.4018646158	Atom	
365.327	-106.326	-4428.66	0.989937	0.104474	-0.0954433	28.3586779897	Atom	
377.946	-104.994	-4429.88	0.989078	0.147262	-0.00626457	28.3302933007	Atom	
391.527	-102.972	-4429.96	0.986079	0.166118	0.00734398	28.2996924984	Atom	
392.894	-102.742	-4429.95	0.9844	0.175906	-0.00369624	28.2966011658	Atom	
413.735	-99.0179	-4430.03	0.982655	0.182398	-0.0334625	28.2493752015	Atom	
426.886	-96.5768	-4430.48	0.990867	0.0831012	-0.106195	28.2194806208	Atom	
433.895	-95.9889	-4431.23	0.973209	0.146872	-0.176899	28.2036671819	Atom	
472.122	-90.2198	-4438.18	0.978606	0.173758	-0.110177	28.1158169492	Atom	
486.868	-87.6017	-4439.84	0.981382	0.163823	-0.10026	28.0820331762	Atom	
490.152	-87.0534	-4440.17	0.996434	0.0810546	-0.0234509	28.0745229478	Atom	
504.686	-85.8712	-4440.51	0.995335	0.0923324	-0.0279676	28.0417813058	Atom	
570.476	-79.7682	-4442.36	0.932877	-0.120923	0.33929	27.8932726121	Atom	
587.318	-81.9514	-4436.24	0.960982	-0.120582	0.248944	27.8525370276	Atom	
594.771	-82.8866	-4434.31	0.98566	-0.0707084	0.153214	27.8350158899	Atom	
603.775	-83.5325	-4432.91	0.989768	-0.00432264	0.142618	27.8143707529	Atom	
606.736	-83.5455	-4432.48	0.985051	0.0123594	0.171821	27.8076063279	Atom	
620.421	-83.3738	-4430.09	0.97797	0.0538245	0.201685	27.7761831166	Atom	
624.093	-83.1716	-4429.34	0.976353	0.046643	0.211089	27.7676814224	Atom	
663.455	-81.2912	-4420.83	0.977339	0.11549	0.177399	27.6763913712	Atom	
663.9	-81.2386	-4420.75	0.981358	0.119466	0.150549	27.6753570186	Atom	
692.489	-77.7584	-4416.36	0.983377	0.115405	0.140185	27.6092154172	Atom	
733.278	-72.9715	-4410.55	0.965317	0.00714843	0.260983	27.5148602052	Atom	
745.712	-72.8794	-4407.18	0.971061	0.0629161	0.230395	27.4854797706	Atom	
755.602	-72.2387	-4404.84	0.957747	-0.090364	0.273048	27.4622300684	Atom	
760.218	-72.6742	-4403.52	0.978964	-0.108685	0.172675	27.4512194673	Atom	
772.424	-74.0294	-4401.37	0.986172	0.038999	0.161073	27.422726334	Atom	
775.907	-73.8916	-4400.8	0.992294	0.0123961	0.123286	27.4146491508	Atom	
800.223	-73.5879	-4397.78	0.997904	-0.0143608	0.0631049	27.3585917541	Atom	
803.698	-73.6379	-4397.56	0.9977	-0.0174885	0.0654841	27.3506140116	Atom	
820.793	-73.9375	-4396.44	0.996705	-0.0806083	0.00904866	27.3113434752	Atom	
886.588	-79.2586	-4395.84	0.998544	-0.053578	0.00620572	27.1598811413	Atom	
905.642	-80.281	-4395.72	0.998928	-0.0454952	-0.00850305	27.1159044244	Atom	
911.014	-80.5257	-4395.77	0.996754	-0.0794253	-0.0131204	27.1034937985	Atom	
926.637	-81.7706	-4395.97	0.998099	-0.0586822	-0.0188143	27.0673124956	Atom	
937.782	-82.4258	-4396.18	0.999467	-0.0236757	0.0224762	27.0415080458	Atom	
952.603	-82.7769	-4395.85	0.99894	0.00743746	0.0454304	27.007215134	Atom	
972.359	-82.6298	-4394.95	0.996829	0.0625038	0.0492427	26.9614316469	Atom	
989.066	-81.5822	-4394.12	0.992298	0.0744267	0.0990232	26.922579335	Atom	
995.22	-81.1207	-4393.51	0.994538	0.0327712	-0.0990996	26.9081874131	Atom	
1001.29	-80.9207	-4394.12	0.991417	-0.02059	-0.129106	26.8940179603	Atom	
1051.65	-81.9666	-4400.67	0.975359	-0.0597749	-0.212372	26.7760270389	Atom	
1064.64	-82.7624	-4403.5	0.987754	-0.0494712	-0.147967	26.7449963151	Atom	
1066.5	-82.8557	-4403.78	0.951342	-0.221195	-0.214527	26.7405973284	Atom	
1079.78	-85.944	-4406.78	0.659133	-0.731074	-0.176279	26.7080205687	Atom	
1089.43	-96.6496	-4409.36	0.658407	-0.741637	-0.128353	26.6738197229	Atom	
1103.28	-112.241	-4412.06	0.607667	-0.783786	-0.128143	26.6246710863	Atom	
1111.13	-122.378	-4413.71	0.597442	-0.777048	-0.198141	26.5943889297	Atom	
1122.57	-137.249	-4417.5	0.6083	-0.723665	-0.326008	26.5495399194	Atom	
1147.19	-166.545	-4430.7	0.625871	-0.692729	-0.358346	26.4545408275	Atom	
1154.68	-174.833	-4434.99	0.620131	-0.705657	-0.342763	26.4263872723	Atom	
1165.27	-186.885	-4440.84	0.627951	-0.69217	-0.355779	26.3861598749	Atom	
1165.45	-187.077	-4440.94	0.660736	-0.655929	-0.364944	26.3855065512	Atom	
1182.32	-203.829	-4450.26	0.633547	-0.655451	-0.411099	26.3252795693	Atom	
1187.07	-208.744	-4453.35	0.717111	-0.601828	-0.351505	26.3075673234	Atom	
1197.51	-217.502	-4458.46	0.720105	-0.595631	-0.355911	26.2731699314	Atom	
1205.69	-224.27	-4462.5	0.714702	-0.597872	-0.362975	26.2462814902	Atom	
1235.24	-248.986	-4477.51	0.730271	-0.61687	-0.293556	26.1483840497	Atom	
1271.41	-279.543	-4492.05	0.732775	-0.611694	-0.298114	26.0307343999	Atom	
1272.8	-280.701	-4492.62	0.687972	-0.609855	-0.39341	26.0262199285	Atom	
1279.63	-286.759	-4496.52	0.637699	-0.637924	-0.431732	26.0025407406	Atom	
1281.5	-288.624	-4497.79	0.645228	-0.631859	-0.429459	25.9955650933	Atom	
1288.47	-295.452	-4502.43	0.538896	-0.726136	-0.426987	25.9697785469	Atom	
1319.57	-337.36	-4527.07	0.53621	-0.726744	-0.429328	25.8319539495	Atom	
1328	-348.781	-4533.82	0.549645	-0.676009	-0.490818	25.7942678683	Atom	
1328.75	-349.705	-4534.49	0.541949	-0.683056	-0.489618	25.7909856452	Atom	
1336.33	-359.257	-4541.33	0.655062	-0.617184	-0.435864	25.7574090267	Atom	
1339.49	-362.237	-4543.44	0.675967	-0.600517	-0.427139	25.7458017457	Atom	
1340.88	-363.467	-4544.31	0.62697	-0.625323	-0.464628	25.7408751954	Atom	
1369.77	-392.283	-4565.73	0.67417	-0.620026	-0.401327	25.6300543689	Atom	
1379.96	-401.659	-4571.79	0.662026	-0.623314	-0.416175	25.5935669825	Atom	
1390.94	-411.993	-4578.69	0.662576	-0.62495	-0.412832	25.5535116028	Atom	
1429.73	-448.583	-4602.86	0.601518	-0.665294	-0.442222	25.4118921493	Atom	
1445.46	-465.976	-4614.43	0.60453	-0.667342	-0.434968	25.3483787424	Atom	
1453.53	-474.893	-4620.24	0.589347	-0.673411	-0.446304	25.3158521616	Atom	
1463.26	-486.009	-4627.6	0.580574	-0.68709	-0.436854	25.2756271411	Atom	
1466.67	-490.036	-4630.17	0.422382	-0.665424	-0.615471	25.2613278216	Atom	
1486.66	-521.543	-4659.31	0.410038	-0.673151	-0.615416	25.1457511464	Atom	
1490.92	-528.528	-4665.69	0.407343	-0.678203	-0.611648	25.120330603	Atom	
1507.49	-556.119	-4690.58	0.346014	-0.736908	-0.580725	25.0205838741	Atom	
1516.94	-576.239	-4706.43	0.340569	-0.745391	-0.573067	24.953430982	Atom	
1519.98	-582.888	-4711.54	0.313933	-0.813675	-0.489264	24.9314447839	Atom	
1535.93	-624.242	-4736.41	0.335729	-0.789834	-0.513273	24.8060897191	Atom	
1537.96	-629.005	-4739.51	0.309236	-0.744169	-0.592103	24.7911576904	Atom	
1538.27	-629.75	-4740.1	0.320207	-0.750283	-0.578397	24.7886751939	Atom	
1542.87	-640.54	-4748.42	0.330072	-0.754909	-0.566714	24.7530448184	Atom	
1546.28	-648.348	-4754.28	0.309865	-0.744234	-0.591691	24.7273892406	Atom	
1549.76	-656.7	-4760.92	0.28802	-0.776913	-0.559867	24.699529519	Atom	
1559.49	-682.939	-4779.83	0.260065	-0.764485	-0.589855	24.6156075026	Atom	
1563.17	-693.77	-4788.18	0.317782	0.585119	0.74609	24.5803114133	Atom	
1569.91	-681.367	-4772.37	0.32686	0.610434	0.721479	24.5274407083	Atom	
1582.84	-657.213	-4743.82	0.233434	0.708064	0.666448	24.4285762031	Atom	
1584.62	-651.833	-4738.76	0.195444	0.705189	0.68155	24.4095319333	Atom	
1585.17	-649.842	-4736.83	0.183956	0.736738	0.650675	24.402448612	Atom	
1589.82	-631.213	-4720.38	0.17277	0.723525	0.668328	24.3390159595	Atom	
1591.38	-624.692	-4714.36	0.167619	0.725301	0.667715	24.3163599453	Atom	
1595.87	-605.26	-4696.47	0.15421	0.715586	0.681289	24.2489621465	Atom	
1596.12	-604.097	-4695.36	0.23632	0.606709	0.758984	24.2448624024	Atom	
1598.17	-598.842	-4688.79	0.228347	0.536413	0.812477	24.2230238588	Atom	
1598.56	-597.928	-4687.4	0.342382	0.501693	0.794404	24.2187229949	Atom	
1598.71	-597.7	-4687.04	0.772948	-0.115034	-0.623954	24.217576604	Atom	
1616.76	-600.387	-4701.61	0.824021	-0.0404217	-0.565116	24.158629135	Atom	
1632.94	-601.18	-4712.71	0.201015	0.932653	0.299585	24.1089779373	Atom	
1633.55	-598.371	-4711.81	0.249056	0.946965	0.203047	24.1013479804	Atom	
1637.15	-584.685	-4708.87	0.24593	0.95327	0.175482	24.0647347655	Atom	
1638.26	-580.368	-4708.08	0.243776	0.955249	0.16755	24.0532487863	Atom	
1638.78	-578.352	-4707.72	0.253095	0.945921	0.20292	24.0478942576	Atom	
1652.12	-528.475	-4697.03	0.248981	0.950335	0.186738	23.9140791813	Atom	
1653.09	-524.796	-4696.3	0.186928	0.966439	0.176222	23.9042111798	Atom	
1656.65	-506.371	-4692.94	0.206855	0.968812	0.136432	23.8555969325	Atom	
1656.67	-506.295	-4692.93	0.17634	0.98168	0.0721709	23.8553982012	Atom	
1656.92	-504.913	-4692.83	0.171387	0.984016	0.048359	23.8518012901	Atom	
1659.55	-489.812	-4692.09	0.148431	0.987932	0.0442641	23.8126040881	Atom	
1660.06	-486.395	-4691.94	0.159834	0.983114	0.0891011	23.8037573015	Atom	
1661.44	-477.885	-4691.16	0.0431715	0.990619	-0.129657	23.7816117528	Atom	
1661.91	-467.105	-4692.57	0.0292174	0.985555	-0.166816	23.7537519456	Atom	
1662.03	-463.084	-4693.26	0.0393871	0.997444	-0.0596178	23.7432955278	Atom	
1662.04	-462.805	-4693.27	0.0764047	0.995184	-0.0614155	23.7425798	Atom	
1662.1	-462.076	-4693.32	0.058581	0.995657	-0.0723508	23.7407017427	Atom	
1662.95	-447.557	-4694.37	0.0362953	0.997725	-0.0568132	23.7033172863	Atom	
1663.98	-419.207	-4695.99	0.0486382	0.998753	-0.0112825	23.630378434	Atom	
1664.13	-416.277	-4696.02	0.0906801	0.992797	0.0783011	23.6228313996	Atom	
1664.14	-416.178	-4696.01	0.117489	0.983069	0.140613	23.622574313	Atom	
1670.29	-364.69	-4688.65	0.205713	0.943458	0.259942	23.4877698216	Atom	
1672.54	-354.352	-4685.8	0.198292	0.954581	0.222387	23.4594411498	Atom	
1672.89	-352.698	-4685.41	0.192753	0.956308	0.219821	23.454956893	Atom	
1673.01	-352.095	-4685.27	0.244311	0.930414	0.273206	23.4533248234	Atom	
1677.04	-336.75	-4680.77	-0.400957	0.910951	0.0969603	23.4106348936	Atom	
1673.91	-329.646	-4680.01	-0.402702	0.911396	0.0847809	23.3904194357	Atom	
1671.6	-324.413	-4679.53	-0.478091	0.870145	0.119482	23.3755260993	Atom	
1657.7	-299.111	-4676.05	-0.478363	0.868427	0.130397	23.3000614132	Atom	
1652.23	-289.184	-4674.56	-0.537712	0.839129	0.0820247	23.2703196804	Atom	
1649.53	-284.977	-4674.15	-0.552126	0.832247	0.0502241	23.2572603319	Atom	
1648.88	-283.999	-4674.09	-0.576421	0.812839	0.0838559	23.2541997142	Atom	
1648.15	-282.965	-4673.98	-0.591027	0.803315	0.0732896	23.2508848535	Atom	
1641.27	-273.607	-4673.13	-0.621307	0.780694	0.067043	23.220525636	Atom	
1624.67	-252.758	-4671.34	-0.619569	0.784235	0.0333019	23.1508522352	Atom	
1621.14	-248.292	-4671.15	-0.976236	0.0384267	-0.213276	23.1359595157	Atom	
1618.68	-248.195	-4671.69	-0.975133	0.0209099	-0.220631	23.1293434962	Atom	
1612.45	-248.061	-4673.1	-0.977911	0.0124974	-0.208648	23.1126373879	Atom	
1588.82	-247.759	-4678.14	-0.962008	0.18895	-0.197077	23.0493689802	Atom	
1570.61	-244.181	-4681.87	-0.96331	0.208338	-0.169199	22.9996806637	Atom	
1569.47	-243.935	-4682.07	-0.970907	0.204109	-0.125214	22.9965684241	Atom	
1567.62	-243.547	-4682.31	-0.963118	0.233743	-0.133297	22.9915817611	Atom	
1564.13	-242.7	-4682.79	-0.972193	0.232233	-0.0301574	22.9820464131	Atom	
1549.72	-239.257	-4683.24	-0.967813	0.238256	0.0810733	22.9430583705	Atom	
1548.02	-238.839	-4683.1	-0.96075	0.27677	-0.0189356	22.9384320017	Atom	
1539.53	-236.392	-4683.26	-0.965328	0.26096	-0.00644942	22.9151412858	Atom	
1531.88	-234.324	-4683.32	-0.983799	0.175785	-0.0352113	22.8942510981	Atom	
1516.45	-231.567	-4683.87	-0.991234	0.123468	-0.0470106	22.8528739329	Atom	
1513.72	-231.228	-4684	-0.989843	0.138704	-0.0311633	22.8456201559	Atom	
1511.23	-230.878	-4684.08	-0.952749	0.249442	-0.173343	22.8389536859	Atom	
1494.21	-226.421	-4687.17	-0.964463	0.214174	-0.154727	22.7917319158	Atom	
1492.86	-226.122	-4687.39	-0.973397	0.188909	-0.129664	22.7880391026	Atom	
1490.68	-225.7	-4687.68	-0.969289	0.215349	-0.118761	22.7821212958	Atom	
1472.13	-221.578	-4689.95	-0.974749	0.129182	-0.182146	22.7314236629	Atom	
1463.45	-220.428	-4691.57	-0.945975	0.140245	-0.29234	22.7078062992	Atom	
1451.17	-218.607	-4695.37	-0.956782	0.0987083	-0.273542	22.6733368959	Atom	
1433.12	-216.745	-4700.53	-0.963796	0.0946967	-0.249258	22.6231770361	Atom	
1386.75	-212.189	-4712.52	-0.968814	0.192254	-0.156327	22.4950553166	Atom	
1336.56	-202.229	-4720.62	-0.963892	0.220223	-0.149716	22.356484579	Atom	
1327.78	-200.223	-4721.98	-0.962965	0.21549	-0.162054	22.3319991054	Atom	
1309.34	-196.098	-4725.09	-0.945451	0.29643	-0.135099	22.2804969498	Atom	
1302.11	-193.829	-4726.12	-0.942399	0.31605	-0.109526	22.2598729505	Atom	
1283.6	-187.62	-4728.27	-0.9508	0.258351	-0.17098	22.2068891969	Atom	
1258.82	-180.887	-4732.73	-0.952117	0.259753	-0.16125	22.1364666995	Atom	
1245.45	-177.242	-4734.99	-0.970726	0.22323	-0.0886554	22.0984471059	Atom	
1173.21	-160.628	-4741.59	-0.963917	0.253514	-0.0812029	21.8965662378	Atom	
1162.01	-157.682	-4742.53	-0.976259	0.186992	-0.109327	21.8648199532	Atom	
1160.62	-157.417	-4742.69	-0.974353	0.13161	-0.182522	21.8609386639	Atom	
1145.18	-155.331	-4745.58	-0.973622	0.130752	-0.186989	21.8175738251	Atom	
1127.35	-152.937	-4749	-0.973081	0.130563	-0.189911	21.7674073439	Atom	
1122.43	-152.277	-4749.96	-0.97807	0.190815	-0.0834769	21.7535387297	Atom	
1115.99	-151.02	-4750.51	-0.982602	0.180593	-0.0433508	21.7354445823	Atom	
1111.76	-150.242	-4750.7	-0.981838	0.179176	-0.0623686	21.7236045527	Atom	
1106.96	-149.367	-4751.01	-0.980398	0.147761	-0.130336	21.710175743	Atom	
1102.09	-148.633	-4751.65	-0.973963	0.168332	-0.151856	21.6965204497	Atom	
1100.62	-148.378	-4751.88	-0.962987	0.237381	-0.127696	21.6923405163	Atom	
1094.66	-146.911	-4752.67	-0.962957	0.223893	-0.150288	21.6753341377	Atom	
1087.09	-145.15	-4753.85	-0.957644	0.234108	-0.167666	21.6536764246	Atom	
1049.41	-135.939	-4760.45	-0.974831	0.184304	-0.125448	21.5452263969	Atom	
1047.32	-135.544	-4760.72	-0.984013	0.173969	-0.0381313	21.5392979825	Atom	
1022.3	-131.12	-4761.69	-0.982849	0.181083	-0.0348736	21.4689091172	Atom	
1018.33	-130.389	-4761.83	-0.799566	0.55824	-0.221501	21.4577115069	Atom	
1016.49	-129.105	-4762.34	-0.737119	0.629193	-0.24652	21.4513254125	Atom	
1015.78	-128.495	-4762.58	-0.737762	0.618262	-0.271036	21.4486354888	Atom	
992.993	-109.4	-4770.95	-0.740234	0.61622	-0.268937	21.3628718237	Atom	
955.675	-78.3344	-4784.51	-0.755319	0.604789	-0.252437	21.2224380146	Atom	
946.866	-71.2808	-4787.45	-0.765232	0.577144	-0.285174	21.1897807022	Atom	
938.249	-64.7824	-4790.66	-0.77209	0.610476	-0.176623	21.1582148231	Atom	
927.421	-56.2206	-4793.14	-0.7563	0.635357	-0.155987	21.1188509497	Atom	
891.072	-25.6846	-4800.64	-0.757693	0.6319	-0.16311	20.9837582905	Atom	
876.156	-13.2445	-4803.85	-0.774938	0.589051	-0.229106	20.9281425966	Atom	
864.522	-4.40136	-4807.29	-0.779408	0.561114	-0.278702	20.8856435853	Atom	
860.05	-1.18188	-4808.89	-0.738851	0.594194	-0.317858	20.8693749625	Atom	
846.052	10.0754	-4814.91	-0.737518	0.604914	-0.300243	20.8156236916	Atom	
828.678	24.3257	-4821.98	-0.728126	0.632822	-0.263381	20.7486526422	Atom	
811.432	39.3143	-4828.22	-0.716103	0.64515	-0.266417	20.6811478294	Atom	
809.858	40.7328	-4828.81	-0.715553	0.646946	-0.263525	20.674865259	Atom	
803.101	46.8419	-4831.29	-0.539773	-0.142635	-0.829639	20.6478767443	Atom	
777.429	40.0583	-4870.75	-0.49848	-0.163077	-0.851424	20.5118108954	Atom	
770.359	37.7454	-4882.83	0.164059	-0.489564	-0.856394	20.4710246065	Atom	
772.648	30.9177	-4894.77	0.160874	-0.489571	-0.856995	20.4308547412	Atom	
772.791	30.4816	-4895.53	0.208084	-0.49979	-0.84078	20.4282849953	Atom	
777.195	19.9027	-4913.33	0.201759	-0.49031	-0.847874	20.3672194803	Atom	
777.433	19.3261	-4914.33	0.193274	-0.553587	-0.810053	20.3638188768	Atom	
788.713	-12.9845	-4961.61	0.330103	-0.529964	-0.781134	20.1950171018	Atom	
793.412	-20.5288	-4972.73	0.301641	-0.542585	-0.783974	20.1535770156	Atom	
803.86	-39.3211	-4999.88	0.257245	-0.277614	-0.925611	20.0525926175	Atom	
803.893	-39.3571	-5000	0.257245	-0.277614	-0.925611	20.0522132127	Region	
"-----------------------------------------------------------------"
"Trajectory"	94

"NbCollisions"	445
"Zmax"	0
"Display"	256

"Collisions"

"X"	"Y"	"Z"	"Rx"	"Ry"	"Rz"	"Energy"	"CollisionType"	
-0.17877	-0.114258	-5000	-5.35892e-006	1.66655e-006	1	30	Region	
-0.178818	-0.114243	-4991.03	0.152013	0.128838	0.979945	29.9809120403	Atom	
8.84866	7.53696	-4932.84	0.158171	0.125775	0.979368	29.8544090332	Atom	
11.5298	9.66896	-4916.24	0.199449	0.110587	0.973648	29.8181784026	Atom	
12.4602	10.1848	-4911.7	0.192762	0.131048	0.972455	29.808198351	Atom	
18.1948	14.0835	-4882.77	0.202227	0.130152	0.970652	29.7445329342	Atom	
21.1813	16.0055	-4868.43	0.171586	0.170652	0.970276	29.7128752777	Atom	
22.2515	17.0699	-4862.38	0.134411	0.204975	0.969494	29.6994934084	Atom	
28.2494	26.2166	-4819.12	0.133146	0.219051	0.966586	29.6037187882	Atom	
28.3225	26.3369	-4818.59	0.236106	0.398781	0.886131	29.6025379582	Atom	
30.9808	30.8268	-4808.61	0.250868	0.368202	0.895261	29.5783092172	Atom	
33.7171	34.8429	-4798.85	0.250714	0.372362	0.893582	29.554822764	Atom	
34.0687	35.365	-4797.59	0.31788	0.459866	0.829141	29.5518015078	Atom	
42.9586	48.2259	-4774.4	0.321117	0.522746	0.789696	29.4915383598	Atom	
46.6854	54.2927	-4765.24	0.344837	0.539429	0.768183	29.4664891992	Atom	
54.2726	66.1614	-4748.34	0.374117	0.451108	0.81027	29.4189684278	Atom	
56.5776	68.9407	-4743.35	0.357651	0.442598	0.822309	29.4056445464	Atom	
60.7632	74.1204	-4733.72	0.326773	0.440896	0.835961	29.3803265697	Atom	
71.1497	88.1344	-4707.15	0.303847	0.40749	0.861179	29.3115158748	Atom	
73.8064	91.6973	-4699.62	0.334949	0.445215	0.830417	29.2925518612	Atom	
81.807	102.332	-4679.79	0.351984	0.437524	0.827454	29.2407189441	Atom	
83.4855	104.418	-4675.84	0.389313	0.365665	0.845414	29.2303555483	Atom	
85.4111	106.227	-4671.66	0.39111	0.374837	0.840553	29.219604451	Atom	
88.989	109.656	-4663.97	0.635756	0.482661	0.602372	29.1997130219	Atom	
90.4026	110.729	-4662.63	0.646732	0.485123	0.588552	29.1948758991	Atom	
103.474	120.534	-4650.73	0.693482	0.34557	0.63219	29.1508990843	Atom	
144.131	140.794	-4613.67	0.683537	0.337842	0.647024	29.0231837004	Atom	
153.828	145.587	-4604.49	0.588586	0.368985	0.719317	28.9921684042	Atom	
163.301	151.525	-4592.91	0.598488	0.327909	0.73095	28.9569558891	Atom	
177.655	159.39	-4575.38	0.388926	0.120248	0.913388	28.9044311387	Atom	
203.218	167.293	-4515.35	0.380912	0.125675	0.91603	28.7602732738	Atom	
238.223	178.843	-4431.17	0.237771	0.687495	0.68616	28.557914124	Atom	
238.627	180.011	-4430	0.262541	0.667541	0.69675	28.55415193	Atom	
238.678	180.14	-4429.87	0.24402	0.679407	0.691997	28.5537218014	Atom	
240.791	186.022	-4423.87	0.237877	0.732916	0.637377	28.5345489551	Atom	
241.291	187.562	-4422.54	0.237556	0.723005	0.648715	28.5298943564	Atom	
241.477	188.13	-4422.03	0.15903	0.689042	0.707058	28.5281533993	Atom	
243.59	197.285	-4412.63	0.209001	0.603863	0.769199	28.4987058409	Atom	
247.388	208.257	-4398.66	0.216938	0.598572	0.771135	28.4584049952	Atom	
249.151	213.122	-4392.39	0.191708	0.625842	0.756023	28.4403555093	Atom	
254.025	229.032	-4373.17	0.173475	0.643927	0.745161	28.3838741547	Atom	
254.423	230.513	-4371.45	0.146794	0.646244	0.74888	28.3787594485	Atom	
258.251	247.364	-4351.93	0.12912	0.664493	0.736055	28.3207264866	Atom	
259.119	251.83	-4346.98	0.109878	0.634431	0.76513	28.3057426695	Atom	
262.339	270.425	-4324.55	-0.0311819	0.707001	0.706525	28.2403807923	Atom	
262.32	270.856	-4324.12	-0.0106531	0.696185	0.717784	28.2390171283	Atom	
261.955	294.75	-4299.49	0.0364737	0.661582	0.748985	28.1623351185	Atom	
262.243	299.973	-4293.58	-0.0111501	0.687839	0.725778	28.1446565098	Atom	
262.163	304.899	-4288.38	-0.0471227	0.649996	0.758475	28.1286124272	Atom	
261.231	317.75	-4273.38	-0.0556918	0.67189	0.738554	28.084299734	Atom	
260.704	324.11	-4266.39	-0.0469337	0.612126	0.789366	28.0630583871	Atom	
260.643	324.91	-4265.36	-0.0682497	0.683451	0.726798	28.0601242514	Atom	
259.039	340.975	-4248.28	-0.027563	0.696684	0.716849	28.0073386787	Atom	
258.944	343.365	-4245.82	-0.0875591	0.733466	0.674063	27.9996239105	Atom	
256.607	362.938	-4227.83	-0.0870348	0.697534	0.711247	27.9395942008	Atom	
252.893	392.707	-4197.47	-0.0957096	0.73705	0.669027	27.8434262134	Atom	
251.17	405.978	-4185.43	-0.00766935	0.704399	0.709763	27.8027429964	Atom	
250.993	422.23	-4169.05	-0.00849507	0.707449	0.706713	27.7505509264	Atom	
250.848	434.321	-4156.97	0.0267939	0.754015	0.656311	27.7118279147	Atom	
252.194	472.199	-4124	-0.0182687	0.752729	0.658077	27.5978932016	Atom	
250.76	531.269	-4072.36	-0.0282046	0.760318	0.648938	27.4193245891	Atom	
250.612	535.243	-4068.97	-0.0477182	0.768724	0.637799	27.4073681772	Atom	
249.596	551.621	-4055.38	-0.058295	0.739779	0.67032	27.3586186273	Atom	
249.571	551.941	-4055.09	-0.0400983	0.745726	0.665044	27.3576271953	Atom	
248.363	574.398	-4035.06	-0.0284014	0.715655	0.697876	27.2886264952	Atom	
246.689	616.586	-3993.92	-0.0441172	0.710202	0.702615	27.1532758653	Atom	
246.367	621.774	-3988.79	-0.0460021	0.710477	0.702215	27.1364384185	Atom	
246.214	624.128	-3986.46	-0.0183642	0.715893	0.697969	27.1287964339	Atom	
245.803	640.171	-3970.82	-0.0135011	0.728357	0.685065	27.0771052321	Atom	
245.785	641.131	-3969.92	0.123199	0.679123	0.723611	27.0740601588	Atom	
245.972	642.165	-3968.82	0.0793335	0.672994	0.735381	27.070541273	Atom	
246.252	644.54	-3966.22	0.143125	0.656793	0.740363	27.0623870306	Atom	
247.75	651.413	-3958.48	0.127577	0.682493	0.719672	27.0382000344	Atom	
248.248	654.076	-3955.67	0.102379	0.666705	0.738257	27.0291753464	Atom	
249.115	659.725	-3949.41	0.10695	0.681644	0.723825	27.0095729484	Atom	
249.354	661.245	-3947.8	0.138324	0.61873	0.773331	27.0044128158	Atom	
251.28	669.861	-3937.03	0.126434	0.631923	0.764649	26.97217443	Atom	
255.277	689.835	-3912.86	0.127147	0.621411	0.773099	26.8989240751	Atom	
256.268	694.681	-3906.83	0.125799	0.621419	0.773313	26.8808164017	Atom	
256.993	698.262	-3902.38	0.0743844	0.594893	0.800355	26.8674238222	Atom	
257.79	704.634	-3893.8	0.108793	0.599072	0.79327	26.8425261133	Atom	
257.985	705.709	-3892.38	0.105924	0.609007	0.78606	26.8383531528	Atom	
258.128	706.532	-3891.32	0.106656	0.602868	0.79068	26.8352064111	Atom	
258.733	709.95	-3886.83	0.0977379	0.581223	0.807853	26.8220149634	Atom	
258.82	710.469	-3886.11	0.111201	0.592121	0.79814	26.8199360821	Atom	
259.966	716.573	-3877.89	0.0838498	0.568042	0.818717	26.7959414269	Atom	
261.275	725.438	-3865.11	0.049687	0.603287	0.795975	26.759587843	Atom	
262.412	739.249	-3846.89	0.0578875	0.606343	0.793094	26.7062021507	Atom	
263.33	748.86	-3834.31	0.124121	0.593981	0.794846	26.6691803492	Atom	
264.732	755.572	-3825.33	0.116155	0.59022	0.798842	26.642758545	Atom	
266.393	764.008	-3813.92	0.119156	0.603433	0.788461	26.6093126835	Atom	
266.684	765.482	-3811.99	0.110207	0.584055	0.804198	26.6035896043	Atom	
269.715	781.548	-3789.87	0.144666	0.495263	0.856613	26.5391449227	Atom	
269.936	782.305	-3788.56	0.0789842	0.476384	0.875683	26.5355573514	Atom	
272.627	798.534	-3758.73	0.0881754	0.467524	0.879572	26.4555807689	Atom	
273.525	803.293	-3749.77	0.0804174	0.471252	0.878325	26.4316240512	Atom	
274.528	809.175	-3738.81	0.447827	0.476874	0.756334	26.4022354971	Atom	
281.876	816.998	-3726.4	0.336547	0.545302	0.767712	26.3635660716	Atom	
291.815	833.103	-3703.73	0.62102	0.371946	0.68992	26.2938734284	Atom	
292.705	833.636	-3702.74	0.62344	0.412642	0.664116	26.2904873307	Atom	
294.729	834.976	-3700.58	0.643406	0.413964	0.643943	26.2828086464	Atom	
295.38	835.395	-3699.93	0.651192	0.413137	0.636606	26.2804148809	Atom	
296.135	835.874	-3699.19	0.641329	0.382205	0.665295	26.2776725893	Atom	
309.862	844.054	-3684.95	0.638547	0.30103	0.708265	26.2270334047	Atom	
310.992	844.587	-3683.7	0.649697	0.271189	0.710177	26.2228390024	Atom	
323.58	849.841	-3669.94	0.699432	0.24328	0.672019	26.1769264381	Atom	
385.645	871.429	-3610.31	0.682635	0.270219	0.678963	25.9663492467	Atom	
392.317	874.07	-3603.67	0.694912	0.235903	0.679299	25.9430059649	Atom	
397.872	875.956	-3598.24	0.688243	0.247597	0.681922	25.9239023069	Atom	
406.326	878.998	-3589.87	0.687335	0.0358454	0.725455	25.8945248272	Atom	
408.552	879.114	-3587.52	0.660909	0.161707	0.732837	25.8867743978	Atom	
412.967	880.194	-3582.62	0.488096	0.106123	0.866314	25.8707798388	Atom	
415.411	880.725	-3578.28	0.482317	0.114285	0.86851	25.8587871364	Atom	
421.38	882.14	-3567.53	0.492732	0.166357	0.854132	25.8291322475	Atom	
431.831	885.668	-3549.42	0.491516	0.151611	0.85757	25.7782635711	Atom	
436.776	887.194	-3540.79	0.422835	0.190885	0.885874	25.7540956087	Atom	
454.938	895.393	-3502.74	0.439142	0.174783	0.881252	25.6508416109	Atom	
455.714	895.702	-3501.18	0.426814	0.165517	0.889063	25.6465791001	Atom	
457.602	896.434	-3497.25	0.41728	0.159963	0.894589	25.6359129113	Atom	
465.506	899.463	-3480.31	0.442893	0.198171	0.874399	25.590213795	Atom	
468.414	900.765	-3474.56	0.51642	0.251926	0.81844	25.5743468105	Atom	
468.933	901.018	-3473.74	0.53942	0.245436	0.805473	25.5719185155	Atom	
469.67	901.353	-3472.64	0.554953	0.245778	0.794746	25.5686161884	Atom	
471.044	901.962	-3470.67	0.583896	0.235066	0.777052	25.5626315275	Atom	
474.687	903.428	-3465.82	0.589318	0.368049	0.719197	25.5475432197	Atom	
482.941	908.583	-3455.75	0.637925	0.301603	0.708581	25.5136574202	Atom	
505.308	919.158	-3430.91	0.636635	0.313315	0.704648	25.4287450565	Atom	
505.913	919.456	-3430.24	0.675493	0.420078	0.606006	25.4264374318	Atom	
512.695	923.674	-3424.15	0.686216	0.418222	0.595145	25.4020544792	Atom	
515.017	925.089	-3422.14	0.696821	0.418362	0.582593	25.3938302849	Atom	
517.14	926.363	-3420.36	0.684106	0.415569	0.599418	25.3864250812	Atom	
517.552	926.614	-3420	0.771174	0.391458	0.502046	25.3849613126	Atom	
519.538	927.622	-3418.71	0.775822	0.421816	0.469224	25.378699413	Atom	
534.906	935.977	-3409.42	0.723352	0.434339	0.53676	25.330525485	Atom	
537.043	937.261	-3407.83	0.717681	0.445289	0.5354	25.3233271591	Atom	
537.7	937.668	-3407.34	0.693243	0.481711	0.536068	25.3210993172	Atom	
551.291	947.112	-3396.83	0.611015	0.450691	0.650798	25.2733337249	Atom	
591.69	976.911	-3353.8	0.61273	0.383436	0.691042	25.1120036618	Atom	
604.699	985.052	-3339.13	0.662097	0.294033	0.689328	25.059934536	Atom	
611.101	987.895	-3332.46	0.692842	0.273921	0.667036	25.0361842081	Atom	
630.667	995.63	-3313.63	0.685761	0.279532	0.672007	24.9667579838	Atom	
632.964	996.567	-3311.38	0.696163	0.262343	0.668232	24.9585066307	Atom	
636.087	997.744	-3308.38	0.713799	0.249464	0.654415	24.9474515783	Atom	
650.601	1002.82	-3295.07	0.696126	0.198739	0.689864	24.8973244618	Atom	
652.779	1003.44	-3292.91	0.700488	0.194682	0.686597	24.8895998284	Atom	
664.254	1006.63	-3281.67	0.705006	0.19792	0.681024	24.849141123	Atom	
665.258	1006.91	-3280.7	0.810675	0.162672	0.562445	24.8456202169	Atom	
673.065	1008.48	-3275.28	0.784824	0.130858	0.605746	24.8218036801	Atom	
705.118	1013.82	-3250.54	0.784209	0.134105	0.605832	24.7207176555	Atom	
705.634	1013.91	-3250.14	0.796314	0.159333	0.58352	24.7190816951	Atom	
715.785	1015.94	-3242.7	0.802643	0.173776	0.570583	24.6874278663	Atom	
723.061	1017.51	-3237.53	0.796713	0.176271	0.57808	24.6648960937	Atom	
723.912	1017.7	-3236.91	0.809548	0.0682221	0.583076	24.6622366637	Atom	
777.065	1022.18	-3198.63	0.869935	0.188943	0.455536	24.4988997172	Atom	
783.378	1023.55	-3195.32	0.863303	0.148667	0.482292	24.4807494339	Atom	
814.333	1028.88	-3178.03	0.865286	-0.00824184	0.501211	24.3910273895	Atom	
827.162	1028.76	-3170.6	0.867004	-0.0870455	0.490639	24.3538193969	Atom	
845.344	1026.94	-3160.31	0.896459	0.167933	0.410072	24.3011272868	Atom	
865.036	1030.63	-3151.3	0.901077	-0.0497909	0.430792	24.2458378321	Atom	
871.284	1030.28	-3148.32	0.886036	-0.12644	0.446043	24.2283559532	Atom	
874.988	1029.75	-3146.45	0.849541	-0.187106	0.493226	24.2178082219	Atom	
876.273	1029.47	-3145.71	0.828575	-0.281808	0.483784	24.2139913229	Atom	
896.523	1022.58	-3133.88	0.838483	-0.295059	0.458133	24.1523046557	Atom	
900.248	1021.27	-3131.85	0.834705	-0.302669	0.460063	24.1410685163	Atom	
910.384	1017.59	-3126.26	0.8137	-0.288675	0.504538	24.1103448909	Atom	
916.527	1015.42	-3122.45	0.812285	-0.310147	0.493965	24.0912243757	Atom	
931.805	1009.58	-3113.16	0.814981	-0.294198	0.499253	24.0435586724	Atom	
935.032	1008.42	-3111.18	0.839534	-0.348147	0.417105	24.0335081539	Atom	
935.514	1008.22	-3110.94	0.829704	-0.3401	0.442632	24.0320504737	Atom	
941.753	1005.66	-3107.62	0.840858	-0.290613	0.456621	24.0129596774	Atom	
957.34	1000.27	-3099.15	0.859907	-0.241723	0.449589	23.9658597271	Atom	
958.414	999.971	-3098.59	0.84297	-0.227829	0.487335	23.9626817709	Atom	
961.711	999.08	-3096.68	0.842856	-0.238953	0.482177	23.9527289247	Atom	
963.679	998.522	-3095.56	0.831775	-0.24996	0.495651	23.9467842818	Atom	
1021.15	981.252	-3061.31	0.779515	-0.348501	0.520484	23.7708599999	Atom	
1050.23	968.251	-3041.89	0.79138	-0.324348	0.518185	23.6753133158	Atom	
1075.91	957.723	-3025.08	0.786422	-0.362931	0.499821	23.5919222344	Atom	
1078.75	956.415	-3023.27	0.610289	-0.440935	0.658121	23.5826357703	Atom	
1094.05	945.356	-3006.77	0.558584	-0.497851	0.663422	23.5179979693	Atom	
1099	940.947	-3000.89	0.45211	-0.639719	0.621575	23.4951201122	Atom	
1126.74	901.694	-2962.75	0.427144	-0.713089	0.555924	23.3365191772	Atom	
1136.73	885.02	-2949.75	0.450761	-0.688101	0.568622	23.2757558675	Atom	
1137.89	883.256	-2948.3	0.455748	-0.719973	0.523386	23.2690786848	Atom	
1153.4	858.755	-2930.49	0.862911	-0.038128	0.503916	23.1804431288	Atom	
1157.17	858.588	-2928.28	0.897775	0.0187551	0.440056	23.169007753	Atom	
1188.49	859.242	-2912.93	0.928384	-0.00485036	0.371592	23.0778519526	Atom	
1201.93	859.172	-2907.55	0.766072	-0.330549	-0.551246	23.0398824206	Atom	
1204.94	857.873	-2909.72	0.732502	-0.326945	-0.597117	23.0295647453	Atom	
1209.3	855.929	-2913.27	0.717515	-0.343485	-0.605962	23.0139541632	Atom	
1224.65	848.581	-2926.23	0.689734	-0.311818	-0.65348	22.9577455719	Atom	
1234.58	844.089	-2935.64	0.697356	-0.323779	-0.639423	22.9198279055	Atom	
1259.18	832.669	-2958.2	0.681097	-0.439552	-0.585578	22.8268605581	Atom	
1272.46	824.1	-2969.61	0.669251	-0.444447	-0.595458	22.7753103995	Atom	
1275.17	822.301	-2972.02	0.674873	-0.476567	-0.563409	22.7645907117	Atom	
1278.95	819.632	-2975.18	0.663927	-0.501843	-0.554395	22.7497480759	Atom	
1281.62	817.608	-2977.41	0.695589	-0.374715	-0.612981	22.7390554404	Atom	
1290.06	813.065	-2984.84	0.692397	-0.385335	-0.610003	22.706895465	Atom	
1299.55	807.783	-2993.21	0.694691	-0.376442	-0.612941	22.6704982169	Atom	
1306.6	803.961	-2999.43	0.651618	-0.250472	-0.716001	22.6435084492	Atom	
1309.8	802.732	-3002.94	0.600124	-0.3154	-0.735101	22.6304487131	Atom	
1322.65	795.98	-3018.68	0.581438	-0.319939	-0.748043	22.5734605591	Atom	
1324.79	794.803	-3021.43	0.623852	-0.287861	-0.726598	22.5636436684	Atom	
1328.5	793.09	-3025.76	0.628781	-0.308645	-0.713704	22.5477640717	Atom	
1344.3	785.333	-3043.69	0.62368	-0.338066	-0.704794	22.4806636796	Atom	
1349.89	782.303	-3050.01	0.421662	-0.385395	-0.820775	22.4566732474	Atom	
1350.91	781.369	-3052	0.434077	-0.363091	-0.824465	22.4501836025	Atom	
1363.51	770.836	-3075.92	0.372693	-0.384516	-0.84454	22.3724624658	Atom	
1364.82	769.483	-3078.89	0.385022	-0.371388	-0.844884	22.3630144404	Atom	
1365.09	769.221	-3079.48	0.417743	-0.424691	-0.803198	22.3611157851	Atom	
1369.18	765.064	-3087.35	0.399538	-0.448767	-0.799361	22.3348061765	Atom	
1372.28	761.577	-3093.56	0.364361	-0.501353	-0.784784	22.3139081358	Atom	
1375.74	756.82	-3101	0.361493	-0.510978	-0.779888	22.288366965	Atom	
1376.31	756.015	-3102.23	0.356789	-0.519922	-0.776133	22.284119363	Atom	
1381.9	747.873	-3114.39	0.348111	-0.511066	-0.785894	22.241919683	Atom	
1385.71	742.272	-3123	0.322691	-0.499987	-0.803669	22.2123412223	Atom	
1386.03	741.785	-3123.78	0.560396	-0.493741	-0.664963	22.2097123177	Atom	
1389.48	738.74	-3127.88	0.761301	-0.348094	-0.547039	22.1930507318	Atom	
1400.74	733.594	-3135.97	0.750968	-0.367581	-0.548573	22.1530805316	Atom	
1403.6	732.195	-3138.06	0.814624	-0.396875	-0.42294	22.1427731858	Atom	
1413.67	727.284	-3143.29	0.791799	-0.38463	-0.474463	22.109266254	Atom	
1429.53	719.584	-3152.79	0.801577	-0.368824	-0.470578	22.0549810023	Atom	
1435.52	716.827	-3156.31	0.835496	-0.30178	-0.45921	22.0346716396	Atom	
1437.3	716.182	-3157.29	0.834493	-0.302328	-0.460672	22.0288595785	Atom	
1437.43	716.137	-3157.36	0.841613	-0.283277	-0.459828	22.0284591097	Atom	
1442.78	714.336	-3160.28	0.82987	-0.358079	-0.427897	22.0111694796	Atom	
1450.92	710.822	-3164.48	0.832072	-0.345419	-0.433985	21.984463621	Atom	
1451.7	710.497	-3164.89	0.833214	-0.373846	-0.407424	21.9819061922	Atom	
1453.31	709.778	-3165.67	0.834255	-0.357685	-0.419619	21.9766670695	Atom	
1461.26	706.367	-3169.67	0.796754	-0.545199	-0.260655	21.9506814498	Atom	
1462.69	705.394	-3170.14	0.80428	-0.55718	-0.206601	21.9458141731	Atom	
1473.03	698.232	-3172.79	0.816369	-0.508213	-0.274337	21.91075589	Atom	
1482.6	692.271	-3176.01	0.814933	-0.502439	-0.28886	21.8787263894	Atom	
1492.61	686.097	-3179.56	0.818827	-0.517203	-0.249045	21.8451328391	Atom	
1493.03	685.836	-3179.69	0.793077	-0.481133	-0.373549	21.8437495408	Atom	
1493.22	685.719	-3179.78	0.712117	-0.530546	-0.459793	21.8430868342	Atom	
1503.66	677.944	-3186.52	0.706022	-0.545055	-0.452159	21.8029712915	Atom	
1504.76	677.094	-3187.22	0.72428	-0.522992	-0.44933	21.7986924058	Atom	
1520.7	665.578	-3197.11	0.797704	-0.284924	-0.531495	21.7383223389	Atom	
1550.35	654.989	-3216.87	0.761107	-0.245737	-0.600274	21.6361943935	Atom	
1588.91	642.541	-3247.28	0.71235	-0.230608	-0.662856	21.4964893005	Atom	
1595.28	640.477	-3253.21	0.791674	-0.222122	-0.569135	21.4716854831	Atom	
1604.83	637.798	-3260.07	0.769791	-0.234524	-0.59365	21.4382133287	Atom	
1658.77	621.364	-3301.67	0.724366	-0.227439	-0.650819	21.243550947	Atom	
1664.77	619.48	-3307.06	0.717491	-0.241355	-0.653417	21.2203815866	Atom	
1679.66	614.473	-3320.62	0.727178	-0.234989	-0.644974	21.1622821737	Atom	
1685.41	612.615	-3325.72	0.747239	-0.241797	-0.619005	21.1400929051	Atom	
1686.17	612.368	-3326.35	0.74222	-0.266234	-0.615003	21.1372262544	Atom	
1696.03	608.831	-3334.52	0.735189	-0.301848	-0.606947	21.0999112368	Atom	
1705.54	604.926	-3342.37	0.721635	-0.303345	-0.622274	21.0635155974	Atom	
1708.77	603.571	-3345.15	0.58309	-0.725788	-0.365017	21.050933853	Atom	
1715.97	594.602	-3349.66	0.525075	-0.813977	-0.248471	21.0161139359	Atom	
1717.78	591.8	-3350.52	0.562516	-0.656006	-0.503222	21.0063977727	Atom	
1724.67	583.758	-3356.69	0.590613	-0.641874	-0.489053	20.9717978409	Atom	
1731.09	576.783	-3362	0.587333	-0.635289	-0.501446	20.9410853981	Atom	
1732.85	574.885	-3363.5	0.594006	-0.603258	-0.5322	20.9326313322	Atom	
1752.88	554.542	-3381.45	0.59675	-0.587814	-0.546227	20.8371818164	Atom	
1758.44	549.059	-3386.54	0.594169	-0.590621	-0.546013	20.8106899351	Atom	
1759.19	548.32	-3387.22	0.45654	-0.65665	-0.600319	20.8071299411	Atom	
1777.65	521.773	-3411.49	0.501591	-0.602431	-0.620873	20.692159909	Atom	
1778.85	520.326	-3412.99	0.479935	-0.633631	-0.606774	20.6853034325	Atom	
1781.42	516.934	-3416.23	0.469365	-0.608728	-0.639646	20.6700087859	Atom	
1783.34	514.443	-3418.85	0.372478	-0.632057	-0.679532	20.658308912	Atom	
1785.01	511.602	-3421.91	0.369299	-0.630387	-0.682811	20.6454553337	Atom	
1786.75	508.633	-3425.12	0.33633	-0.673998	-0.657731	20.6319795576	Atom	
1789.14	503.841	-3429.8	0.319939	-0.701611	-0.636695	20.6116271825	Atom	
1793.51	494.276	-3438.48	0.652076	-0.690656	-0.312715	20.5725689625	Atom	
1806.82	480.175	-3444.86	0.609366	-0.555877	-0.565397	20.5139918507	Atom	
1809.51	477.72	-3447.36	0.620232	-0.553328	-0.556004	20.5012926113	Atom	
1828.72	460.58	-3464.58	0.613697	-0.547588	-0.568791	20.4121750754	Atom	
1833.18	456.601	-3468.72	0.616812	-0.484853	-0.620048	20.391196054	Atom	
1833.37	456.457	-3468.9	0.612548	-0.474386	-0.632252	20.3903373289	Atom	
1836.42	454.089	-3472.06	0.610811	-0.477322	-0.631723	20.3759148108	Atom	
1842.9	449.025	-3478.76	0.619433	-0.43386	-0.654269	20.3452480125	Atom	
1843.25	448.786	-3479.12	0.607977	-0.439448	-0.661248	20.3436517028	Atom	
1853.63	441.282	-3490.41	0.601601	-0.458315	-0.654235	20.2942321575	Atom	
1857.03	438.686	-3494.12	0.744092	-0.409447	-0.527901	20.2778023407	Atom	
1878.31	426.979	-3509.21	0.75901	-0.368049	-0.53707	20.1948360366	Atom	
1909.61	411.801	-3531.36	0.75793	-0.370845	-0.536672	20.0747904224	Atom	
1925.25	404.149	-3542.43	0.66583	-0.455847	-0.590656	20.0144427028	Atom	
1928.22	402.117	-3545.06	0.664295	-0.436375	-0.606868	20.0013741474	Atom	
1932.87	399.064	-3549.31	0.654335	-0.38789	-0.649143	19.9808507824	Atom	
1937.09	396.562	-3553.5	0.634997	-0.394253	-0.664337	19.9619228022	Atom	
1964.92	379.283	-3582.61	0.579735	-0.456	-0.675256	19.8331716335	Atom	
1970.11	375.196	-3588.67	0.556614	-0.486272	-0.673588	19.8067140223	Atom	
1970.63	374.745	-3589.29	0.57852	-0.451019	-0.67963	19.8039703687	Atom	
1981.57	366.216	-3602.14	0.560323	-0.462172	-0.687339	19.7480775077	Atom	
1991.68	357.874	-3614.55	0.531769	-0.4773	-0.699576	19.6946051626	Atom	
2028.74	324.612	-3663.3	0.536231	-0.477453	-0.696056	19.4877275699	Atom	
2029.81	323.661	-3664.69	0.570712	-0.537563	-0.620736	19.4817676762	Atom	
2032.33	321.284	-3667.43	0.409309	-0.659514	-0.630482	19.4685280576	Atom	
2044.7	301.359	-3686.48	0.238557	-0.701194	-0.671876	19.3780258465	Atom	
2045.27	299.684	-3688.08	0.231884	-0.689025	-0.68664	19.3708461025	Atom	
2049.63	286.709	-3701.01	0.230205	-0.712783	-0.66253	19.3142153336	Atom	
2058.74	258.509	-3727.23	0.167471	-0.830594	-0.5311	19.1949628458	Atom	
2059.64	254.053	-3730.08	0.162026	-0.832364	-0.530017	19.1787165083	Atom	
2061.9	242.44	-3737.47	0.266714	-0.891543	-0.36608	19.1364317491	Atom	
2063.08	238.498	-3739.09	0.286182	-0.878989	-0.381416	19.1230078813	Atom	
2075.05	201.728	-3755.04	0.263966	-0.876338	-0.402931	18.9959357115	Atom	
2076.61	196.566	-3757.42	0.388047	-0.816284	-0.427902	18.9779480118	Atom	
2083.03	183.051	-3764.5	0.348961	-0.81068	-0.470132	18.9273571392	Atom	
2085.02	178.424	-3767.19	0.374441	-0.758343	-0.533582	18.9098797539	Atom	
2089.23	169.904	-3773.18	0.365358	-0.778293	-0.51066	18.8754498122	Atom	
2089.24	169.883	-3773.19	0.449884	-0.730731	-0.513456	18.8753688006	Atom	
2109.9	136.322	-3796.78	0.345458	-0.75834	-0.552792	18.7344312781	Atom	
2113.52	128.388	-3802.56	0.346266	-0.749078	-0.564786	18.7021373474	Atom	
2117.06	120.724	-3808.34	0.310239	-0.723998	-0.616099	18.6705155443	Atom	
2127.7	95.88	-3829.48	0.178373	-0.688255	-0.703198	18.5643156386	Atom	
2132.45	77.5575	-3848.2	0.179369	-0.676254	-0.714498	18.4815590886	Atom	
2132.76	76.4103	-3849.41	0.0797514	-0.584298	-0.807611	18.476267288	Atom	
2133.01	74.5531	-3851.98	0.0441416	-0.488018	-0.871717	18.4663502731	Atom	
2134.76	55.254	-3886.45	0.0193807	-0.535784	-0.844132	18.3429105457	Atom	
2134.92	50.6556	-3893.7	-0.00394898	-0.473471	-0.8808	18.3159806939	Atom	
2134.91	49.1852	-3896.43	-0.338204	-0.618094	-0.709632	18.3062251379	Atom	
2129.2	38.7404	-3908.42	-0.344694	-0.605981	-0.716919	18.2531197147	Atom	
2127.53	35.8115	-3911.89	-0.254692	-0.661022	-0.70582	18.2378958567	Atom	
2125.12	29.5538	-3918.57	-0.249998	-0.634322	-0.73153	18.2080588305	Atom	
2124.35	27.5942	-3920.83	-0.267887	-0.701021	-0.660913	18.1983099063	Atom	
2122.18	21.9213	-3926.18	-0.101246	-0.74217	-0.662521	18.1727612458	Atom	
2122.1	21.3225	-3926.71	-0.0236312	-0.723276	-0.690154	18.1702113333	Atom	
2121.98	17.7044	-3930.17	-0.00700448	-0.745027	-0.666997	18.154399175	Atom	
2121.62	-20.1745	-3964.08	0.347825	-0.793518	-0.499345	17.993582771	Atom	
2130.42	-40.2523	-3976.71	0.33937	-0.786586	-0.515859	17.9129953979	Atom	
2147.39	-79.5815	-4002.51	0.331729	-0.789768	-0.515968	17.7531907018	Atom	
2148.28	-81.6896	-4003.88	0.0319922	-0.573057	-0.818891	17.7445999063	Atom	
2148.64	-88.1935	-4013.18	0.00337338	-0.451053	-0.892491	17.7080587431	Atom	
2148.68	-92.9391	-4022.57	0.0154128	-0.395977	-0.918131	17.6741305726	Atom	
2149.74	-120.291	-4085.99	0.147452	-0.367938	-0.918085	17.4510462313	Atom	
2150.12	-121.242	-4088.36	0.103182	-0.376736	-0.920556	17.4426178501	Atom	
2151.28	-125.473	-4098.7	0.114349	-0.377257	-0.919022	17.4059791563	Atom	
2157.81	-147.023	-4151.19	0.109661	-0.382449	-0.917446	17.2192954961	Atom	
2158.32	-148.786	-4155.42	0.0157687	-0.219501	-0.975485	17.2041006832	Atom	
2158.86	-156.388	-4189.21	0.0832669	-0.192654	-0.977727	17.0898972574	Atom	
2159.3	-157.398	-4194.33	0.0181957	-0.220665	-0.97518	17.0725104902	Atom	
2159.55	-160.402	-4207.61	-0.0948248	-0.076689	-0.992536	17.0273603005	Atom	
2159.02	-160.831	-4213.17	-0.0139346	-0.266255	-0.963802	17.0087339468	Atom	
2158.78	-165.357	-4229.55	-0.100717	-0.236189	-0.966473	16.9521794682	Atom	
2154.67	-174.985	-4268.95	-0.165584	-0.514802	-0.841166	16.8162155246	Atom	
2154.49	-175.547	-4269.87	-0.266965	-0.640694	-0.719889	16.8125454214	Atom	
2143.78	-201.248	-4298.74	-0.230697	-0.641438	-0.731667	16.6778847062	Atom	
2143.6	-201.758	-4299.32	-0.246965	-0.63677	-0.730433	16.6751973687	Atom	
2142.85	-203.698	-4301.55	-0.130527	-0.584008	-0.801185	16.6649039082	Atom	
2136.93	-230.175	-4337.87	-0.169432	-0.568143	-0.805299	16.5116641664	Atom	
2135.9	-233.628	-4342.77	-0.187652	-0.598309	-0.778982	16.4909755011	Atom	
2130.1	-252.116	-4366.84	-0.128785	-0.645825	-0.752545	16.3856813602	Atom	
2128.98	-257.758	-4373.41	-0.169912	-0.611713	-0.772617	16.3557669652	Atom	
2127.03	-264.76	-4382.26	-0.062835	-0.622201	-0.780332	16.3165109662	Atom	
2125.97	-275.325	-4395.51	-0.413652	-0.610371	-0.675529	16.2581774726	Atom	
2123.11	-279.538	-4400.17	-0.371859	-0.666965	-0.645661	16.2343948596	Atom	
2116.73	-290.974	-4411.24	-0.414819	-0.555689	-0.72051	16.1752556313	Atom	
2114.35	-294.171	-4415.38	-0.387809	-0.529312	-0.754608	16.15535918	Atom	
2100.81	-312.642	-4441.72	-0.378123	-0.525159	-0.762385	16.0345445942	Atom	
2099.36	-314.668	-4444.66	-0.43048	-0.443547	-0.7861	16.0211134965	Atom	
2097.45	-316.634	-4448.14	-0.496566	0.00568281	-0.86798	16.0056718936	Atom	
2087.87	-316.524	-4464.89	-0.512031	0.0166436	-0.858805	15.9384003275	Atom	
2087.84	-316.523	-4464.93	-0.28458	-0.136603	-0.94887	15.9382218987	Atom	
2087.23	-316.817	-4466.97	-0.273527	-0.140804	-0.951503	15.9307010631	Atom	
2082.88	-319.056	-4482.1	-0.207029	-0.153385	-0.966236	15.8750416157	Atom	
2077.39	-323.123	-4507.72	-0.195138	-0.189792	-0.962237	15.782000148	Atom	
2075.7	-324.77	-4516.07	0.0657395	-0.253958	-0.964979	15.7514097822	Atom	
2076.5	-327.876	-4527.87	0.276583	-0.242322	-0.929937	15.7082422204	Atom	
2076.55	-327.919	-4528.04	0.271169	-0.232503	-0.934029	15.7076137902	Atom	
2078.01	-329.172	-4533.08	0.287484	-0.27449	-0.91761	15.6885408982	Atom	
2082.9	-333.842	-4548.69	0.274326	-0.231075	-0.933461	15.6282957157	Atom	
2085.7	-336.201	-4558.22	0.237065	-0.280346	-0.930165	15.5920324489	Atom	
2087.01	-337.744	-4563.34	0.25908	-0.260432	-0.930082	15.5724553093	Atom	
2094.35	-345.124	-4589.69	0.218496	-0.299629	-0.928699	15.471531068	Atom	
2101.92	-355.509	-4621.88	0.242715	-0.334658	-0.910546	15.3474766585	Atom	
2105.68	-360.683	-4635.96	0.234337	-0.247482	-0.940127	15.2917913724	Atom	
2112.05	-367.413	-4661.52	0.310487	-0.275192	-0.909872	15.1935763371	Atom	
2113.55	-368.74	-4665.91	0.358092	-0.210448	-0.90966	15.1760753159	Atom	
2115.91	-370.129	-4671.91	0.344989	-0.201806	-0.916655	15.1521040922	Atom	
2115.93	-370.142	-4671.98	0.639737	-0.436816	-0.632399	15.1518541173	Atom	
2140.5	-386.916	-4696.26	0.582848	-0.383549	-0.716365	15.0121819248	Atom	
2146.58	-390.922	-4703.74	0.658921	-0.318994	-0.681224	14.973926834	Atom	
2152.13	-393.609	-4709.48	0.710365	-0.334756	-0.619128	14.9430109477	Atom	
2155.23	-395.067	-4712.18	0.728217	-0.318355	-0.606919	14.9269941939	Atom	
2169.8	-401.437	-4724.32	0.73821	-0.268612	-0.618784	14.8533814038	Atom	
2173.15	-402.656	-4727.13	0.772614	-0.139744	-0.619305	14.8366110201	Atom	
2175.67	-403.112	-4729.15	0.680424	-0.194084	-0.70665	14.8245530455	Atom	
2176.27	-403.283	-4729.77	0.746001	-0.137003	-0.6517	14.8213074012	Atom	
2176.85	-403.389	-4730.28	0.778633	-0.200559	-0.594564	14.8184296291	Atom	
2192.15	-407.329	-4741.96	0.792455	-0.193127	-0.578548	14.7457427542	Atom	
2195.45	-408.134	-4744.37	0.749553	-0.271472	-0.603717	14.7302711731	Atom	
2196.36	-408.465	-4745.1	0.748955	-0.312204	-0.584461	14.7257334466	Atom	
2197.77	-409.052	-4746.2	0.789567	-0.241558	-0.564123	14.7187510352	Atom	
2221.7	-416.373	-4763.3	0.758325	-0.327715	-0.563512	14.606024851	Atom	
2222.22	-416.599	-4763.69	0.765645	-0.318525	-0.558864	14.6034437432	Atom	
2226.64	-418.435	-4766.91	0.805272	-0.298555	-0.512251	14.5818775697	Atom	
2244.48	-425.052	-4778.26	0.768173	-0.304724	-0.563075	14.4988569491	Atom	
2251.67	-427.902	-4783.53	0.755299	-0.325221	-0.568995	14.4636701266	Atom	
2257.76	-430.524	-4788.12	0.80318	-0.302233	-0.513377	14.4332841263	Atom	
2263.23	-432.583	-4791.62	0.803687	-0.303501	-0.511834	14.4075632658	Atom	
2283.79	-440.346	-4804.71	0.805412	-0.241507	-0.541282	14.3108717244	Atom	
2286.95	-441.296	-4806.84	0.781644	-0.264335	-0.564942	14.2959241199	Atom	
2305.97	-447.727	-4820.58	0.721514	-0.276886	-0.634627	14.203392469	Atom	
2317.08	-451.989	-4830.35	0.704198	-0.279804	-0.652545	14.1445597286	Atom	
2328.52	-456.535	-4840.95	0.597178	-0.235234	-0.76684	14.0822719079	Atom	
2329.78	-457.031	-4842.57	0.608311	-0.249163	-0.753575	14.0741562632	Atom	
2333.41	-458.519	-4847.07	0.583033	-0.38259	-0.716727	14.0511740707	Atom	
2353.94	-471.987	-4872.3	0.559475	-0.512492	-0.651414	13.9155101066	Atom	
2366.84	-483.806	-4887.32	0.538076	-0.501671	-0.677348	13.8259808537	Atom	
2400.95	-515.608	-4930.26	0.896252	-0.225548	-0.381917	13.5786565138	Atom	
2401.42	-515.727	-4930.46	0.887652	-0.314478	-0.33642	13.5765700863	Atom	
2417.59	-521.457	-4936.59	0.882183	-0.323538	-0.342165	13.5044825952	Atom	
2417.69	-521.494	-4936.63	0.883957	-0.318407	-0.3424	13.5040303079	Atom	
2421.72	-522.945	-4938.19	0.854321	-0.300808	-0.423851	13.4859333247	Atom	
2421.78	-522.965	-4938.22	0.843677	-0.244074	-0.478159	13.4856628282	Atom	
2424.69	-523.808	-4939.87	0.713844	-0.266614	-0.647568	13.471929901	Atom	
2434.56	-527.492	-4948.82	0.699999	-0.221203	-0.679022	13.4169427985	Atom	
2435.14	-527.677	-4949.39	0.696744	-0.23549	-0.677563	13.4135965247	Atom	
2455.3	-534.49	-4968.99	0.626197	-0.273772	-0.730018	13.2980934469	Atom	
2457.33	-535.376	-4971.35	0.648209	-0.28595	-0.705732	13.2850810887	Atom	
2469.01	-540.532	-4984.08	0.636848	-0.309231	-0.706259	13.212565399	Atom	
2472.75	-542.343	-4988.21	0.727886	-0.41574	-0.54529	13.1889054562	Atom	
2474.6	-543.401	-4989.6	0.738652	-0.413942	-0.532019	13.1786200572	Atom	
2481.67	-547.367	-4994.7	0.656929	-0.375349	-0.653878	13.1398454931	Atom	
2484.27	-548.852	-4997.28	0.645891	-0.374975	-0.664995	13.1238001148	Atom	
2486.91	-550.383	-5000	0.645891	-0.374975	-0.664995	13.1072254665	Region	
"-----------------------------------------------------------------"
"Trajectory"	100

"NbCollisions"	70
"Zmax"	0
"Display"	256

"Collisions"

"X"	"Y"	"Z"	"Rx"	"Ry"	"Rz"	"Energy"	"CollisionType"	
-0.0735435	-0.0351174	-5000	2.79611e-006	-1.6859e-008	1	30	Region	
-0.0734996	-0.0351177	-4984.32	0.0194707	0.00117829	0.99981	29.9666143016	Atom	
0.0407238	-0.0282053	-4978.45	-0.0063063	-0.076769	0.997029	29.9541129733	Atom	
-0.210745	-3.08944	-4938.7	-0.0679349	-0.166892	0.983632	29.8691095327	Atom	
-0.957653	-4.92432	-4927.88	-0.0144141	-0.181431	0.983298	29.8456193769	Atom	
-1.24322	-8.51874	-4908.4	-0.0421423	-0.155628	0.986916	29.8032646862	Atom	
-1.30178	-8.73502	-4907.03	-0.00885479	0.0494362	0.998738	29.8002903252	Atom	
-1.53742	-7.41943	-4880.45	-0.269009	0.0703496	0.960565	29.7433284012	Atom	
-7.53089	-5.85206	-4859.05	-0.272872	0.0481844	0.960843	29.6955660388	Atom	
-7.59614	-5.84054	-4858.82	-0.313693	0.0615661	0.947527	29.695052689	Atom	
-17.1405	-3.96734	-4829.99	-0.33716	0.0639103	0.939276	29.6297425543	Atom	
-19.7132	-3.47966	-4822.82	-0.329319	0.0403167	0.943358	29.6133343442	Atom	
-23.8737	-2.97032	-4810.91	-0.253817	0.12541	0.959088	29.5861561478	Atom	
-24.7789	-2.52309	-4807.49	-0.26069	0.0495999	0.964148	29.578478931	Atom	
-27.1141	-2.07879	-4798.85	-0.448638	0.0184709	0.893523	29.5591903719	Atom	
-45.7589	-1.31116	-4761.72	-0.478139	-0.007061	0.878256	29.4696561382	Atom	
-55.6973	-1.45793	-4743.46	-0.0288352	-0.956699	-0.289648	29.4247669405	Atom	
-55.8836	-7.64118	-4745.33	-0.0502214	-0.948111	-0.313947	29.4107919578	Atom	
-56.3676	-16.7775	-4748.36	-0.115219	-0.937618	-0.32802	29.3899476839	Atom	
-58.7775	-36.3884	-4755.22	-0.119749	-0.927878	-0.353132	29.3446798055	Atom	
-61.9447	-60.9295	-4764.56	-0.0759704	-0.920787	-0.382596	29.2873661911	Atom	
-64.165	-87.8408	-4775.74	-0.112788	-0.915002	-0.387362	29.223934569	Atom	
-68.2739	-121.174	-4789.85	-0.144938	-0.938133	-0.314484	29.1447313776	Atom	
-71.3531	-141.105	-4796.53	-0.207868	-0.91481	-0.346285	29.0984419641	Atom	
-72.6495	-146.811	-4798.69	-0.34518	-0.885316	-0.311556	29.0848363136	Atom	
-79.595	-164.624	-4804.96	-0.431018	-0.838044	-0.334522	29.0409235272	Atom	
-85.1261	-175.379	-4809.26	-0.428411	-0.839198	-0.334979	29.0128838415	Atom	
-86.3184	-177.714	-4810.19	-0.44917	-0.829838	-0.331082	29.0067981106	Atom	
-99.3773	-201.84	-4819.81	-0.437593	-0.841383	-0.317153	28.9432121702	Atom	
-101.395	-205.719	-4821.28	-0.424709	-0.838341	-0.341771	28.9331115147	Atom	
-115.011	-232.597	-4832.23	-0.434784	-0.828751	-0.352327	28.8628493531	Atom	
-124.809	-251.274	-4840.17	-0.394602	-0.844926	-0.361096	28.8133665408	Atom	
-128.579	-259.345	-4843.62	-0.436263	-0.843754	-0.312656	28.7923628137	Atom	
-128.587	-259.361	-4843.63	-0.378855	-0.869083	-0.318063	28.7923222038	Atom	
-132.964	-269.401	-4847.3	-0.2933	-0.839228	-0.457899	28.7669040528	Atom	
-140.554	-291.12	-4859.15	-0.296282	-0.839583	-0.455322	28.7099270583	Atom	
-143.862	-300.492	-4864.23	-0.166671	-0.734064	-0.658309	28.6853144084	Atom	
-152.795	-339.837	-4899.52	-0.140706	-0.7027	-0.697434	28.5670420896	Atom	
-162.429	-387.95	-4947.27	-0.14321	-0.68715	-0.712261	28.4154625344	Atom	
-162.474	-388.166	-4947.5	-0.152454	-0.764556	-0.626268	28.4147656945	Atom	
-162.728	-389.442	-4948.54	-0.154166	-0.800782	-0.578775	28.4110547049	Atom	
-170.74	-431.057	-4978.62	-0.177347	-0.786684	-0.591334	28.2955011501	Atom	
-171.073	-432.532	-4979.73	-0.176702	-0.809215	-0.560311	28.2913193857	Atom	
-174.814	-449.663	-4991.59	-0.170194	-0.807973	-0.564105	28.2440871312	Atom	
-176.779	-458.993	-4998.1	-0.248019	-0.815336	-0.523177	28.2182910867	Atom	
-177.678	-461.949	-5000	-0.248019	-0.815336	-0.523177	28.2101864321	Region	
"-----------------------------------------------------------------"
"Trajectory"	110

"NbCollisions"	229
"Zmax"	0
"Display"	256

"Collisions"

"X"	"Y"	"Z"	"Rx"	"Ry"	"Rz"	"Energy"	"CollisionType"	
-0.0550253	-0.0999513	-5000	1.85849e-006	-3.77391e-006	1	30	Region	
-0.05498	-0.100043	-4975.64	0.00690559	-0.0161903	0.999845	29.94814457	Atom	
-0.0294392	-0.159924	-4971.95	0.0283382	-0.046217	0.998529	29.9402590649	Atom	
0.544381	-1.09577	-4951.73	0.0183305	-0.0570673	0.998202	29.8970782182	Atom	
0.892639	-2.17999	-4932.76	0.00888152	-0.063723	0.997928	29.8565166748	Atom	
1.09554	-3.63575	-4909.96	0.00940432	-0.0946003	0.995471	29.8076903355	Atom	
1.64996	-9.21282	-4851.28	0.0288304	-0.0416414	0.998717	29.6815254925	Atom	
2.51437	-10.4613	-4821.33	0.0354574	-0.0269929	0.999007	29.6171439272	Atom	
3.22666	-11.0036	-4801.27	-0.0604734	0.00176894	0.998168	29.5739325496	Atom	
2.09648	-10.9705	-4782.61	-0.0323702	0.0166594	0.999337	29.5336853644	Atom	
2.06983	-10.9568	-4781.79	-0.117061	-0.161794	0.979857	29.5319103948	Atom	
-3.44963	-18.5854	-4735.59	-0.142188	-0.162304	0.976443	29.4302546046	Atom	
-6.72164	-22.3203	-4713.12	-0.129722	-0.0876462	0.987669	29.3805045557	Atom	
-7.85523	-23.0862	-4704.49	-0.0950668	-0.0267576	0.995111	29.3615868817	Atom	
-8.92482	-23.3873	-4693.29	-0.0714787	-0.064185	0.995375	29.3372178028	Atom	
-8.96547	-23.4238	-4692.72	-0.108703	-0.14285	0.983757	29.3359849653	Atom	
-9.51186	-24.1418	-4687.78	-0.125378	-0.164988	0.978294	29.3250903961	Atom	
-13.2861	-29.1084	-4658.33	-0.139241	-0.156231	0.977857	29.2598244231	Atom	
-15.1717	-31.2241	-4645.09	0.432387	0.165723	0.886328	29.2304113716	Atom	
-14.5168	-30.9731	-4643.75	0.463815	0.204652	0.861971	29.2271189351	Atom	
-11.8481	-29.7955	-4638.79	0.476041	0.199828	0.856419	29.2146107978	Atom	
-7.15755	-27.8266	-4630.35	0.477538	0.211688	0.852729	29.1931834441	Atom	
-3.51946	-26.2139	-4623.85	0.469537	0.195168	0.861071	29.1766063483	Atom	
-2.40458	-25.7504	-4621.81	0.484868	0.207067	0.849721	29.1714374301	Atom	
-1.52634	-25.3754	-4620.27	0.547414	0.198055	0.813088	29.1674938573	Atom	
8.77882	-21.647	-4604.96	0.605521	0.198588	0.770654	29.1265030356	Atom	
21.3927	-17.5101	-4588.91	0.612099	0.00898497	0.79073	29.0810927129	Atom	
39.6265	-17.2424	-4565.35	0.628303	-9.48779e-005	0.777969	29.0160753826	Atom	
44.4375	-17.2432	-4559.4	0.635645	-0.00837779	0.771936	28.9993328737	Atom	
44.4632	-17.2435	-4559.36	0.597149	0.0228846	0.801804	28.9992445607	Atom	
65.3374	-16.4435	-4531.34	0.742959	-0.0673201	0.665943	28.92277654	Atom	
81.3613	-17.8955	-4516.97	0.749905	-0.0422951	0.660192	28.8754977948	Atom	
92.0057	-18.4958	-4507.6	0.764838	-0.0445857	0.642678	28.8443412549	Atom	
96.4028	-18.7522	-4503.91	0.770009	-0.0464925	0.636337	28.8317113139	Atom	
103.715	-19.1937	-4497.86	0.783452	-0.0187594	0.62117	28.8108410866	Atom	
104.74	-19.2182	-4497.05	0.772218	-0.0803055	0.630262	28.8079663384	Atom	
121.87	-20.9997	-4483.07	0.769685	-0.0717089	0.634384	28.7591820879	Atom	
146.03	-23.2505	-4463.16	0.756877	-0.0881765	0.647582	28.6900632927	Atom	
176.71	-26.8248	-4436.91	0.740485	-0.0733773	0.668055	28.6006307525	Atom	
208.304	-29.9556	-4408.4	0.742546	-0.0848065	0.664405	28.5062600322	Atom	
220.487	-31.347	-4397.5	0.683634	-0.0832328	0.725063	28.469875694	Atom	
254.655	-35.5069	-4361.26	0.67578	-0.23493	0.698663	28.3589288604	Atom	
258.875	-36.9741	-4356.9	0.68888	-0.295924	0.66172	28.3450221663	Atom	
260.549	-37.6932	-4355.29	0.692986	-0.294788	0.657929	28.3396091675	Atom	
267.285	-40.5585	-4348.9	0.68621	-0.27803	0.672172	28.3179535708	Atom	
283.811	-47.2541	-4332.71	0.681306	-0.300692	0.667387	28.2642657767	Atom	
307.405	-57.6676	-4309.6	0.719968	-0.299389	0.626109	28.1869431082	Atom	
333.532	-68.5318	-4286.88	0.721411	-0.285563	0.630888	28.105745598	Atom	
347.72	-74.1483	-4274.47	0.714203	-0.281133	0.640997	28.0616354153	Atom	
359.15	-78.6474	-4264.21	0.681165	-0.337747	0.64957	28.025699358	Atom	
371.902	-84.9704	-4252.05	0.697132	-0.377006	0.609815	27.9836177	Atom	
380.334	-89.5306	-4244.67	0.707872	-0.369838	0.601778	27.9563959193	Atom	
389.633	-94.3886	-4236.77	0.748668	-0.381283	0.542327	27.9268108991	Atom	
396.755	-98.0159	-4231.61	0.813573	-0.105343	0.571841	27.9053666116	Atom	
419.466	-100.957	-4215.65	0.811937	-0.13553	0.567793	27.8424023783	Atom	
421.467	-101.29	-4214.25	0.805428	-0.118231	0.580781	27.8368355523	Atom	
421.711	-101.326	-4214.07	0.806809	-0.0933004	0.583398	27.8361502961	Atom	
435.434	-102.913	-4204.15	0.803444	-0.0759912	0.59051	27.7977096313	Atom	
448.356	-104.135	-4194.65	0.81374	-0.0872336	0.574645	27.7613212393	Atom	
477.671	-107.278	-4173.95	0.765793	-0.117552	0.632252	27.6797304616	Atom	
489.025	-109.021	-4164.58	0.782451	-0.0972682	0.615068	27.646072571	Atom	
489.806	-109.118	-4163.96	0.770543	-0.117541	0.626456	27.6438039949	Atom	
520.536	-113.806	-4138.98	0.745351	0.0182988	0.666421	27.5531764794	Atom	
529.461	-113.586	-4131	0.712588	0.0199163	0.7013	27.5258920389	Atom	
542.98	-113.209	-4117.69	0.710227	0.00459376	0.703957	27.4826332744	Atom	
551.317	-113.155	-4109.43	0.71768	0.0423572	0.695084	27.4558313558	Atom	
560.88	-112.59	-4100.17	0.723396	0.0437415	0.689046	27.4253862711	Atom	
570.42	-112.013	-4091.08	0.686678	0.039261	0.725901	27.395228185	Atom	
586.711	-111.082	-4073.86	0.649705	0.108685	0.752377	27.3409266393	Atom	
594.246	-109.822	-4065.13	0.656579	0.067054	0.751271	27.3143402088	Atom	
617.318	-107.465	-4038.73	0.657624	0.115446	0.744448	27.2337184244	Atom	
621.455	-106.739	-4034.05	0.633429	0.161629	0.756732	27.219251956	Atom	
630.675	-104.387	-4023.04	0.585407	-0.0458655	0.809441	27.1857663193	Atom	
632.108	-104.499	-4021.06	0.590674	-0.134168	0.795678	27.1801292581	Atom	
638.136	-105.868	-4012.94	0.631175	-0.17197	0.756336	27.1566225487	Atom	
644.996	-107.737	-4004.71	0.680712	-0.161272	0.714578	27.1315712591	Atom	
651.805	-109.35	-3997.57	0.538679	-0.16141	0.826905	27.1085018096	Atom	
669.419	-114.628	-3970.53	0.531017	-0.202968	0.822693	27.0330306	Atom	
680.061	-118.696	-3954.04	0.512315	-0.197928	0.835678	26.9866728451	Atom	
693.039	-123.71	-3932.87	0.506876	-0.194051	0.839894	26.9279932589	Atom	
712.701	-131.237	-3900.29	0.439496	-0.194183	0.877004	26.8379826558	Atom	
717.073	-133.169	-3891.57	0.466676	-0.208276	0.859555	26.8148414531	Atom	
717.538	-133.376	-3890.71	0.483705	-0.289749	0.825878	26.8125223973	Atom	
719.406	-134.495	-3887.52	0.446133	-0.372082	0.813954	26.8035307387	Atom	
722.578	-137.141	-3881.73	0.540228	-0.278247	0.794187	26.7869695683	Atom	
724.426	-138.093	-3879.02	0.603693	-0.253755	0.755753	26.7790013573	Atom	
735.149	-142.6	-3865.59	0.591707	-0.403061	0.698158	26.7376037789	Atom	
736.283	-143.373	-3864.26	0.58654	-0.440086	0.679923	26.7331303871	Atom	
743.657	-148.906	-3855.71	0.566313	-0.439003	0.697543	26.7037885824	Atom	
759.964	-161.546	-3835.62	0.557526	-0.428252	0.711172	26.6365297585	Atom	
776.982	-174.618	-3813.91	0.528288	-0.470539	0.706757	26.5650878441	Atom	
781.755	-178.87	-3807.53	0.462457	-0.467468	0.753397	26.5438959359	Atom	
789.065	-186.259	-3795.62	0.515336	-0.433853	0.739054	26.5067954805	Atom	
820.046	-212.341	-3751.19	-0.68798	-0.563221	-0.457675	26.3655450941	Atom	
803.501	-225.885	-3762.2	-0.696955	-0.5571	-0.451546	26.3088027689	Atom	
791.577	-235.417	-3769.92	-0.700429	-0.557566	-0.445555	26.2683639751	Atom	
766.541	-255.346	-3785.85	-0.706641	-0.534577	-0.463558	26.1837763173	Atom	
744.932	-271.694	-3800.02	-0.689743	-0.537863	-0.484725	26.1112214492	Atom	
739.589	-275.86	-3803.78	-0.68883	-0.514521	-0.510667	26.0928037799	Atom	
729.842	-283.141	-3811	-0.649429	-0.552139	-0.522863	26.0591385522	Atom	
723.987	-288.118	-3815.72	-0.677477	-0.529749	-0.510285	26.037669313	Atom	
721.231	-290.274	-3817.79	-0.64901	-0.413366	-0.638682	26.0279718574	Atom	
719.596	-291.315	-3819.4	-0.633595	-0.441431	-0.635371	26.0219670347	Atom	
699	-305.664	-3840.06	-0.629121	-0.445039	-0.637296	25.9444653752	Atom	
694.045	-309.169	-3845.08	-0.683568	-0.474692	-0.554438	25.9256423885	Atom	
683.907	-316.21	-3853.3	-0.693609	-0.466999	-0.54847	25.8901747975	Atom	
682.812	-316.947	-3854.16	-0.675716	-0.474385	-0.56424	25.8863973098	Atom	
628.257	-355.247	-3899.72	-0.673838	-0.383291	-0.631689	25.6931010515	Atom	
625.474	-356.83	-3902.33	-0.645951	-0.40281	-0.648453	25.6831555672	Atom	
624.464	-357.46	-3903.34	-0.653329	-0.405111	-0.639567	25.6793876703	Atom	
589.665	-379.038	-3937.41	-0.666501	-0.409893	-0.622707	25.5510534581	Atom	
558	-398.512	-3966.99	-0.688213	-0.393432	-0.609569	25.4361271863	Atom	
557.645	-398.715	-3967.31	-0.697231	-0.414562	-0.584814	25.4348755502	Atom	
513.555	-424.93	-4004.29	-0.700517	-0.4424	-0.559962	25.2813543195	Atom	
491.89	-438.612	-4021.61	-0.706536	-0.440388	-0.553954	25.205908325	Atom	
490.83	-439.273	-4022.44	-0.702752	-0.460941	-0.541916	25.2022424809	Atom	
488.33	-440.912	-4024.36	-0.670454	-0.55872	-0.488184	25.1935426515	Atom	
478.895	-448.775	-4031.23	-0.684601	-0.541799	-0.487623	25.1591182098	Atom	
477.021	-450.259	-4032.57	-0.751275	-0.473611	-0.45965	25.1524132399	Atom	
476.153	-450.806	-4033.1	-0.728811	-0.518612	-0.447075	25.1495840232	Atom	
469.19	-455.761	-4037.37	-0.689834	-0.55879	-0.460307	25.1261806408	Atom	
457.536	-465.2	-4045.15	-0.652643	-0.542831	-0.528575	25.0847701495	Atom	
444.069	-476.402	-4056.06	-0.6323	-0.565199	-0.529855	25.0341200238	Atom	
442.133	-478.132	-4057.68	-0.649541	-0.563914	-0.509998	25.026593627	Atom	
429.867	-488.781	-4067.31	-0.655082	-0.528604	-0.539857	24.9801586641	Atom	
402.475	-510.885	-4089.88	-0.586063	-0.561781	-0.583894	24.8771807862	Atom	
399.622	-513.619	-4092.72	-0.588227	-0.510702	-0.627034	24.8651556977	Atom	
394.45	-518.11	-4098.24	-0.607427	-0.491533	-0.624041	24.8434197822	Atom	
373.175	-535.325	-4120.09	-0.618075	-0.478278	-0.623886	24.7567925711	Atom	
368.096	-539.256	-4125.22	-0.634528	-0.50298	-0.586843	24.7364099278	Atom	
362.95	-543.335	-4129.98	-0.567276	-0.480251	-0.668997	24.7162820118	Atom	
357.526	-547.927	-4136.38	-0.558071	-0.49075	-0.669119	24.6925390736	Atom	
338.12	-564.992	-4159.65	-0.577173	-0.527276	-0.623579	24.6061135127	Atom	
324.727	-577.227	-4174.12	-0.66608	-0.377279	-0.643426	24.5482834665	Atom	
322.83	-578.302	-4175.95	-0.669383	-0.359008	-0.650415	24.5411720582	Atom	
314.769	-582.625	-4183.78	-0.649275	-0.37356	-0.662491	24.5110964845	Atom	
305.878	-587.74	-4192.85	-0.688555	-0.363437	-0.62754	24.4768668646	Atom	
298.499	-591.635	-4199.58	-0.678503	-0.300317	-0.670405	24.4500453285	Atom	
282.698	-598.629	-4215.19	-0.657228	-0.30574	-0.688893	24.3917159667	Atom	
280.422	-599.688	-4217.57	-0.654738	-0.332159	-0.678961	24.3830257818	Atom	
279.706	-600.051	-4218.32	-0.580869	-0.351149	-0.734361	24.3802800145	Atom	
270.386	-605.685	-4230.1	-0.569168	-0.354788	-0.741737	24.3400006614	Atom	
232.544	-629.274	-4279.42	-0.498695	-0.371054	-0.78334	24.1728696668	Atom	
214.619	-642.611	-4307.57	-0.50329	-0.377531	-0.777283	24.082021302	Atom	
213.721	-643.285	-4308.96	-0.443618	-0.431816	-0.785327	24.0774989648	Atom	
199.717	-656.916	-4333.75	-0.481366	-0.391709	-0.784124	23.9974663999	Atom	
199.614	-656.999	-4333.92	-0.485349	-0.397089	-0.778945	23.9969237955	Atom	
199.166	-657.366	-4334.64	-0.465617	-0.337327	-0.818176	23.9945736119	Atom	
191.505	-662.916	-4348.1	-0.479145	-0.351531	-0.804267	23.9527472951	Atom	
185.473	-667.342	-4358.22	-0.503709	-0.327125	-0.799542	23.9206999052	Atom	
167.658	-678.912	-4386.5	-0.491461	-0.307519	-0.814799	23.8305636442	Atom	
156.069	-686.163	-4405.71	-0.529012	-0.347269	-0.774306	23.7702906058	Atom	
148.363	-691.222	-4416.99	-0.487283	-0.486203	-0.72537	23.7329821727	Atom	
120.763	-718.76	-4458.08	-0.486038	-0.482356	-0.728766	23.5877376856	Atom	
118.637	-720.871	-4461.27	-0.498503	-0.471221	-0.72763	23.5764622512	Atom	
115.262	-724.061	-4466.19	-0.481808	-0.484293	-0.730288	23.5590117349	Atom	
102.414	-736.975	-4485.67	-0.502588	-0.4792	-0.719564	23.4902337991	Atom	
92.8086	-746.133	-4499.42	-0.507243	-0.47978	-0.715902	23.4408244561	Atom	
79.6438	-758.585	-4518	-0.35918	-0.472439	-0.804855	23.3736167505	Atom	
77.5053	-761.398	-4522.79	-0.360003	-0.437953	-0.823768	23.358164188	Atom	
70.3299	-770.127	-4539.21	-0.360207	-0.454429	-0.814706	23.306407599	Atom	
69.7574	-770.849	-4540.51	-0.358867	-0.424868	-0.831085	23.3022731303	Atom	
68.9293	-771.83	-4542.42	-0.412741	-0.435116	-0.800199	23.2962691372	Atom	
67.3623	-773.482	-4545.46	-0.402069	-0.459714	-0.791835	23.2863898109	Atom	
47.8321	-795.812	-4583.92	-0.353583	-0.452849	-0.818479	23.159948121	Atom	
45.5398	-798.748	-4589.23	-0.386821	-0.43708	-0.811992	23.142999946	Atom	
43.123	-801.479	-4594.3	-0.39874	-0.411273	-0.819671	23.1266574468	Atom	
42.3157	-802.311	-4595.96	-0.395127	-0.413649	-0.820225	23.1213586316	Atom	
40.1968	-804.53	-4600.36	-0.348944	-0.400681	-0.847168	23.1073207894	Atom	
32.32	-813.574	-4619.48	-0.342766	-0.402653	-0.848753	23.0482031524	Atom	
29.2703	-817.157	-4627.04	-0.343872	-0.389488	-0.85443	23.0248543012	Atom	
19.2269	-828.533	-4651.99	-0.342776	-0.397258	-0.851288	22.9481474016	Atom	
13.5396	-835.124	-4666.12	-0.362554	-0.40922	-0.837313	22.9044573424	Atom	
11.9268	-836.944	-4669.84	-0.346926	-0.388724	-0.853543	22.8927256346	Atom	
10.0067	-839.096	-4674.57	-0.579858	0.201058	-0.789519	22.8781243007	Atom	
7.75789	-838.316	-4677.63	-0.561079	0.223985	-0.796882	22.8678873633	Atom	
3.38822	-836.571	-4683.83	-0.594717	0.0975292	-0.797998	22.8473231646	Atom	
0.361795	-836.075	-4687.89	-0.598876	0.141467	-0.788248	22.8338764658	Atom	
-9.36154	-833.778	-4700.69	-0.586458	0.122673	-0.800636	22.7909549601	Atom	
-19.8604	-831.582	-4715.03	-0.61098	0.212163	-0.762686	22.7435584273	Atom	
-23.2627	-830.401	-4719.27	-0.737315	0.20474	-0.643777	22.7287914516	Atom	
-40.2464	-825.685	-4734.1	-0.78776	-0.051845	-0.613796	22.6676757005	Atom	
-79.278	-828.253	-4764.51	-0.860332	-0.0790915	-0.50356	22.5359359666	Atom	
-82.2819	-828.53	-4766.27	-0.761253	-0.0633815	-0.64535	22.5266099547	Atom	
-83.2999	-828.614	-4767.13	-0.787584	-0.0434674	-0.614672	22.5230367662	Atom	
-93.387	-829.171	-4775.01	-0.786271	-0.0393217	-0.616629	22.4888110811	Atom	
-96.5987	-829.332	-4777.53	-0.60819	0.104488	-0.786884	22.4778827228	Atom	
-98.6453	-828.98	-4780.17	-0.622994	0.0408301	-0.78116	22.4688761324	Atom	
-116.256	-827.826	-4802.25	-0.633949	0.0059085	-0.773352	22.3931953267	Atom	
-127.407	-827.722	-4815.86	-0.609182	-0.0820455	-0.788775	22.3459755487	Atom	
-130.256	-828.106	-4819.55	-0.592832	-0.158485	-0.789578	22.3333978118	Atom	
-131.167	-828.349	-4820.76	-0.682219	-0.0774461	-0.727035	22.3292655699	Atom	
-151.859	-830.698	-4842.81	-0.680919	-0.0450954	-0.730969	22.2476629406	Atom	
-177.211	-832.377	-4870.03	-0.746221	-0.139	-0.651025	22.1471989505	Atom	
-185.449	-833.912	-4877.21	-0.753179	-0.0282786	-0.657208	22.1173053142	Atom	
-224.698	-835.385	-4911.46	-0.816998	-0.0971644	-0.568396	21.9760450509	Atom	
-278.093	-841.736	-4948.61	-0.821496	-0.0858336	-0.563716	21.7979887718	Atom	
-287.819	-842.752	-4955.28	-0.832981	-0.129109	-0.538027	21.7655285197	Atom	
-323.559	-848.291	-4978.37	-0.82861	-0.113843	-0.548129	21.647746009	Atom	
-332.213	-849.48	-4984.09	-0.870793	-0.144561	-0.469916	21.6189530645	Atom	
-332.498	-849.528	-4984.25	-0.561508	-0.186369	-0.80621	21.6180516683	Atom	
-335.491	-850.521	-4988.55	-0.611936	-0.169181	-0.772601	21.6033369832	Atom	
-337.343	-851.033	-4990.88	-0.611227	-0.215042	-0.761681	21.5949803443	Atom	
-338.257	-851.355	-4992.02	-0.494233	-0.253773	-0.831465	21.590852808	Atom	
-339.229	-851.854	-4993.66	-0.443101	-0.326455	-0.834919	21.585417304	Atom	
-342.595	-854.334	-5000	-0.443101	-0.326455	-0.834919	21.5644285488	Region	
"-----------------------------------------------------------------"
"Trajectory"	116

"NbCollisions"	50
"Zmax"	0
"Display"	256

"Collisions"

"X"	"Y"	"Z"	"Rx"	"Ry"	"Rz"	"Energy"	"CollisionType"	
-0.212123	-0.0240342	-5000	-6.23155e-006	2.05631e-006	1	30	Region	
-0.212583	-0.0238824	-4926.19	0.00449705	-0.00558098	0.999974	29.842853829	Atom	
-0.020531	-0.262225	-4883.49	0.0277819	-0.0121162	0.999541	29.7515461371	Atom	
0.121082	-0.323985	-4878.39	0.0450903	0.00281435	0.998979	29.7406211386	Atom	
1.00384	-0.268887	-4858.83	0.0280653	-0.00532217	0.999592	29.698648406	Atom	
1.14136	-0.294964	-4853.94	0.0256304	0.0730213	0.997001	29.6881321334	Atom	
1.70556	1.31246	-4831.99	0.0219712	0.0804434	0.996517	29.6408716166	Atom	
1.71205	1.33622	-4831.69	0.0335608	0.00350996	0.999431	29.6402365067	Atom	
2.16725	1.38383	-4818.14	-0.852438	0.322908	0.411194	29.6110790764	Atom	
-6.46667	4.6544	-4813.97	-0.870722	0.30109	0.388829	29.5892887153	Atom	
-18.7518	8.90251	-4808.49	-0.882217	0.285915	0.374094	29.5589167422	Atom	
-26.8618	11.5309	-4805.05	-0.90924	0.260392	0.324774	29.5391115133	Atom	
-27.8329	11.809	-4804.7	-0.907988	0.283166	0.308829	29.5368094298	Atom	
-35.215	14.1112	-4802.19	-0.903322	0.258364	0.342429	29.5192831467	Atom	
-72.4868	24.7715	-4788.06	-0.998273	0.0208599	0.0549229	29.4302948639	Atom	
-76.0587	24.8461	-4787.87	-0.998864	0.00491187	0.0474073	29.4225592433	Atom	
-98.0632	24.9543	-4786.82	-0.991325	-0.109323	0.0729584	29.3749229687	Atom	
-144.846	19.7952	-4783.38	-0.990255	-0.123364	0.0646281	29.2727440273	Atom	
-166.66	17.0775	-4781.95	-0.620717	-0.251285	-0.742675	29.2249140006	Atom	
-173.537	14.2935	-4790.18	-0.604096	-0.240733	-0.759681	29.2008272348	Atom	
-178.417	12.3489	-4796.32	-0.606357	-0.253802	-0.753602	29.1832548155	Atom	
-253.034	-18.8831	-4889.06	-0.776296	-0.319427	-0.543443	28.9154198579	Atom	
-311.267	-42.8447	-4929.82	-0.75363	-0.26723	-0.600525	28.7509464478	Atom	
-319.714	-45.8399	-4936.55	-0.751157	-0.243299	-0.613651	28.7262589886	Atom	
-348.963	-55.3136	-4960.45	-0.443386	-0.269597	-0.854826	28.6404360057	Atom	
-350.003	-55.946	-4962.45	-0.444956	-0.264001	-0.855756	28.6352541046	Atom	
-369.526	-67.5296	-5000	-0.444956	-0.264001	-0.855756	28.5383004496	Region	
"-----------------------------------------------------------------"
"Trajectory"	118

"NbCollisions"	176
"Zmax"	0
"Display"	256

"Collisions"

"X"	"Y"	"Z"	"Rx"	"Ry"	"Rz"	"Energy"	"CollisionType"	
-0.0491107	-0.101595	-5000	3.04007e-006	-3.89525e-006	1	30	Region	
-0.0488794	-0.101892	-4923.91	0.00203148	-0.0198366	0.999801	29.8380064817	Atom	
-0.0398491	-0.190069	-4919.47	0.0406778	0.0384864	0.998431	29.8285012456	Atom	
0.480131	0.301898	-4906.71	0.00301614	0.0606077	0.998157	29.8011603805	Atom	
0.492541	0.551272	-4902.6	-0.000660044	0.0638745	0.997958	29.7923534472	Atom	
0.474977	2.25103	-4876.04	-0.150618	0.141311	0.97844	29.7353812997	Atom	
-0.319758	2.99665	-4870.88	-0.15351	0.135246	0.978848	29.72406743	Atom	
-1.77942	4.28264	-4861.57	-0.200665	0.0832092	0.97612	29.7036729408	Atom	
-3.0486	4.80893	-4855.4	-0.192444	0.0576325	0.979614	29.6900994931	Atom	
-4.8704	5.35451	-4846.13	-0.535043	0.46728	0.703831	29.6697763891	Atom	
-11.2146	10.8952	-4837.78	-0.430958	0.493824	0.755257	29.6443070289	Atom	
-19.923	20.874	-4822.52	-0.412109	0.517895	0.749634	29.6008723037	Atom	
-32.7116	36.9453	-4799.26	-0.36603	0.533294	0.76264	29.5340918973	Atom	
-42.1335	50.6727	-4779.63	-0.33453	0.49728	0.800501	29.4785983722	Atom	
-63.8456	82.9477	-4727.67	-0.331631	0.487132	0.807913	29.3384660013	Atom	
-64.7652	84.2986	-4725.43	-0.340414	0.440807	0.830546	29.33245574	Atom	
-74.6928	97.154	-4701.21	-0.356927	0.42696	0.830848	29.2692391217	Atom	
-79.5171	102.925	-4689.98	-0.343525	0.412198	0.84385	29.2398898103	Atom	
-89.9065	115.391	-4664.46	-0.263125	0.389009	0.882857	29.1741664904	Atom	
-96.1833	124.671	-4643.4	-0.237145	0.428283	0.871973	29.1222330149	Atom	
-100.87	133.135	-4626.17	-0.230234	0.404901	0.8849	29.0791482941	Atom	
-101.456	134.165	-4623.91	-0.0796058	0.351163	0.932924	29.0735925527	Atom	
-103.798	144.496	-4596.47	-0.136111	0.363968	0.921412	29.0093732126	Atom	
-104.841	147.285	-4589.41	-0.14975	0.433148	0.888796	28.9926119483	Atom	
-105.024	147.816	-4588.32	-0.195801	0.156878	0.968014	28.9899287538	Atom	
-106.627	149.1	-4580.39	-0.150093	-0.193248	0.969602	28.972020213	Atom	
-108.223	147.045	-4570.08	-0.137842	-0.189458	0.972165	28.9487353915	Atom	
-115.134	137.546	-4521.34	-0.177489	-0.202942	0.96297	28.8389116767	Atom	
-115.687	136.914	-4518.34	-0.18609	-0.238146	0.953235	28.8320633984	Atom	
-122.328	128.416	-4484.32	-0.178881	-0.274787	0.944719	28.7536429672	Atom	
-122.999	127.385	-4480.78	-0.178661	-0.269868	0.946177	28.7453773318	Atom	
-128.19	119.544	-4453.29	-0.28235	-0.260566	0.923246	28.6813729289	Atom	
-132.517	115.551	-4439.14	-0.287489	-0.260253	0.921747	28.6475543111	Atom	
-134.38	113.864	-4433.17	-0.271268	-0.21611	0.937929	28.6332387449	Atom	
-135.689	112.821	-4428.64	-0.321669	0.188159	0.927968	28.6225754585	Atom	
-146.949	119.407	-4396.16	-0.286574	0.151398	0.94602	28.5452042602	Atom	
-147.857	119.887	-4393.16	-0.103019	0.143719	0.984242	28.538184997	Atom	
-148.045	120.149	-4391.37	-0.0990324	0.181801	0.978336	28.5341432033	Atom	
-149.515	122.848	-4376.84	-0.117854	0.219851	0.968388	28.5012528653	Atom	
-153.381	130.061	-4345.07	-0.119342	0.122208	0.985303	28.4284851174	Atom	
-153.528	130.211	-4343.86	-0.136204	0.0744382	0.98788	28.425746365	Atom	
-156.883	132.045	-4319.52	-0.157886	0.020903	0.987236	28.3709978291	Atom	
-158.126	132.209	-4311.76	-0.224383	-0.0133235	0.97441	28.3534835398	Atom	
-159.846	132.107	-4304.28	-0.289513	0.00922023	0.95713	28.336402164	Atom	
-160.088	132.115	-4303.48	-0.323274	-0.0983135	0.941185	28.3345410048	Atom	
-170.609	128.915	-4272.85	-0.342824	-0.013113	0.939308	28.2620239998	Atom	
-171.951	128.864	-4269.18	-0.323497	-0.0212169	0.945991	28.2532829864	Atom	
-173.699	128.749	-4264.06	-0.334973	-0.0331546	0.941644	28.2412123872	Atom	
-181.48	127.979	-4242.19	-0.370691	-0.0632815	0.926598	28.189318947	Atom	
-181.66	127.949	-4241.74	-0.383229	-0.122378	0.91551	28.1882314154	Atom	
-188.712	125.696	-4224.89	-0.362781	-0.124679	0.923496	28.1470556488	Atom	
-200.163	121.761	-4195.74	-0.455114	-0.12734	0.881281	28.0763497197	Atom	
-202.399	121.135	-4191.42	-0.505892	-0.155788	0.848412	28.0653216045	Atom	
-209.181	119.047	-4180.04	-0.504178	-0.150591	0.850368	28.0352222085	Atom	
-210.753	118.577	-4177.39	-0.436782	-0.273696	0.85692	28.0282142392	Atom	
-223.101	110.84	-4153.16	-0.0364144	-0.069783	0.996897	27.9646704904	Atom	
-223.209	110.634	-4150.22	0.147028	-0.620465	0.770328	27.9580169693	Atom	
-216.765	83.4383	-4116.45	0.179296	-0.628992	0.756454	27.8593040174	Atom	
-215.966	80.6377	-4113.09	0.13746	-0.596778	0.790545	27.8492476671	Atom	
-215.133	77.0184	-4108.29	-0.152008	-0.646896	0.747274	27.8355466736	Atom	
-216.951	69.2801	-4099.35	-0.194344	-0.666919	0.719339	27.80851151	Atom	
-218.141	65.1958	-4094.95	-0.221767	-0.642711	0.733309	27.7946601774	Atom	
-219.593	60.9868	-4090.14	-0.228189	-0.584431	0.778698	27.7798422236	Atom	
-226.909	42.2501	-4065.18	-0.290559	-0.414599	0.862371	27.7072706439	Atom	
-230.344	37.3491	-4054.99	-0.320614	-0.401482	0.857915	27.6804560287	Atom	
-235.894	30.3996	-4040.14	-0.313451	-0.398408	0.861986	27.6411614471	Atom	
-236.661	29.4246	-4038.03	-0.283458	-0.413863	0.865083	27.6355999171	Atom	
-241.548	22.2888	-4023.11	-0.257491	-0.405355	0.877146	27.596408143	Atom	
-247.085	13.5729	-4004.25	-0.225	-0.863744	0.450911	27.5474783875	Atom	
-250.533	0.333734	-3997.34	-0.264243	-0.879785	0.395164	27.5125496744	Atom	
-251.906	-4.2382	-3995.29	-0.277134	-0.863276	0.421842	27.500695546	Atom	
-253.124	-8.03072	-3993.43	0.00913207	-0.992055	0.125471	27.4906707768	Atom	
-252.465	-79.6374	-3984.38	-0.00297817	-0.990814	0.135202	27.3259157568	Atom	
-252.543	-105.705	-3980.82	0.19049	-0.981646	-0.00923594	27.2655762011	Atom	
-252.358	-106.661	-3980.83	0.204365	-0.97889	0.00291373	27.2633375191	Atom	
-251.302	-111.716	-3980.81	0.183272	-0.982653	0.0283683	27.251473124	Atom	
-249.738	-120.103	-3980.57	0.397735	-0.91669	-0.0385584	27.231854315	Atom	
-249.058	-121.672	-3980.64	0.408244	-0.911641	-0.047413	27.2279199222	Atom	
-248.366	-123.217	-3980.72	0.466856	-0.84522	0.260093	27.2240213444	Atom	
-236.86	-144.047	-3974.31	0.488177	-0.81063	0.32336	27.1673315448	Atom	
-234.931	-147.25	-3973.03	0.670128	-0.741274	-0.0379636	27.1582264702	Atom	
-224.359	-158.945	-3973.63	0.690453	-0.721874	-0.0466134	27.1218668606	Atom	
-219.951	-163.553	-3973.93	0.6865	-0.72526	-0.052121	27.1071370125	Atom	
-210.982	-173.029	-3974.61	0.692538	-0.717674	-0.0730415	27.0769815227	Atom	
-201.721	-182.626	-3975.58	0.617241	-0.777515	-0.120351	27.0460874987	Atom	
-176.923	-213.863	-3980.42	0.698444	-0.702357	-0.13737	26.9531887542	Atom	
-171.992	-218.822	-3981.39	0.713598	-0.68803	-0.131879	26.9368183597	Atom	
-170.768	-220.002	-3981.61	0.680623	-0.714332	-0.162734	26.9328403193	Atom	
-160.279	-231.01	-3984.12	0.683626	-0.641953	-0.347204	26.8970856386	Atom	
-159.771	-231.488	-3984.38	0.752497	-0.572449	-0.325653	26.8953586427	Atom	
-159.521	-231.677	-3984.49	0.744051	-0.560558	-0.363542	26.8945895407	Atom	
-121.493	-260.327	-4003.07	0.70689	-0.584823	-0.397855	26.7758797024	Atom	
-95.1972	-282.082	-4017.87	0.635702	-0.617049	-0.463825	26.6891731036	Atom	
-83.9992	-292.952	-4026.04	0.631337	-0.582561	-0.511896	26.648009436	Atom	
-76.795	-299.599	-4031.88	0.652369	-0.55395	-0.517256	26.6213108379	Atom	
-73.4685	-302.424	-4034.52	0.711953	-0.511	-0.481666	26.6093710283	Atom	
-60.4105	-311.796	-4043.35	0.703037	-0.490727	-0.51471	26.5664085618	Atom	
-39.6969	-326.255	-4058.52	0.66427	-0.51701	-0.539858	26.4973055722	Atom	
-27.9528	-335.395	-4068.06	0.654007	-0.526931	-0.542788	26.4557534801	Atom	
-26.4493	-336.606	-4069.31	0.695477	-0.516301	-0.499746	26.4503439122	Atom	
-17.0139	-343.611	-4076.09	0.747422	-0.472586	-0.46693	26.4184134391	Atom	
-0.863846	-353.823	-4086.18	0.726358	-0.396118	-0.561689	26.3675092843	Atom	
8.41023	-358.88	-4093.35	0.747755	-0.379576	-0.544779	26.3373841527	Atom	
29.4027	-369.536	-4108.64	0.575025	-0.297717	-0.762044	26.2710851097	Atom	
48.6275	-379.49	-4134.12	0.551804	-0.338493	-0.762191	26.1919725034	Atom	
65.2087	-389.661	-4157.03	0.573814	-0.340481	-0.744856	26.1206965603	Atom	
70.8146	-392.988	-4164.3	0.5744	-0.345619	-0.742033	26.097473461	Atom	
77.0012	-396.71	-4172.29	0.575099	-0.312739	-0.755947	26.0718526884	Atom	
90.7854	-404.206	-4190.41	0.580199	-0.370426	-0.725364	26.0147928529	Atom	
100.011	-410.096	-4201.95	0.562095	-0.393674	-0.727372	25.9768714298	Atom	
104.606	-413.314	-4207.89	0.486307	-0.289675	-0.824375	25.9573545112	Atom	
112.788	-418.188	-4221.76	0.614056	-0.230525	-0.754847	25.9171633812	Atom	
160.725	-436.184	-4280.69	0.614626	-0.252233	-0.747404	25.7304354216	Atom	
176.002	-442.453	-4299.27	0.611604	-0.259678	-0.747333	25.670644061	Atom	
195.163	-450.589	-4322.68	0.570981	-0.233823	-0.786961	25.5951352436	Atom	
195.63	-450.78	-4323.33	0.510814	-0.184391	-0.839684	25.5931597468	Atom	
218.412	-459.004	-4360.77	0.297618	-0.457066	-0.838161	25.4854160838	Atom	
225.675	-470.158	-4381.23	0.298968	-0.456214	-0.838145	25.4262636343	Atom	
234.231	-483.215	-4405.22	0.301396	-0.523825	-0.796723	25.3567612837	Atom	
237.336	-488.611	-4413.42	0.310361	-0.525832	-0.791945	25.331693433	Atom	
240.827	-494.526	-4422.33	0.271944	-0.452155	-0.849472	25.3042942991	Atom	
242.617	-497.502	-4427.92	0.260154	-0.436181	-0.861433	25.288251244	Atom	
252.831	-514.626	-4461.74	0.259464	-0.392648	-0.88233	25.1925007744	Atom	
261.724	-528.085	-4491.99	0.282861	-0.389089	-0.876698	25.1086508852	Atom	
262.946	-529.766	-4495.77	0.276446	-0.391864	-0.877508	25.0980558265	Atom	
274.636	-546.336	-4532.88	0.263127	-0.380019	-0.886763	24.9943091135	Atom	
292.595	-572.273	-4593.4	0.195509	-0.428368	-0.8822	24.8263022111	Atom	
294.073	-575.511	-4600.07	0.213808	-0.446646	-0.868789	24.8075952656	Atom	
310.103	-608.998	-4665.21	0.185216	-0.523585	-0.831597	24.6219436624	Atom	
316.202	-626.239	-4692.59	0.174069	-0.483826	-0.857679	24.5399203164	Atom	
318.393	-632.329	-4703.39	0.196734	-0.48671	-0.851122	24.5084834481	Atom	
321.784	-640.718	-4718.06	0.183582	-0.516953	-0.836097	24.4653899707	Atom	
326.856	-655.002	-4741.16	0.220539	-0.514905	-0.828393	24.3962130971	Atom	
332.899	-669.109	-4763.86	0.251052	-0.515053	-0.819569	24.3274688606	Atom	
340.443	-684.587	-4788.48	0.24131	-0.495467	-0.834435	24.2519000946	Atom	
341.664	-687.095	-4792.71	0.242199	-0.474512	-0.846273	24.2391374308	Atom	
347.69	-698.901	-4813.76	0.20864	-0.458778	-0.863708	24.1763914853	Atom	
348.526	-700.739	-4817.22	0.197265	-0.444897	-0.873586	24.1662644673	Atom	
349.484	-702.9	-4821.47	0.198643	-0.453717	-0.868724	24.1539890902	Atom	
350.244	-704.636	-4824.79	0.207238	-0.441429	-0.873036	24.1443091216	Atom	
352.317	-709.051	-4833.52	0.248792	-0.412103	-0.876512	24.1190095726	Atom	
365.583	-731.025	-4880.26	0.266797	-0.412856	-0.870844	23.9840044522	Atom	
366.83	-732.955	-4884.33	0.268469	-0.406299	-0.87341	23.9721134308	Atom	
377.173	-748.608	-4917.98	0.284078	-0.458116	-0.842276	23.8740974337	Atom	
378.378	-750.551	-4921.55	0.327475	-0.419482	-0.846637	23.8632751322	Atom	
381.933	-755.104	-4930.74	0.458495	-0.489848	-0.741506	23.8355590664	Atom	
394.048	-768.048	-4950.33	0.541284	-0.413699	-0.732028	23.7680287022	Atom	
401.674	-773.877	-4960.65	0.550685	-0.396155	-0.734716	23.7319404827	Atom	
405.616	-776.712	-4965.91	0.554925	-0.295767	-0.777548	23.713587076	Atom	
416.486	-782.506	-4981.14	0.592801	-0.312287	-0.742337	23.6633226417	Atom	
431.548	-790.44	-5000	0.592801	-0.312287	-0.742337	23.5980140607	Region	
"-----------------------------------------------------------------"
"Trajectory"	119

"NbCollisions"	137
"Zmax"	0
"Display"	256

"Collisions"

"X"	"Y"	"Z"	"Rx"	"Ry"	"Rz"	"Energy"	"CollisionType"	
-0.0138997	-0.462885	-5000	3.33046e-006	-1.60988e-006	1	30	Region	
-0.0138509	-0.462909	-4985.34	0.00292737	0.00686324	0.999972	29.9687974847	Atom	
0.0281176	-0.364513	-4971.01	-0.0471484	0.0293443	0.998457	29.9382481503	Atom	
-0.161617	-0.246426	-4966.99	-0.0615778	0.0517367	0.99676	29.9296661314	Atom	
-0.277516	-0.149049	-4965.11	-0.065728	0.0582397	0.996137	29.9256513	Atom	
-0.944257	0.441731	-4955.01	0.0360495	0.0284224	0.998946	29.9040110144	Atom	
-0.895648	0.480056	-4953.66	0.0318679	-0.0234696	0.999216	29.9011327749	Atom	
-0.883878	0.471387	-4953.29	0.0605414	-0.00953838	0.99812	29.9003443173	Atom	
-0.744675	0.449456	-4951	0.0486531	0.00231385	0.998813	29.8954358735	Atom	
1.45901	0.554259	-4905.76	0.0412726	-0.014594	0.999041	29.7987318404	Atom	
1.62875	0.494239	-4901.65	0.0227069	-0.0336504	0.999176	29.7899283968	Atom	
1.78264	0.266181	-4894.88	-0.158266	-0.232968	0.95952	29.7754177582	Atom	
-0.251762	-2.72846	-4882.54	-0.0999372	-0.26358	0.959447	29.7478850758	Atom	
-1.26993	-5.41382	-4872.77	-0.106787	-0.271022	0.956632	29.7260470979	Atom	
-1.80411	-6.76956	-4867.98	-0.0775469	-0.291251	0.953498	29.7153183964	Atom	
-2.23257	-8.37879	-4862.72	-0.0655453	-0.319494	0.945319	29.7034647654	Atom	
-13.4316	-62.9675	-4701.2	-0.0920451	-0.325507	0.941049	29.3367913278	Atom	
-27.3052	-112.03	-4559.36	-0.0900869	-0.314563	0.944952	29.0101049467	Atom	
-30.6456	-123.694	-4524.32	-0.240165	-0.350126	0.905391	28.9290160217	Atom	
-33.4222	-127.742	-4513.85	-0.251951	-0.355535	0.900064	28.9036772273	Atom	
-34.6618	-129.491	-4509.42	-0.321594	-0.392313	0.861782	28.8928861474	Atom	
-34.8306	-129.697	-4508.97	-0.256607	-0.484202	0.836481	28.8917344603	Atom	
-36.6052	-133.045	-4503.19	-0.348091	-0.508629	0.787483	28.8765618245	Atom	
-40.9461	-139.388	-4493.37	-0.651503	-0.744671	0.144947	28.8491895718	Atom	
-50.1334	-149.889	-4491.32	-0.437652	-0.898638	-0.0301809	28.8182141851	Atom	
-65.3529	-181.14	-4492.37	-0.443595	-0.895892	-0.0245304	28.7417626954	Atom	
-65.628	-181.695	-4492.39	-0.459908	-0.887546	-0.0273281	28.7403961967	Atom	
-74.4558	-198.732	-4492.91	-0.450526	-0.892748	0.00519053	28.6981068295	Atom	
-78.8427	-207.424	-4492.86	-0.389161	-0.919586	0.0540002	28.6766286433	Atom	
-83.8526	-219.263	-4492.17	-0.388987	-0.920002	0.0478071	28.6482153055	Atom	
-88.7723	-230.899	-4491.56	-0.380578	-0.923677	0.0444976	28.6202787671	Atom	
-91.476	-237.46	-4491.25	-0.377079	-0.923795	0.0664362	28.6045750606	Atom	
-94.8846	-245.811	-4490.64	-0.369266	-0.927023	0.0653564	28.5845839333	Atom	
-95.0489	-246.224	-4490.62	-0.33246	-0.940568	0.069301	28.583599501	Atom	
-95.8214	-248.409	-4490.45	-0.376682	-0.925858	0.029963	28.5784573059	Atom	
-105.183	-271.42	-4489.71	-0.3689	-0.928482	0.0428243	28.5234530147	Atom	
-106.418	-274.528	-4489.57	-0.348516	-0.933266	0.0869021	28.5160335195	Atom	
-110.636	-285.822	-4488.51	-0.61637	-0.743605	-0.259115	28.4892036645	Atom	
-137.262	-317.945	-4499.71	-0.62653	-0.730838	-0.270808	28.3933602464	Atom	
-143.295	-324.982	-4502.32	-0.60295	-0.754392	-0.259506	28.3719419532	Atom	
-149.848	-333.181	-4505.14	-0.575669	-0.779144	-0.24807	28.3477479917	Atom	
-154.712	-339.764	-4507.23	-0.557209	-0.780424	-0.283648	28.3289284078	Atom	
-160.673	-348.114	-4510.27	-0.585614	-0.737637	-0.336076	28.3050852898	Atom	
-165.512	-354.209	-4513.04	-0.677134	-0.697805	-0.233575	28.2866563342	Atom	
-169.427	-358.244	-4514.39	-0.647887	-0.73858	-0.186392	28.2737555416	Atom	
-182.371	-372.999	-4518.12	-0.625572	-0.747559	-0.223194	28.2291610539	Atom	
-186.629	-378.088	-4519.64	-0.660588	-0.724426	-0.197056	28.2139485557	Atom	
-187.098	-378.601	-4519.78	-0.675481	-0.714235	-0.183285	28.2123640793	Atom	
-201.275	-393.592	-4523.62	-0.640556	-0.747781	-0.174679	28.165433502	Atom	
-207.126	-400.423	-4525.22	-0.617286	-0.763669	-0.189122	28.1449817506	Atom	
-218.397	-414.366	-4528.67	-0.67021	-0.716479	-0.193587	28.1040789776	Atom	
-222.195	-418.426	-4529.77	-0.665423	-0.731672	-0.14788	28.0913703192	Atom	
-225.091	-421.611	-4530.41	-0.671601	-0.726698	-0.144437	28.0816031	Atom	
-225.191	-421.719	-4530.43	-0.652595	-0.752132	-0.0917423	28.0812710286	Atom	
-277.443	-481.94	-4537.78	-0.646647	-0.753944	-0.115831	27.9015770096	Atom	
-287.151	-493.26	-4539.52	-0.671089	-0.730872	-0.124364	27.8677091552	Atom	
-290.332	-496.723	-4540.11	-0.789026	-0.585318	-0.186657	27.8570089625	Atom	
-296.314	-501.162	-4541.52	-0.779279	-0.601054	-0.177362	27.8398826056	Atom	
-305.514	-508.257	-4543.62	-0.759483	-0.619914	-0.197212	27.8132066668	Atom	
-355.32	-548.91	-4556.55	-0.634244	-0.746628	-0.200704	27.6649024198	Atom	
-375.227	-572.346	-4562.85	-0.638093	-0.731593	-0.24002	27.5936162845	Atom	
-378.905	-576.562	-4564.23	-0.618815	-0.749738	-0.234438	27.5805011028	Atom	
-382.451	-580.859	-4565.58	-0.604043	-0.752505	-0.262429	27.567453131	Atom	
-408.362	-613.138	-4576.83	-0.599047	-0.753544	-0.270766	27.4697582367	Atom	
-412.979	-618.945	-4578.92	-0.599413	-0.74365	-0.296123	27.452157732	Atom	
-436.824	-648.529	-4590.7	-0.607915	-0.715466	-0.344307	27.3612530864	Atom	
-443.098	-655.912	-4594.25	-0.58402	-0.756513	-0.294293	27.3376083943	Atom	
-446.984	-660.946	-4596.21	-0.725492	-0.677561	-0.120717	27.3223527661	Atom	
-472.794	-685.051	-4600.51	-0.739171	-0.659182	-0.138219	27.2407530733	Atom	
-480.613	-692.024	-4601.97	-0.744202	-0.641474	-0.186208	27.2164318757	Atom	
-483.155	-694.214	-4602.61	-0.7519	-0.637109	-0.169524	27.2085738432	Atom	
-487.382	-697.796	-4603.56	-0.746167	-0.644366	-0.167415	27.1956348532	Atom	
-498.894	-707.737	-4606.14	-0.737317	-0.650879	-0.180885	27.1601174761	Atom	
-508.829	-716.508	-4608.58	-0.715038	-0.672498	-0.190965	27.1290634169	Atom	
-555.371	-760.282	-4621.01	-0.667644	-0.651032	-0.36112	26.9789181021	Atom	
-562.124	-766.866	-4624.66	-0.65975	-0.655888	-0.366797	26.9554859188	Atom	
-575.882	-780.543	-4632.31	-0.657572	-0.635148	-0.4052	26.9071386322	Atom	
-617.203	-820.456	-4657.77	-0.521842	-0.680166	-0.514835	26.7612381631	Atom	
-617.262	-820.533	-4657.83	-0.530622	-0.690621	-0.49141	26.7609724834	Atom	
-629.876	-836.95	-4669.51	-0.585324	-0.414083	-0.697088	26.7055422637	Atom	
-637.918	-842.639	-4679.09	-0.595198	-0.404903	-0.694113	26.6734506867	Atom	
-656.329	-855.164	-4700.56	-0.555153	-0.421046	-0.717305	26.6011319962	Atom	
-664.689	-861.504	-4711.36	-0.570162	-0.36035	-0.738284	26.5658485539	Atom	
-698.568	-882.916	-4755.23	-0.548655	-0.385087	-0.742082	26.426484415	Atom	
-717.726	-896.363	-4781.14	-0.579268	-0.365811	-0.728444	26.3442396786	Atom	
-718.308	-896.73	-4781.88	-0.587057	-0.375687	-0.717093	26.3418697933	Atom	
-726.794	-902.161	-4792.24	-0.558108	-0.307617	-0.770641	26.3077387579	Atom	
-738.968	-908.871	-4809.05	-0.539633	-0.416337	-0.731751	26.2561779465	Atom	
-739.21	-909.058	-4809.38	-0.584792	-0.306065	-0.751227	26.2551152537	Atom	
-750.798	-915.123	-4824.27	-0.5417	-0.308777	-0.781804	26.2082030505	Atom	
-755.211	-917.638	-4830.63	-0.570337	-0.283248	-0.77103	26.1888890958	Atom	
-758.421	-919.232	-4834.97	-0.570843	-0.244973	-0.783662	26.1755376812	Atom	
-759.513	-919.701	-4836.47	-0.574018	-0.229027	-0.786161	26.1710001226	Atom	
-766.607	-922.531	-4846.19	-0.562998	-0.239662	-0.790946	26.1416646751	Atom	
-774.95	-926.083	-4857.91	-0.541416	-0.258595	-0.799999	26.1064618461	Atom	
-792.757	-934.588	-4884.22	-0.710876	-0.158368	-0.685256	26.0282490241	Atom	
-795.032	-935.095	-4886.41	-0.726145	-0.220031	-0.651384	26.020617387	Atom	
-848.695	-951.355	-4934.55	-0.716621	-0.516372	-0.468845	25.8444119493	Atom	
-857.882	-957.975	-4940.56	-0.744957	-0.532511	-0.401834	25.8136787298	Atom	
-868.228	-965.37	-4946.14	-0.741477	-0.539411	-0.399059	25.7803569703	Atom	
-880.97	-974.64	-4953	-0.776725	-0.587005	-0.228305	25.7390809305	Atom	
-886.499	-978.819	-4954.63	-0.766884	-0.598006	-0.232975	25.7219602991	Atom	
-899.163	-988.694	-4958.47	-0.779571	-0.574367	-0.249744	25.6822247092	Atom	
-910.667	-997.169	-4962.16	-0.820673	-0.470133	-0.324764	25.6466729731	Atom	
-911.04	-997.383	-4962.31	-0.775875	-0.469108	-0.421848	25.6455771562	Atom	
-911.166	-997.46	-4962.38	-0.713052	-0.48726	-0.504117	25.6451838217	Atom	
-919.054	-1002.85	-4967.95	-0.757489	-0.410318	-0.507789	25.6185016121	Atom	
-923.36	-1005.18	-4970.84	-0.753104	-0.452075	-0.477977	25.6047803379	Atom	
-933.051	-1011	-4976.99	-0.756422	-0.445159	-0.479228	25.5737046712	Atom	
-937.235	-1013.46	-4979.64	-0.740466	-0.465938	-0.484368	25.560333145	Atom	
-964.842	-1030.83	-4997.7	-0.757348	-0.438698	-0.483702	25.4701695706	Atom	
-968.445	-1032.92	-5000	-0.757348	-0.438698	-0.483702	25.4586337819	Region	
"-----------------------------------------------------------------"
"Trajectory"	123

"NbCollisions"	527
"Zmax"	0
"Display"	256

"Collisions"

"X"	"Y"	"Z"	"Rx"	"Ry"	"Rz"	"Energy"	"CollisionType"	
0.00276949	0.0518072	-5000	6.70855e-007	-2.67241e-006	1	30	Region	
0.00277875	0.0517703	-4986.21	0.006035	0.0531647	0.998568	29.9706310745	Atom	
0.122766	1.10878	-4966.35	-0.0493045	-0.039921	0.997986	29.9282676007	Atom	
-0.21767	0.833136	-4959.46	-0.135407	-0.0471964	0.989665	29.9135385914	Atom	
-4.75428	-0.748103	-4926.3	-0.185719	-0.0449904	0.981572	29.8420420145	Atom	
-7.23592	-1.34928	-4913.19	-0.192778	-0.0370091	0.980544	29.8134721169	Atom	
-21.7936	-4.14404	-4839.14	0.153851	0.107407	0.982239	29.651889702	Atom	
-15.0474	0.56567	-4796.07	0.172294	0.108918	0.979005	29.5576564726	Atom	
-4.58207	7.18148	-4736.61	0.150845	0.148519	0.977337	29.426790556	Atom	
-1.14177	10.5687	-4714.32	0.114914	-0.0263289	0.993026	29.3774791223	Atom	
1.15024	10.0436	-4694.51	0.0675642	-0.0643777	0.995636	29.3342965831	Atom	
1.18589	10.0096	-4693.98	0.0582858	-0.0777803	0.995265	29.3331529224	Atom	
2.08537	8.8093	-4678.63	0.0846105	-0.0740915	0.993656	29.2997017083	Atom	
9.69604	2.14481	-4589.25	0.0945451	-0.0638347	0.993472	29.1045462277	Atom	
11.2271	1.11109	-4573.16	0.0203923	-0.113905	0.993282	29.0692244693	Atom	
11.824	-2.22312	-4544.08	0.000881301	-0.129836	0.991535	29.0053148226	Atom	
11.8353	-3.881	-4531.42	-0.103698	-0.152626	0.982829	28.9773870188	Atom	
10.8471	-5.33535	-4522.06	-0.0771798	-0.324179	0.942842	28.9565300236	Atom	
10.5698	-6.50025	-4518.67	-0.0859468	-0.319784	0.943584	28.9486601947	Atom	
8.90052	-12.7111	-4500.34	-0.0815952	-0.32152	0.943381	28.9061147738	Atom	
6.39244	-22.594	-4471.34	-0.122588	-0.353373	0.927416	28.8387023252	Atom	
2.42346	-34.0351	-4441.32	-0.106892	-0.346752	0.931846	28.7675639105	Atom	
-0.573383	-43.7567	-4415.19	-0.131889	-0.330484	0.934551	28.7058408384	Atom	
-1.71044	-46.6059	-4407.14	-0.132407	-0.243016	0.960943	28.6868281693	Atom	
-1.88995	-46.9354	-4405.83	-0.140607	-0.263828	0.954266	28.683836772	Atom	
-4.58599	-51.9941	-4387.54	-0.211715	-0.188638	0.958954	28.6415256143	Atom	
-4.83985	-52.2203	-4386.39	-0.213934	-0.170414	0.961869	28.6388765121	Atom	
-20.8618	-64.9829	-4314.35	-0.214337	-0.173245	0.961273	28.4734083372	Atom	
-23.0366	-66.7408	-4304.6	-0.196357	-0.413671	0.888999	28.4508865757	Atom	
-24.4295	-69.6753	-4298.29	-0.148818	-0.500708	0.852728	28.4351305616	Atom	
-26.4336	-76.4182	-4286.81	-0.119062	-0.550775	0.826118	28.4052071401	Atom	
-29.0937	-88.7235	-4268.35	-0.100828	-0.534552	0.839099	28.3555216212	Atom	
-33.7815	-113.577	-4229.34	-0.12567	-0.510101	0.850884	28.2519805705	Atom	
-35.8816	-122.101	-4215.12	-0.115446	-0.50172	0.857292	28.2146575299	Atom	
-37.4707	-129.007	-4203.32	-0.11416	-0.503666	0.856323	28.183881202	Atom	
-37.85	-130.681	-4200.47	-0.0749112	-0.478136	0.875085	28.1764464172	Atom	
-39.2906	-139.876	-4183.64	-0.0558965	-0.441412	0.895562	28.1334016606	Atom	
-40.9399	-152.9	-4157.22	-0.07492	-0.440251	0.894744	28.0672800636	Atom	
-42.8465	-164.104	-4134.45	-0.0905275	-0.377606	0.92153	28.0101436089	Atom	
-42.8577	-164.151	-4134.33	-0.137683	-0.401123	0.905618	28.0098639348	Atom	
-43.6799	-166.546	-4128.93	-0.0414176	-0.391197	0.919375	27.9964359007	Atom	
-44.5857	-175.102	-4108.82	0.0504798	-0.362234	0.930719	27.947231247	Atom	
-43.3524	-183.952	-4086.08	0.0609611	-0.362535	0.929974	27.8921890476	Atom	
-42.9001	-186.642	-4079.18	0.0441033	-0.383646	0.922427	27.8754480259	Atom	
-42.0222	-194.279	-4060.82	0.0321586	-0.373939	0.926896	27.8305096603	Atom	
-40.7759	-208.771	-4024.9	0.0553476	-0.343065	0.93768	27.742912324	Atom	
-38.9553	-220.055	-3994.05	0.051323	-0.327106	0.943593	27.6683746309	Atom	
-37.9725	-226.319	-3975.98	-0.0099647	-0.361502	0.932318	27.6248895538	Atom	
-38.1247	-231.838	-3961.75	0.0310672	-0.362973	0.931282	27.5901759026	Atom	
-37.7225	-236.536	-3949.69	0.0367152	-0.344885	0.937927	27.5607162088	Atom	
-36.6424	-246.683	-3922.1	0.119974	-0.347078	0.930131	27.4937002464	Atom	
-36.212	-247.928	-3918.76	0.14321	-0.472724	0.869496	27.485513061	Atom	
-34.8135	-252.544	-3910.27	0.161902	-0.458732	0.873701	27.463219065	Atom	
-32.7084	-258.509	-3898.91	0.135965	-0.547452	0.825717	27.4335174791	Atom	
-32.33	-260.032	-3896.62	0.131393	-0.601562	0.787946	27.4271546882	Atom	
-31.5478	-263.614	-3891.92	0.118164	-0.598752	0.79217	27.4135404383	Atom	
-28.7055	-278.016	-3872.87	0.0549126	-0.649154	0.758673	27.3585137914	Atom	
-27.8306	-288.358	-3860.78	0.0449017	-0.617495	0.785292	27.3220080045	Atom	
-26.5802	-305.554	-3838.91	0.0760231	-0.60389	0.793434	27.2581325292	Atom	
-19.4509	-362.186	-3764.51	0.0924442	-0.622589	0.777069	27.0426285303	Atom	
-18.4029	-369.244	-3755.7	0.134684	-0.586951	0.798341	27.016413332	Atom	
-16.6494	-376.885	-3745.3	-0.489368	-0.552168	0.675003	26.9862820991	Atom	
-32.3442	-394.594	-3723.66	-0.510473	-0.519324	0.685361	26.9119923209	Atom	
-36.2074	-398.524	-3718.47	-0.510157	-0.520067	0.685033	26.8944237501	Atom	
-40.2433	-402.639	-3713.05	-0.522479	-0.502334	0.688968	26.8760489318	Atom	
-57.1777	-418.92	-3690.72	-0.537412	-0.524936	0.660023	26.800726506	Atom	
-69.669	-431.121	-3675.38	-0.509426	-0.563983	0.649929	26.7465901404	Atom	
-71.7832	-433.462	-3672.68	-0.533785	-0.529072	0.659664	26.7369081246	Atom	
-75.0716	-436.721	-3668.62	-0.605725	-0.500959	0.618173	26.7225322852	Atom	
-84.3397	-444.386	-3659.16	-0.616595	-0.571422	0.541561	26.6868123839	Atom	
-86.0031	-445.928	-3657.7	-0.619847	-0.565079	0.544496	26.6805078169	Atom	
-88.5195	-448.222	-3655.49	-0.5704	-0.579628	0.581958	26.6710183127	Atom	
-89.4328	-449.15	-3654.56	-0.582559	-0.579129	0.570293	26.6672748101	Atom	
-90.2282	-449.941	-3653.78	-0.608524	-0.573778	0.548159	26.664082161	Atom	
-103.328	-462.293	-3641.98	-0.621668	-0.589947	0.515259	26.6137389038	Atom	
-125.987	-483.796	-3623.2	-0.640488	-0.589386	0.492342	26.5283716888	Atom	
-135.496	-492.546	-3615.89	-0.647411	-0.590766	0.481513	26.4935120397	Atom	
-149.45	-505.279	-3605.51	-0.553677	-0.54977	0.625456	26.4428489079	Atom	
-166.939	-522.644	-3585.75	-0.564657	-0.535562	0.627962	26.368491495	Atom	
-174.995	-530.285	-3576.79	-0.560787	-0.507382	0.654279	26.3348322433	Atom	
-178.367	-533.336	-3572.86	-0.541833	-0.527579	0.654276	26.3206286729	Atom	
-197.9	-552.356	-3549.27	-0.529171	-0.529266	0.663216	26.2354497899	Atom	
-199.503	-553.959	-3547.26	-0.530495	-0.518177	0.670871	26.2282763568	Atom	
-219.026	-573.029	-3522.57	-0.454465	-0.676867	0.579062	26.1410782116	Atom	
-229.433	-588.528	-3509.31	-0.455568	-0.674794	0.580612	26.0866804934	Atom	
-232.734	-593.418	-3505.11	-0.486112	-0.641849	0.593064	26.0694352197	Atom	
-233.819	-594.85	-3503.78	-0.740219	-0.44188	0.506772	26.0641246006	Atom	
-254.85	-607.404	-3489.38	-0.663461	-0.551711	0.505405	25.996471645	Atom	
-259.432	-611.215	-3485.89	-0.67992	-0.537065	0.499269	25.9799912798	Atom	
-262.428	-613.582	-3483.69	-0.683411	-0.469507	0.559029	25.9694706883	Atom	
-273.692	-621.32	-3474.48	-0.668596	-0.469174	0.576936	25.9301110751	Atom	
-284.363	-628.809	-3465.27	-0.655197	-0.509468	0.557816	25.8919499507	Atom	
-291.464	-634.33	-3459.23	-0.706298	-0.486875	0.513903	25.8660069722	Atom	
-294.802	-636.631	-3456.8	-0.737904	-0.472271	0.482139	25.8546866341	Atom	
-305.327	-643.367	-3449.92	-0.744167	-0.469066	0.475598	25.8205039476	Atom	
-316.489	-650.402	-3442.79	-0.758218	-0.476702	0.444815	25.784523062	Atom	
-331.83	-660.048	-3433.79	-0.741082	-0.543198	0.394631	25.7359294933	Atom	
-347.108	-671.246	-3425.65	-0.762051	-0.505296	0.404913	25.6863445557	Atom	
-363.071	-681.831	-3417.17	-0.780703	-0.494809	0.381664	25.6358833581	Atom	
-375.204	-689.521	-3411.24	-0.76959	-0.538656	0.342902	25.5983876707	Atom	
-386.352	-697.324	-3406.27	-0.721434	-0.499135	0.479997	25.563398467	Atom	
-389.368	-699.41	-3404.26	-0.674795	-0.540352	0.502664	25.5532922239	Atom	
-390.594	-700.392	-3403.35	-0.681501	-0.520836	0.514087	25.548897628	Atom	
-396.904	-705.215	-3398.59	-0.605956	-0.490164	0.626543	25.5264959521	Atom	
-397.566	-705.75	-3397.91	-0.559523	-0.49522	0.664599	25.5238505003	Atom	
-403.96	-711.409	-3390.31	-0.709149	-0.595043	0.378194	25.4961837935	Atom	
-412.936	-718.94	-3385.53	-0.713835	-0.666654	0.214504	25.4655165165	Atom	
-417.174	-722.898	-3384.25	-0.708001	-0.669183	0.225676	25.4511167767	Atom	
-424.579	-729.897	-3381.89	-0.651014	-0.733297	0.196101	25.4257369511	Atom	
-435.935	-742.689	-3378.47	-0.643366	-0.682422	0.346958	25.3833763685	Atom	
-443.322	-750.524	-3374.49	-0.64301	-0.705704	0.297524	25.3554572688	Atom	
-458.223	-766.879	-3367.59	-0.670519	-0.668338	0.322069	25.2990549821	Atom	
-466.476	-775.105	-3363.63	-0.656664	-0.68714	0.310854	25.2690477311	Atom	
-485.715	-795.236	-3354.52	-0.672469	-0.671935	0.310304	25.1975518764	Atom	
-486.558	-796.078	-3354.13	-0.652003	-0.700488	0.290187	25.1944859217	Atom	
-503.272	-814.035	-3346.69	-0.685808	-0.673333	0.276207	25.1317817951	Atom	
-507.5	-818.187	-3344.99	-0.67699	-0.638513	0.366041	25.116669674	Atom	
-508.645	-819.266	-3344.37	-0.674459	-0.698228	0.239963	25.1125251038	Atom	
-546.177	-858.122	-3331.02	-0.730067	-0.617472	0.292799	24.9760542523	Atom	
-548.502	-860.088	-3330.08	-0.801548	-0.572392	0.172882	24.9682107648	Atom	
-586.277	-887.063	-3321.94	-0.792708	-0.607336	0.0525039	24.8521087259	Atom	
-592.262	-891.648	-3321.54	-0.778692	-0.626835	0.0267868	24.833440523	Atom	
-602.501	-899.891	-3321.19	-0.764215	-0.644892	0.00950477	24.8009077698	Atom	
-603.5	-900.734	-3321.18	-0.768133	-0.640181	0.0118419	24.7976700091	Atom	
-606.694	-903.396	-3321.13	-0.732451	-0.678649	-0.0543313	24.7873709151	Atom	
-610.855	-907.252	-3321.44	-0.769472	-0.63868	0.000693641	24.773292723	Atom	
-617.372	-912.661	-3321.43	-0.330114	-0.918885	-0.216042	24.7522975634	Atom	
-619.711	-919.172	-3322.96	-0.306933	-0.925295	-0.222756	24.7347210828	Atom	
-626.501	-939.641	-3327.89	-0.328618	-0.917452	-0.224259	24.6798159155	Atom	
-630.086	-949.648	-3330.33	-0.311267	-0.921545	-0.232093	24.6526960593	Atom	
-631.1	-952.652	-3331.09	-0.292296	-0.922137	-0.253431	24.6445844228	Atom	
-632.913	-958.371	-3332.66	-0.224595	-0.950432	-0.215025	24.6291465657	Atom	
-639.61	-986.71	-3339.07	-0.28737	-0.950534	-0.117916	24.5548931084	Atom	
-642.286	-995.56	-3340.17	-0.296206	-0.94288	-0.152444	24.5316497895	Atom	
-654.149	-1033.32	-3346.28	-0.0673068	-0.995767	-0.0625908	24.4315922039	Atom	
-658.814	-1102.33	-3350.62	-0.0803451	-0.99328	-0.083309	24.2579042457	Atom	
-659.161	-1106.62	-3350.98	-0.196396	-0.97898	0.0550152	24.2470223855	Atom	
-660.98	-1115.69	-3350.47	-0.37672	-0.924904	-0.0513319	24.2236587616	Atom	
-664.432	-1124.17	-3350.94	-0.384989	-0.922307	-0.0336628	24.2005390583	Atom	
-666.594	-1129.35	-3351.12	-0.357449	-0.933007	-0.0415772	24.1863628733	Atom	
-668.393	-1134.04	-3351.33	-0.38466	-0.920912	-0.0629078	24.1736436238	Atom	
-691.806	-1190.09	-3355.16	-0.406579	-0.908941	0.0923034	24.0198138648	Atom	
-722.717	-1259.2	-3348.15	-0.419409	-0.905592	0.0632377	23.8266951623	Atom	
-728.749	-1272.22	-3347.24	-0.442323	-0.89198	0.0933913	23.7899246035	Atom	
-731.252	-1277.27	-3346.71	-0.415286	-0.902194	0.116546	23.7754458277	Atom	
-737.796	-1291.49	-3344.87	-0.328393	-0.94184	0.0713881	23.7350925902	Atom	
-739.93	-1297.61	-3344.41	-0.251765	-0.952539	0.171126	23.7184265869	Atom	
-746.91	-1324.02	-3339.66	-0.148941	-0.936812	0.316544	23.6472990754	Atom	
-750.14	-1344.33	-3332.8	-0.204139	-0.915495	0.346694	23.5915396646	Atom	
-756.506	-1372.88	-3321.99	-0.203986	-0.908657	0.364324	23.5111904655	Atom	
-756.548	-1373.07	-3321.91	-0.197636	-0.939414	0.280073	23.5106529318	Atom	
-770.34	-1438.62	-3302.37	0.0143502	-0.956996	0.289745	23.3303756943	Atom	
-770.272	-1443.1	-3301.01	-0.0338389	-0.94336	0.330041	23.3182072778	Atom	
-770.379	-1446.08	-3299.97	-0.224911	-0.933145	0.280456	23.3099896603	Atom	
-770.669	-1447.28	-3299.61	-0.242074	-0.932664	0.267468	23.3066441105	Atom	
-775.868	-1467.31	-3293.86	-0.265403	-0.920722	0.286063	23.2507783064	Atom	
-776.087	-1468.08	-3293.63	-0.473252	-0.82261	0.315192	23.248624797	Atom	
-785.884	-1485.1	-3287.1	-0.453724	-0.84001	0.297519	23.1946699539	Atom	
-794.275	-1500.64	-3281.6	-0.460887	-0.83507	0.300402	23.1463781087	Atom	
-808.686	-1526.75	-3272.21	-0.4324	-0.855094	0.286085	23.0645979846	Atom	
-817.328	-1543.84	-3266.49	-0.445811	-0.865911	0.226827	23.0121828349	Atom	
-827.3	-1563.21	-3261.42	-0.443467	-0.852677	0.276186	22.9534123279	Atom	
-829.795	-1568.01	-3259.86	-0.439991	-0.845795	0.301728	22.9385954117	Atom	
-833.863	-1575.83	-3257.07	-0.496256	-0.751079	0.435442	22.9142412461	Atom	
-841.644	-1587.6	-3250.24	-0.690924	-0.663436	0.287186	22.8729085206	Atom	
-853.78	-1599.26	-3245.2	-0.609297	-0.728209	0.313796	22.8265356894	Atom	
-861.607	-1608.61	-3241.17	-0.569449	-0.78278	0.250964	22.7925658735	Atom	
-863.093	-1610.65	-3240.51	-0.593504	-0.76734	0.242781	22.7856598555	Atom	
-866.259	-1614.75	-3239.22	-0.565469	-0.78504	0.252897	22.7715355634	Atom	
-872.465	-1623.36	-3236.44	-0.334197	-0.496381	-0.801198	22.7424586143	Atom	
-882.924	-1638.9	-3261.52	-0.338822	-0.500026	-0.796978	22.6594599323	Atom	
-883.72	-1640.07	-3263.39	-0.326983	-0.463268	-0.82369	22.6532155336	Atom	
-884.399	-1641.03	-3265.1	-0.290897	-0.469939	-0.833388	22.6476907443	Atom	
-887.139	-1645.46	-3272.95	-0.286724	-0.498385	-0.818169	22.622631057	Atom	
-888.343	-1647.55	-3276.39	-0.241344	-0.501709	-0.830687	22.6114467955	Atom	
-891.025	-1653.13	-3285.62	-0.305167	-0.57938	-0.755773	22.5818374423	Atom	
-895.662	-1661.93	-3297.1	0.216475	-0.897119	-0.385118	22.5413203844	Atom	
-881.433	-1720.9	-3322.41	0.220313	-0.893623	-0.391025	22.3657917726	Atom	
-880.983	-1722.73	-3323.21	0.195026	-0.899196	-0.391677	22.360292507	Atom	
-879.571	-1729.24	-3326.05	0.163036	-0.90441	-0.394286	22.3408348291	Atom	
-876.823	-1744.48	-3332.69	0.244597	-0.880124	-0.406884	22.295514198	Atom	
-869.797	-1769.76	-3344.38	0.400944	-0.897301	0.18465	22.2181406929	Atom	
-869.537	-1770.34	-3344.26	0.448332	-0.850276	0.275735	22.2163839679	Atom	
-867.193	-1774.79	-3342.82	0.469684	-0.847381	0.247674	22.2022636489	Atom	
-862.975	-1782.4	-3340.6	0.463776	-0.850767	0.247201	22.1779955606	Atom	
-862.034	-1784.12	-3340.09	0.493764	-0.829715	0.260329	22.1725053261	Atom	
-859.706	-1788.03	-3338.87	0.482645	-0.839071	0.251027	22.1597493621	Atom	
-857.142	-1792.49	-3337.53	0.452028	-0.865263	0.216772	22.1453714835	Atom	
-853.197	-1800.04	-3335.64	0.408647	-0.904713	0.120429	22.1217389246	Atom	
-852.814	-1800.89	-3335.53	0.404666	-0.905819	0.125446	22.1191971085	Atom	
-844.155	-1820.27	-3332.84	0.384991	-0.921495	0.0512817	22.0611982617	Atom	
-841.396	-1826.88	-3332.48	0.275769	-0.953773	0.119452	22.041727879	Atom	
-829.156	-1869.21	-3327.17	0.27794	-0.955015	0.103424	21.9210948206	Atom	
-821.612	-1895.13	-3324.37	-0.130431	-0.911981	0.388946	21.8469997866	Atom	
-823.749	-1910.07	-3318	-0.138434	-0.909182	0.392714	21.8021672062	Atom	
-825.265	-1920.03	-3313.7	-0.145549	-0.904054	0.401872	21.7721442815	Atom	
-826.899	-1930.18	-3309.18	-0.219734	-0.815168	0.535927	21.7413294456	Atom	
-827.447	-1932.21	-3307.85	0.0410279	-0.482322	0.875032	21.7344811346	Atom	
-827.256	-1934.45	-3303.79	0.332996	-0.443777	0.831971	21.72172835	Atom	
-821.028	-1942.75	-3288.23	0.295885	-0.488857	0.820653	21.670304286	Atom	
-818.006	-1947.74	-3279.84	0.306841	-0.509999	0.803586	21.6421687549	Atom	
-804.485	-1970.21	-3244.43	-0.479132	-0.781175	0.400248	21.5206648921	Atom	
-810.182	-1979.5	-3239.68	-0.469385	-0.773505	0.425874	21.487731764	Atom	
-836.82	-2023.4	-3215.51	-0.439319	-0.791967	0.424013	21.3303650052	Atom	
-846.862	-2041.5	-3205.81	-0.3507	-0.838325	0.417397	21.2666189197	Atom	
-849.276	-2047.27	-3202.94	-0.319415	-0.840165	0.438289	21.2473744475	Atom	
-850.184	-2049.66	-3201.69	-0.321812	-0.748712	0.579541	21.2394194154	Atom	
-853.894	-2058.29	-3195.01	0.637817	-0.729859	0.245959	21.2071598804	Atom	
-849.939	-2062.82	-3193.49	0.683405	-0.6513	0.329798	21.1897875841	Atom	
-811.515	-2099.44	-3174.95	0.73344	-0.622835	0.27229	21.0321642732	Atom	
-787.383	-2119.93	-3165.99	0.769074	-0.601974	0.21483	20.9393815733	Atom	
-783.315	-2123.12	-3164.85	0.778569	-0.596388	0.195326	20.924414242	Atom	
-774.686	-2129.73	-3162.69	0.787985	-0.554024	0.268585	20.8930360978	Atom	
-772.316	-2131.39	-3161.88	0.732676	-0.571293	0.369878	20.884510666	Atom	
-748.148	-2150.24	-3149.68	0.719846	-0.568706	0.397989	20.7909775963	Atom	
-743.163	-2154.17	-3146.92	0.720236	-0.571715	0.392941	20.7712734023	Atom	
-732.857	-2162.36	-3141.3	0.742417	-0.561226	0.365845	20.7305268953	Atom	
-732.087	-2162.94	-3140.92	0.838379	-0.539999	0.0743098	20.7275679803	Atom	
-729.126	-2164.84	-3140.66	0.842498	-0.507281	0.181282	20.7174948141	Atom	
-698.212	-2183.46	-3134	0.823064	-0.531289	0.200742	20.612792082	Atom	
-697.478	-2183.93	-3133.83	0.823785	-0.527727	0.20708	20.610239446	Atom	
-689.949	-2188.76	-3131.93	0.840917	-0.49567	0.217188	20.5840543166	Atom	
-684.852	-2191.76	-3130.62	0.829502	-0.5249	0.190804	20.5666709756	Atom	
-675.447	-2197.71	-3128.45	0.824471	-0.532163	0.192482	20.5341346344	Atom	
-661.402	-2206.78	-3125.17	0.802069	-0.567517	0.186037	20.4851843372	Atom	
-657.914	-2209.24	-3124.37	0.785167	-0.567618	0.247636	20.4726677704	Atom	
-637.231	-2224.2	-3117.84	0.776144	-0.56448	0.281005	20.3967985885	Atom	
-624.665	-2233.34	-3113.29	0.836295	-0.449539	0.313888	20.3500366987	Atom	
-621.179	-2235.21	-3111.98	0.851429	-0.421912	0.311542	20.3379740632	Atom	
-614.877	-2238.33	-3109.68	0.90145	-0.408587	0.142985	20.3165453089	Atom	
-597.593	-2246.17	-3106.94	0.905334	-0.409853	0.111311	20.2609927098	Atom	
-588.153	-2250.44	-3105.78	0.897206	-0.430235	-0.099599	20.2307156043	Atom	
-578.809	-2254.92	-3106.81	0.911386	-0.397516	-0.106568	20.200442043	Atom	
-561.845	-2262.32	-3108.8	0.912722	-0.392338	-0.11406	20.1462688201	Atom	
-560.782	-2262.78	-3108.93	0.906088	-0.390557	-0.162694	20.1428731889	Atom	
-551.361	-2266.84	-3110.62	0.897645	-0.379914	-0.223381	20.1125441572	Atom	
-538.256	-2272.38	-3113.88	0.690386	-0.698631	-0.187833	20.0699111007	Atom	
-530.006	-2280.73	-3116.13	0.679708	-0.707622	-0.193053	20.034952502	Atom	
-501.793	-2310.11	-3124.14	0.79631	-0.58717	-0.145334	19.913370454	Atom	
-496.99	-2313.65	-3125.02	0.753136	-0.65035	-0.0991524	19.8956185541	Atom	
-493.507	-2316.65	-3125.48	0.770582	-0.628155	-0.107817	19.8819986097	Atom	
-492.445	-2317.52	-3125.62	0.777281	-0.619816	-0.107996	19.8779367924	Atom	
-436.859	-2361.85	-3133.35	0.761637	-0.622924	-0.178534	19.6671713594	Atom	
-418.971	-2376.48	-3137.54	0.769444	-0.617645	-0.162698	19.5973740258	Atom	
-399.399	-2392.19	-3141.68	0.747847	-0.660544	-0.0663913	19.5215685043	Atom	
-387.01	-2403.13	-3142.78	0.742524	-0.669314	-0.0260229	19.4720530961	Atom	
-384.746	-2405.17	-3142.86	0.763246	-0.645495	0.0281145	19.4629207218	Atom	
-382.818	-2406.8	-3142.79	0.788898	-0.611889	0.0568526	19.4553525427	Atom	
-381.77	-2407.61	-3142.71	0.737248	-0.584047	-0.339639	19.4513675489	Atom	
-370.889	-2416.23	-3147.72	0.735992	-0.588375	-0.334859	19.4071285782	Atom	
-368.634	-2418.04	-3148.75	0.403553	-0.834308	-0.375601	19.3979294179	Atom	
-368.43	-2418.46	-3148.94	0.22219	-0.858421	-0.462326	19.3964069579	Atom	
-367.542	-2421.89	-3150.79	0.263516	-0.775618	-0.573564	19.3844025835	Atom	
-357.661	-2450.97	-3172.29	0.22981	-0.674145	-0.701938	19.2717005548	Atom	
-354.355	-2460.67	-3182.39	0.214088	-0.666081	-0.714495	19.2282714766	Atom	
-351.941	-2468.18	-3190.45	0.205972	-0.656247	-0.725889	19.1941615238	Atom	
-351.787	-2468.67	-3190.99	0.107195	-0.691887	-0.714004	19.191894525	Atom	
-350.6	-2476.33	-3198.9	0.191249	-0.682069	-0.705837	19.1583605173	Atom	
-350.052	-2478.29	-3200.92	0.132552	-0.688062	-0.713443	19.1496576528	Atom	
-349.088	-2483.29	-3206.11	-0.150617	-0.637051	-0.755963	19.1275901511	Atom	
-350.827	-2490.65	-3214.84	-0.129701	-0.655139	-0.744292	19.0925065497	Atom	
-352.71	-2500.16	-3225.65	-0.279374	-0.606236	-0.744599	19.0483613285	Atom	
-353.946	-2502.84	-3228.94	-0.285204	-0.670407	-0.684992	19.0348860875	Atom	
-358.87	-2514.42	-3240.77	-0.530584	-0.565642	-0.631292	18.9822500285	Atom	
-360.544	-2516.2	-3242.76	-0.484805	-0.588265	-0.647231	18.9726101163	Atom	
-369.714	-2527.33	-3255	-0.514302	-0.550598	-0.657522	18.914796372	Atom	
-373.995	-2531.91	-3260.47	-0.471153	-0.625978	-0.621423	18.8892982565	Atom	
-378.964	-2538.51	-3267.03	-0.475388	-0.629474	-0.614629	18.8569551412	Atom	
-382.81	-2543.61	-3272	-0.521649	-0.617211	-0.58901	18.8321070526	Atom	
-383.732	-2544.7	-3273.04	-0.498493	-0.6274	-0.598226	18.8266738404	Atom	
-384.947	-2546.23	-3274.5	-0.515937	-0.623547	-0.587366	18.8191786866	Atom	
-389.711	-2551.98	-3279.92	-0.482041	-0.570563	-0.664902	18.7907814906	Atom	
-394.992	-2558.23	-3287.21	-0.556932	-0.469107	-0.685394	18.7570415038	Atom	
-440.605	-2596.65	-3343.34	-0.577868	-0.456093	-0.676792	18.5044829708	Atom	
-445.226	-2600.3	-3348.75	-0.57255	-0.476444	-0.667224	18.4795626561	Atom	
-446.214	-2601.12	-3349.9	-0.562629	-0.493819	-0.663016	18.4741828561	Atom	
-459.606	-2612.88	-3365.68	-0.62414	-0.49017	-0.608426	18.3999107101	Atom	
-472.07	-2622.67	-3377.84	-0.829101	-0.319566	-0.458769	18.3374000991	Atom	
-472.992	-2623.02	-3378.35	-0.783603	-0.352366	-0.511669	18.3339098021	Atom	
-492.165	-2631.64	-3390.86	-0.713091	-0.495101	-0.496364	18.2571058648	Atom	
-493.424	-2632.52	-3391.74	-0.710187	-0.513787	-0.481308	18.2515462689	Atom	
-501.342	-2638.25	-3397.11	-0.732064	-0.522296	-0.437366	18.2164272481	Atom	
-501.863	-2638.62	-3397.42	-0.750485	-0.531978	-0.392138	18.2141835044	Atom	
-502.617	-2639.15	-3397.81	-0.707768	-0.685957	-0.168902	18.2110119421	Atom	
-504.097	-2640.59	-3398.17	-0.733011	-0.678956	-0.0413852	18.2044132943	Atom	
-508.759	-2644.9	-3398.43	-0.722916	-0.68481	-0.0918014	18.1843395848	Atom	
-519.216	-2654.81	-3399.76	-0.719017	-0.691728	-0.0672831	18.1386484463	Atom	
-526.033	-2661.37	-3400.39	-0.70782	-0.698379	-0.106099	18.1086355801	Atom	
-527.05	-2662.37	-3400.55	-0.546993	-0.822749	0.154543	18.1040833353	Atom	
-533.549	-2672.15	-3398.71	-0.646165	-0.763196	0.00142861	18.0664248126	Atom	
-534.558	-2673.34	-3398.71	-0.708774	-0.703375	-0.0538831	18.0614668334	Atom	
-540.277	-2679.01	-3399.14	-0.718894	-0.689565	-0.0876993	18.0358433046	Atom	
-542.381	-2681.03	-3399.4	-0.737575	-0.674875	-0.0229542	18.0265364186	Atom	
-543.013	-2681.61	-3399.42	-0.736983	-0.674223	-0.0477522	18.0238095772	Atom	
-551.061	-2688.97	-3399.94	-0.75414	-0.645344	-0.121671	17.9890754567	Atom	
-559.581	-2696.26	-3401.32	-0.757236	-0.641413	-0.123215	17.9530870619	Atom	
-561.967	-2698.28	-3401.7	0.160971	0.105304	-0.981325	17.9430356274	Atom	
-561.654	-2698.08	-3403.61	0.136648	0.069971	-0.988145	17.9368352668	Atom	
-559.433	-2696.94	-3419.67	0.153278	0.0991116	-0.9832	17.884935369	Atom	
-559.4	-2696.92	-3419.89	0.124278	0.061551	-0.990337	17.8842427457	Atom	
-556.667	-2695.57	-3441.66	0.434108	-0.077707	-0.897503	17.8138906474	Atom	
-544.164	-2697.81	-3467.51	0.42282	-0.080722	-0.902612	17.7214357974	Atom	
-542.635	-2698.1	-3470.77	0.42956	-0.385699	-0.816526	17.7097817697	Atom	
-541.998	-2698.67	-3471.98	0.432144	-0.418676	-0.798725	17.7050052334	Atom	
-528.206	-2712.03	-3497.47	0.429094	-0.255763	-0.866293	17.6020708205	Atom	
-527.426	-2712.5	-3499.05	0.446068	-0.358939	-0.819869	17.5961812972	Atom	
-525.597	-2713.97	-3502.41	0.498616	-0.100195	-0.861013	17.5828953454	Atom	
-517.691	-2715.56	-3516.06	0.488342	-0.0961375	-0.867341	17.5314779155	Atom	
-505.202	-2718.02	-3538.24	0.498077	-0.0896655	-0.862484	17.4483672666	Atom	
-502.77	-2718.45	-3542.46	0.482631	-0.123033	-0.867139	17.43243954	Atom	
-494.863	-2720.47	-3556.66	0.47668	-0.115832	-0.871412	17.3789570731	Atom	
-482.289	-2723.52	-3579.65	0.517841	-0.192299	-0.833584	17.2926501799	Atom	
-480.634	-2724.14	-3582.31	0.564258	-0.228985	-0.793208	17.2821548347	Atom	
-479.583	-2724.57	-3583.79	0.428521	-0.143925	-0.891995	17.2760303789	Atom	
-478.232	-2725.02	-3586.6	0.414168	-0.131231	-0.90069	17.2656709495	Atom	
-474.73	-2726.13	-3594.22	0.412024	-0.113477	-0.904079	17.2378610252	Atom	
-460.858	-2729.95	-3624.66	0.417296	-0.118595	-0.900999	17.1270044667	Atom	
-454.243	-2731.83	-3638.94	0.409353	-0.101925	-0.906665	17.0745464862	Atom	
-450.07	-2732.87	-3648.18	0.586812	0.167756	-0.792155	17.0407300644	Atom	
-445.761	-2731.64	-3654	0.615493	0.152036	-0.773339	17.0163325598	Atom	
-445.42	-2731.55	-3654.43	0.577385	0.15122	-0.802346	17.0144891329	Atom	
-443.453	-2731.04	-3657.16	0.571631	0.189237	-0.798391	17.0031580969	Atom	
-441.317	-2730.33	-3660.14	0.543359	0.163812	-0.823363	16.9907268265	Atom	
-438.487	-2729.48	-3664.43	0.544513	0.211623	-0.811616	16.973383304	Atom	
-418.599	-2721.75	-3694.08	0.572212	0.226387	-0.78824	16.851669973	Atom	
-404.858	-2716.31	-3713.01	0.562591	0.0931427	-0.821472	16.7711965889	Atom	
-404.411	-2716.24	-3713.66	0.532033	0.104864	-0.840205	16.7685235227	Atom	
-402.99	-2715.96	-3715.9	0.463553	0.113244	-0.878803	16.7595427106	Atom	
-399.285	-2715.05	-3722.93	0.448686	0.0448563	-0.892563	16.7326434641	Atom	
-398.247	-2714.95	-3724.99	0.463663	0.0441387	-0.884911	16.7248470584	Atom	
-398.031	-2714.93	-3725.4	0.427859	0.0340664	-0.903203	16.7232802495	Atom	
-396.148	-2714.78	-3729.38	0.40727	0.0172029	-0.913146	16.7084423092	Atom	
-378.85	-2714.05	-3768.16	0.548742	-0.00891555	-0.835944	16.5651748228	Atom	
-372.679	-2714.15	-3777.56	0.54577	-0.0664203	-0.835298	16.5269850851	Atom	
-368.699	-2714.63	-3783.65	0.544479	-0.107979	-0.831795	16.502179484	Atom	
-350.726	-2718.2	-3811.11	0.44455	-0.0134795	-0.895653	16.3897600694	Atom	
-348.805	-2718.25	-3814.98	0.444107	-0.0257281	-0.895604	16.3749595265	Atom	
-347.726	-2718.32	-3817.16	0.442639	-0.0253149	-0.896342	16.3666419177	Atom	
-344.333	-2718.51	-3824.03	0.38004	0.572104	-0.726819	16.3403694499	Atom	
-342.383	-2715.57	-3827.76	0.362818	0.596135	-0.716231	16.3227531599	Atom	
-342.278	-2715.4	-3827.96	0.356313	0.548363	-0.756531	16.3217678724	Atom	
-334.666	-2703.69	-3844.13	0.287874	0.541865	-0.789627	16.2483851838	Atom	
-334.202	-2702.81	-3845.4	0.428786	0.4737	-0.769253	16.2428270943	Atom	
-333.775	-2702.34	-3846.17	0.436409	0.471786	-0.766136	16.2393991356	Atom	
-314.093	-2681.06	-3880.72	0.380608	0.409385	-0.829181	16.0838804424	Atom	
-306.775	-2673.19	-3896.66	0.398326	0.414775	-0.818106	16.0170904585	Atom	
-305.676	-2672.05	-3898.92	0.398489	0.411859	-0.819499	16.0074758603	Atom	
-293.214	-2659.17	-3924.55	0.388003	0.429006	-0.815725	15.8984407273	Atom	
-290.002	-2655.62	-3931.3	0.348797	0.405837	-0.84477	15.8694168463	Atom	
-286.465	-2651.5	-3939.86	0.249683	0.472734	-0.845093	15.8338325663	Atom	
-286.196	-2650.99	-3940.78	0.237412	0.408378	-0.881398	15.8300308666	Atom	
-283.304	-2646.02	-3951.51	0.22119	0.385611	-0.895756	15.7871925984	Atom	
-280.452	-2641.04	-3963.06	0.295343	0.344433	-0.891144	15.7417547039	Atom	
-278.891	-2639.22	-3967.77	0.318904	0.37767	-0.86929	15.7230895849	Atom	
-277.991	-2638.16	-3970.23	0.365469	0.407061	-0.837098	15.7131152508	Atom	
-277.132	-2637.2	-3972.19	0.14031	0.0232983	-0.989834	15.7048042609	Atom	
-274.361	-2636.74	-3991.74	0.132972	0.0450399	-0.990096	15.6349231253	Atom	
-274.006	-2636.62	-3994.39	0.153519	0.0293175	-0.987711	15.6254402044	Atom	
-273.961	-2636.61	-3994.68	0.168705	0.0210848	-0.985441	15.6244007904	Atom	
-272.445	-2636.42	-4003.53	0.20636	-0.00148857	-0.978475	15.5924849149	Atom	
-264.044	-2636.48	-4043.36	0.241183	0.11748	-0.963343	15.4476402066	Atom	
-263.567	-2636.25	-4045.27	-0.018345	0.117478	-0.992906	15.4405455018	Atom	
-264.491	-2630.33	-4095.29	0.0431061	0.0719876	-0.996474	15.2599621903	Atom	
-264.395	-2630.17	-4097.5	0.0265777	0.0726171	-0.997006	15.2519166794	Atom	
-263.758	-2628.43	-4121.42	0.0475339	0.00385892	-0.998862	15.1651061078	Atom	
-262.847	-2628.36	-4140.56	-0.00336776	-0.0153545	-0.999876	15.0954494325	Atom	
-262.863	-2628.43	-4145.39	0.111463	-0.0761275	-0.990848	15.0778209322	Atom	
-262.418	-2628.74	-4149.35	0.124674	-0.122601	-0.984594	15.0632590545	Atom	
-262.191	-2628.96	-4151.14	0.210203	-0.0150456	-0.977542	15.0566074506	Atom	
-260.259	-2629.1	-4160.12	0.204152	-0.0235901	-0.978655	15.0230129881	Atom	
-259.761	-2629.15	-4162.51	0.0806385	0.111422	-0.990496	15.014069051	Atom	
-259.312	-2628.53	-4168.03	0.0047993	0.0871828	-0.996181	14.9936780335	Atom	
-259.285	-2628.05	-4173.59	-0.00407961	0.167909	-0.985794	14.9732002786	Atom	
-259.287	-2627.97	-4174.07	0.0788281	0.205862	-0.975401	14.9714298406	Atom	
-258.836	-2626.79	-4179.65	0.0835069	0.204844	-0.975226	14.9504228913	Atom	
-258.475	-2625.9	-4183.86	0.044479	0.202923	-0.978184	14.9345656686	Atom	
-258.025	-2623.85	-4193.76	0.055827	0.199701	-0.978265	14.8973187025	Atom	
-257.479	-2621.9	-4203.33	-0.0303118	0.267857	-0.962982	14.8612911945	Atom	
-257.82	-2618.88	-4214.16	-0.130391	0.220126	-0.966718	14.8197532162	Atom	
-258.162	-2618.31	-4216.7	-0.109114	0.243036	-0.963861	14.8100572306	Atom	
-258.917	-2616.62	-4223.37	-0.0940079	0.156292	-0.983227	14.7844247302	Atom	
-259.24	-2616.09	-4226.74	-0.0828264	0.187298	-0.978805	14.7717174736	Atom	
-261.827	-2610.24	-4257.32	-0.0999317	0.189557	-0.976771	14.6558662581	Atom	
-262.216	-2609.5	-4261.12	-0.093181	0.2922	-0.951807	14.6413578749	Atom	
-262.432	-2608.82	-4263.33	-0.0930164	0.280428	-0.955358	14.6326746522	Atom	
-263.208	-2606.48	-4271.3	-0.144372	0.299414	-0.943137	14.6015192516	Atom	
-269.505	-2593.42	-4312.43	-0.0723651	0.37069	-0.925933	14.4383086231	Atom	
-269.643	-2592.72	-4314.2	-0.0825555	0.3658	-0.927025	14.4311124701	Atom	
-270.712	-2587.98	-4326.2	-0.105714	0.456752	-0.883291	14.3822209447	Atom	
-270.837	-2587.44	-4327.24	-0.0833999	0.402303	-0.9117	14.3777504154	Atom	
-271.276	-2585.32	-4332.04	-0.0623843	0.393985	-0.916997	14.3578154948	Atom	
-271.683	-2582.75	-4338.03	0.0478565	0.512773	-0.85719	14.3330677147	Atom	
-271.554	-2581.37	-4340.35	0.113985	0.561063	-0.819888	14.3228210631	Atom	
-270.663	-2576.98	-4346.75	0.0560845	0.324855	-0.9441	14.2931439567	Atom	
-268.415	-2563.96	-4384.6	0.0565671	0.340427	-0.938568	14.1406605453	Atom	
-268.364	-2563.65	-4385.44	-0.0298063	0.206024	-0.978093	14.1372365864	Atom	
-268.431	-2563.2	-4387.62	0.0304334	0.313373	-0.949142	14.1287010762	Atom	
-268.282	-2561.66	-4392.26	0.0209418	0.289193	-0.957042	14.1099181407	Atom	
-268.151	-2559.86	-4398.22	0.0398373	0.293843	-0.955023	14.0859860925	Atom	
-267.357	-2554	-4417.26	-0.035178	0.410201	-0.911316	14.0093180411	Atom	
-267.461	-2552.79	-4419.95	-0.458211	0.406104	-0.790646	13.9979318976	Atom	
-267.606	-2552.66	-4420.2	-0.576276	0.559031	-0.596147	13.996707882	Atom	
-268.129	-2552.16	-4420.74	-0.530775	0.574898	-0.622712	13.9932018245	Atom	
-274.596	-2545.15	-4428.32	-0.526047	0.565992	-0.634766	13.9461003026	Atom	
-279.403	-2539.98	-4434.13	-0.51059	0.688467	-0.515084	13.9106813967	Atom	
-281.6	-2537.02	-4436.34	-0.510269	0.706016	-0.491088	13.8939705992	Atom	
-284.179	-2533.45	-4438.82	-0.518103	0.623674	-0.585321	13.874325241	Atom	
-284.522	-2533.04	-4439.21	-0.523485	0.619872	-0.58457	13.8717500008	Atom	
-294.233	-2521.54	-4450.06	-0.518352	0.63068	-0.577542	13.799556622	Atom	
-302.693	-2511.25	-4459.48	-0.487645	0.647549	-0.585562	13.7357918093	Atom	
-309.639	-2502.02	-4467.82	-0.3845	0.726692	-0.569278	13.6799380597	Atom	
-313.341	-2495.02	-4473.3	-0.372344	0.744731	-0.553837	13.6420701837	Atom	
-316.646	-2488.41	-4478.22	-0.371962	0.748476	-0.549025	13.6070850148	Atom	
-321.933	-2477.78	-4486.02	-0.369213	0.760521	-0.534125	13.5509514475	Atom	
-327.725	-2465.84	-4494.4	-0.464193	0.685131	-0.561356	13.4887970153	Atom	
-330.389	-2461.91	-4497.62	-0.455066	0.705917	-0.542767	13.4659831721	Atom	
-339.681	-2447.5	-4508.71	-0.445685	0.69776	-0.560799	13.3847016451	Atom	
-340.484	-2446.24	-4509.72	-0.433162	0.710771	-0.554234	13.3774958938	Atom	
-340.791	-2445.74	-4510.11	-0.368192	0.747313	-0.553135	13.3746577297	Atom	
-342.967	-2441.32	-4513.38	-0.135768	0.75526	-0.641209	13.3510079784	Atom	
-347.315	-2417.13	-4533.92	-0.1553	0.769703	-0.619225	13.2226714116	Atom	
-347.666	-2415.39	-4535.31	-0.161768	0.75634	-0.633862	13.2135643338	Atom	
-348.619	-2410.94	-4539.05	-0.160462	0.743076	-0.649685	13.1897714812	Atom	
-350.411	-2402.64	-4546.3	-0.161967	0.719355	-0.675496	13.1446002195	Atom	
-351.246	-2398.93	-4549.79	-0.203037	0.711451	-0.672765	13.1236979091	Atom	
-352.722	-2393.76	-4554.68	-0.142557	0.680653	-0.718602	13.0941922935	Atom	
-352.722	-2393.76	-4554.68	-0.130104	0.685859	-0.71601	13.0941820469	Atom	
-355.421	-2379.53	-4569.53	-0.179659	0.705678	-0.685377	13.0098214072	Atom	
-360.001	-2361.54	-4587	-0.200754	0.705768	-0.679404	12.9056546354	Atom	
-364.052	-2347.3	-4600.71	-0.170123	0.681916	-0.711372	12.8226689037	Atom	
-365.246	-2342.51	-4605.7	-0.180605	0.898877	-0.399252	12.7936886185	Atom	
-366.144	-2338.04	-4607.69	-0.211005	0.925239	-0.315294	12.7731063019	Atom	
-366.446	-2336.72	-4608.14	-0.219713	0.933611	-0.283013	12.767173056	Atom	
-366.687	-2335.7	-4608.45	-0.183463	0.957014	-0.224646	12.7626235014	Atom	
-368.333	-2327.11	-4610.47	-0.295388	0.947326	-0.12377	12.7254111367	Atom	
-368.366	-2327	-4610.48	-0.23891	0.934556	-0.263681	12.7249483633	Atom	
-368.924	-2324.82	-4611.1	0.136486	0.825889	-0.547064	12.7152397079	Atom	
-366.156	-2308.06	-4622.19	0.122289	0.877745	-0.46326	12.630885849	Atom	
-366.105	-2307.7	-4622.39	0.0945832	0.880704	-0.464127	12.6291510613	Atom	
-364.501	-2292.76	-4630.26	0.0992794	0.85617	-0.507067	12.5582647603	Atom	
-362.193	-2272.86	-4642.05	0.0646827	0.88094	-0.468787	12.4606681593	Atom	
-361.488	-2263.26	-4647.16	0.0918035	0.875119	-0.475121	12.4146370603	Atom	
-359.473	-2244.05	-4657.58	-0.113181	0.837727	-0.534231	12.3217160678	Atom	
-359.501	-2243.84	-4657.72	-0.0831005	0.84587	-0.526877	12.3206579087	Atom	
-359.564	-2243.2	-4658.11	-0.0845204	0.882524	-0.46261	12.3174378862	Atom	
-359.59	-2242.93	-4658.26	0.122496	0.883281	-0.452559	12.3161191217	Atom	
-358.051	-2231.83	-4663.94	0.119907	0.914231	-0.387045	12.2625842198	Atom	
-356.931	-2223.3	-4667.56	0.231871	0.849099	-0.474623	12.2226781475	Atom	
-356.912	-2223.22	-4667.6	0.220907	0.84009	-0.495429	12.222317121	Atom	
-354.358	-2213.51	-4673.33	0.33401	0.815419	-0.472789	12.172777988	Atom	
-336.882	-2170.85	-4698.06	0.383202	0.802807	-0.45679	11.9478983348	Atom	
-335.417	-2167.78	-4699.81	0.377708	0.801313	-0.463933	11.9312357347	Atom	
-323.758	-2143.04	-4714.13	0.37082	0.802837	-0.466846	11.7965345495	Atom	
-319.672	-2134.2	-4719.27	0.427719	0.801206	-0.418481	11.7480331611	Atom	
-307.184	-2110.81	-4731.49	0.381741	0.819196	-0.428009	11.6191362548	Atom	
-307.022	-2110.46	-4731.67	0.170643	0.723576	-0.668819	11.6172481818	Atom	
-306.168	-2106.84	-4735.02	0.218389	0.763568	-0.607676	11.5949605563	Atom	
-306.046	-2106.41	-4735.36	0.190138	0.762028	-0.619001	11.5924628755	Atom	
-304.693	-2100.99	-4739.77	0.232034	0.762658	-0.60375	11.5607333302	Atom	
-304.46	-2100.22	-4740.37	0.233044	0.817621	-0.526485	11.5562444834	Atom	
-301.229	-2088.88	-4747.67	0.226245	0.813188	-0.536226	11.4942690388	Atom	
-297.879	-2076.85	-4755.61	0.229593	0.796889	-0.558798	11.4278196579	Atom	
-297.224	-2074.57	-4757.2	0.196814	0.786867	-0.584896	11.4149564802	Atom	
-294.602	-2064.09	-4765	0.187518	0.791354	-0.58189	11.3548413265	Atom	
-290.502	-2046.79	-4777.72	0.186042	0.798296	-0.57281	11.2558067072	Atom	
-290.197	-2045.48	-4778.66	0.142939	0.809597	-0.569316	11.2483309642	Atom	
-289.779	-2043.11	-4780.32	0.169736	0.800297	-0.575077	11.2349937876	Atom	
-285.846	-2024.57	-4793.65	0.186676	0.773179	-0.606091	11.1291858178	Atom	
-281.938	-2008.38	-4806.34	0.297568	0.8214	-0.486574	11.032912499	Atom	
-281.63	-2007.53	-4806.84	0.315417	0.842673	-0.436365	11.0281129496	Atom	
-278.232	-1998.45	-4811.54	0.379174	0.862127	-0.336101	10.978233563	Atom	
-272.331	-1985.03	-4816.77	-0.805029	0.0963453	-0.585359	10.9059338283	Atom	
-283.363	-1983.71	-4824.79	-0.854478	0.0562065	-0.516438	10.8419510533	Atom	
-289.984	-1983.28	-4828.8	-0.84489	0.0429903	-0.53321	10.805606697	Atom	
-292.098	-1983.17	-4830.13	-0.778936	-0.193651	-0.596455	10.7938447666	Atom	
-292.697	-1983.32	-4830.59	-0.753074	-0.0404604	-0.656691	10.7902256214	Atom	
-298.249	-1983.62	-4835.43	-0.714963	-0.0393443	-0.698055	10.7555250505	Atom	
-301.64	-1983.8	-4838.74	-0.649303	0.0494334	-0.758921	10.7331499003	Atom	
-305.371	-1983.52	-4843.1	-0.65493	0.0990436	-0.749171	10.705994318	Atom	
-312.645	-1982.42	-4851.42	-0.375199	0.0959578	-0.921964	10.6534133656	Atom	
-314.819	-1981.86	-4856.77	-0.30083	0.0656681	-0.951414	10.6258717585	Atom	
-315.733	-1981.66	-4859.65	-0.2949	0.0460547	-0.954418	10.6114147439	Atom	
-319.757	-1981.04	-4872.68	-0.28751	-0.0691741	-0.955276	10.5463709799	Atom	
-319.783	-1981.04	-4872.76	-0.315359	-0.132632	-0.939658	10.5459418591	Atom	
-319.942	-1981.11	-4873.24	-0.31453	-0.183622	-0.931318	10.5435198758	Atom	
-322.879	-1982.82	-4881.94	-0.337857	-0.0709079	-0.938522	10.4988026312	Atom	
-324.623	-1983.19	-4886.78	-0.353477	-0.0293804	-0.934982	10.4740005343	Atom	
-326.367	-1983.34	-4891.39	-0.356961	-0.0697953	-0.931508	10.4502594117	Atom	
-331.663	-1984.37	-4905.21	-0.330967	-0.113392	-0.936805	10.378737394	Atom	
-339.119	-1986.93	-4926.32	-0.326722	-0.119072	-0.93759	10.2695652617	Atom	
-339.617	-1987.11	-4927.75	-0.266806	0.00925094	-0.963706	10.2621170441	Atom	
-340.815	-1987.07	-4932.08	-0.333517	0.0323879	-0.942188	10.2401702583	Atom	
-340.92	-1987.06	-4932.37	-0.312934	0.132205	-0.940529	10.2386288842	Atom	
-341.643	-1986.75	-4934.55	-0.329744	0.13576	-0.934258	10.2273194777	Atom	
-344.88	-1985.42	-4943.72	-0.0801653	0.192846	-0.977949	10.1792274136	Atom	
-345.167	-1984.73	-4947.21	-0.158564	0.184536	-0.969951	10.1616547025	Atom	
-346.827	-1982.8	-4957.37	-0.134589	0.127032	-0.982725	10.1101135529	Atom	
-346.832	-1982.79	-4957.41	-0.174365	0.155818	-0.972274	10.1099054356	Atom	
-347.612	-1982.09	-4961.76	-0.211417	0.228196	-0.950384	10.0878037735	Atom	
-349.837	-1979.69	-4971.76	-0.103649	0.255611	-0.961208	10.0357224095	Atom	
-350.53	-1977.98	-4978.18	-0.0554628	0.259316	-0.964199	10.002487439	Atom	
-350.6	-1977.65	-4979.41	-0.140703	-0.00609803	-0.990033	9.99617443517	Atom	
-351.517	-1977.69	-4985.85	-0.117193	0.0228153	-0.992847	9.96371516466	Atom	
-352.666	-1977.47	-4995.59	-0.242429	0.106552	-0.9643	9.91471523494	Atom	
-353.774	-1976.98	-5000	-0.242429	0.106552	-0.9643	9.89179698804	Region	
"-----------------------------------------------------------------"
"Trajectory"	126

"NbCollisions"	187
"Zmax"	0
"Display"	256

"Collisions"

"X"	"Y"	"Z"	"Rx"	"Ry"	"Rz"	"Energy"	"CollisionType"	
-0.124689	0.107778	-5000	-5.2634e-006	1.61625e-006	1	30	Region	
-0.124705	0.107783	-4996.92	-0.0271157	0.0459297	0.998577	29.9934355121	Atom	
-0.750228	1.16732	-4973.88	0.0950085	0.0285782	0.995066	29.944311467	Atom	
-0.662227	1.19379	-4972.96	-0.0037989	0.0345275	0.999397	29.9423364881	Atom	
-0.720335	1.72192	-4957.67	0.197622	0.00424055	0.980269	29.9097203107	Atom	
3.13259	1.80459	-4938.56	0.323197	-0.0321689	0.945785	29.8681104445	Atom	
8.1576	1.30444	-4923.86	0.318595	-0.046607	0.946744	29.8348910011	Atom	
20.2866	-0.469898	-4887.81	0.322337	-0.0552659	0.94501	29.7534780465	Atom	
22.3108	-0.816962	-4881.88	0.352183	0.0596378	0.934029	29.7400191687	Atom	
25.9473	-0.20116	-4872.23	0.344288	0.0632518	0.936731	29.7178814763	Atom	
39.0527	2.20652	-4836.58	0.642203	-0.362013	0.675664	29.6362237158	Atom	
53.5718	-5.978	-4821.3	0.641083	-0.381775	0.665778	29.5876172126	Atom	
66.9187	-13.9263	-4807.44	0.540733	-0.334562	0.771801	29.5427985269	Atom	
99.1095	-33.8434	-4761.49	0.527324	-0.345656	0.776177	29.4144860314	Atom	
112.463	-42.5967	-4741.84	0.531664	-0.30534	0.790001	29.3597144409	Atom	
125.53	-50.1008	-4722.42	0.511664	-0.330723	0.792983	29.3064801467	Atom	
127.59	-51.4326	-4719.23	0.435908	-0.527864	0.728933	29.2977452666	Atom	
131.266	-55.8835	-4713.08	0.433999	-0.525375	0.731865	29.2794500341	Atom	
145.55	-73.1751	-4689	0.428842	-0.523668	0.736116	29.2080026149	Atom	
154.927	-84.6259	-4672.9	0.412547	-0.530483	0.740535	29.1604421305	Atom	
174.468	-109.753	-4637.82	0.472499	-0.475738	0.741902	29.0572826291	Atom	
184.939	-120.296	-4621.38	0.530969	-0.460064	0.711627	29.0088823518	Atom	
185.013	-120.36	-4621.28	0.52215	-0.465254	0.714771	29.0085778748	Atom	
210.642	-143.196	-4586.2	0.535477	-0.435587	0.723552	28.9012349714	Atom	
249.676	-174.949	-4533.45	0.545679	-0.444953	0.710106	28.7413421766	Atom	
251.843	-176.716	-4530.63	0.563187	-0.395158	0.72572	28.7325929382	Atom	
272.169	-190.978	-4504.44	0.54999	-0.39705	0.734753	28.6530597452	Atom	
273.087	-191.64	-4503.22	0.559506	-0.37696	0.738142	28.6493754492	Atom	
297.682	-208.211	-4470.77	0.273126	-0.439686	0.855616	28.5522795557	Atom	
298.901	-210.173	-4466.95	0.274165	-0.462809	0.842996	28.5423961677	Atom	
302.647	-216.497	-4455.43	0.289307	-0.452448	0.843559	28.5121264503	Atom	
305.894	-221.575	-4445.96	0.28586	-0.4405	0.851025	28.4872370179	Atom	
314.495	-234.829	-4420.36	0.324211	-0.467271	0.822524	28.4204808929	Atom	
336.968	-267.218	-4363.34	0.332737	-0.471829	0.816495	28.2663957278	Atom	
351.304	-287.547	-4328.17	0.340466	-0.526671	0.77891	28.1702061012	Atom	
352.154	-288.862	-4326.22	0.34966	-0.484527	0.801855	28.1646133302	Atom	
355.152	-293.015	-4319.35	0.370397	-0.50165	0.781763	28.1454217339	Atom	
355.946	-294.091	-4317.67	0.329824	-0.443463	0.833401	28.140617977	Atom	
365.283	-306.645	-4294.08	0.304598	-0.433897	0.847911	28.0771895358	Atom	
379.125	-326.363	-4255.55	0.301736	-0.438334	0.846651	27.9751929395	Atom	
385.047	-334.966	-4238.93	0.277553	-0.368632	0.887172	27.93100908	Atom	
388.424	-339.451	-4228.14	0.270421	-0.375585	0.886458	27.9035890201	Atom	
390.491	-342.322	-4221.36	0.674217	-0.560355	0.481075	27.8863463628	Atom	
392.197	-343.74	-4220.14	0.691791	-0.495859	0.524928	27.8806352279	Atom	
413.735	-359.178	-4203.8	0.682119	-0.512883	0.521215	27.8103610811	Atom	
433.873	-374.319	-4188.41	0.691405	-0.53802	0.482176	27.7435927662	Atom	
443.426	-381.754	-4181.75	0.704903	-0.49142	0.511486	27.7122814611	Atom	
443.801	-382.014	-4181.48	0.675198	-0.540057	0.50244	27.7110776647	Atom	
457.616	-393.065	-4171.2	0.68355	-0.537856	0.493427	27.664668033	Atom	
458.142	-393.479	-4170.82	0.689797	-0.539388	0.482949	27.6629207618	Atom	
473.292	-405.325	-4160.21	0.662446	-0.564964	0.491916	27.6130386883	Atom	
479.452	-410.578	-4155.64	0.663532	-0.570353	0.484172	27.5918889069	Atom	
488.385	-418.257	-4149.12	0.716445	-0.517664	0.467687	27.5612491608	Atom	
509.881	-433.789	-4135.09	0.710371	-0.538126	0.453644	27.4929009014	Atom	
510.529	-434.28	-4134.67	0.726722	-0.519913	0.44896	27.4908208136	Atom	
541.876	-456.706	-4115.31	0.724669	-0.509543	0.463918	27.3923617005	Atom	
633.301	-520.991	-4056.78	0.692774	-0.491899	0.527352	27.1035714758	Atom	
651.241	-533.729	-4043.12	0.699362	-0.50975	0.501046	27.0437918202	Atom	
667.845	-545.831	-4031.23	0.698531	-0.473909	0.536158	26.9888905905	Atom	
678.48	-553.047	-4023.06	0.704684	-0.488224	0.514838	26.9536248067	Atom	
681.098	-554.86	-4021.15	0.7587	-0.531024	0.377344	26.9450118363	Atom	
708.244	-573.86	-4007.65	0.692433	-0.596977	0.405161	26.8620300861	Atom	
744.538	-605.151	-3986.41	0.696691	-0.602181	0.389872	26.7401707513	Atom	
758.628	-617.329	-3978.53	0.646447	-0.64392	0.409234	26.6929829602	Atom	
765.732	-624.405	-3974.03	0.667356	-0.628282	0.399871	26.6673056937	Atom	
773.185	-631.422	-3969.56	0.660605	-0.634301	0.401577	26.6411902142	Atom	
813.1	-669.748	-3945.3	0.600225	-0.688537	0.406997	26.4997894335	Atom	
850.246	-712.359	-3920.11	0.65084	-0.656974	0.380517	26.3543519854	Atom	
856.377	-718.547	-3916.53	0.756476	-0.597181	0.266682	26.3321167237	Atom	
857.838	-719.701	-3916.01	0.776202	-0.58246	0.241351	26.3275538746	Atom	
864.459	-724.67	-3913.95	0.470391	-0.63544	-0.61233	26.3074025407	Atom	
881.594	-747.816	-3936.26	0.480877	-0.599406	-0.639898	26.221302725	Atom	
887.65	-755.365	-3944.32	0.507921	-0.585363	-0.631954	26.191454138	Atom	
905.083	-775.456	-3966.01	0.501985	-0.621421	-0.601538	26.1100422268	Atom	
910.876	-782.627	-3972.95	0.571589	-0.612634	-0.545863	26.0826014241	Atom	
934.842	-808.315	-3995.84	0.563784	-0.66585	-0.488663	25.982815125	Atom	
940.17	-814.607	-4000.46	0.582071	-0.650933	-0.487318	25.9602584946	Atom	
949.388	-824.915	-4008.17	0.637442	-0.626764	-0.448145	25.9224281035	Atom	
954.189	-829.636	-4011.55	0.644305	-0.622294	-0.444547	25.9044154111	Atom	
961.838	-837.023	-4016.83	0.663784	-0.654891	-0.361259	25.8760101445	Atom	
961.994	-837.178	-4016.91	0.6566	-0.648044	-0.385896	25.8754461162	Atom	
970.904	-845.971	-4022.15	0.644798	-0.659451	-0.38647	25.8429481891	Atom	
972.526	-847.63	-4023.12	0.656276	-0.658916	-0.367602	25.8369181485	Atom	
974.723	-849.836	-4024.35	0.676334	-0.637488	-0.369028	25.8288885517	Atom	
988.923	-863.22	-4032.1	0.671235	-0.657458	-0.342333	25.7785350648	Atom	
996.545	-870.686	-4035.98	0.663272	-0.654844	-0.362284	25.7512593945	Atom	
1009.56	-883.534	-4043.09	0.659863	-0.67998	-0.319699	25.7040897382	Atom	
1009.57	-883.548	-4043.1	0.661213	-0.639823	-0.391695	25.7040409054	Atom	
1020.61	-894.232	-4049.64	0.351498	-0.51011	-0.785008	25.6638383399	Atom	
1021.92	-896.132	-4052.56	0.366587	-0.514186	-0.775388	25.6548598344	Atom	
1024.55	-899.822	-4058.13	0.353881	-0.502041	-0.789128	25.6375555692	Atom	
1025.74	-901.504	-4060.77	0.367648	-0.483015	-0.79469	25.6294711868	Atom	
1029.11	-905.933	-4068.06	0.379741	-0.483865	-0.788462	25.6073428833	Atom	
1049.7	-932.171	-4110.81	0.38699	-0.557225	-0.734669	25.4764015239	Atom	
1064.77	-953.864	-4139.42	0.357841	-0.56111	-0.746395	25.3820072835	Atom	
1071.45	-964.343	-4153.35	0.223135	-0.570447	-0.790444	25.3365939172	Atom	
1074.76	-972.801	-4165.07	0.210003	-0.574035	-0.791444	25.3004887795	Atom	
1075.54	-974.932	-4168.01	0.177513	-0.619965	-0.764285	25.2914365438	Atom	
1080.28	-991.497	-4188.43	0.22863	-0.604334	-0.763223	25.2262774403	Atom	
1080.92	-993.173	-4190.55	0.220163	-0.605003	-0.765179	25.2195002967	Atom	
1086.08	-1007.38	-4208.51	0.24611	-0.430672	-0.868304	25.1621233472	Atom	
1086.21	-1007.6	-4208.97	0.239821	-0.484973	-0.841004	25.1608341754	Atom	
1086.99	-1009.17	-4211.68	0.256481	-0.441717	-0.859711	25.1529441001	Atom	
1093.35	-1020.12	-4233	0.286724	-0.409799	-0.865941	25.0922080357	Atom	
1102.22	-1032.81	-4259.81	0.263326	-0.387707	-0.88337	25.0162194826	Atom	
1102.44	-1033.13	-4260.55	0.173823	-0.330372	-0.927707	25.0141730492	Atom	
1106.73	-1041.28	-4283.42	0.18233	-0.354497	-0.917108	24.9535289395	Atom	
1107.37	-1042.52	-4286.63	-0.0458299	-0.354807	-0.933816	24.9448920519	Atom	
1107.19	-1043.87	-4290.18	0.0275558	-0.282047	-0.959005	24.9355270601	Atom	
1107.93	-1051.36	-4315.67	-0.00170983	-0.304732	-0.952437	24.8699737679	Atom	
1107.92	-1052.42	-4318.97	-0.0168365	-0.325723	-0.945315	24.8614111799	Atom	
1107.82	-1054.28	-4324.38	-0.00135576	-0.313701	-0.949521	24.8472691392	Atom	
1107.79	-1061.3	-4345.61	-0.189579	-0.354738	-0.915544	24.7919731118	Atom	
1106.86	-1063.05	-4350.13	-0.231567	-0.305745	-0.923524	24.7797471975	Atom	
1105.6	-1064.71	-4355.15	-0.205938	-0.309934	-0.928186	24.7662552678	Atom	
1103.68	-1067.59	-4363.79	-0.169528	-0.297198	-0.939645	24.7431857704	Atom	
1102.31	-1070.01	-4371.42	-0.155458	-0.390684	-0.907303	24.7230458867	Atom	
1096.92	-1083.54	-4402.84	-0.233983	-0.377488	-0.895966	24.6370519674	Atom	
1095.08	-1086.51	-4409.89	-0.287985	-0.341569	-0.894648	24.617472557	Atom	
1093.95	-1087.85	-4413.41	-0.428705	0.364257	-0.826758	24.607664797	Atom	
1088.23	-1082.99	-4424.44	-0.443898	0.37912	-0.811925	24.5744060662	Atom	
1082.44	-1078.05	-4435.03	-0.451544	0.375568	-0.809356	24.5418732306	Atom	
1078.95	-1075.15	-4441.28	-0.440923	0.403548	-0.801708	24.5226022257	Atom	
1072.26	-1069.02	-4453.44	-0.548667	0.334571	-0.766177	24.4846867025	Atom	
1065.22	-1064.73	-4463.27	-0.414422	0.259946	-0.872171	24.4525902132	Atom	
1061.64	-1062.49	-4470.81	-0.432587	0.229358	-0.871931	24.4309437432	Atom	
1061.45	-1062.38	-4471.2	-0.400953	0.226517	-0.887652	24.4298264785	Atom	
1058.2	-1060.55	-4478.4	-0.382229	0.198858	-0.902417	24.4094914627	Atom	
1053.83	-1058.28	-4488.7	-0.38868	0.204126	-0.898477	24.3808656427	Atom	
1037.5	-1049.7	-4526.47	-0.377938	0.209537	-0.901808	24.2753375768	Atom	
1030	-1045.54	-4544.35	-0.389684	0.206841	-0.89742	24.2253823278	Atom	
1026.49	-1043.68	-4552.44	-0.384415	0.183401	-0.904759	24.2026349518	Atom	
1014.89	-1038.14	-4579.73	-0.393775	0.132044	-0.909673	24.1264710985	Atom	
1011.97	-1037.17	-4586.47	-0.361818	0.132928	-0.922723	24.1077184112	Atom	
1001.54	-1033.33	-4613.07	-0.34362	0.0883224	-0.934946	24.0347062642	Atom	
999.393	-1032.78	-4618.93	-0.346027	0.110917	-0.931645	24.0188036074	Atom	
996.892	-1031.98	-4625.66	-0.3659	0.0871826	-0.926562	24.0004450006	Atom	
981.228	-1028.25	-4665.32	-0.365303	0.0907469	-0.926455	23.8916342545	Atom	
977.071	-1027.21	-4675.87	-0.308188	0.106266	-0.945372	23.8626084647	Atom	
976.112	-1026.88	-4678.81	-0.296805	0.0638593	-0.9528	23.8546588125	Atom	
963.477	-1024.16	-4719.37	-0.268956	0.0589643	-0.961346	23.7459321027	Atom	
960.268	-1023.46	-4730.84	-0.22463	0.0404125	-0.973606	23.715348818	Atom	
955.189	-1022.55	-4752.85	-0.234366	0.06448	-0.970008	23.6573329382	Atom	
946.295	-1020.1	-4789.66	-0.518827	-0.0238663	-0.854546	23.5597763137	Atom	
938.234	-1020.47	-4802.94	-0.537291	-0.0481466	-0.842021	23.5197046863	Atom	
935.386	-1020.73	-4807.4	-0.438573	-0.0538098	-0.897083	23.5060124952	Atom	
934.606	-1020.82	-4809	-0.448259	-0.0725788	-0.890952	23.5014184509	Atom	
928.302	-1021.84	-4821.53	-0.427989	-0.128053	-0.894666	23.4650771377	Atom	
925.102	-1022.8	-4828.22	-0.414391	-0.123555	-0.901673	23.4457313543	Atom	
914.621	-1025.93	-4851.02	-0.455782	-0.222905	-0.861729	23.380244795	Atom	
914.028	-1026.22	-4852.14	-0.492989	-0.219008	-0.84202	23.3768712058	Atom	
913.77	-1026.33	-4852.58	-0.472731	-0.247384	-0.84577	23.3755129531	Atom	
909.235	-1028.7	-4860.7	-0.471902	-0.251814	-0.844925	23.3506150172	Atom	
901.897	-1032.62	-4873.84	-0.476034	-0.227601	-0.849464	23.310224748	Atom	
889.001	-1038.78	-4896.85	-0.246539	-0.141063	-0.958812	23.2397609137	Atom	
888.166	-1039.26	-4900.1	-0.217259	-0.0902123	-0.971936	23.2309304087	Atom	
886.154	-1040.1	-4909.1	-0.285364	-0.0866738	-0.954492	23.2067892702	Atom	
885.705	-1040.23	-4910.6	-0.302378	-0.0693248	-0.950664	23.20268272	Atom	
880.647	-1041.39	-4926.5	-0.282573	-0.070122	-0.956679	23.1590084954	Atom	
879.649	-1041.64	-4929.88	-0.266018	-0.0832748	-0.960364	23.1497814935	Atom	
876.957	-1042.48	-4939.6	-0.363366	0.210252	-0.907612	23.1233165279	Atom	
876.839	-1042.42	-4939.89	-0.326106	0.23128	-0.916605	23.1224656838	Atom	
876.309	-1042.04	-4941.38	-0.344628	0.216223	-0.913498	23.118210827	Atom	
872.037	-1039.36	-4952.71	-0.337435	0.198383	-0.920207	23.0857576362	Atom	
854.695	-1029.16	-5000	-0.337435	0.198383	-0.920207	22.9510590047	Region	
"-----------------------------------------------------------------"
"Trajectory"	127

"NbCollisions"	32
"Zmax"	0
"Display"	256

"Collisions"

"X"	"Y"	"Z"	"Rx"	"Ry"	"Rz"	"Energy"	"CollisionType"	
-0.110035	0.0962068	-5000	8.95931e-007	-9.77084e-007	1	30	Region	
-0.110017	0.0961874	-4980.15	-0.214098	-0.939874	-0.266081	29.9577418038	Atom	
-3.82573	-16.2155	-4984.77	-0.236068	-0.942933	-0.234839	29.9207493021	Atom	
-8.63064	-35.4079	-4989.55	-0.306088	-0.923466	-0.231345	29.8773222059	Atom	
-11.2095	-43.1884	-4991.5	-0.307337	-0.925691	-0.220545	29.8593250234	Atom	
-11.7933	-44.9467	-4991.92	-0.229718	-0.919787	-0.318153	29.855265732	Atom	
-12.5519	-47.9841	-4992.97	-0.250216	-0.931078	-0.265492	29.8482076503	Atom	
-18.862	-71.4647	-4999.66	-0.33919	-0.893839	-0.29326	29.7942967075	Atom	
-19.2507	-72.489	-5000	-0.33919	-0.893839	-0.29326	29.7918432445	Region	
"-----------------------------------------------------------------"
"Trajectory"	129

"NbCollisions"	412
"Zmax"	0
"Display"	256

"Collisions"

"X"	"Y"	"Z"	"Rx"	"Ry"	"Rz"	"Energy"	"CollisionType"	
-0.185727	-0.085165	-5000	-1.20136e-006	-3.85857e-007	1	30	Region	
-0.185739	-0.0851689	-4989.78	-0.00884479	-0.00369858	0.999954	29.9782344639	Atom	
-0.334921	-0.147551	-4972.91	-0.0679873	-0.014596	0.997579	29.9423029724	Atom	
-3.36352	-0.797751	-4928.47	-0.0131923	-0.0921079	0.995662	29.8473130376	Atom	
-3.43117	-1.27002	-4923.37	-0.0414662	-0.112642	0.99277	29.8363517731	Atom	
-3.82403	-2.33724	-4913.96	-0.0319381	-0.0620298	0.997563	29.816091573	Atom	
-4.06077	-2.79703	-4906.57	-0.0289644	-0.0975759	0.994807	29.8002319544	Atom	
-4.58494	-4.56285	-4888.56	-0.0277397	-0.103162	0.994278	29.7614957826	Atom	
-4.99501	-6.08789	-4873.87	-0.0113348	-0.105451	0.99436	29.7298204095	Atom	
-5.35339	-9.42199	-4842.43	-0.0144364	-0.0847651	0.996296	29.6620154635	Atom	
-5.4479	-9.9769	-4835.9	-0.0381542	-0.0789022	0.996152	29.6479509333	Atom	
-5.62007	-10.3329	-4831.41	0.0132222	-0.0695561	0.99749	29.6382524665	Atom	
-5.31333	-11.9465	-4808.27	0.0392298	-0.075623	0.996364	29.5883797464	Atom	
-4.79593	-12.9439	-4795.13	0.098772	-0.103728	0.989689	29.5599876739	Atom	
-4.245	-13.5225	-4789.61	0.0985017	-0.122801	0.987531	29.5479711218	Atom	
-2.38157	-15.8456	-4770.93	0.116146	-0.139926	0.983326	29.5072023393	Atom	
-0.583487	-18.0119	-4755.7	0.143058	-0.198193	0.969667	29.4738026559	Atom	
3.59481	-23.8005	-4727.38	0.0825582	-0.164313	0.982947	29.4107338238	Atom	
4.02847	-24.6636	-4722.22	0.344155	0.0152441	0.938789	29.3993718967	Atom	
5.69119	-24.5899	-4717.68	0.331798	-0.0244671	0.943033	29.388918196	Atom	
21.1273	-25.7282	-4673.81	0.214906	0.0532004	0.975185	29.288227443	Atom	
25.3283	-24.6882	-4654.75	0.221716	0.0474836	0.973954	29.2458021392	Atom	
26.3187	-24.4761	-4650.4	0.286309	0.331488	0.898968	29.2360966813	Atom	
28.1372	-22.3706	-4644.69	0.355503	0.3543	0.864921	29.2222919612	Atom	
32.7787	-17.7448	-4633.39	0.3374	0.357004	0.871039	29.1939056145	Atom	
35.1955	-15.1875	-4627.16	0.348558	0.359843	0.86546	29.1783198623	Atom	
42.7384	-7.40045	-4608.43	0.340184	0.349201	0.873117	29.1312135742	Atom	
43.1295	-6.99898	-4607.42	0.351076	0.286651	0.89139	29.128707714	Atom	
44.1569	-6.16011	-4604.81	0.341045	0.284918	0.895829	29.1223288157	Atom	
64.8072	11.0917	-4550.57	0.409003	0.280768	0.868266	28.9903218463	Atom	
66.1248	11.9962	-4547.77	0.418312	0.301462	0.856817	28.9832732995	Atom	
68.2694	13.5417	-4543.38	0.332915	0.352253	0.874692	28.9720535897	Atom	
72.2821	17.7875	-4532.84	0.295299	0.323026	0.89914	28.945667587	Atom	
73.9845	19.6497	-4527.66	0.296316	0.298326	0.907303	28.933038043	Atom	
76.4022	22.0839	-4520.25	0.270176	0.265035	0.925614	28.9151567368	Atom	
80.7891	26.3872	-4505.22	0.299576	0.266067	0.916222	28.8795558919	Atom	
86.2995	31.2813	-4488.37	0.346527	0.263299	0.900329	28.8391861913	Atom	
93.0566	36.4155	-4470.81	0.36846	0.246074	0.896485	28.7963418002	Atom	
115.948	51.7035	-4415.12	0.354534	0.250423	0.900885	28.659674725	Atom	
118.735	53.6717	-4408.04	0.345995	0.273118	0.897605	28.6423200074	Atom	
123.892	57.7424	-4394.66	0.434704	0.319665	0.841931	28.6093927319	Atom	
133.123	64.531	-4376.78	0.525117	0.273249	0.80597	28.5624339996	Atom	
135.531	65.7839	-4373.08	0.45777	0.219544	0.861537	28.552281906	Atom	
153.742	74.5179	-4338.81	0.449621	0.225194	0.864366	28.4641730871	Atom	
159.325	77.314	-4328.08	0.470735	0.153639	0.868794	28.4366059405	Atom	
172.611	81.6503	-4303.56	0.495445	0.164631	0.852896	28.373894484	Atom	
177.21	83.1784	-4295.64	0.501412	0.152903	0.85159	28.3532340451	Atom	
184.001	85.2494	-4284.11	0.455938	0.273198	0.847044	28.3230695192	Atom	
193.123	90.7155	-4267.16	0.476685	0.281471	0.832794	28.2784716862	Atom	
195.742	92.2617	-4262.58	0.457921	0.163665	0.873797	28.2662117422	Atom	
201.006	94.143	-4252.54	0.435426	0.125451	0.891441	28.2405474459	Atom	
223.346	100.58	-4206.8	0.347324	0.321084	0.881062	28.1259165054	Atom	
224.599	101.738	-4203.62	0.333184	0.314395	0.888901	28.1178321493	Atom	
228.464	105.384	-4193.31	0.240444	0.199972	0.949841	28.0918265271	Atom	
234.061	110.04	-4171.2	0.244144	0.22625	0.942977	28.039592751	Atom	
241.846	117.254	-4141.13	0.226961	0.260171	0.938509	27.9679451579	Atom	
242.971	118.543	-4136.48	0.206191	0.270125	0.940488	27.9567916992	Atom	
246.75	123.494	-4119.24	0.249106	0.307261	0.918443	27.9155094112	Atom	
256.039	134.952	-4084.99	0.253509	0.316897	0.913953	27.8314242416	Atom	
259.478	139.251	-4072.6	0.200137	0.318037	0.926713	27.8007643032	Atom	
261.474	142.422	-4063.36	0.206129	0.334419	0.919606	27.7782046419	Atom	
278.168	169.507	-3988.88	0.222946	0.287591	0.931443	27.5948596427	Atom	
285.019	178.344	-3960.26	0.0996028	0.161122	0.981896	27.524934923	Atom	
287.927	183.049	-3931.59	0.134203	0.234094	0.962907	27.4583554372	Atom	
288.406	183.884	-3928.15	0.120593	0.287973	0.950015	27.4502046801	Atom	
291.106	190.332	-3906.88	0.529589	-0.172821	0.830463	27.3990330455	Atom	
296.02	188.728	-3899.17	0.432137	-0.242888	0.868483	27.3777967542	Atom	
296.715	188.338	-3897.78	0.23132	-0.295093	0.927044	27.3741173187	Atom	
303.965	179.089	-3868.72	0.245878	-0.268339	0.931417	27.30233486	Atom	
326.944	154.01	-3781.67	0.280606	-0.290522	0.914799	27.0878372293	Atom	
348.218	131.985	-3712.32	0.296179	-0.288073	0.910655	26.9127462072	Atom	
351.893	128.41	-3701.02	0.300064	-0.159722	0.940452	26.8839420984	Atom	
352.176	128.26	-3700.13	0.321091	-0.167325	0.93215	26.8817546128	Atom	
359.09	124.657	-3680.06	0.235848	-0.160389	0.958463	26.8317212511	Atom	
362.154	122.573	-3667.61	0.239848	-0.133378	0.961605	26.8014926866	Atom	
370.639	117.855	-3633.59	0.217513	-0.140978	0.965823	26.7190949944	Atom	
372.393	116.718	-3625.8	0.2678	-0.168342	0.948654	26.7002628733	Atom	
377.904	113.254	-3606.28	0.261051	-0.17134	0.949997	26.6521959499	Atom	
380.527	111.532	-3596.73	0.341709	-0.257386	0.903874	26.6286910098	Atom	
382.859	109.776	-3590.56	-0.415803	-0.407912	0.812844	26.6127136733	Atom	
375.012	102.078	-3575.23	-0.41506	-0.392254	0.820891	26.5685167324	Atom	
366.76	94.2794	-3558.91	-0.41515	-0.387039	0.823318	26.5218869937	Atom	
359.78	87.7724	-3545.06	-0.359027	-0.514137	0.77895	26.4824025381	Atom	
348.546	71.6838	-3520.69	-0.264548	-0.559761	0.785291	26.4088242092	Atom	
331.313	35.2222	-3469.54	-0.244242	-0.549687	0.798868	26.2553261126	Atom	
328.468	28.8192	-3460.23	-0.248617	-0.543547	0.801714	26.2277492538	Atom	
325.281	21.8512	-3449.95	-0.227044	-0.541087	0.809738	26.1973747592	Atom	
322.009	14.0521	-3438.28	-0.173835	-0.518692	0.837102	26.1631912334	Atom	
320.745	10.2818	-3432.2	-0.163127	-0.533298	0.83005	26.1459346468	Atom	
319.406	5.90236	-3425.38	-0.188658	-0.509776	0.839366	26.1264286431	Atom	
318.566	3.63473	-3421.65	-0.257793	-0.393065	0.882634	26.1158564343	Atom	
316.639	0.696265	-3415.05	-0.328557	-0.362224	0.872263	26.0980831034	Atom	
313.436	-2.83542	-3406.54	-0.323765	-0.324952	0.888585	26.0748903978	Atom	
310.663	-5.61821	-3398.93	-0.307116	-0.24297	0.920133	26.054505307	Atom	
309.777	-6.31904	-3396.28	-0.246107	-0.231465	0.941199	26.047634849	Atom	
307.195	-8.7472	-3386.41	-0.226064	-0.252874	0.940718	26.02264259	Atom	
305.774	-10.3376	-3380.49	-0.233022	-0.227304	0.945533	26.0076479107	Atom	
303.168	-12.8798	-3369.92	-0.243238	-0.223552	0.943854	25.9809704621	Atom	
295.914	-19.5463	-3341.77	-0.247057	-0.192727	0.949642	25.9097807342	Atom	
295.638	-19.7615	-3340.71	-0.293434	-0.237286	0.926063	25.9071091217	Atom	
278.338	-33.7512	-3286.11	-0.359483	-0.256682	0.897155	25.7660466786	Atom	
275.901	-35.4914	-3280.03	-0.374155	-0.25318	0.892137	25.7497554287	Atom	
268.372	-40.586	-3262.08	-0.422908	-0.246407	0.872028	25.7013774551	Atom	
250.041	-51.2666	-3224.28	-0.405249	-0.286871	0.868031	25.5970100995	Atom	
248.442	-52.3987	-3220.85	-0.489628	-0.303404	0.817441	25.5874777224	Atom	
243.113	-55.7006	-3211.96	-0.523639	-0.336834	0.782525	25.5611815454	Atom	
222.229	-69.1344	-3180.75	-0.54618	-0.330438	0.769739	25.4647357701	Atom	
206.145	-78.8654	-3158.08	-0.683838	-0.552304	0.476786	25.3933078577	Atom	
200.381	-83.5203	-3154.06	-0.686021	-0.564243	0.459353	25.3728196674	Atom	
198.21	-85.3064	-3152.61	-0.694756	-0.535061	0.480649	25.3651200458	Atom	
197.973	-85.4886	-3152.44	-0.592289	-0.601451	0.536144	25.3642912326	Atom	
191.202	-92.3644	-3146.31	-0.923029	0.0150991	0.384434	25.3364760833	Atom	
174.023	-92.0834	-3139.16	-0.887796	0.0303346	0.459236	25.2911526544	Atom	
147.496	-91.177	-3125.44	-0.912816	-0.246423	0.325642	25.2182872292	Atom	
135.758	-94.3459	-3121.25	-0.920025	-0.279892	0.274254	25.1868556262	Atom	
105.252	-103.627	-3112.16	-0.887989	-0.335882	0.3141	25.1057284044	Atom	
87.5626	-110.318	-3105.9	-0.894375	-0.321708	0.310802	25.0568655052	Atom	
79.659	-113.16	-3103.15	-0.903055	-0.319341	0.287251	25.0351554183	Atom	
69.9589	-116.591	-3100.07	-0.880873	-0.391316	0.266337	25.0087488557	Atom	
56.025	-122.781	-3095.85	-0.90227	-0.423356	0.0817221	24.9698290311	Atom	
34.5301	-132.866	-3093.91	-0.909813	-0.403224	0.0982404	24.9111413393	Atom	
30.767	-134.534	-3093.5	-0.921581	-0.383175	0.0621677	24.9009332177	Atom	
15.2836	-140.972	-3092.46	-0.909723	-0.406843	0.0829639	24.8594540979	Atom	
4.00269	-146.017	-3091.43	-0.919937	-0.384361	0.0773479	24.8287987264	Atom	
2.17121	-146.782	-3091.27	-0.951572	-0.307421	0.00155006	24.8238722275	Atom	
-10.5494	-150.892	-3091.25	-0.968508	-0.224617	0.107418	24.790787512	Atom	
-29.7502	-155.345	-3089.12	-0.934878	-0.348742	-0.0661991	24.7416701266	Atom	
-36.4461	-157.842	-3089.6	-0.934541	-0.307639	-0.178861	24.7238972343	Atom	
-72.8168	-169.815	-3096.56	-0.864215	-0.503079	-0.00659187	24.6272697587	Atom	
-110.556	-191.784	-3096.85	-0.860972	-0.506478	0.0469764	24.518510887	Atom	
-113.823	-193.706	-3096.67	-0.856883	-0.511823	0.0615606	24.5090272956	Atom	
-161.605	-222.246	-3093.23	-0.859782	-0.509546	-0.0337254	24.3696211352	Atom	
-176.087	-230.829	-3093.8	-0.886212	-0.463275	-0.0022798	24.3273193912	Atom	
-207.308	-247.15	-3093.88	-0.916841	-0.395581	-0.0540263	24.2387245544	Atom	
-229.824	-256.865	-3095.21	-0.931374	-0.363747	0.0151583	24.1767881517	Atom	
-233.239	-258.199	-3095.15	-0.944433	-0.328197	-0.0182438	24.1675235512	Atom	
-242.165	-261.301	-3095.33	-0.9104	-0.409913	-0.0560715	24.1436300073	Atom	
-266.574	-272.291	-3096.83	-0.925464	-0.377891	-0.0267332	24.0758018639	Atom	
-287.462	-280.82	-3097.43	-0.92088	-0.388158	-0.0362276	24.0185745497	Atom	
-306.618	-288.894	-3098.19	-0.900574	-0.407638	-0.150991	23.9657328163	Atom	
-340.393	-304.182	-3103.85	-0.922412	-0.348933	-0.165537	23.8702991217	Atom	
-352.918	-308.92	-3106.1	-0.92984	-0.32075	-0.180326	23.8356366615	Atom	
-358.798	-310.949	-3107.24	-0.96408	-0.194255	-0.181146	23.819474294	Atom	
-388.616	-316.957	-3112.84	-0.973021	-0.180347	-0.143893	23.7403896687	Atom	
-430.56	-324.731	-3119.04	-0.958076	-0.211675	-0.193093	23.6298752697	Atom	
-510.445	-342.38	-3135.14	-0.972826	-0.179702	-0.146	23.4153227181	Atom	
-525.476	-345.157	-3137.4	-0.967277	-0.194796	-0.16257	23.375277206	Atom	
-539.218	-347.925	-3139.71	-0.968241	-0.201389	-0.148161	23.3384054265	Atom	
-545.934	-349.321	-3140.74	-0.927549	0.0036444	-0.373685	23.3203814108	Atom	
-547.181	-349.317	-3141.24	-0.923429	-0.00324747	-0.383756	23.3168856541	Atom	
-568.877	-349.393	-3150.26	-0.902219	-0.0983543	-0.419914	23.2557901346	Atom	
-581.749	-350.796	-3156.25	-0.911748	-0.072382	-0.404321	23.2186145053	Atom	
-590.531	-351.493	-3160.14	-0.911712	-0.074477	-0.404022	23.1934833563	Atom	
-608.997	-353.002	-3168.32	-0.909877	-0.0657896	-0.409628	23.1405935251	Atom	
-610.143	-353.085	-3168.84	-0.599016	0.026498	-0.800298	23.1373013035	Atom	
-611.33	-353.032	-3170.43	-0.597377	0.0454514	-0.800671	23.1321150818	Atom	
-625.756	-351.934	-3189.76	-0.590664	0.0356821	-0.806129	23.0689252829	Atom	
-626.741	-351.875	-3191.11	-0.566207	-0.0557401	-0.822376	23.064549471	Atom	
-640.414	-353.221	-3210.96	-0.572391	-0.0449443	-0.818748	23.0012155	Atom	
-666.719	-355.286	-3248.59	-0.527954	-0.0805348	-0.845446	22.8804216853	Atom	
-668.197	-355.512	-3250.96	-0.484008	0.0658236	-0.872584	22.8730307671	Atom	
-679.709	-353.946	-3271.71	-0.949603	-0.0227068	-0.312633	22.8102387433	Atom	
-698.853	-354.404	-3278.02	-0.946756	-0.0262037	-0.320882	22.7569010892	Atom	
-733.11	-355.352	-3289.63	-0.932961	-0.0680462	-0.353488	22.6609921607	Atom	
-752.939	-356.799	-3297.14	-0.911686	-0.0433768	-0.408591	22.604466397	Atom	
-752.995	-356.801	-3297.16	-0.935985	-0.0281892	-0.350909	22.6043023656	Atom	
-755.789	-356.885	-3298.21	-0.930817	-0.0551732	-0.361298	22.5963495202	Atom	
-759.685	-357.116	-3299.72	-0.913136	-0.0945055	-0.396549	22.5851935657	Atom	
-760.467	-357.197	-3300.06	-0.932442	-0.0786187	-0.352663	22.5829088723	Atom	
-774.898	-358.414	-3305.52	-0.907906	-0.103297	-0.406246	22.5416382003	Atom	
-797.731	-361.012	-3315.74	-0.919989	-0.204807	-0.334178	22.4744762274	Atom	
-839.068	-370.214	-3330.75	-0.851365	-0.319907	-0.415737	22.3542017623	Atom	
-853.044	-375.466	-3337.58	-0.867118	-0.364228	-0.339772	22.3100706436	Atom	
-862.052	-379.25	-3341.11	-0.92165	-0.258262	-0.289591	22.2821033627	Atom	
-883.504	-385.261	-3347.85	-0.90628	-0.294213	-0.303473	22.2193746016	Atom	
-892.583	-388.208	-3350.89	-0.901677	-0.326604	-0.283387	22.1923171137	Atom	
-916.824	-396.989	-3358.51	-0.907541	-0.344336	-0.24042	22.1196353205	Atom	
-930.768	-402.279	-3362.2	-0.910169	-0.341332	-0.234703	22.0779881712	Atom	
-940.622	-405.975	-3364.74	-0.846738	-0.498796	-0.185033	22.0485990933	Atom	
-991.148	-435.738	-3375.78	-0.842168	-0.482594	-0.240532	21.8864500529	Atom	
-1006.68	-444.64	-3380.22	-0.841448	-0.50046	-0.203729	21.8360368374	Atom	
-1071.17	-482.995	-3395.83	-0.805988	-0.560402	-0.190612	21.6261851979	Atom	
-1089.52	-495.752	-3400.17	-0.811353	-0.549015	-0.200718	21.5633806551	Atom	
-1132.55	-524.873	-3410.82	-0.8708	-0.489273	-0.0481692	21.4167040097	Atom	
-1137.36	-527.572	-3411.08	-0.796176	-0.59816	-0.0911484	21.4013648331	Atom	
-1138.36	-528.325	-3411.2	-0.785693	-0.612604	-0.0860396	21.3978643145	Atom	
-1161.26	-546.179	-3413.71	-0.793827	-0.595099	-0.125283	21.3167834347	Atom	
-1163.25	-547.672	-3414.02	-0.819064	-0.560678	-0.121551	21.3097808983	Atom	
-1165.86	-549.457	-3414.41	-0.825739	-0.552378	-0.114165	21.3008972842	Atom	
-1169.74	-552.055	-3414.95	-0.834457	-0.53784	-0.120039	21.2877659857	Atom	
-1178.45	-557.667	-3416.2	-0.623237	-0.732281	-0.274483	21.2586156993	Atom	
-1191.71	-573.254	-3422.04	-0.603818	-0.763018	-0.230667	21.19909486	Atom	
-1199.11	-582.6	-3424.87	-0.443891	-0.887291	-0.125204	21.1647683837	Atom	
-1205.96	-596.288	-3426.8	-0.331867	-0.821046	-0.464486	21.1214802827	Atom	
-1215.11	-618.929	-3439.61	-0.361673	-0.835094	-0.4145	21.0439749267	Atom	
-1217.42	-624.271	-3442.26	-0.363773	-0.819588	-0.442657	21.0259462052	Atom	
-1230.37	-653.431	-3458.01	-0.356591	-0.844111	-0.4004	20.9255914044	Atom	
-1237.36	-669.977	-3465.86	-0.358723	-0.827262	-0.432384	20.8700956807	Atom	
-1240.45	-677.114	-3469.59	-0.378228	-0.860348	-0.34168	20.8456224594	Atom	
-1246.44	-690.745	-3475	-0.384324	-0.872976	-0.300346	20.8006290055	Atom	
-1257.44	-715.714	-3483.59	-0.40365	-0.85785	-0.318058	20.7192730146	Atom	
-1260.87	-723.021	-3486.3	-0.388217	-0.863101	-0.323025	20.6949690642	Atom	
-1278.58	-762.383	-3501.03	-0.390036	-0.869916	-0.301858	20.5647284432	Atom	
-1280.68	-767.08	-3502.66	-0.41725	-0.809536	-0.412982	20.5492310249	Atom	
-1285.03	-775.511	-3506.96	-0.418527	-0.776503	-0.47104	20.5193229854	Atom	
-1291.21	-786.969	-3513.91	-0.38465	-0.794955	-0.469138	20.476899397	Atom	
-1298.14	-801.293	-3522.36	-0.322576	-0.786622	-0.52647	20.4250147638	Atom	
-1302.71	-812.437	-3529.82	-0.345351	-0.769716	-0.536907	20.3841386772	Atom	
-1305.07	-817.703	-3533.5	-0.272229	-0.769278	-0.578016	20.3643672395	Atom	
-1309	-828.81	-3541.84	-0.244499	-0.768384	-0.591444	20.3226091842	Atom	
-1309.94	-831.77	-3544.12	-0.251727	-0.772234	-0.583343	20.3114498951	Atom	
-1315.57	-849.046	-3557.17	-0.265952	-0.78711	-0.556531	20.2466181303	Atom	
-1316.13	-850.683	-3558.33	-0.0781155	-0.730904	-0.677995	20.2405761008	Atom	
-1319.11	-878.574	-3584.2	-0.0576564	-0.718985	-0.69263	20.1296903513	Atom	
-1319.22	-879.952	-3585.53	-0.0809466	-0.67277	-0.73541	20.1240976214	Atom	
-1321.26	-896.944	-3604.1	-0.0930228	-0.688328	-0.71941	20.0503726649	Atom	
-1321.61	-899.55	-3606.83	-0.0849351	-0.712068	-0.696954	20.0392863299	Atom	
-1323.03	-911.397	-3618.42	-0.0872103	-0.64577	-0.758535	19.9905628813	Atom	
-1323.23	-912.903	-3620.19	-0.0527058	-0.585896	-0.808671	19.9837181406	Atom	
-1325.13	-934.006	-3649.32	-0.0804834	-0.603546	-0.793256	19.8780032885	Atom	
-1328.9	-962.302	-3686.51	-0.0807921	-0.51381	-0.854091	19.7398254748	Atom	
-1330.99	-975.556	-3708.54	-0.0642547	-0.557597	-0.827621	19.6633857804	Atom	
-1331.87	-983.22	-3719.92	0.0604907	-0.374799	-0.925131	19.6225307741	Atom	
-1331.72	-984.151	-3722.21	0.0611563	-0.385041	-0.920871	19.6151355505	Atom	
-1331.23	-987.211	-3729.53	0.0657691	-0.390122	-0.918411	19.5914690306	Atom	
-1331.04	-988.363	-3732.24	0.110784	-0.321977	-0.940243	19.5826688733	Atom	
-1330.97	-988.562	-3732.82	0.215219	-0.292433	-0.931753	19.5808252244	Atom	
-1330.31	-989.461	-3735.69	0.16768	0.137686	-0.976179	19.5716580605	Atom	
-1328.77	-988.195	-3744.66	0.275596	0.167561	-0.946557	19.5442314597	Atom	
-1326.04	-986.536	-3754.04	0.272331	0.211103	-0.93876	19.5146528887	Atom	
-1323.76	-984.772	-3761.88	0.384604	0.211313	-0.898569	19.4896772329	Atom	
-1322.97	-984.336	-3763.73	0.319113	0.23412	-0.918344	19.4834993384	Atom	
-1321.09	-982.958	-3769.14	0.299267	0.221268	-0.928159	19.4658698212	Atom	
-1317.07	-979.986	-3781.61	0.282326	0.237679	-0.929409	19.4256325019	Atom	
-1316.48	-979.491	-3783.54	0.728144	0.0409449	-0.684201	19.4193866659	Atom	
-1299.77	-978.551	-3799.25	0.721839	0.0362342	-0.691112	19.3504952748	Atom	
-1296.84	-978.404	-3802.05	0.533474	0.0299376	-0.845287	19.338280675	Atom	
-1287.57	-977.884	-3816.74	0.517125	0.00182196	-0.855908	19.2859437762	Atom	
-1283.03	-977.868	-3824.26	0.594465	-0.0104325	-0.804054	19.2594459151	Atom	
-1281.97	-977.886	-3825.69	0.693447	-0.0177306	-0.720289	19.2540588304	Atom	
-1263.76	-978.352	-3844.61	0.712912	-0.0190268	-0.700995	19.1747198923	Atom	
-1261.89	-978.402	-3846.44	0.747332	-0.0271065	-0.663897	19.1667862309	Atom	
-1260.12	-978.466	-3848.02	0.711154	-0.0299034	-0.7024	19.1595938648	Atom	
-1253.47	-978.746	-3854.58	0.6749	-0.0357814	-0.737041	19.1312440795	Atom	
-1246.88	-979.095	-3861.79	0.689289	-0.0774713	-0.720332	19.1015607316	Atom	
-1244.74	-979.335	-3864.02	0.725096	-0.0554253	-0.686414	19.0921504796	Atom	
-1219.94	-981.231	-3887.49	0.740904	-0.0435567	-0.670197	18.9881273739	Atom	
-1204.06	-982.165	-3901.86	0.702498	-0.136578	-0.698457	18.9226317002	Atom	
-1199.28	-983.092	-3906.61	0.746416	-0.0983829	-0.658167	18.9018286618	Atom	
-1197.3	-983.354	-3908.36	0.767727	-0.0860494	-0.634972	18.8936655702	Atom	
-1183.86	-984.86	-3919.47	0.711803	-0.192634	-0.675447	18.8400161592	Atom	
-1183.03	-985.085	-3920.26	0.720819	-0.190239	-0.666505	18.8364194873	Atom	
-1179.74	-985.953	-3923.3	0.706271	-0.206849	-0.677048	18.822396619	Atom	
-1178.72	-986.254	-3924.28	0.431985	-0.711109	-0.554719	18.8179299265	Atom	
-1163.74	-1010.91	-3943.52	0.42745	-0.715161	-0.55302	18.7112867988	Atom	
-1162.4	-1013.15	-3945.25	0.421136	-0.693181	-0.584931	18.7016144106	Atom	
-1159.81	-1017.42	-3948.85	0.385145	-0.705107	-0.595388	18.6825801173	Atom	
-1155.13	-1025.98	-3956.08	0.333317	-0.761687	-0.555637	18.6450068413	Atom	
-1138.83	-1063.24	-3983.26	0.392063	-0.789845	-0.471627	18.4934702319	Atom	
-1137.74	-1065.43	-3984.57	0.38453	-0.799924	-0.460715	18.4848004005	Atom	
-1128.63	-1084.38	-3995.48	0.392787	-0.785902	-0.477574	18.4109372644	Atom	
-1124.5	-1092.65	-4000.51	0.395505	-0.80973	-0.43349	18.3780049128	Atom	
-1122.06	-1097.64	-4003.18	0.400836	-0.800929	-0.444796	18.3587005619	Atom	
-1116.8	-1108.15	-4009.01	0.411928	-0.815952	-0.405632	18.3175638853	Atom	
-1115.15	-1111.42	-4010.64	0.41228	-0.803553	-0.429333	18.3049656944	Atom	
-1114.57	-1112.55	-4011.25	0.414317	-0.805602	-0.423494	18.3005420624	Atom	
-1100.74	-1139.43	-4025.38	0.407967	-0.802479	-0.43542	18.1956356892	Atom	
-1093.39	-1153.89	-4033.22	0.329107	-0.745228	-0.579935	18.1387604029	Atom	
-1091.83	-1157.43	-4035.97	0.378552	-0.692181	-0.614478	18.1237414455	Atom	
-1090.82	-1159.28	-4037.62	0.385786	-0.698097	-0.603184	18.1152502527	Atom	
-1090.46	-1159.92	-4038.18	0.386723	-0.708458	-0.590367	18.1123328363	Atom	
-1089.48	-1161.71	-4039.67	0.423207	-0.714744	-0.55681	18.1043304048	Atom	
-1088.54	-1163.31	-4040.91	0.406907	-0.65284	-0.638926	18.0972368536	Atom	
-1071.73	-1190.27	-4067.3	0.415451	-0.633587	-0.652663	17.9663079909	Atom	
-1071.72	-1190.29	-4067.32	0.43418	-0.639333	-0.634619	17.9662140516	Atom	
-1056.24	-1213.09	-4089.94	0.498674	-0.587406	-0.6374	17.8525133198	Atom	
-1053.46	-1216.36	-4093.5	0.437674	-0.502411	-0.74567	17.8346511019	Atom	
-1039	-1232.96	-4118.14	0.404805	-0.438475	-0.802417	17.7286744485	Atom	
-1036.8	-1235.34	-4122.49	0.388484	-0.444308	-0.807261	17.7112005024	Atom	
-1036.48	-1235.71	-4123.17	0.39818	-0.522433	-0.754	17.7084927176	Atom	
-1024.63	-1251.26	-4145.61	0.536265	-0.439164	-0.720801	17.6125262731	Atom	
-1021.92	-1253.48	-4149.25	0.513917	-0.492929	-0.702076	17.5961734605	Atom	
-1013.33	-1261.72	-4160.98	0.434977	-0.355962	-0.827095	17.5419985085	Atom	
-1008.23	-1265.89	-4170.68	0.433157	-0.403833	-0.805788	17.5039297629	Atom	
-1006.79	-1267.23	-4173.36	0.521779	-0.420666	-0.74215	17.4930986207	Atom	
-1004.68	-1268.94	-4176.36	0.544636	-0.436669	-0.716025	17.4799328089	Atom	
-997.012	-1275.08	-4186.44	0.487641	-0.503638	-0.713131	17.4340877981	Atom	
-995.9	-1276.23	-4188.06	0.541121	-0.515127	-0.664705	17.4266410377	Atom	
-972.64	-1298.37	-4216.64	0.516542	-0.497349	-0.697014	17.28629405	Atom	
-967.202	-1303.61	-4223.97	0.560451	-0.421479	-0.712917	17.2517051394	Atom	
-966.752	-1303.95	-4224.55	0.456569	-0.371393	-0.808463	17.2490646794	Atom	
-961.076	-1308.56	-4234.6	0.461722	-0.375398	-0.803672	17.2081502594	Atom	
-956.35	-1312.41	-4242.82	0.492275	-0.350088	-0.796934	17.1743996292	Atom	
-951.626	-1315.77	-4250.47	0.485465	-0.336773	-0.806788	17.1427082495	Atom	
-950.807	-1316.33	-4251.83	0.496883	-0.261906	-0.827353	17.1371293349	Atom	
-950.797	-1316.34	-4251.85	0.461506	-0.234304	-0.855636	17.1370666034	Atom	
-946.135	-1318.71	-4260.49	0.375981	-0.291462	-0.879595	17.1036545995	Atom	
-945.458	-1319.23	-4262.08	0.379743	-0.193587	-0.90461	17.097682519	Atom	
-940.539	-1321.74	-4273.79	0.500868	-0.227265	-0.835154	17.0547610925	Atom	
-938.794	-1322.53	-4276.7	0.613455	-0.236646	-0.75344	17.0431976092	Atom	
-935.738	-1323.71	-4280.46	0.633097	-0.248363	-0.733146	17.0266478606	Atom	
-927.179	-1327.07	-4290.37	0.69221	-0.204024	-0.692257	16.9817047466	Atom	
-919.058	-1329.46	-4298.49	0.722357	-0.205597	-0.66025	16.942623626	Atom	
-898.862	-1335.21	-4316.95	0.724571	-0.224324	-0.651672	16.8493266521	Atom	
-889.007	-1338.26	-4325.81	0.719037	-0.186556	-0.669464	16.8037424415	Atom	
-872.116	-1342.64	-4341.54	0.704503	-0.225701	-0.672855	16.7248489628	Atom	
-866.987	-1344.29	-4346.44	0.68801	-0.205296	-0.696057	16.7003113378	Atom	
-853.973	-1348.17	-4359.6	0.689944	-0.181211	-0.700814	16.6364814047	Atom	
-853.269	-1348.35	-4360.32	0.726055	-0.195185	-0.659354	16.6330282279	Atom	
-847.88	-1349.8	-4365.21	0.757736	-0.188593	-0.624715	16.6079050259	Atom	
-846.311	-1350.19	-4366.51	0.767748	-0.27733	-0.577625	16.6008881405	Atom	
-840.934	-1352.14	-4370.55	0.792496	-0.161566	-0.588087	16.5771438274	Atom	
-836.186	-1353.1	-4374.08	0.793241	-0.158478	-0.587923	16.5568117953	Atom	
-834.215	-1353.5	-4375.54	0.855706	-0.0900877	-0.50956	16.5483710012	Atom	
-825.37	-1354.43	-4380.8	0.89	-0.0925112	-0.446476	16.5132441243	Atom	
-816.07	-1355.4	-4385.47	0.895701	-0.0354693	-0.44324	16.4776727803	Atom	
-814.406	-1355.46	-4386.29	0.910695	-0.0509934	-0.40992	16.4713394916	Atom	
-777.649	-1357.52	-4402.84	0.876167	-0.101799	-0.471135	16.3336816483	Atom	
-769.291	-1358.49	-4407.33	0.878835	-0.0779069	-0.470722	16.3009321992	Atom	
-765.979	-1358.78	-4409.11	0.889138	-0.0853916	-0.449603	16.2879743029	Atom	
-758.758	-1359.48	-4412.76	0.892549	-0.0897674	-0.441925	16.2600358713	Atom	
-757.544	-1359.6	-4413.36	0.880645	-0.0945123	-0.464254	16.2553505543	Atom	
-737.099	-1361.79	-4424.14	0.882978	-0.102282	-0.458135	16.1753583806	Atom	
-724.952	-1363.2	-4430.44	0.877065	-0.0905485	-0.47176	16.1277768092	Atom	
-719.374	-1363.78	-4433.44	0.882143	-0.0831056	-0.463591	16.1057318995	Atom	
-709.273	-1364.73	-4438.75	0.871483	-0.123983	-0.474496	16.0659947856	Atom	
-698.572	-1366.25	-4444.57	0.857867	-0.104144	-0.503209	16.0232999811	Atom	
-691.087	-1367.16	-4448.96	0.863812	-0.105023	-0.492746	15.9929042341	Atom	
-690.041	-1367.29	-4449.56	0.868481	-0.0861051	-0.488188	15.9886795068	Atom	
-681.404	-1368.14	-4454.42	0.872406	-0.086456	-0.481075	15.9539696814	Atom	
-621.354	-1374.09	-4487.53	0.880638	-0.100161	-0.463081	15.7133541972	Atom	
-601.58	-1376.34	-4497.93	0.886578	-0.107621	-0.449886	15.6339395992	Atom	
-600.477	-1376.48	-4498.49	0.910697	-0.126002	-0.39339	15.6295220579	Atom	
-597.821	-1376.84	-4499.63	0.899336	-0.133318	-0.416439	15.6191617853	Atom	
-576.283	-1380.04	-4509.61	0.900651	-0.119254	-0.417858	15.5340663634	Atom	
-575.97	-1380.08	-4509.75	0.901131	-0.0920444	-0.423663	15.5328283147	Atom	
-556.201	-1382.1	-4519.05	0.898679	-0.0352764	-0.437186	15.4545407478	Atom	
-540.187	-1382.73	-4526.84	0.895402	-0.0326547	-0.44406	15.3907075875	Atom	
-536.475	-1382.86	-4528.68	0.874495	-0.0118803	-0.48489	15.3758093039	Atom	
-528.521	-1382.97	-4533.09	0.858093	-0.0962425	-0.504394	15.3430968347	Atom	
-503.254	-1385.8	-4547.94	0.857121	-0.102057	-0.504904	15.2370218823	Atom	
-502.578	-1385.88	-4548.34	0.860248	-0.10359	-0.499241	15.2341654286	Atom	
-498.815	-1386.34	-4550.52	0.879575	-0.0376617	-0.474267	15.2183213701	Atom	
-492.055	-1386.63	-4554.17	0.855773	-0.0760285	-0.511734	15.1904626455	Atom	
-489.353	-1386.87	-4555.78	0.743379	-0.0555415	-0.66656	15.1790024101	Atom	
-461.844	-1388.92	-4580.45	0.762892	-0.117468	-0.635766	15.0445887292	Atom	
-442.536	-1391.9	-4596.54	0.745652	-0.185694	-0.639939	14.9520286888	Atom	
-435.192	-1393.72	-4602.84	0.680087	-0.147294	-0.718182	14.9158386433	Atom	
-427.191	-1395.46	-4611.29	0.711771	-0.192817	-0.675428	14.8725296218	Atom	
-414.06	-1399.01	-4623.75	0.693812	-0.151736	-0.703989	14.8044629498	Atom	
-413.43	-1399.15	-4624.39	0.579562	-0.15699	-0.799664	14.8011002548	Atom	
-408.602	-1400.46	-4631.05	0.574507	-0.157441	-0.803214	14.7702546157	Atom	
-397.464	-1403.51	-4646.63	0.569329	-0.148615	-0.808565	14.6983432535	Atom	
-396.095	-1403.87	-4648.57	0.533647	-0.155548	-0.83128	14.6893929187	Atom	
-393.475	-1404.63	-4652.65	0.513216	-0.177253	-0.839756	14.6711029968	Atom	
-392.493	-1404.97	-4654.26	0.452007	-0.140433	-0.880891	14.6639694769	Atom	
-391.004	-1405.44	-4657.16	0.539467	0.232427	-0.809291	14.6516835614	Atom	
-390.709	-1405.31	-4657.6	0.529751	0.14047	-0.83644	14.6496398068	Atom	
-379.821	-1402.42	-4674.79	0.659229	0.211818	-0.721492	14.5729256012	Atom	
-373.215	-1400.3	-4682.02	0.708241	0.185299	-0.681218	14.5353742562	Atom	
-368.862	-1399.16	-4686.21	0.700008	0.146845	-0.698874	14.5122957636	Atom	
-356.661	-1396.6	-4698.39	0.711961	0.131629	-0.689772	14.446763659	Atom	
-320.135	-1389.85	-4733.78	0.719681	0.132991	-0.681449	14.2532184991	Atom	
-306.796	-1387.38	-4746.41	0.736234	0.169225	-0.655227	14.1825663405	Atom	
-301.031	-1386.06	-4751.54	0.740356	0.177831	-0.648266	14.1526039733	Atom	
-287.65	-1382.84	-4763.26	0.729729	0.186134	-0.657913	14.0833378134	Atom	
-274.776	-1379.56	-4774.87	0.738928	0.200432	-0.643283	14.0154676171	Atom	
-261.031	-1375.83	-4786.83	0.730714	0.176624	-0.65944	13.9436451925	Atom	
-225.826	-1367.32	-4818.6	0.658889	-0.0148668	-0.752093	13.7568902307	Atom	
-206.094	-1367.77	-4841.12	0.255022	0.535963	-0.804803	13.6396049921	Atom	
-205.127	-1365.73	-4844.18	0.358855	0.700773	-0.616555	13.6246494476	Atom	
-204.668	-1364.84	-4844.97	0.411036	0.692003	-0.593448	13.6196019976	Atom	
-177.709	-1319.45	-4883.89	0.377978	0.707158	-0.597545	13.3607543669	Atom	
-177.654	-1319.35	-4883.98	0.397313	0.695107	-0.599139	13.3601736315	Atom	
-172.274	-1309.93	-4892.09	0.285943	0.670714	-0.684383	13.3059474466	Atom	
-168.476	-1301.03	-4901.18	0.271423	0.58816	-0.761838	13.2525840189	Atom	
-151.751	-1264.78	-4948.12	0.27841	0.636002	-0.719715	13.0042900803	Atom	
-151.665	-1264.59	-4948.34	0.329888	0.610667	-0.719903	13.0030334315	Atom	
-149.01	-1259.67	-4954.14	0.363478	0.588263	-0.722378	12.9701236124	Atom	
-148.771	-1259.29	-4954.62	0.366569	0.586476	-0.722269	12.9674270404	Atom	
-145.848	-1254.61	-4960.37	0.367893	0.59896	-0.711267	12.9347641545	Atom	
-143.959	-1251.53	-4964.03	0.330777	0.669413	-0.665187	12.9136831104	Atom	
-134.549	-1232.49	-4982.95	0.416923	0.623171	-0.661689	12.7967789498	Atom	
-132.076	-1228.79	-4986.87	0.410264	0.622477	-0.666488	12.7722308786	Atom	
-130.897	-1227.01	-4988.79	0.449565	0.591995	-0.668904	12.7603160113	Atom	
-130.531	-1226.52	-4989.33	0.388981	0.556223	-0.734377	12.7569386721	Atom	
-125.704	-1219.62	-4998.45	0.338889	0.523177	-0.781947	12.7054725486	Atom	
-125.031	-1218.58	-5000	0.338889	0.523177	-0.781947	12.6972034722	Region	
"-----------------------------------------------------------------"
"Trajectory"	130

"NbCollisions"	188
"Zmax"	0
"Display"	256

"Collisions"

"X"	"Y"	"Z"	"Rx"	"Ry"	"Rz"	"Energy"	"CollisionType"	
-0.269261	0.00535199	-5000	-3.49765e-006	-6.71734e-007	1	30	Region	
-0.269398	0.0053256	-4960.72	0.0308585	-0.0410867	0.998679	29.9163661665	Atom	
-0.148646	-0.15545	-4956.81	0.0180326	-0.041517	0.998975	29.9080162331	Atom	
0.0985221	-0.724513	-4943.12	0.000696082	-0.0384204	0.999261	29.8787616418	Atom	
0.144487	-3.26156	-4877.13	0.132574	0.140423	0.981176	29.7377138672	Atom	
2.00117	-1.29496	-4863.39	0.258483	0.0198214	0.965813	29.7076864553	Atom	
4.108	-1.1334	-4855.52	0.103562	0.101041	0.989477	29.6901964994	Atom	
4.42379	-0.825289	-4852.5	0.0463497	0.204377	0.977794	29.6836502003	Atom	
4.43382	-0.781079	-4852.29	0.147211	0.116578	0.982211	29.6831857259	Atom	
6.65245	0.975874	-4837.49	0.15688	0.132262	0.978721	29.650824781	Atom	
6.97819	1.2505	-4835.46	0.176117	0.126053	0.976265	29.6463624525	Atom	
9.20991	2.84783	-4823.08	0.27587	0.147067	0.949877	29.6191262403	Atom	
14.1408	5.47649	-4806.11	0.169328	0.329608	0.928809	29.580680832	Atom	
15.5655	8.24988	-4798.29	0.105438	0.369853	0.923088	29.5625637422	Atom	
17.4586	14.8904	-4781.72	0.106339	0.356197	0.92834	29.5238859759	Atom	
19.0032	20.0641	-4768.23	0.190114	0.404649	0.894492	29.4925638421	Atom	
19.9453	22.0694	-4763.8	0.194142	0.391899	0.899291	29.4818678771	Atom	
25.2575	32.7927	-4739.19	0.237652	0.415134	0.878172	29.4227951869	Atom	
28.9125	39.1773	-4725.69	0.283552	0.317087	0.905016	29.3895388848	Atom	
30.9964	41.5076	-4719.04	0.29189	0.310997	0.904478	29.3736330501	Atom	
35.1039	45.884	-4706.31	0.284363	0.315283	0.905392	29.3431632642	Atom	
39.202	50.4277	-4693.26	0.287036	0.308855	0.906763	29.3119328773	Atom	
45.3364	57.0284	-4673.88	0.364315	0.376167	0.851923	29.2655802313	Atom	
52.3335	64.2531	-4657.52	0.442605	0.382944	0.810836	29.223871534	Atom	
63.6825	74.0724	-4636.73	0.186753	0.527786	0.828592	29.1681245429	Atom	
64.0935	75.2339	-4634.91	0.152249	0.512075	0.84534	29.1633323962	Atom	
68.037	88.4975	-4613.01	-0.0342071	0.670687	0.740951	29.1069265595	Atom	
67.6932	95.239	-4605.56	-0.0101677	0.664318	0.747381	29.0850033916	Atom	
67.5719	103.167	-4596.64	-0.0248807	0.696777	0.716857	29.058959846	Atom	
67.454	106.467	-4593.25	-0.0565497	0.734954	0.675755	29.0486141687	Atom	
66.5655	118.015	-4582.63	-0.126289	0.75451	0.644024	29.0142919032	Atom	
66.4346	118.797	-4581.96	-0.163198	0.76544	0.62247	29.0120248703	Atom	
64.6089	127.36	-4575	-0.276583	0.737725	0.615844	28.9875615236	Atom	
48.5574	170.174	-4539.26	0.103448	0.858416	0.502414	28.8605685908	Atom	
50.0789	182.799	-4531.87	0.109015	0.848758	0.517423	28.828272693	Atom	
50.6706	187.405	-4529.06	0.103783	0.843285	0.527351	28.8163438145	Atom	
50.7297	187.886	-4528.76	0.0481675	0.82521	0.562769	28.8150915919	Atom	
52.0991	211.346	-4512.76	-0.0729179	0.672013	0.73694	28.7525850329	Atom	
51.5918	216.021	-4507.63	-0.122461	0.718718	0.684433	28.7372634375	Atom	
49.4392	228.655	-4495.6	-0.100037	0.693431	0.713545	28.6985318808	Atom	
48.6518	234.113	-4489.99	-0.148473	0.660665	0.735851	28.6811698679	Atom	
45.6392	247.518	-4475.06	-0.15548	0.659581	0.735377	28.6363932714	Atom	
36.5307	286.158	-4431.98	-0.152422	0.651584	0.743106	28.5069487846	Atom	
35.5289	290.441	-4427.09	-0.13986	0.659117	0.73892	28.4923737769	Atom	
32.6126	304.185	-4411.68	-0.146961	0.652051	0.743796	28.4461151329	Atom	
28.1039	324.189	-4388.86	-0.14493	0.672572	0.725702	28.3779656366	Atom	
19.6953	363.21	-4346.76	-0.11028	0.686312	0.718898	28.2488413632	Atom	
19.0895	366.981	-4342.81	0.0160325	0.821346	0.570206	28.236570478	Atom	
19.8828	407.625	-4314.6	0.0886478	0.948081	0.305425	28.1259988939	Atom	
21.0165	419.749	-4310.69	0.0693347	0.948673	0.308565	28.0973339763	Atom	
21.1368	421.395	-4310.15	-0.000699578	0.920765	0.390116	28.0934430372	Atom	
21.1024	466.638	-4290.98	0.079607	0.984533	0.15607	27.9832038118	Atom	
21.9427	477.031	-4289.34	0.269915	0.951502	0.147611	27.9594477379	Atom	
24.3668	485.576	-4288.01	0.24932	0.95635	0.152428	27.9392223987	Atom	
28.069	499.777	-4285.75	0.295079	0.945479	0.137837	27.9057618805	Atom	
43.6275	549.629	-4278.48	0.314172	0.938806	0.141208	27.7868362843	Atom	
53.2493	578.381	-4274.16	0.304734	0.93826	0.163726	27.7175237502	Atom	
71.5231	634.645	-4264.34	0.281015	0.948888	0.143672	27.5815390741	Atom	
76.7774	652.387	-4261.65	0.255803	0.960064	0.113321	27.5389727188	Atom	
79.2003	661.48	-4260.58	0.348534	0.934041	0.0780419	27.5173828173	Atom	
82.7355	670.954	-4259.79	0.39115	0.896113	0.20972	27.4942485758	Atom	
117.491	750.579	-4241.15	0.355957	0.912381	0.202128	27.291453349	Atom	
124.459	768.438	-4237.2	0.314353	0.926981	0.204667	27.2465154436	Atom	
125.856	772.558	-4236.29	0.324155	0.929118	0.177939	27.2362970889	Atom	
131.574	788.949	-4233.15	0.353174	0.919333	0.173479	27.1957321079	Atom	
135.206	798.403	-4231.36	0.450233	0.882083	0.138633	27.1720567254	Atom	
147.793	823.063	-4227.49	0.412673	0.90912	0.0565844	27.107649952	Atom	
169.513	870.911	-4224.51	0.477053	0.871385	-0.114489	26.9861704927	Atom	
183.691	896.809	-4227.91	0.444408	0.88739	-0.122641	26.917324266	Atom	
185.944	901.308	-4228.53	0.678875	0.681808	-0.27252	26.905556493	Atom	
193.56	908.956	-4231.59	0.673692	0.68119	-0.286566	26.879509918	Atom	
224.565	940.307	-4244.78	0.673881	0.682601	-0.282737	26.7725673228	Atom	
229.178	944.979	-4246.71	0.644644	0.693665	-0.321346	26.7566096163	Atom	
235.793	952.098	-4250.01	0.652964	0.702705	-0.282566	26.7326774034	Atom	
255.528	973.336	-4258.55	0.660456	0.741124	-0.120556	26.6621398604	Atom	
259.85	978.185	-4259.34	0.594469	0.762741	-0.254623	26.6468379498	Atom	
272.357	994.233	-4264.7	0.593988	0.773761	-0.220165	26.5976112882	Atom	
278.431	1002.14	-4266.95	0.654447	0.728627	-0.201995	26.5736498869	Atom	
291.124	1016.28	-4270.87	0.660895	0.738615	-0.132911	26.5281701294	Atom	
294.991	1020.6	-4271.65	0.645159	0.74029	-0.189054	26.5144306255	Atom	
298.172	1024.25	-4272.58	0.683929	0.713911	-0.15024	26.5028494699	Atom	
304.803	1031.17	-4274.03	0.660905	0.737217	-0.140412	26.4800663955	Atom	
329.017	1058.18	-4279.18	0.663745	0.73538	-0.136598	26.3939105654	Atom	
336.367	1066.32	-4280.69	0.666106	0.731461	-0.145834	26.367807103	Atom	
341.273	1071.71	-4281.77	0.664955	0.733662	-0.139911	26.3504284663	Atom	
354.287	1086.07	-4284.5	0.757253	0.652708	-0.0232416	26.3042268634	Atom	
365.349	1095.6	-4284.84	0.775104	0.630363	0.0430885	26.2696949694	Atom	
380.909	1108.26	-4283.98	0.76773	0.637907	0.0605459	26.2221898067	Atom	
393.062	1118.36	-4283.02	0.807053	0.589447	0.0348885	26.1846755321	Atom	
406.761	1128.36	-4282.43	0.786484	0.617522	-0.0104825	26.1444056159	Atom	
410.192	1131.06	-4282.47	0.838004	0.34032	-0.426535	26.1340409753	Atom	
414.729	1132.9	-4284.78	0.860404	0.309439	-0.404912	26.121178439	Atom	
429.829	1138.33	-4291.89	0.857957	0.311582	-0.408444	26.0794601824	Atom	
456.544	1148.03	-4304.61	0.884108	0.197635	-0.42343	26.0053490984	Atom	
459.346	1148.66	-4305.95	0.886489	0.176435	-0.427794	25.997788568	Atom	
466.039	1149.99	-4309.18	0.884098	0.202032	-0.421371	25.9797745869	Atom	
514.474	1161.06	-4332.26	0.841786	0.216179	-0.494634	25.8489864134	Atom	
526.909	1164.25	-4339.57	0.853603	0.20085	-0.480647	25.8135794969	Atom	
537.22	1166.68	-4345.38	0.850491	0.189803	-0.49055	25.7845957856	Atom	
564.506	1172.77	-4361.11	0.841609	0.171447	-0.512152	25.7075439023	Atom	
565.656	1173	-4361.81	0.862854	0.172256	-0.475195	25.7042536203	Atom	
599.558	1179.77	-4380.48	0.845645	0.135958	-0.516139	25.6096601094	Atom	
618.921	1182.88	-4392.3	0.863936	0.1503	-0.480649	25.5543713816	Atom	
639.373	1186.44	-4403.68	0.885784	0.127169	-0.446334	25.4971105355	Atom	
641.06	1186.68	-4404.53	0.87546	0.156996	-0.457081	25.4924970567	Atom	
663.937	1190.79	-4416.47	0.860535	0.115849	-0.496043	25.4291706846	Atom	
670.072	1191.61	-4420.01	0.84131	0.19972	-0.502304	25.4118596625	Atom	
677.579	1193.39	-4424.49	0.836682	0.233705	-0.495323	25.3901798057	Atom	
687.351	1196.12	-4430.28	0.841012	0.277129	-0.464649	25.3617865634	Atom	
688.198	1196.4	-4430.75	0.840017	0.297134	-0.453964	25.3593336044	Atom	
695.665	1199.04	-4434.78	0.84602	0.336619	-0.413446	25.3377036529	Atom	
710.901	1205.11	-4442.23	0.851176	0.374795	-0.367462	25.2938482786	Atom	
752.066	1223.23	-4460	0.866471	0.341688	-0.363974	25.1759195433	Atom	
753.456	1223.78	-4460.58	0.85177	0.340184	-0.39845	25.1719931604	Atom	
776.178	1232.85	-4471.21	0.848094	0.371971	-0.377325	25.1066937406	Atom	
785.965	1237.15	-4475.57	0.854582	0.331766	-0.399526	25.0783879002	Atom	
839.348	1257.87	-4500.52	0.850079	0.32962	-0.410751	24.9250302219	Atom	
869.062	1269.39	-4514.88	0.795436	0.49298	-0.352494	24.8388001695	Atom	
900.188	1288.68	-4528.67	0.770997	0.512561	-0.377948	24.7420007272	Atom	
928.818	1307.72	-4542.71	0.700225	0.587264	-0.405963	24.6498573622	Atom	
930.352	1309	-4543.6	0.690215	0.585795	-0.42479	24.644404014	Atom	
934.802	1312.78	-4546.34	0.689731	0.592721	-0.415875	24.6283578126	Atom	
953.327	1328.7	-4557.51	0.685455	0.6096	-0.398169	24.5614667821	Atom	
963.88	1338.08	-4563.64	0.651685	0.588221	-0.478855	24.5230440044	Atom	
993.607	1364.92	-4585.48	0.696146	0.588036	-0.411819	24.4090524707	Atom	
995.656	1366.65	-4586.69	0.694499	0.604174	-0.390697	24.4016713416	Atom	
996.313	1367.22	-4587.06	0.698769	0.634933	-0.329517	24.3992986963	Atom	
1042.13	1408.85	-4608.67	0.686033	0.674206	-0.273506	24.2347958809	Atom	
1042.82	1409.53	-4608.94	0.63788	0.737144	-0.222998	24.232246747	Atom	
1047.93	1415.44	-4610.73	0.684894	0.627879	-0.369714	24.2120454685	Atom	
1055.75	1422.6	-4614.95	0.541289	0.693295	-0.475761	24.1832369077	Atom	
1056.8	1423.95	-4615.88	0.612849	0.636908	-0.467722	24.178315348	Atom	
1057.73	1424.92	-4616.59	0.612028	0.630573	-0.477283	24.1744821497	Atom	
1070.46	1438.03	-4626.51	0.582895	0.633988	-0.508225	24.1219143424	Atom	
1091.06	1460.43	-4644.47	0.58371	0.646267	-0.49155	24.0324593847	Atom	
1107.38	1478.51	-4658.22	0.577507	0.662409	-0.477179	23.9614445591	Atom	
1109.1	1480.48	-4659.63	0.694648	0.633225	-0.341306	23.9538939498	Atom	
1115.86	1486.64	-4662.96	0.654707	0.515806	-0.552543	23.9291149649	Atom	
1141.45	1506.8	-4684.56	0.655215	0.515302	-0.55241	23.8295095029	Atom	
1152.79	1515.72	-4694.12	0.450401	0.35314	-0.820019	23.7852888793	Atom	
1154.85	1517.33	-4697.86	0.449015	0.33193	-0.829583	23.7735828168	Atom	
1162.38	1522.9	-4711.77	0.436066	0.278293	-0.855803	23.7306468141	Atom	
1168.51	1526.81	-4723.81	0.448051	0.251156	-0.858004	23.6945842547	Atom	
1168.69	1526.91	-4724.16	0.537129	0.271414	-0.798641	23.6935406358	Atom	
1169.95	1527.55	-4726.02	0.447479	0.209873	-0.869319	23.6875466039	Atom	
1170.42	1527.77	-4726.95	0.47769	0.254524	-0.840851	23.6848085191	Atom	
1173.94	1529.65	-4733.14	0.412292	0.235882	-0.879986	23.6658910223	Atom	
1197.36	1543.04	-4783.12	0.423101	0.16679	-0.890599	23.5199223654	Atom	
1209.34	1547.77	-4808.35	0.397936	0.174427	-0.900679	23.4467623915	Atom	
1209.39	1547.79	-4808.45	0.390313	0.163618	-0.906027	23.4464567113	Atom	
1210.94	1548.44	-4812.05	0.381749	0.190615	-0.904397	23.4361690742	Atom	
1217.12	1551.52	-4826.69	0.383166	0.202801	-0.901141	23.394251134	Atom	
1217.34	1551.64	-4827.21	0.272008	0.260826	-0.926273	23.3927680645	Atom	
1221.26	1555.4	-4840.57	0.319425	0.279406	-0.905483	23.3553549202	Atom	
1221.4	1555.53	-4840.97	0.314917	0.28811	-0.904334	23.3542074418	Atom	
1227.44	1561.05	-4858.31	0.305805	0.304846	-0.901972	23.3043926825	Atom	
1230.58	1564.18	-4867.57	0.658055	0.0788969	-0.748825	23.2777091069	Atom	
1236.28	1564.86	-4874.06	0.670837	0.0858754	-0.736616	23.2551393627	Atom	
1238.55	1565.15	-4876.55	0.658314	0.0872718	-0.747668	23.2463336443	Atom	
1254.12	1567.22	-4894.23	0.271111	0.179144	-0.945731	23.1846692237	Atom	
1258.63	1570.2	-4909.96	0.186953	0.175691	-0.96653	23.141240099	Atom	
1258.8	1570.36	-4910.84	0.369594	0.22089	-0.902556	23.1388589326	Atom	
1269.16	1576.55	-4936.14	0.372414	0.243925	-0.895438	23.0655304643	Atom	
1273.68	1579.51	-4947.01	0.369682	0.243177	-0.896772	23.0336924149	Atom	
1290.19	1590.37	-4987.05	0.298362	-0.0771352	-0.951331	22.9164579667	Atom	
1294.25	1589.32	-5000	0.298362	-0.0771352	-0.951331	22.8805697011	Region	
"-----------------------------------------------------------------"
"Trajectory"	131

"NbCollisions"	193
"Zmax"	0
"Display"	256

"Collisions"

"X"	"Y"	"Z"	"Rx"	"Ry"	"Rz"	"Energy"	"CollisionType"	
0.0020951	-0.174749	-5000	-3.98452e-006	7.81634e-008	1	30	Region	
0.00206235	-0.174749	-4991.78	0.0715864	-0.166027	0.983519	29.9824964542	Atom	
1.64659	-3.98881	-4969.18	0.0260228	-0.192607	0.980931	29.9335627926	Atom	
1.80838	-5.18632	-4963.09	-0.165072	-0.166816	0.972072	29.9203020053	Atom	
-2.68745	-9.72964	-4936.61	-0.155355	-0.147437	0.976794	29.8621917103	Atom	
-3.17916	-10.1963	-4933.52	-0.388431	-0.0521052	0.920003	29.8554281305	Atom	
-22.6886	-12.8133	-4887.31	-0.383712	-0.058888	0.921573	29.7480783342	Atom	
-22.8403	-12.8366	-4886.95	-0.433984	-0.00659198	0.900896	29.7472307279	Atom	
-33.5109	-12.9987	-4864.8	-0.428037	-0.0120972	0.90368	29.6945265595	Atom	
-36.4335	-13.0813	-4858.63	-0.210251	0.281566	0.936224	29.6798699822	Atom	
-39.8929	-8.44861	-4843.22	-0.187861	0.289661	0.938512	29.6445379907	Atom	
-44.7251	-0.997792	-4819.08	-0.156279	0.192087	0.968855	29.5892486504	Atom	
-45.0311	-0.621679	-4817.18	-0.249394	0.11885	0.961081	29.5850336715	Atom	
-53.941	3.62437	-4782.85	-0.260406	0.125672	0.957285	29.5081191784	Atom	
-59.9485	6.52362	-4760.76	-0.238451	0.105501	0.965407	29.458348557	Atom	
-64.4856	8.53101	-4742.39	-0.116713	0.131994	0.984355	29.4172441582	Atom	
-65.8864	10.1152	-4730.58	-0.108763	0.160934	0.980954	29.3912879271	Atom	
-66.2063	10.5886	-4727.69	-0.598825	0.119812	0.791867	29.3849210975	Atom	
-83.2158	13.9918	-4705.2	-0.566959	0.13272	0.812984	29.3234363545	Atom	
-89.9895	15.5775	-4695.49	-0.604208	0.109397	0.789281	29.2975317438	Atom	
-90.4812	15.6665	-4694.85	-0.603987	0.0452317	0.79571	29.2957661357	Atom	
-118.483	17.7635	-4657.96	-0.581793	0.0671043	0.810564	29.1951693306	Atom	
-131.135	19.2228	-4640.33	-0.581425	0.070382	0.81055	29.147853591	Atom	
-131.227	19.2339	-4640.2	-0.723483	0.0564713	0.688029	29.1475091902	Atom	
-145.675	20.3617	-4626.46	-0.734429	0.0186812	0.678428	29.1039989172	Atom	
-172.047	21.0325	-4602.1	-0.713325	0.22831	0.662602	29.0256752867	Atom	
-198.349	29.4508	-4577.67	-0.707248	0.225913	0.669898	28.9450756685	Atom	
-205.714	31.8032	-4570.69	-0.670324	0.170308	0.722261	28.922262758	Atom	
-215.134	34.1968	-4560.54	-0.670446	0.169796	0.722268	28.8914540224	Atom	
-215.302	34.2391	-4560.36	-0.674809	0.160916	0.720235	28.8909068967	Atom	
-242.4	40.7011	-4531.44	-0.727952	0.0587743	0.683105	28.802798808	Atom	
-274.477	43.291	-4501.34	-0.753991	0.146079	0.640436	28.7058841104	Atom	
-279.355	44.236	-4497.2	-0.782354	0.169709	0.599268	28.6916174804	Atom	
-282.086	44.8285	-4495.1	-0.765904	0.399182	0.504028	28.6839144194	Atom	
-295.42	51.778	-4486.33	-0.758158	0.384194	0.52687	28.6454980209	Atom	
-297.663	52.9148	-4484.77	0.322154	0.818865	0.475054	28.6389617505	Atom	
-289.109	74.6599	-4472.15	0.309553	0.798637	0.516097	28.5802902538	Atom	
-282.788	90.9659	-4461.62	0.242747	0.781009	0.575412	28.5351058999	Atom	
-282.775	91.0071	-4461.59	0.184001	0.853691	0.487192	28.5349889311	Atom	
-281.929	94.9331	-4459.35	0.207269	0.841739	0.498513	28.524798829	Atom	
-279.002	106.82	-4452.31	-0.159191	0.972386	-0.170655	28.4934977457	Atom	
-282.264	126.745	-4455.8	-0.154159	0.975899	-0.154455	28.4480414422	Atom	
-282.603	128.892	-4456.14	-0.15411	0.976296	-0.151972	28.44315357	Atom	
-282.643	129.142	-4456.18	-0.123336	0.986872	-0.104264	28.4425864994	Atom	
-283.659	137.277	-4457.04	-0.138596	0.98571	-0.0957455	28.4242716189	Atom	
-284.204	141.15	-4457.42	-0.0188084	0.999003	0.0404977	28.4155392429	Atom	
-284.485	156.066	-4456.81	-0.00500644	0.998119	-0.0611065	28.3823443739	Atom	
-284.524	163.828	-4457.29	-0.0211045	0.997737	-0.0638459	28.3650380557	Atom	
-284.608	167.789	-4457.54	0.0176767	0.998585	-0.0501602	28.3561989326	Atom	
-283.821	212.199	-4459.77	0.00940421	0.998546	-0.0530775	28.2571609937	Atom	
-283.71	223.985	-4460.4	0.0280202	0.99797	-0.0571988	28.2308023824	Atom	
-283.361	236.443	-4461.11	-0.0120601	0.999328	-0.0346176	28.202903941	Atom	
-283.589	255.355	-4461.77	-0.00180524	0.999766	-0.0215781	28.16057849	Atom	
-283.606	265.117	-4461.98	-0.0097835	0.997863	-0.0646031	28.1387137868	Atom	
-283.975	302.704	-4464.41	-0.0602618	0.996671	0.0549092	28.0543138178	Atom	
-284.12	305.106	-4464.28	-0.0629187	0.994404	0.0848607	28.0489012706	Atom	
-284.254	307.213	-4464.1	-0.00963953	0.998529	0.0533598	28.0441401738	Atom	
-284.265	308.344	-4464.04	-0.0861695	0.991906	0.0932641	28.0415957225	Atom	
-285.544	323.077	-4462.65	-0.0941901	0.99554	0.00527646	28.008223852	Atom	
-286.625	334.502	-4462.59	-0.0892245	0.995811	0.0199747	27.9824129357	Atom	
-290.093	373.207	-4461.82	-0.134418	0.983593	-0.120321	27.8949377159	Atom	
-293.287	396.575	-4464.68	-0.0977328	0.989437	-0.107062	27.8413354675	Atom	
-297.066	434.838	-4468.82	-0.0541178	0.990316	-0.127846	27.7539498535	Atom	
-298.524	461.51	-4472.26	-0.0567965	0.991092	-0.120462	27.6929396469	Atom	
-299.569	479.744	-4474.48	-0.0777366	0.995023	-0.0623425	27.6511876139	Atom	
-299.763	482.235	-4474.63	-0.078241	0.995125	-0.0600425	27.6454996572	Atom	
-302.677	519.296	-4476.87	-0.0324646	0.999031	-0.0297201	27.5608717575	Atom	
-302.837	524.199	-4477.01	-0.0354887	0.998573	-0.0399112	27.5496905068	Atom	
-302.904	526.106	-4477.09	-0.0184078	0.999268	-0.0335348	27.5453400719	Atom	
-303.307	547.99	-4477.82	-0.0136714	0.999657	-0.0223164	27.495429985	Atom	
-303.405	555.087	-4477.98	0.0768512	0.997031	-0.00488233	27.4792266535	Atom	
-303.021	560.059	-4478.01	0.0127581	0.999571	-0.0263513	27.4678408215	Atom	
-302.712	584.309	-4478.65	0.00644512	0.995578	-0.0937171	27.4124294034	Atom	
-302.545	610.024	-4481.07	-0.0311148	0.993921	-0.105607	27.3533378652	Atom	
-303.713	647.315	-4485.03	-0.0119863	0.997887	-0.0638585	27.2673579801	Atom	
-303.911	663.8	-4486.08	-0.161754	0.985671	0.0478337	27.2294036414	Atom	
-307.239	684.082	-4485.1	-0.49325	0.781208	0.382646	27.1820782581	Atom	
-308.824	686.592	-4483.87	-0.479234	0.794474	0.373023	27.1746796743	Atom	
-313.283	693.985	-4480.4	-0.51975	0.756949	0.396091	27.1532425721	Atom	
-314.881	696.311	-4479.18	-0.923591	0.312683	0.221829	27.1461577339	Atom	
-333.907	702.753	-4474.61	-0.931618	0.303824	0.199444	27.09866252	Atom	
-347.435	707.164	-4471.72	-0.925269	0.379254	0.00663498	27.0651370339	Atom	
-347.494	707.189	-4471.72	-0.930066	0.366314	0.0281373	27.0649890573	Atom	
-366.155	714.538	-4471.15	-0.9502	0.31037	0.0280958	27.0186203056	Atom	
-388.115	721.711	-4470.5	-0.937365	0.342894	0.0614053	26.9651380685	Atom	
-394.938	724.207	-4470.05	-0.925618	0.371347	0.0730251	26.9482659201	Atom	
-414.819	732.183	-4468.49	-0.922961	0.376577	0.0795834	26.8984576104	Atom	
-442.75	743.579	-4466.08	-0.941633	0.331225	0.0601345	26.828175619	Atom	
-444.544	744.21	-4465.96	-0.934209	0.348892	0.0743495	26.82374197	Atom	
-456.771	748.777	-4464.99	-0.91944	0.38218	0.0925619	26.7932788703	Atom	
-483.869	760.04	-4462.26	-0.908225	0.396573	0.133633	26.7246191266	Atom	
-484.348	760.25	-4462.19	-0.959598	0.277483	0.0466298	26.7233863166	Atom	
-492.144	762.504	-4461.81	-0.95142	0.301336	0.063224	26.7044208255	Atom	
-498.889	764.641	-4461.36	-0.934912	0.347489	0.0720488	26.6878614895	Atom	
-509.443	768.563	-4460.55	-0.934905	0.344978	0.0833239	26.6614817662	Atom	
-516.581	771.197	-4459.92	-0.95888	0.275126	0.0696723	26.6436246465	Atom	
-562.978	784.509	-4456.54	-0.956266	0.292323	0.0101638	26.5303991876	Atom	
-566.067	785.454	-4456.51	-0.964861	0.260086	0.0374003	26.5228136986	Atom	
-585.008	790.559	-4455.78	-0.965269	0.26041	0.0210408	26.4767114572	Atom	
-600.701	794.793	-4455.43	-0.955131	0.295487	0.0202902	26.4384776924	Atom	
-625.545	802.479	-4454.91	-0.942418	0.331945	0.0407464	26.3772367742	Atom	
-634.421	805.606	-4454.52	-0.90478	0.408575	-0.120163	26.3550204143	Atom	
-645.926	810.801	-4456.05	-0.907846	0.397237	-0.134236	26.3250080917	Atom	
-651.827	813.383	-4456.92	-0.941377	0.29126	-0.170223	26.3096506372	Atom	
-658.793	815.538	-4458.18	-0.947096	0.277399	-0.161426	26.2921627183	Atom	
-684.301	823.009	-4462.53	-0.951058	0.280519	-0.129604	26.2284720019	Atom	
-684.92	823.192	-4462.62	-0.950727	0.294336	-0.0973893	26.2269297693	Atom	
-700.382	827.979	-4464.2	-0.957298	0.284693	-0.0503012	26.1883921966	Atom	
-735.182	838.328	-4466.03	-0.947242	0.315054	-0.0589401	26.1021565779	Atom	
-749.788	843.186	-4466.94	-0.952944	0.284481	-0.104728	26.0654832075	Atom	
-777.897	851.577	-4470.03	-0.951076	0.304705	-0.051086	25.9952457704	Atom	
-805.693	860.482	-4471.52	-0.948282	0.311798	-0.0595322	25.925508053	Atom	
-832.746	869.378	-4473.22	-0.931086	0.351415	-0.0979081	25.8572886319	Atom	
-838.413	871.516	-4473.81	-0.925214	0.341837	-0.164701	25.8427044202	Atom	
-852.198	876.61	-4476.27	-0.924176	0.356014	-0.138394	25.8069832768	Atom	
-907.083	897.753	-4484.49	-0.888481	0.410284	-0.205592	25.6644525248	Atom	
-911.063	899.59	-4485.41	-0.863545	0.445999	-0.23532	25.6536555927	Atom	
-915.695	901.982	-4486.67	-0.863009	0.446045	-0.237189	25.6407224578	Atom	
-938.754	913.901	-4493.01	-0.865494	0.428079	-0.260131	25.5762659246	Atom	
-945.178	917.078	-4494.94	-0.878741	0.341584	-0.33337	25.5583261084	Atom	
-963.178	924.075	-4501.77	-0.836495	0.365596	-0.408185	25.5087848994	Atom	
-991.976	936.662	-4515.82	-0.824809	0.382022	-0.416832	25.4253956436	Atom	
-999.304	940.055	-4519.52	-0.820737	0.37121	-0.434274	25.4038222253	Atom	
-1021.11	949.919	-4531.06	-0.862079	0.313135	-0.398455	25.3392522579	Atom	
-1032.39	954.014	-4536.27	-0.851967	0.293601	-0.433534	25.3074060398	Atom	
-1043.9	957.982	-4542.13	-0.850225	0.30741	-0.427336	25.274462827	Atom	
-1069.85	967.364	-4555.17	-0.846082	0.346217	-0.405313	25.1999949985	Atom	
-1076.22	969.969	-4558.22	-0.844123	0.289427	-0.451319	25.1815922577	Atom	
-1096.87	977.05	-4569.26	-0.846193	0.273838	-0.457133	25.121726281	Atom	
-1141.18	991.39	-4593.2	-0.843461	0.272866	-0.462729	24.9933403112	Atom	
-1158.74	997.072	-4602.84	-0.843652	0.28137	-0.457256	24.9420809044	Atom	
-1192.23	1008.24	-4620.99	-0.83817	0.271747	-0.472889	24.8442052146	Atom	
-1253.55	1028.12	-4655.59	-0.824666	0.262987	-0.500763	24.663256718	Atom	
-1272.47	1034.15	-4667.07	-0.796186	0.258089	-0.547245	24.6061971028	Atom	
-1291.34	1040.27	-4680.05	-0.745985	0.269644	-0.608933	24.5471134522	Atom	
-1312.41	1047.89	-4697.24	-0.765025	0.293049	-0.573462	24.476590553	Atom	
-1317.82	1049.96	-4701.3	-0.783003	0.266374	-0.562095	24.4588943025	Atom	
-1351.22	1061.32	-4725.28	-0.811262	0.202259	-0.548584	24.3520818482	Atom	
-1357.64	1062.92	-4729.62	-0.822459	0.194404	-0.534573	24.3322012891	Atom	
-1366.07	1064.92	-4735.1	-0.865542	0.113226	-0.48787	24.3064265312	Atom	
-1397.57	1069.04	-4752.85	-0.840631	0.134669	-0.524598	24.2148446006	Atom	
-1411.8	1071.32	-4761.73	-0.836842	0.136677	-0.530109	24.1721313228	Atom	
-1452.84	1078.02	-4787.73	-0.833129	0.124124	-0.538971	24.0481542677	Atom	
-1452.98	1078.04	-4787.82	-0.845833	0.11065	-0.521846	24.0477331887	Atom	
-1465.38	1079.66	-4795.47	-0.894828	0.0272435	-0.445578	24.0105216214	Atom	
-1467.99	1079.74	-4796.77	-0.94573	0.0742754	-0.316352	24.0031101362	Atom	
-1471.72	1080.04	-4798.02	-0.957937	0.033127	-0.28506	23.9930917283	Atom	
-1501.73	1081.07	-4806.95	-0.763828	0.119467	-0.634266	23.9134562481	Atom	
-1513.23	1082.87	-4816.49	-0.704068	0.234227	-0.670392	23.8750881569	Atom	
-1517.49	1084.29	-4820.56	-0.714253	0.178366	-0.676778	23.8596226549	Atom	
-1537.52	1089.29	-4839.54	-0.732166	0.154637	-0.663341	23.788011406	Atom	
-1569.86	1096.12	-4868.83	-0.714485	0.134895	-0.686524	23.6749540935	Atom	
-1576.74	1097.42	-4875.44	-0.67386	-0.0117875	-0.738765	23.6502277796	Atom	
-1586.28	1097.25	-4885.91	-0.670732	-0.00799996	-0.741656	23.6137903555	Atom	
-1588.42	1097.23	-4888.27	-0.701243	0.125264	-0.701831	23.6055942024	Atom	
-1591.79	1097.83	-4891.65	-0.743737	0.18109	-0.643476	23.5932135005	Atom	
-1597.73	1099.28	-4896.79	-0.753848	0.240071	-0.61162	23.5726299507	Atom	
-1620.62	1106.57	-4915.35	-0.757142	0.243719	-0.606084	23.4943605935	Atom	
-1631.59	1110.1	-4924.14	-0.758911	0.234158	-0.607639	23.4569059714	Atom	
-1640.99	1113	-4931.66	-0.776592	0.224692	-0.588574	23.424866484	Atom	
-1647.95	1115.01	-4936.94	-0.792781	0.0673272	-0.605777	23.4016283669	Atom	
-1677.88	1117.55	-4959.81	-0.782095	0.0513482	-0.62104	23.3037292538	Atom	
-1696.63	1118.78	-4974.7	-0.750788	0.0487539	-0.658741	23.2413636204	Atom	
-1700.49	1119.03	-4978.08	-0.731791	0.00151854	-0.681527	23.227967948	Atom	
-1704.83	1119.04	-4982.13	-0.709233	-0.0159156	-0.704795	23.212488759	Atom	
-1714.39	1118.83	-4991.62	-0.663784	-0.088742	-0.742641	23.1773222874	Atom	
-1715.18	1118.72	-4992.5	-0.666031	-0.110614	-0.737677	23.1742303243	Atom	
-1721.94	1117.6	-5000	-0.666031	-0.110614	-0.737677	23.1476756537	Region	
"-----------------------------------------------------------------"
"Trajectory"	133

"NbCollisions"	508
"Zmax"	0
"Display"	256

"Collisions"

"X"	"Y"	"Z"	"Rx"	"Ry"	"Rz"	"Energy"	"CollisionType"	
0.197265	0.158719	-5000	6.16884e-006	3.82238e-006	1	30	Region	
0.197397	0.158801	-4978.6	-0.000763179	-0.0312322	0.999512	29.9544321302	Atom	
0.185292	-0.336565	-4962.74	-0.331892	-0.24235	0.911655	29.9206220198	Atom	
-3.15744	-2.77746	-4953.56	-0.344941	-0.204555	0.916064	29.8991328723	Atom	
-14.3758	-9.43012	-4923.77	-0.326107	-0.20061	0.923802	29.8297027018	Atom	
-23.5173	-15.0537	-4897.87	-0.34316	-0.195865	0.918628	29.7697473089	Atom	
-28.6237	-17.9682	-4884.2	-0.334714	-0.164088	0.927923	29.7378701292	Atom	
-30.542	-18.9086	-4878.89	-0.303605	-0.0912878	0.948415	29.7255821054	Atom	
-32.2601	-19.4252	-4873.52	-0.300168	-0.0782702	0.95067	29.7134442906	Atom	
-36.5331	-20.5394	-4859.99	-0.317169	-0.0702556	0.945763	29.6829027654	Atom	
-41.1031	-21.5517	-4846.36	-0.361608	-0.0851122	0.928437	29.6519637931	Atom	
-46.7304	-22.8762	-4831.91	-0.321032	-0.0623294	0.945015	29.6185212737	Atom	
-55.5377	-24.5862	-4805.98	-0.319029	0.0158067	0.947613	29.5595107053	Atom	
-71.8929	-23.7759	-4757.4	-0.301925	0.00876055	0.953291	29.4490650693	Atom	
-78.3084	-23.5897	-4737.15	-0.404591	0.100404	0.908969	29.4031503737	Atom	
-86.6119	-21.5291	-4718.49	-0.440974	0.112556	0.890434	29.3587484244	Atom	
-99.6909	-18.1908	-4692.08	-0.479097	0.0571656	0.875898	29.2945021033	Atom	
-143.927	-12.9126	-4611.21	-0.956552	-0.291073	-0.0168654	29.0941503601	Atom	
-156.756	-16.8165	-4611.44	-0.961619	-0.273108	-0.0264897	29.0648878197	Atom	
-173.378	-21.5372	-4611.89	-0.958149	-0.285047	-0.0264434	29.0271441623	Atom	
-181.592	-23.9809	-4612.12	-0.980224	-0.19754	0.0117972	29.0084046257	Atom	
-236.336	-35.0133	-4611.46	-0.970372	-0.239294	-0.0334091	28.8862645913	Atom	
-278.307	-45.3633	-4612.91	-0.970105	-0.242142	-0.0162423	28.7913547181	Atom	
-308.472	-52.8927	-4613.41	-0.9687	-0.235243	0.0792581	28.7229432243	Atom	
-331.957	-58.5957	-4611.49	-0.952741	-0.285273	0.104424	28.6695043564	Atom	
-342.53	-61.7617	-4610.33	-0.948832	-0.299349	0.100538	28.6450051524	Atom	
-347.168	-63.2248	-4609.84	-0.942686	-0.331799	0.035386	28.6342077071	Atom	
-350.423	-64.3704	-4609.72	-0.955033	-0.291219	0.0557026	28.6265782429	Atom	
-375.118	-71.9007	-4608.28	-0.948652	-0.31216	0.0511303	28.5694277455	Atom	
-398.252	-79.513	-4607.03	-0.940638	-0.335629	0.0505302	28.5154443605	Atom	
-399.809	-80.0686	-4606.95	-0.942073	-0.33042	0.05762	28.5117744778	Atom	
-433.001	-91.7102	-4604.92	-0.94835	-0.311836	0.0582281	28.4336538515	Atom	
-440.038	-94.0245	-4604.49	-0.921001	-0.382633	0.0731403	28.4171629524	Atom	
-464.131	-104.034	-4602.57	-0.914005	-0.404128	0.0357039	28.3590082412	Atom	
-512.535	-125.436	-4600.68	-0.895641	-0.443273	-0.0365631	28.2410805534	Atom	
-520.143	-129.201	-4600.99	-0.865004	-0.500263	-0.038801	28.2221045218	Atom	
-533.272	-136.794	-4601.58	-0.853461	-0.503235	-0.135494	28.1881754655	Atom	
-536.552	-138.728	-4602.1	-0.873952	-0.471285	-0.118736	28.1795748012	Atom	
-539.861	-140.512	-4602.55	-0.821827	-0.51865	-0.235802	28.1711027816	Atom	
-561.285	-154.033	-4608.7	-0.864538	-0.481306	-0.144635	28.1127434202	Atom	
-580.882	-164.943	-4611.98	-0.831658	-0.542091	-0.120341	28.0619169474	Atom	
-584.413	-167.244	-4612.49	-0.913675	-0.399345	0.0756439	28.0523843075	Atom	
-595.603	-172.135	-4611.56	-0.902667	-0.428024	0.0445731	28.0248741879	Atom	
-601.367	-174.869	-4611.28	-0.907323	-0.416694	0.0559551	28.0105196788	Atom	
-616.328	-181.739	-4610.35	-0.913387	-0.407021	0.00756725	27.9734399867	Atom	
-631.319	-188.42	-4610.23	-0.919843	-0.392284	-0.00135573	27.9364926649	Atom	
-652.692	-197.535	-4610.26	-0.772747	-0.63448	-0.0172555	27.8841306377	Atom	
-654.428	-198.96	-4610.3	-0.721177	-0.674007	-0.160058	27.8790591356	Atom	
-676.579	-219.662	-4615.22	-0.713594	-0.661915	-0.229461	27.8097294195	Atom	
-687.03	-229.357	-4618.58	-0.717699	-0.663279	-0.212058	27.7766039239	Atom	
-742.876	-280.968	-4635.08	-0.727151	-0.652625	-0.212914	27.6004469511	Atom	
-776.82	-311.433	-4645.02	-0.717128	-0.635276	-0.286621	27.4942343748	Atom	
-799.874	-331.856	-4654.23	-0.733732	-0.617147	-0.284195	27.4208606866	Atom	
-808.83	-339.388	-4657.7	-0.721262	-0.631997	-0.283479	27.3929454597	Atom	
-810.295	-340.672	-4658.28	-0.729863	-0.623863	-0.279454	27.3882941217	Atom	
-834.03	-360.96	-4667.36	-0.56841	-0.812575	-0.128968	27.3138472339	Atom	
-854.194	-389.786	-4671.94	-0.658019	-0.72362	-0.20829	27.2324560417	Atom	
-873.083	-410.558	-4677.92	-0.63142	-0.756666	-0.169606	27.1664398264	Atom	
-885.492	-425.429	-4681.25	-0.660684	-0.10183	-0.743726	27.1211572019	Atom	
-893.39	-426.646	-4690.14	-0.672986	-0.0988221	-0.733024	27.0935769339	Atom	
-905.981	-428.495	-4703.86	-0.673996	-0.0599804	-0.736296	27.0503733856	Atom	
-927.238	-430.387	-4727.08	-0.651781	0.099693	-0.751827	26.9774537093	Atom	
-932.23	-429.623	-4732.84	-0.87835	-0.0422955	-0.476143	26.9597107274	Atom	
-935.251	-429.769	-4734.47	-0.869037	-0.0765451	-0.488789	26.9517368371	Atom	
-950.612	-431.122	-4743.11	-0.858394	-0.0609171	-0.509362	26.9107492133	Atom	
-951.976	-431.218	-4743.92	-0.786589	-0.116348	-0.606417	26.9070620977	Atom	
-973.927	-434.465	-4760.85	-0.758545	-0.137743	-0.636896	26.8422682781	Atom	
-1010.02	-441.019	-4791.15	-0.744874	-0.155977	-0.648718	26.7315831178	Atom	
-1012.97	-441.638	-4793.72	-0.747915	-0.145735	-0.647599	26.7223245495	Atom	
-1015.87	-442.203	-4796.23	-0.815357	-0.102176	-0.569871	26.7132749431	Atom	
-1025.59	-443.42	-4803.02	-0.80184	-0.120905	-0.585179	26.6854477739	Atom	
-1045.57	-446.433	-4817.6	-0.862783	-0.332349	-0.380986	26.6272158368	Atom	
-1069.34	-455.589	-4828.1	-0.884414	-0.31273	-0.346427	26.5627196584	Atom	
-1091.79	-463.53	-4836.9	-0.843158	-0.391711	-0.368304	26.5031549137	Atom	
-1092.47	-463.841	-4837.19	-0.847735	-0.39867	-0.349868	26.5012865353	Atom	
-1098.13	-466.505	-4839.53	-0.986192	-0.0752837	-0.147506	26.4855861581	Atom	
-1105.31	-467.053	-4840.6	-0.962149	-0.257287	-0.0898457	26.4684755349	Atom	
-1116.74	-470.111	-4841.67	-0.967928	-0.236947	-0.0834935	26.4405164025	Atom	
-1127.3	-472.695	-4842.58	-0.969309	-0.233096	-0.0781493	26.4148444716	Atom	
-1128.61	-473.011	-4842.69	-0.967036	-0.240467	-0.0837651	26.4116491054	Atom	
-1131.65	-473.767	-4842.95	0.469346	-0.0308773	0.882474	26.404237674	Atom	
-1130.78	-473.825	-4841.3	0.451036	-0.0601961	0.890473	26.3998293156	Atom	
-1129.72	-473.965	-4839.22	0.425194	-0.0813059	0.901443	26.3943377006	Atom	
-1118.65	-476.084	-4815.74	0.435211	-0.0623325	0.898168	26.3329089216	Atom	
-1109.62	-477.377	-4797.1	0.44217	-0.0470627	0.895696	26.2839075453	Atom	
-1105.7	-477.794	-4789.16	0.376489	0.0866316	0.922362	26.2629395763	Atom	
-1103.48	-477.285	-4783.74	0.24849	0.125685	0.960446	26.2490266852	Atom	
-1103.33	-477.207	-4783.15	0.269475	0.101102	0.957686	26.2475678967	Atom	
-1091.37	-472.721	-4740.65	0.27242	0.105453	0.956382	26.1424833841	Atom	
-1091.16	-472.64	-4739.91	0.264672	0.103458	0.958773	26.1406536973	Atom	
-1085.83	-470.554	-4720.58	0.26316	0.108861	0.958591	26.0927543799	Atom	
-1079.7	-468.018	-4698.25	-0.0165861	-0.105298	0.994302	26.0373421624	Atom	
-1080.23	-471.388	-4666.44	-0.151864	0.0221025	0.988154	25.9610835347	Atom	
-1084.16	-470.815	-4640.85	-0.157364	0.0522326	0.986158	25.8992201748	Atom	
-1084.64	-470.657	-4637.85	-0.0771892	0.0692883	0.994606	25.891953896	Atom	
-1085.1	-470.247	-4631.96	-0.0893858	0.171974	0.981038	25.8777853561	Atom	
-1087.37	-465.861	-4606.95	-0.0883453	0.209465	0.973817	25.8167166018	Atom	
-1087.82	-464.81	-4602.06	-0.0988221	0.213751	0.971877	25.8046726657	Atom	
-1089.39	-461.407	-4586.59	-0.190517	0.426391	0.884248	25.7664665683	Atom	
-1094.48	-450.024	-4562.98	-0.153623	0.39211	0.907	25.7023173902	Atom	
-1094.72	-449.409	-4561.56	-0.275443	0.332557	0.901963	25.698539372	Atom	
-1095.25	-448.766	-4559.81	-0.278209	0.329607	0.902197	25.6938806208	Atom	
-1097.86	-445.68	-4551.37	-0.284422	0.322998	0.90265	25.6713346369	Atom	
-1100.86	-442.265	-4541.82	-0.250732	0.389112	0.886412	25.6458512228	Atom	
-1108.96	-429.697	-4513.19	-0.24661	0.384753	0.889466	25.5679479413	Atom	
-1113.62	-422.425	-4496.38	-0.290157	0.497697	0.817378	25.5222531426	Atom	
-1115.62	-418.991	-4490.74	-0.263081	0.544599	0.796367	25.5055469515	Atom	
-1118.81	-412.391	-4481.09	-0.17276	0.464779	0.868409	25.4761890333	Atom	
-1118.81	-412.384	-4481.08	-0.228995	0.453128	0.861532	25.4761561286	Atom	
-1119.56	-410.917	-4478.29	0.0346076	0.578584	0.814888	25.4683057405	Atom	
-1118.9	-399.882	-4462.75	0.0381061	0.592429	0.804721	25.4220482228	Atom	
-1118.87	-399.505	-4462.24	-0.0465282	0.66573	0.744741	25.420503821	Atom	
-1120.11	-381.799	-4442.43	-0.0360733	0.636622	0.770331	25.3559061708	Atom	
-1120.15	-381.152	-4441.65	-0.0558188	0.633051	0.772095	25.3534326429	Atom	
-1120.31	-379.331	-4439.42	-0.087894	0.655851	0.749756	25.3464312496	Atom	
-1120.77	-375.871	-4435.47	-0.10908	0.637019	0.763091	25.3335878262	Atom	
-1124.92	-351.64	-4406.44	-0.120859	0.635009	0.762992	25.2409488413	Atom	
-1125.76	-347.201	-4401.11	-0.321281	0.697533	0.640488	25.2238755588	Atom	
-1146.7	-301.739	-4359.37	-0.318529	0.681599	0.658759	25.0645974673	Atom	
-1152.25	-289.871	-4347.89	-0.195101	0.705181	0.681656	25.0218307704	Atom	
-1152.35	-289.517	-4347.55	-0.173046	0.721684	0.670244	25.0205965681	Atom	
-1153.56	-284.457	-4342.85	-0.165836	0.730892	0.662039	25.0033532841	Atom	
-1166.56	-227.167	-4290.96	-0.109327	0.767152	0.632081	24.8104595289	Atom	
-1167.67	-219.383	-4284.55	-0.139022	0.724622	0.674978	24.7853380945	Atom	
-1167.92	-218.063	-4283.32	-0.131721	0.722838	0.678347	24.7808249372	Atom	
-1168.06	-217.33	-4282.63	-0.136644	0.70208	0.698865	24.7783090899	Atom	
-1168.93	-212.834	-4278.15	-0.142213	0.691022	0.708706	24.7624388891	Atom	
-1173.75	-189.415	-4254.14	-0.137189	0.692069	0.708675	24.6783997826	Atom	
-1176.54	-175.366	-4239.75	-0.0499576	0.745646	0.664467	24.6279231043	Atom	
-1177.5	-161.043	-4226.99	-0.069313	0.746084	0.662235	24.5800835632	Atom	
-1177.66	-159.269	-4225.41	-0.0765856	0.77468	0.627699	24.5741525151	Atom	
-1179.09	-144.83	-4213.71	-0.0603583	0.77757	0.625892	24.5276534369	Atom	
-1180.18	-130.828	-4202.44	-0.0563644	0.758185	0.649599	24.4826627018	Atom	
-1180.57	-125.547	-4197.92	-0.089085	0.810114	0.579465	24.4652323869	Atom	
-1181.51	-116.942	-4191.76	-0.140222	0.796679	0.587911	24.4386390476	Atom	
-1185.92	-91.9127	-4173.29	-0.10842	0.793382	0.598991	24.3599180002	Atom	
-1186.07	-90.7883	-4172.44	-0.175055	0.779771	0.601093	24.3563578	Atom	
-1187.07	-86.3508	-4169.02	-0.153019	0.767221	0.622862	24.3420602657	Atom	
-1187.71	-83.1241	-4166.4	-0.170556	0.739555	0.651129	24.3314890517	Atom	
-1188.83	-78.2654	-4162.12	0.459521	0.88696	-0.046291	24.3149698735	Atom	
-1181.39	-63.8988	-4162.87	0.467371	0.883941	-0.0145771	24.274220332	Atom	
-1176.55	-54.7482	-4163.02	0.561179	0.827007	0.0337347	24.2481422228	Atom	
-1172.69	-49.0563	-4162.79	0.581807	0.811948	0.0473414	24.2307894567	Atom	
-1166.34	-40.189	-4162.28	0.596666	0.799529	0.0688716	24.2032392289	Atom	
-1164.31	-37.48	-4162.04	0.800192	0.561524	-0.210674	24.1946841602	Atom	
-1161.27	-35.3416	-4162.84	0.784358	0.57831	-0.224368	24.1850657267	Atom	
-1161.2	-35.2932	-4162.86	0.79295	0.523105	-0.312396	24.1848543075	Atom	
-1155.48	-31.5184	-4165.12	0.812674	0.51291	-0.276559	24.1666229604	Atom	
-1153.17	-30.0619	-4165.9	0.781824	0.600864	-0.166472	24.1594446963	Atom	
-1150.18	-27.7596	-4166.54	0.761372	0.621913	-0.18313	24.1497558086	Atom	
-1130.61	-11.781	-4171.25	0.761707	0.620642	-0.186028	24.0847698389	Atom	
-1108.99	5.84056	-4176.53	0.76483	0.638596	-0.0850291	24.0128019186	Atom	
-1093.67	18.6332	-4178.23	0.744192	0.666408	-0.0455891	23.9619046719	Atom	
-1069.16	40.5797	-4179.73	0.755951	0.651833	0.0604382	23.8780908947	Atom	
-1065.05	44.1208	-4179.4	0.765091	0.643581	0.0209386	23.8642266971	Atom	
-1054.71	52.8161	-4179.12	0.72035	0.687308	0.0932888	23.8297305357	Atom	
-1030.73	75.7012	-4176.01	0.720374	0.680129	0.135963	23.7446194017	Atom	
-1027.36	78.8795	-4175.38	0.70581	0.696463	0.129501	23.7326407883	Atom	
-1023.59	82.6041	-4174.69	0.688257	0.714243	0.127118	23.718926551	Atom	
-1005.98	100.876	-4171.44	0.693719	0.701648	0.16262	23.6532956437	Atom	
-1005.14	101.729	-4171.24	0.714061	0.670284	0.202079	23.6501687718	Atom	
-1000.03	106.525	-4169.79	0.678057	0.711685	0.183692	23.6317673137	Atom	
-992.475	114.452	-4167.75	0.674542	0.724068	0.143939	23.6031100454	Atom	
-987.349	119.955	-4166.65	0.668479	0.731096	0.136505	23.5835368845	Atom	
-973.83	134.74	-4163.89	0.646427	0.751191	0.133583	23.5314178874	Atom	
-966.822	142.884	-4162.44	0.664186	0.716162	0.214406	23.5034269009	Atom	
-964.22	145.689	-4161.6	0.725858	0.668766	0.16088	23.4933059803	Atom	
-957.058	152.288	-4160.02	0.684369	0.689647	0.236698	23.467800851	Atom	
-942.993	166.462	-4155.15	0.696101	0.672944	0.25018	23.4146268122	Atom	
-919.554	189.121	-4146.73	0.70415	0.649792	0.286256	23.3273567406	Atom	
-906.401	201.259	-4141.38	0.684837	0.666465	0.294657	23.2787996626	Atom	
-869.497	237.172	-4125.5	0.651411	0.698162	0.297042	23.1384933041	Atom	
-861	246.279	-4121.63	0.692762	0.673701	0.257309	23.1043684468	Atom	
-856.012	251.13	-4119.77	0.714045	0.66923	0.205599	23.0855100122	Atom	
-843.635	262.73	-4116.21	0.682673	0.713355	0.158375	23.0400790983	Atom	
-834.432	272.346	-4114.08	0.695135	0.691132	0.197796	23.004694573	Atom	
-826.955	279.781	-4111.95	0.695723	0.671101	0.256112	22.9764249555	Atom	
-821.372	285.166	-4109.89	0.673221	0.696585	0.248079	22.9553122683	Atom	
-817.587	289.082	-4108.5	0.702754	0.603944	0.376016	22.9405141484	Atom	
-810.468	295.201	-4104.69	0.743012	0.583466	0.327873	22.9138285446	Atom	
-809.27	296.142	-4104.16	0.745017	0.535358	0.397921	22.9095777307	Atom	
-807.181	297.643	-4103.04	0.749304	0.519857	0.410235	22.9021846936	Atom	
-806.772	297.926	-4102.82	0.814759	0.454123	0.360472	22.9007463248	Atom	
-792.457	305.905	-4096.49	0.719594	0.510449	0.470773	22.8544069471	Atom	
-747.47	337.817	-4067.06	0.838536	0.402425	0.367304	22.6892513216	Atom	
-744.038	339.464	-4065.55	0.816667	0.412735	0.403368	22.6783776849	Atom	
-725.229	348.97	-4056.26	0.626198	0.637902	0.448283	22.6171634758	Atom	
-697.703	377.01	-4036.56	0.59969	0.650456	0.466132	22.5000807149	Atom	
-687.473	388.106	-4028.6	0.60938	0.645849	0.459929	22.454458277	Atom	
-682.337	393.55	-4024.73	0.616932	0.630924	0.470457	22.4318793492	Atom	
-665.323	410.95	-4011.75	0.623019	0.65024	0.434782	22.3579477687	Atom	
-657.655	418.953	-4006.4	0.623202	0.639236	0.450551	22.3248664897	Atom	
-652.676	424.06	-4002.8	0.620533	0.639111	0.454397	22.3033679355	Atom	
-641.092	435.99	-3994.32	0.63431	0.640583	0.432786	22.2530989917	Atom	
-630.99	446.193	-3987.43	0.618179	0.639172	0.457508	22.2101319809	Atom	
-623.563	453.872	-3981.93	0.613564	0.537256	0.578701	22.1776703016	Atom	
-621.043	456.078	-3979.56	0.659935	0.532884	0.529642	22.1665645994	Atom	
-618.083	458.469	-3977.18	0.666273	0.532602	0.521935	22.1544233612	Atom	
-588.154	482.393	-3953.73	0.574351	0.595773	0.561405	22.0328179996	Atom	
-577.108	493.851	-3942.94	0.523477	0.602628	0.602338	21.9805280057	Atom	
-575.424	495.79	-3941	0.52833	0.590133	0.610419	21.9717627426	Atom	
-562.352	510.39	-3925.9	0.517437	0.607953	0.602205	21.9043476351	Atom	
-520.013	560.136	-3876.62	0.447321	0.652789	0.611368	21.680848833	Atom	
-519.638	560.683	-3876.11	-0.0526197	0.7748	-0.630013	21.6785399322	Atom	
-520.28	570.126	-3883.79	-0.0696358	0.7817	-0.619755	21.644978169	Atom	
-520.888	576.961	-3889.21	-0.0923511	0.821377	-0.56286	21.6208710078	Atom	
-521.527	582.643	-3893.1	-0.116741	0.824999	-0.552945	21.6017812169	Atom	
-521.783	584.449	-3894.31	-0.0356286	0.818524	-0.573367	21.5957377211	Atom	
-522.423	599.162	-3904.62	-0.0602447	0.821318	-0.567281	21.546090219	Atom	
-523.007	607.115	-3910.11	-0.0478528	0.826231	-0.561295	21.5192947036	Atom	
-523.199	610.441	-3912.37	-0.0598111	0.828753	-0.556409	21.5081445786	Atom	
-523.591	615.876	-3916.02	-0.0620483	0.845337	-0.530618	21.4899746848	Atom	
-525.326	639.507	-3930.85	-0.1061	0.862997	-0.493943	21.4124637868	Atom	
-527.746	659.192	-3942.12	-0.0381049	0.834952	-0.549002	21.349040742	Atom	
-528.515	676.042	-3953.2	-0.0071213	0.823897	-0.566695	21.2927942943	Atom	
-528.638	690.289	-3963	0.08445	0.870455	-0.484949	21.2444991595	Atom	
-528.546	691.24	-3963.53	0.0930557	0.859241	-0.503037	21.2414431726	Atom	
-527.898	697.223	-3967.03	0.0980778	0.865098	-0.491922	21.2219616105	Atom	
-526.625	708.449	-3973.41	0.0664334	0.862387	-0.501871	21.1856238639	Atom	
-526.051	715.906	-3977.75	0.052637	0.877034	-0.477537	21.1613786751	Atom	
-525.625	722.993	-3981.61	0.19306	0.530968	-0.825107	21.1386996815	Atom	
-525.195	724.176	-3983.45	0.187822	0.482514	-0.855513	21.1324413917	Atom	
-524.861	725.034	-3984.97	0.0794657	0.542451	-0.836321	21.1274465978	Atom	
-522.478	741.303	-4010.05	0.0758855	0.526739	-0.846633	21.0431713722	Atom	
-521.805	745.976	-4017.56	0.112802	0.570348	-0.813621	21.0181691648	Atom	
-521.286	748.6	-4021.31	0.0952775	0.550901	-0.829114	21.005184191	Atom	
-516.905	773.929	-4059.43	0.0836813	0.53573	-0.840232	20.8754034442	Atom	
-516.484	776.627	-4063.66	0.0764861	0.516837	-0.85266	20.8611207384	Atom	
-513.64	795.845	-4095.36	0.0809133	0.508693	-0.857137	20.7555895725	Atom	
-512.125	805.366	-4111.41	0.0850874	0.537631	-0.838876	20.7022618118	Atom	
-510.36	816.518	-4128.81	0.163121	0.540306	-0.825506	20.6430379722	Atom	
-510.245	816.902	-4129.39	0.140981	0.483161	-0.864106	20.6410056261	Atom	
-509.195	820.498	-4135.83	0.832745	-0.214126	-0.510573	20.6197043944	Atom	
-507.804	820.14	-4136.68	0.649557	-0.0763424	-0.75647	20.6149187193	Atom	
-482.093	817.119	-4166.62	0.617913	-0.0861322	-0.781514	20.5015343095	Atom	
-474.781	816.099	-4175.87	0.623306	-0.106568	-0.774682	20.4674900977	Atom	
-473.293	815.845	-4177.72	0.596924	-0.096982	-0.796415	20.4606170656	Atom	
-471.278	815.518	-4180.41	0.612288	-0.109253	-0.78305	20.4508904339	Atom	
-469.22	815.151	-4183.04	0.625714	-0.13646	-0.768024	20.4412008062	Atom	
-466.848	814.633	-4185.95	0.655008	-0.159452	-0.738606	20.4302681599	Atom	
-448.856	810.253	-4206.24	0.651906	-0.155421	-0.742201	20.3510301909	Atom	
-444.971	809.327	-4210.66	0.631065	-0.0275883	-0.775239	20.3337825991	Atom	
-432.586	808.786	-4225.88	0.619707	0.0140924	-0.784707	20.2769592927	Atom	
-432.087	808.797	-4226.51	0.622771	0.037696	-0.781496	20.2746211422	Atom	
-431.51	808.832	-4227.23	0.703339	-0.00360014	-0.710845	20.2719331256	Atom	
-426.784	808.808	-4232.01	0.654512	-0.0467177	-0.754607	20.2524310703	Atom	
-426.122	808.76	-4232.77	0.647338	-0.0530488	-0.760355	20.2494924506	Atom	
-413.558	807.731	-4247.53	0.750498	-0.279407	-0.598903	20.1931143209	Atom	
-379.873	795.19	-4274.41	0.732022	-0.290773	-0.616113	20.0624463236	Atom	
-360.625	787.544	-4290.61	0.733722	-0.294474	-0.612321	19.9855079999	Atom	
-355.366	785.433	-4295	0.797149	-0.1971	-0.570706	19.9644714761	Atom	
-299.345	771.582	-4335.11	0.813517	-0.0869479	-0.575005	19.7580528231	Atom	
-297.926	771.43	-4336.11	0.821664	-0.0893516	-0.562925	19.7528855204	Atom	
-264.081	767.75	-4359.3	0.807019	-0.0881065	-0.583916	19.6308874724	Atom	
-260	767.304	-4362.25	0.728091	-0.162595	-0.665918	19.6158363255	Atom	
-256.227	766.462	-4365.7	0.770667	-0.0505238	-0.635232	19.6004068942	Atom	
-247.675	765.901	-4372.75	0.755237	0.174151	-0.631893	19.5673380289	Atom	
-246.978	766.062	-4373.33	0.75599	0.225355	-0.614569	19.5645853666	Atom	
-245.1	766.622	-4374.86	0.794037	0.212456	-0.569533	19.5571740125	Atom	
-236.959	768.8	-4380.7	0.784547	0.208403	-0.583998	19.5265681832	Atom	
-236.604	768.894	-4380.96	0.803902	0.18077	-0.566625	19.5252170618	Atom	
-224.909	771.524	-4389.21	0.820018	0.0116625	-0.572219	19.4817373428	Atom	
-203.719	771.825	-4403.99	0.871781	0.0300207	-0.488975	19.4043696981	Atom	
-141.905	773.954	-4438.66	0.863795	0.0615919	-0.500065	19.191423007	Atom	
-140.061	774.086	-4439.73	0.879774	0.0560785	-0.472073	19.1849584769	Atom	
-127.579	774.881	-4446.43	0.850863	0.165555	-0.498622	19.1419695348	Atom	
-120.246	776.308	-4450.73	0.840827	0.174118	-0.512535	19.1158109927	Atom	
-111.011	778.22	-4456.36	0.87405	0.0160006	-0.485573	19.0824351169	Atom	
-96.4313	778.487	-4464.46	0.868363	-0.00203836	-0.495925	19.0316825773	Atom	
-93.6898	778.481	-4466.02	0.890143	0.0244806	-0.455023	19.0220564923	Atom	
-92.5583	778.512	-4466.6	0.908975	0.13157	-0.395543	19.0181791925	Atom	
-90.726	778.777	-4467.4	0.906608	0.325002	-0.26914	19.0120298221	Atom	
-77.4382	783.541	-4471.34	0.911312	0.305948	-0.275511	18.9673055005	Atom	
-32.6958	798.562	-4484.87	0.916129	0.294705	-0.271767	18.8172137326	Atom	
-24.6311	801.156	-4487.26	0.919281	0.00875635	-0.393504	18.7901354231	Atom	
10.0192	801.486	-4502.09	0.947039	0.12452	-0.295993	18.6740606705	Atom	
20.2395	802.83	-4505.29	0.906814	0.155641	-0.391746	18.6406666407	Atom	
28.2569	804.206	-4508.75	0.9212	0.0286223	-0.388035	18.6132700307	Atom	
34.8176	804.41	-4511.51	0.925397	0.0208011	-0.378429	18.5911764079	Atom	
37.9898	804.481	-4512.81	0.930228	0.0407635	-0.36471	18.5805320153	Atom	
59.5061	805.424	-4521.25	0.944103	0.0260226	-0.328623	18.5086784879	Atom	
89.564	806.252	-4531.71	0.927659	-0.0415614	-0.371108	18.4094769019	Atom	
97.6169	805.892	-4534.93	0.931283	0.0272165	-0.36328	18.3823148066	Atom	
119.751	806.539	-4543.57	0.949581	0.0214433	-0.312788	18.3078616553	Atom	
122.111	806.592	-4544.34	0.94607	0.0786788	-0.314262	18.3000519258	Atom	
130.707	807.307	-4547.2	0.946474	0.0740999	-0.314161	18.2714934947	Atom	
133.313	807.511	-4548.06	0.950507	0.033064	-0.308939	18.2628265924	Atom	
134.603	807.556	-4548.48	0.898365	-0.00646256	-0.439203	18.2585545049	Atom	
137.362	807.536	-4549.83	0.839461	0.345589	-0.419373	18.248881221	Atom	
145.025	810.69	-4553.66	0.894211	0.0787152	-0.44067	18.2201245571	Atom	
177.755	813.571	-4569.79	0.890501	0.0458371	-0.452666	18.104673674	Atom	
237.366	816.64	-4600.09	0.891744	0.0698251	-0.447122	17.8924865684	Atom	
240.735	816.904	-4601.78	0.898595	-0.0259232	-0.438012	17.8804004237	Atom	
268.093	816.114	-4615.12	0.867379	0.082659	-0.490736	17.782958206	Atom	
269.116	816.212	-4615.69	0.81343	0.0580749	-0.578756	17.779164565	Atom	
269.855	816.265	-4616.22	0.796172	0.0540726	-0.602649	17.7762470629	Atom	
271.96	816.408	-4617.81	0.744321	0.0179796	-0.66758	17.767746015	Atom	
282.984	816.674	-4627.7	0.697472	0.0145926	-0.716464	17.7201092374	Atom	
286.107	816.739	-4630.91	0.768561	0.0217589	-0.639406	17.7056744357	Atom	
297.379	817.058	-4640.29	0.832946	-0.0289494	-0.552597	17.658374316	Atom	
310.25	816.611	-4648.83	0.829797	-0.044044	-0.556324	17.6084353404	Atom	
331.866	815.464	-4663.32	0.82675	-0.0493293	-0.560403	17.5240631329	Atom	
341.898	814.865	-4670.12	0.826799	-0.0450915	-0.560687	17.484613774	Atom	
351.542	814.339	-4676.66	0.829094	-0.0521359	-0.556673	17.4466276638	Atom	
358.21	813.92	-4681.14	0.691605	-0.160153	-0.704296	17.4203915419	Atom	
387.061	807.239	-4710.52	0.733515	-0.0945592	-0.673063	17.2841462899	Atom	
407.099	804.656	-4728.9	0.901922	-0.126063	-0.413091	17.1943821438	Atom	
418.197	803.105	-4733.99	0.892821	-0.166753	-0.418406	17.1537856764	Atom	
418.995	802.956	-4734.36	0.896197	-0.149723	-0.41763	17.150834347	Atom	
423.893	802.137	-4736.64	0.886659	-0.152085	-0.436699	17.1327656638	Atom	
433.033	800.57	-4741.14	0.890912	-0.169614	-0.421315	17.0986632506	Atom	
440.684	799.113	-4744.76	0.820813	0.0195226	-0.570863	17.0702066107	Atom	
444.287	799.199	-4747.27	0.833267	-0.181267	-0.522311	17.0556451919	Atom	
470.86	793.418	-4763.92	0.804918	-0.344257	-0.483315	16.9497680415	Atom	
477.834	790.435	-4768.11	0.803943	-0.363421	-0.470745	16.9208663147	Atom	
487.936	785.869	-4774.03	0.821018	-0.39031	-0.416638	16.8788919496	Atom	
489.125	785.304	-4774.63	0.816611	-0.391893	-0.423753	16.8740464525	Atom	
490.945	784.43	-4775.57	0.843013	-0.382688	-0.377994	16.8665826934	Atom	
494.282	782.915	-4777.07	0.819935	-0.395438	-0.413928	16.8533296332	Atom	
501.175	779.591	-4780.55	0.819288	-0.38076	-0.428707	16.8251600402	Atom	
524.562	768.722	-4792.79	0.798873	-0.601179	-0.01964	16.7293882125	Atom	
535.405	760.562	-4793.05	0.74688	-0.664958	-0.000600268	16.6836448863	Atom	
561.126	737.662	-4793.08	0.676735	-0.736188	0.00756565	16.5673453296	Atom	
563.09	735.526	-4793.05	0.648715	-0.756212	0.0855109	16.5574935446	Atom	
570.947	726.366	-4792.02	0.559045	-0.824815	0.084553	16.5163494834	Atom	
572.264	724.424	-4791.82	0.563258	-0.823115	0.0722677	16.5083331394	Atom	
590.778	697.368	-4789.44	0.480297	-0.865815	-0.140283	16.3964191184	Atom	
596.595	686.882	-4791.14	0.631516	-0.762567	-0.140278	16.3549648724	Atom	
608.337	672.704	-4793.75	0.605543	-0.776523	-0.174151	16.2912038611	Atom	
614.145	665.256	-4795.42	0.599671	-0.783558	-0.162579	16.2582126165	Atom	
615.699	663.225	-4795.84	0.605235	-0.780366	-0.157227	16.24928427	Atom	
616.549	662.13	-4796.06	0.525435	-0.827993	-0.195819	16.2444458149	Atom	
623.012	651.944	-4798.47	0.452206	-0.875683	-0.16938	16.2020393168	Atom	
646.584	606.297	-4807.3	0.401318	-0.886284	-0.23118	16.0219736201	Atom	
648.957	601.057	-4808.67	0.0840599	-0.934297	-0.346442	16.001373424	Atom	
649.478	595.263	-4810.82	0.17663	-0.948011	-0.264722	15.9797439355	Atom	
652.489	579.106	-4815.33	0.156839	-0.962281	-0.222301	15.9202413852	Atom	
653.303	574.11	-4816.48	0.202529	-0.961498	-0.185754	15.9020617239	Atom	
654.228	569.719	-4817.33	-0.0147644	-0.928779	-0.370339	15.8860582773	Atom	
654.159	565.42	-4819.04	-0.0220192	-0.995945	-0.0872281	15.8698239105	Atom	
653.831	550.542	-4820.35	-0.031327	-0.996137	-0.0820406	15.8173909068	Atom	
652.973	523.288	-4822.59	-0.0280527	-0.997299	-0.0678783	15.7211125453	Atom	
652.85	518.917	-4822.89	-0.0133014	-0.999823	-0.0133206	15.7056170655	Atom	
652.797	514.873	-4822.94	-0.0529707	-0.998362	-0.0216058	15.6913072491	Atom	
652.717	513.37	-4822.98	-0.0646694	-0.997266	-0.0357617	15.6859747033	Atom	
651.714	497.901	-4823.53	-0.0857676	-0.995716	-0.0345417	15.6310403108	Atom	
651.16	491.477	-4823.75	-0.0554738	-0.996798	-0.0575899	15.6081285078	Atom	
651.135	491.019	-4823.78	-0.0454351	-0.990239	-0.131769	15.6064967163	Atom	
651.06	489.387	-4824	-0.0490377	-0.991924	-0.116974	15.6006378021	Atom	
650.677	481.634	-4824.91	-0.0281274	-0.984836	-0.171195	15.5728376842	Atom	
650.445	473.499	-4826.33	-0.0543933	-0.990002	-0.130146	15.5434222499	Atom	
649.918	463.923	-4827.58	0.0396448	-0.993983	-0.102111	15.5089231079	Atom	
649.937	463.445	-4827.63	0.0634688	-0.995213	-0.0743123	15.5072053048	Atom	
649.993	462.573	-4827.7	0.237607	-0.558185	-0.794967	15.5040744655	Atom	
652.044	457.756	-4834.56	0.31996	-0.431297	-0.843569	15.4732312875	Atom	
654.457	454.502	-4840.92	0.392306	-0.606355	-0.691686	15.4462341322	Atom	
654.994	453.673	-4841.87	0.413866	-0.61216	-0.673777	15.4413320186	Atom	
670.48	430.767	-4867.08	0.506231	-0.506849	-0.697735	15.3071973678	Atom	
672.321	428.924	-4869.62	0.538347	-0.496006	-0.681294	15.2940759057	Atom	
702.164	401.428	-4907.39	0.611272	-0.408645	-0.677758	15.0938907656	Atom	
706.749	398.363	-4912.47	0.672832	-0.475149	-0.567037	15.0665246018	Atom	
722.902	386.956	-4926.08	0.677237	-0.489862	-0.548985	14.9788274282	Atom	
727.949	383.305	-4930.17	0.673767	-0.409754	-0.61493	14.9514771905	Atom	
736.119	378.337	-4937.63	0.790586	-0.475053	-0.386391	14.9069247556	Atom	
774.636	355.192	-4956.45	0.763311	-0.408265	-0.500676	14.7274850799	Atom	
786.175	349.02	-4964.02	0.753282	-0.342104	-0.561722	14.671290064	Atom	
786.653	348.803	-4964.38	0.865204	-0.19271	-0.46291	14.6689265639	Atom	
791.23	347.784	-4966.83	0.876036	-0.224333	-0.42689	14.6491998784	Atom	
793.562	347.187	-4967.96	0.935745	-0.206114	-0.286178	14.6392622245	Atom	
799.834	345.805	-4969.88	0.990011	-0.100825	-0.0985549	14.6142300732	Atom	
814.421	344.32	-4971.34	0.993621	-0.0854311	-0.0736173	14.5591325785	Atom	
816.525	344.139	-4971.49	0.993066	-0.0694065	-0.0948865	14.5511899353	Atom	
827.941	343.341	-4972.58	0.993868	-0.0280047	-0.106967	14.508062395	Atom	
834.248	343.163	-4973.26	0.990763	0.0487263	-0.126551	14.4841990794	Atom	
839.598	343.426	-4973.94	0.280128	-0.0478325	0.95877	14.4638646185	Atom	
842.212	342.98	-4965	0.351297	-0.249214	0.902487	14.4286925726	Atom	
844.309	341.493	-4959.61	0.337419	-0.313587	0.887587	14.4061579132	Atom	
847.039	338.955	-4952.43	0.38186	-0.313679	0.869361	14.375566001	Atom	
853.468	333.674	-4937.79	0.365795	-0.326277	0.871629	14.3118044492	Atom	
856.73	330.765	-4930.02	0.348606	-0.362701	0.864246	14.2779223653	Atom	
861.591	325.707	-4917.97	0.344315	-0.391527	0.853319	14.2248440449	Atom	
864.717	322.153	-4910.22	0.348454	-0.389783	0.852437	14.1901839442	Atom	
877.608	307.732	-4878.69	0.349783	-0.389108	0.852201	14.0486806692	Atom	
877.825	307.491	-4878.16	0.335294	-0.382685	0.860889	14.0462967056	Atom	
879.072	306.067	-4874.95	0.333568	-0.474266	0.814742	14.0319541906	Atom	
879.205	305.878	-4874.63	0.358965	-0.486222	0.7967	14.0304166458	Atom	
884.435	298.795	-4863.02	0.266775	-0.537404	0.800018	13.9742134402	Atom	
886.374	294.889	-4857.21	0.432396	-0.706203	0.560635	13.9460855898	Atom	
888.76	290.991	-4854.11	0.461579	-0.689337	0.558354	13.9246937783	Atom	
897.036	278.633	-4844.1	0.409348	-0.674841	0.614022	13.8551256174	Atom	
899.19	275.081	-4840.87	0.429146	-0.690297	0.582516	13.83462326	Atom	
907.021	262.484	-4830.24	0.39921	-0.681616	0.613213	13.7634637727	Atom	
917.729	244.202	-4813.8	0.413572	-0.709319	0.570811	13.6584572321	Atom	
928.418	225.869	-4799.04	0.417565	-0.725691	0.54682	13.5566772653	Atom	
930.401	222.423	-4796.45	0.686309	-0.633	0.358178	13.5378654945	Atom	
937.187	216.164	-4792.9	0.679291	-0.627847	0.379963	13.4986633899	Atom	
941.582	212.102	-4790.45	0.649619	-0.640511	0.409563	13.4729567429	Atom	
950.68	203.131	-4784.71	0.583792	-0.671439	0.456461	13.4172244341	Atom	
961.576	190.6	-4776.19	0.493095	-0.869691	0.0222443	13.3427227929	Atom	
963.873	186.548	-4776.09	0.599979	-0.793955	-0.0982825	13.3240489987	Atom	
970.783	177.404	-4777.22	0.582298	-0.807543	-0.0938253	13.2778265598	Atom	
975.497	170.867	-4777.98	0.596181	-0.798802	-0.0805132	13.2452541748	Atom	
981.894	162.295	-4778.84	0.755288	-0.62238	-0.205387	13.2019975608	Atom	
989.523	156.009	-4780.92	0.868954	-0.363515	-0.33582	13.1611793512	Atom	
991.769	155.069	-4781.78	0.856934	-0.378723	-0.349619	13.1507079227	Atom	
1003.84	149.735	-4786.71	0.835565	-0.414341	-0.360766	13.0936160758	Atom	
1007.3	148.017	-4788.2	0.783314	-0.602653	-0.15241	13.0767540792	Atom	
1009.5	146.329	-4788.63	0.800561	-0.569961	-0.185059	13.0653559179	Atom	
1025.04	135.265	-4792.22	0.836329	-0.423244	-0.348451	12.9862820459	Atom	
1043.72	125.811	-4800.01	0.857902	-0.411016	-0.308335	12.8948674135	Atom	
1052.6	121.558	-4803.2	0.870471	-0.491728	0.0220046	12.85229441	Atom	
1057.42	118.831	-4803.08	0.911272	-0.410285	0.0353512	12.8294189039	Atom	
1057.45	118.82	-4803.08	0.803995	-0.587746	0.0902586	12.8293135291	Atom	
1070.25	109.46	-4801.64	0.796067	-0.599475	0.0831118	12.7635409705	Atom	
1077.17	104.247	-4800.92	0.744814	-0.664517	0.0605661	12.7274813008	Atom	
1078.17	103.358	-4800.83	0.772048	-0.622082	-0.130217	12.7219243837	Atom	
1084.24	98.4679	-4801.86	0.784876	-0.609062	-0.114074	12.6892458617	Atom	
1095.63	89.6296	-4803.51	0.787196	-0.596325	-0.157224	12.6288083551	Atom	
1098.09	87.7673	-4804	0.893539	-0.405774	-0.192187	12.6157549452	Atom	
1100.98	86.4535	-4804.63	0.90461	-0.418531	-0.0806993	12.6022103811	Atom	
1105.89	84.1823	-4805.06	0.832008	-0.548761	-0.0813826	12.5794912166	Atom	
1105.91	84.1706	-4805.07	0.863581	-0.48649	-0.132496	12.5794018478	Atom	
1110.95	81.3294	-4805.84	0.847428	-0.510141	-0.147041	12.5549172588	Atom	
1125.56	72.5337	-4808.38	0.850917	-0.487312	-0.196132	12.482525589	Atom	
1142.29	62.9519	-4812.23	0.935464	-0.272048	-0.225603	12.3996075115	Atom	
1151.48	60.2806	-4814.45	0.936462	-0.258181	-0.237446	12.3579891405	Atom	
1161.73	57.4555	-4817.05	0.945423	-0.208262	-0.250604	12.3114927508	Atom	
1171.89	55.2157	-4819.74	0.942356	-0.22251	-0.249908	12.265664356	Atom	
1176.73	54.0748	-4821.02	0.943432	-0.247366	-0.220784	12.2437518853	Atom	
1187.06	51.3664	-4823.44	0.937393	-0.238578	-0.253722	12.1968982088	Atom	
1191.86	50.1428	-4824.74	0.93477	-0.202912	-0.291603	12.1748879657	Atom	
1205.22	47.2425	-4828.91	0.87845	-0.199651	-0.434125	12.1134631311	Atom	
1227.72	42.1302	-4840.02	0.8859	-0.226115	-0.405034	12.0029964445	Atom	
1233.26	40.7145	-4842.56	0.884517	-0.127905	-0.448631	11.9757989672	Atom	
1241.24	39.5611	-4846.61	0.896602	-0.0752818	-0.436392	11.9365587008	Atom	
1244.25	39.308	-4848.07	0.861823	-0.0403701	-0.5056	11.9218918899	Atom	
1246.56	39.1999	-4849.43	0.868725	-0.0268902	-0.494563	11.9102058205	Atom	
1254.68	38.9486	-4854.05	0.848196	0.0971289	-0.520701	11.8693745836	Atom	
1257.58	39.2805	-4855.83	0.844617	0.094434	-0.526977	11.8544041572	Atom	
1260.47	39.6043	-4857.63	0.827577	0.35413	-0.435556	11.8393711792	Atom	
1264.78	41.4484	-4859.9	0.890409	0.332045	-0.311317	11.8165135695	Atom	
1270.51	43.5826	-4861.9	0.856399	0.501365	-0.123344	11.7882604624	Atom	
1293.48	57.0347	-4865.21	0.83252	0.54054	-0.121351	11.6701066273	Atom	
1299.58	60.9927	-4866.1	0.79462	0.534436	-0.288023	11.6376155388	Atom	
1325.11	78.1645	-4875.36	0.816772	0.531488	-0.224508	11.494743345	Atom	
1335.27	84.7774	-4878.15	0.859235	0.481286	-0.173433	11.4388996534	Atom	
1361.08	99.2333	-4883.36	0.818739	0.489464	-0.300152	11.3035963761	Atom	
1361.67	99.584	-4883.57	0.613975	0.776172	-0.143498	11.3003397834	Atom	
1363.67	102.117	-4884.04	0.608045	0.775435	-0.170241	11.2855037232	Atom	
1368.16	107.84	-4885.3	0.75325	0.65463	-0.0638282	11.2519149572	Atom	
1370.91	110.231	-4885.53	0.797552	0.601887	-0.0405285	11.235258251	Atom	
1375.38	113.603	-4885.76	0.981001	0.19252	-0.0239243	11.2096805859	Atom	
1376.75	113.872	-4885.79	0.981696	0.187689	-0.0323344	11.2032837766	Atom	
1391.5	116.692	-4886.28	0.938948	0.342713	0.0303951	11.1345208461	Atom	
1396.65	118.572	-4886.11	0.967174	0.234434	0.0980541	11.1093022628	Atom	
1405.15	120.631	-4885.25	0.968259	0.249928	-0.00322908	11.068867829	Atom	
1406.15	120.891	-4885.25	0.978045	0.16587	0.126157	11.0640580742	Atom	
1416.86	122.707	-4883.87	0.882438	0.236783	-0.406493	11.0134826604	Atom	
1425.43	125.006	-4887.82	0.911822	0.14413	-0.384456	10.9684786685	Atom	
1428.33	125.465	-4889.04	0.906558	0.140417	-0.398039	10.9536829377	Atom	
1429.52	125.648	-4889.56	0.869434	0.188927	-0.456499	10.9476157823	Atom	
1434.19	126.664	-4892.02	0.780528	0.490147	-0.387983	10.9225732073	Atom	
1439.01	129.689	-4894.41	0.774418	0.511608	-0.372202	10.8937896457	Atom	
1448.76	136.133	-4899.1	0.79735	0.476719	-0.370098	10.8349327546	Atom	
1458.77	142.118	-4903.75	0.75451	0.507371	-0.416279	10.7760198921	Atom	
1461.44	143.909	-4905.21	0.697598	0.473824	-0.537446	10.759387463	Atom	
1462.15	144.396	-4905.77	0.668209	0.488227	-0.561365	10.7545418628	Atom	
1478.21	156.127	-4919.25	0.628897	0.578191	-0.519791	10.641169744	Atom	
1487.02	164.228	-4926.54	0.595709	0.58519	-0.550166	10.5745324546	Atom	
1492.38	169.492	-4931.49	0.585288	0.606848	-0.537749	10.5315443245	Atom	
1494.86	172.07	-4933.77	0.563886	0.578544	-0.589338	10.5111851187	Atom	
1499.43	176.758	-4938.55	0.691666	0.444978	-0.568853	10.472285591	Atom	
1504.37	179.931	-4942.6	0.705048	0.422007	-0.569927	10.4379600843	Atom	
1516.24	187.041	-4952.2	0.710374	0.394976	-0.582549	10.3566715397	Atom	
1523.46	191.05	-4958.12	0.789631	0.27768	-0.547153	10.3073995159	Atom	
1534.84	195.054	-4966.01	0.807986	0.216045	-0.548164	10.237165279	Atom	
1542.7	197.157	-4971.34	0.78531	0.222099	-0.577894	10.1895184476	Atom	
1548.77	198.871	-4975.8	0.777043	0.24434	-0.580088	10.1515913605	Atom	
1556.98	201.453	-4981.93	0.773003	0.205849	-0.600077	10.0995437315	Atom	
1559.29	202.069	-4983.73	0.730322	0.124908	-0.671586	10.0847255241	Atom	
1559.75	202.147	-4984.15	0.7404	0.27576	-0.612997	10.0816470124	Atom	
1562.23	203.071	-4986.2	0.601097	0.247504	-0.759885	10.0650617872	Atom	
1563.17	203.459	-4987.39	0.567033	0.239354	-0.788152	10.0572757955	Atom	
1572.24	207.288	-5000	0.567033	0.239354	-0.788152	9.97792586878	Region	
"-----------------------------------------------------------------"
"Trajectory"	140

"NbCollisions"	144
"Zmax"	0
"Display"	256

"Collisions"

"X"	"Y"	"Z"	"Rx"	"Ry"	"Rz"	"Energy"	"CollisionType"	
0.042312	0.145524	-5000	3.66188e-006	1.37543e-006	1	30	Region	
0.0423402	0.145535	-4992.29	0.00994321	0.0237967	0.999667	29.9835944825	Atom	
0.167464	0.444988	-4979.71	0.022816	0.0261726	0.999397	29.9567905575	Atom	
0.362699	0.668946	-4971.16	0.0359921	0.0217923	0.999114	29.9385509879	Atom	
1.2217	1.18905	-4947.32	0.0586437	0.0577775	0.996606	29.8876539058	Atom	
1.93946	1.8962	-4935.12	0.0558186	0.0495341	0.997211	29.8615171491	Atom	
2.44065	2.34097	-4926.17	0.0646373	0.0662539	0.995707	29.8423291074	Atom	
2.65861	2.56438	-4922.81	0.0387216	0.0889762	0.995281	29.8351194987	Atom	
2.78446	2.85357	-4919.57	-0.169264	0.190387	0.967007	29.8281690048	Atom	
2.47399	3.20279	-4917.8	-0.168925	0.200719	0.964975	29.8242457518	Atom	
1.17591	4.74518	-4910.38	-0.172089	0.140094	0.975069	29.8078080277	Atom	
0.83001	5.02678	-4908.42	-0.200045	0.0867109	0.975942	29.8035065048	Atom	
0.640464	5.10894	-4907.5	-0.20659	0.0953585	0.97377	29.8014785349	Atom	
0.0384718	5.3868	-4904.66	-0.252712	0.0745488	0.964665	29.7952414958	Atom	
-1.18596	5.74801	-4899.99	-0.277101	0.0967169	0.955961	29.7848691354	Atom	
-6.53012	7.61329	-4881.55	-0.287226	0.0879014	0.953821	29.7435707981	Atom	
-8.24646	8.13855	-4875.85	-0.280365	0.122322	0.952068	29.730760716	Atom	
-9.21641	8.56173	-4872.56	-0.293141	0.154821	0.94345	29.723341668	Atom	
-11.833	9.94366	-4864.14	-0.373069	0.229154	0.899059	29.7041963113	Atom	
-22.1042	16.2527	-4839.38	-0.386617	0.153907	0.909307	29.6451130315	Atom	
-31.016	19.8003	-4818.42	-0.405019	0.154673	0.90113	29.5955674979	Atom	
-34.1056	20.9802	-4811.55	-0.407413	0.145678	0.90155	29.5791494325	Atom	
-39.4926	22.9064	-4799.63	-0.420052	0.133815	0.89758	29.550678359	Atom	
-40.5541	23.2446	-4797.36	-0.398701	0.131526	0.9076	29.5452328372	Atom	
-41.1386	23.4374	-4796.03	-0.385437	0.143522	0.911504	29.5420731355	Atom	
-41.6698	23.6352	-4794.77	-0.412134	0.159084	0.897128	29.5391023964	Atom	
-43.7915	24.4542	-4790.16	-0.44582	0.203141	0.871768	29.5280057551	Atom	
-62.1603	32.8241	-4754.24	-0.432862	0.190353	0.881134	29.4391641974	Atom	
-68.0089	35.396	-4742.33	-0.437042	0.196261	0.877768	29.4099604881	Atom	
-82.3705	41.8454	-4713.49	-0.738369	0.321165	0.593012	29.3388782526	Atom	
-85.7578	43.3187	-4710.77	-0.745318	0.281355	0.604435	29.3289357062	Atom	
-95.984	47.1791	-4702.47	-0.71339	0.276028	0.644115	29.2991910517	Atom	
-114.916	54.5045	-4685.38	-0.710107	0.332085	0.620861	29.2416118479	Atom	
-126.302	59.8288	-4675.43	-0.716162	0.323083	0.618651	29.2067712373	Atom	
-129.472	61.259	-4672.69	-0.676643	0.289891	0.676844	29.1971428309	Atom	
-137.099	64.5266	-4665.06	-0.684544	0.274794	0.675194	29.1726187551	Atom	
-146.513	68.3059	-4655.77	-0.730866	0.223411	0.644921	29.1426763097	Atom	
-177.081	77.6497	-4628.8	-0.730568	0.216401	0.647643	29.05154625	Atom	
-179.942	78.4972	-4626.26	-0.737024	0.223404	0.637876	29.0429915129	Atom	
-184.988	80.0266	-4621.9	-0.749617	0.294384	0.592801	29.0280335406	Atom	
-186.045	80.442	-4621.06	-0.808756	0.187426	0.557481	29.0249497897	Atom	
-201.812	84.0959	-4610.19	-0.811409	0.182297	0.555323	28.9823337467	Atom	
-210.771	86.1087	-4604.06	-0.837427	0.175023	0.517767	28.95816967	Atom	
-216.487	87.3032	-4600.53	-0.852118	0.188544	0.488207	28.9432227672	Atom	
-220.05	88.0916	-4598.48	-0.817273	0.264011	0.512214	28.9340622148	Atom	
-248.257	97.2035	-4580.81	-0.839388	0.233269	0.490931	28.8584275148	Atom	
-284.578	107.297	-4559.56	-0.737485	-0.616234	-0.276354	28.7634043132	Atom	
-300.635	93.8802	-4565.58	-0.738278	-0.629606	-0.241955	28.7154653225	Atom	
-303.298	91.6086	-4566.45	-0.713948	-0.6491	-0.262579	28.7075106371	Atom	
-311.829	83.8527	-4569.59	-0.782114	-0.602286	-0.159842	28.6811614242	Atom	
-317.897	79.1801	-4570.83	-0.803817	-0.574295	-0.155125	28.6640405664	Atom	
-318.286	78.9018	-4570.91	-0.804369	-0.577897	-0.137932	28.6629705712	Atom	
-334.931	66.9433	-4573.76	-0.787577	-0.604622	-0.118974	28.6172816122	Atom	
-388.506	25.8143	-4581.85	-0.816361	-0.562832	0.129517	28.4668969968	Atom	
-419.715	4.29731	-4576.9	-0.834053	-0.492661	0.248275	28.3820248851	Atom	
-422.216	2.81973	-4576.16	-0.934645	-0.338989	-0.107358	28.3753506987	Atom	
-475.214	-16.4022	-4582.24	-0.928521	-0.364942	-0.0683074	28.2491425499	Atom	
-485.839	-20.5783	-4583.03	-0.912874	-0.402822	-0.0663029	28.2235828198	Atom	
-489.224	-22.0719	-4583.27	-0.935105	-0.349642	-0.0576978	28.2152947013	Atom	
-505.359	-28.1047	-4584.27	-0.93719	-0.343883	-0.0584788	28.1767179545	Atom	
-526.931	-36.0201	-4585.61	-0.954389	-0.2898	-0.0718194	28.125198877	Atom	
-530.149	-36.9975	-4585.86	-0.961079	-0.269386	-0.061306	28.1176391377	Atom	
-533.543	-37.9486	-4586.07	-0.821854	-0.389989	-0.415289	28.1097229582	Atom	
-539.434	-40.7438	-4589.05	-0.835542	-0.434959	-0.335678	28.0936502501	Atom	
-555.625	-49.1725	-4595.55	-0.921204	-0.296956	-0.251397	28.0501755518	Atom	
-570.43	-53.9451	-4599.59	-0.889592	-0.254999	-0.378947	28.0140740331	Atom	
-616.127	-67.0441	-4619.06	-0.850828	-0.377494	-0.365499	27.8985685112	Atom	
-620.457	-68.9652	-4620.92	-0.850006	-0.374215	-0.370746	27.8870876993	Atom	
-620.829	-69.1291	-4621.08	-0.869118	-0.286883	-0.402904	27.886099387	Atom	
-634.655	-73.6926	-4627.49	-0.878755	-0.250704	-0.406125	27.8502004059	Atom	
-642.832	-76.0256	-4631.27	-0.857857	-0.298232	-0.418495	27.8291778838	Atom	
-645.389	-76.9144	-4632.52	-0.958975	0.0450278	-0.27989	27.8224414398	Atom	
-698.636	-74.4142	-4648.06	-0.955433	0.0670005	-0.287505	27.6969047813	Atom	
-757.098	-70.3145	-4665.65	-0.958689	0.0415602	-0.281405	27.5580665292	Atom	
-758.821	-70.2398	-4666.16	-0.965277	-0.00717672	-0.261132	27.5539726787	Atom	
-783.367	-70.4223	-4672.8	-0.969851	-0.00990748	-0.243498	27.4960337374	Atom	
-820.23	-70.7989	-4682.05	-0.969711	0.00149171	-0.24425	27.4092903907	Atom	
-835.454	-70.7755	-4685.89	-0.966886	0.0163916	-0.254682	27.3733715596	Atom	
-840.232	-70.6945	-4687.15	-0.971816	0.0550443	-0.229224	27.3620525405	Atom	
-856.16	-69.7923	-4690.9	-0.984265	0.0491814	-0.169716	27.3245021314	Atom	
-931.007	-66.0524	-4703.81	-0.965629	-0.159379	-0.205325	27.1500902066	Atom	
-941.207	-67.7359	-4705.98	-0.960547	-0.223677	-0.165283	27.1257399503	Atom	
-955.89	-71.1549	-4708.5	-0.951408	-0.249513	-0.18046	27.0904770023	Atom	
-962.657	-72.9296	-4709.79	-0.899259	-0.434118	-0.0536208	27.0740514902	Atom	
-990.189	-86.2208	-4711.43	-0.911072	-0.395555	-0.11612	27.0033144844	Atom	
-1039.33	-107.557	-4717.69	-0.911353	-0.397427	-0.10718	26.8784325756	Atom	
-1052.76	-113.412	-4719.27	-0.907614	-0.410962	-0.0857155	26.8441982153	Atom	
-1078.63	-125.128	-4721.72	-0.913597	-0.404133	-0.0449085	26.7778820726	Atom	
-1082.63	-126.895	-4721.91	-0.900832	-0.425986	-0.0838861	26.7676907219	Atom	
-1091.75	-131.208	-4722.76	-0.913413	-0.399961	-0.075547	26.744087229	Atom	
-1104.07	-136.604	-4723.78	-0.927411	-0.369191	-0.0600664	26.7126094013	Atom	
-1105.32	-137.101	-4723.86	-0.928763	-0.358993	-0.0923196	26.7094674373	Atom	
-1140.41	-150.666	-4727.35	-0.923585	-0.374193	-0.0834857	26.6212227317	Atom	
-1140.47	-150.69	-4727.35	-0.917367	-0.376887	-0.128042	26.6210697591	Atom	
-1154.77	-156.563	-4729.35	-0.920192	-0.366686	-0.137072	26.5845839571	Atom	
-1160.09	-158.682	-4730.14	-0.940972	-0.18549	-0.283135	26.5710352178	Atom	
-1213.43	-169.198	-4746.19	-0.954293	-0.186682	-0.233397	26.4380872718	Atom	
-1262.86	-178.867	-4758.28	-0.984301	-0.0821831	-0.1562	26.3161411205	Atom	
-1271.05	-179.551	-4759.58	-0.980181	-0.103029	-0.169203	26.2964695739	Atom	
-1271.57	-179.605	-4759.67	-0.960606	-0.203282	-0.189507	26.2952226651	Atom	
-1274.14	-180.149	-4760.18	-0.93514	-0.204127	-0.289562	26.2888963125	Atom	
-1277.22	-180.821	-4761.13	-0.926716	-0.202191	-0.316728	26.2811159277	Atom	
-1298.48	-185.46	-4768.4	-0.746231	-0.199412	-0.635117	26.2268423198	Atom	
-1320.39	-191.316	-4787.05	-0.755726	-0.205032	-0.621965	26.1572513457	Atom	
-1331.46	-194.319	-4796.16	-0.792349	-0.122667	-0.597608	26.1224794752	Atom	
-1345.64	-196.514	-4806.85	-0.809159	-0.096837	-0.579555	26.0799475456	Atom	
-1360.71	-198.317	-4817.64	-0.792915	-0.074965	-0.604703	26.0356295425	Atom	
-1368.59	-199.062	-4823.65	-0.730067	-0.0636863	-0.680402	26.0119485152	Atom	
-1390.35	-200.96	-4843.93	-0.722854	-0.0346572	-0.690131	25.9408577097	Atom	
-1397.88	-201.322	-4851.13	-0.69814	-0.113707	-0.706875	25.9159332604	Atom	
-1425.46	-205.812	-4879.05	-0.693162	-0.0145307	-0.720636	25.8214663495	Atom	
-1441.61	-206.151	-4895.84	-0.717976	-0.00932967	-0.696005	25.7655511467	Atom	
-1501.64	-206.931	-4954.03	-0.731039	0.00121215	-0.682334	25.5646546181	Atom	
-1508.52	-206.92	-4960.45	-0.723769	-0.00863918	-0.689988	25.5418937652	Atom	
-1514.72	-206.994	-4966.37	-0.717794	-0.0253511	-0.695794	25.5211625896	Atom	
-1520.15	-207.185	-4971.63	-0.778097	0.0528552	-0.625917	25.5028493533	Atom	
-1523.22	-206.976	-4974.1	-0.778855	0.0576703	-0.624547	25.4932784574	Atom	
-1526.86	-206.707	-4977.02	-0.758301	0.0103876	-0.651822	25.4819709277	Atom	
-1553.6	-206.341	-5000	-0.758301	0.0103876	-0.651822	25.3964887978	Region	
"-----------------------------------------------------------------"
"Trajectory"	149

"NbCollisions"	295
"Zmax"	0
"Display"	256

"Collisions"

"X"	"Y"	"Z"	"Rx"	"Ry"	"Rz"	"Energy"	"CollisionType"	
0.165991	-0.0803959	-5000	2.98745e-008	-9.66896e-008	1	30	Region	
0.165992	-0.080397	-4989.29	-0.0309521	0.0225534	0.999266	29.9772015257	Atom	
-0.338481	0.287189	-4973.01	-0.0142962	-0.0203392	0.999691	29.9424794109	Atom	
-0.559494	-0.0272457	-4957.55	-0.000524707	-0.00518566	0.999986	29.9095140645	Atom	
-0.586593	-0.295068	-4905.9	0.165486	-0.0335127	0.985642	29.7992876917	Atom	
0.590082	-0.533357	-4898.9	0.179511	-0.0550221	0.982216	29.7840676023	Atom	
0.982306	-0.653578	-4896.75	0.197935	-0.0124916	0.980136	29.779388709	Atom	
3.34789	-0.802869	-4885.04	0.187571	0.0389669	0.981478	29.7537928803	Atom	
7.66132	0.0932253	-4862.47	0.228184	0.0327551	0.973067	29.7045083284	Atom	
9.55862	0.365577	-4854.38	0.28979	0.0751034	0.954139	29.6866648714	Atom	
10.5477	0.621906	-4851.12	0.276937	0.0710313	0.958259	29.6793370818	Atom	
17.3951	2.3782	-4827.43	0.309068	0.1093	0.944738	29.6262401312	Atom	
24.3169	4.82603	-4806.27	0.316494	0.133615	0.939137	29.5780785538	Atom	
37.2641	10.292	-4767.85	0.301067	0.0685773	0.951134	29.4899901908	Atom	
43.5367	11.7208	-4748.03	0.330148	0.0879605	0.939822	29.4450200803	Atom	
52.6229	14.1416	-4722.17	0.363336	0.0843989	0.927827	29.3855441848	Atom	
53.0716	14.2458	-4721.02	0.351854	0.127467	0.927335	29.3828711448	Atom	
80.4669	24.1704	-4648.82	0.344044	0.102417	0.933351	29.2143269742	Atom	
81.2403	24.4006	-4646.72	0.308855	0.128796	0.942348	29.2094385621	Atom	
91.3556	28.6188	-4615.86	0.307612	0.12153	0.943719	29.1382063486	Atom	
97.8919	31.2011	-4595.81	0.332196	0.0988047	0.938021	29.0919019194	Atom	
106.083	33.6375	-4572.67	0.420827	0.174907	0.890119	29.0380977614	Atom	
114.626	37.1883	-4554.6	0.419746	0.181322	0.889345	28.9937371601	Atom	
126.105	42.1467	-4530.28	0.494475	-0.00138745	0.869191	28.9339084156	Atom	
137.345	42.1152	-4510.53	0.483395	0.0160877	0.875254	28.8840933231	Atom	
156.113	42.7398	-4476.55	0.471628	0.0212448	0.881542	28.7988937818	Atom	
164.104	43.0997	-4461.61	0.411254	0.0673695	0.909028	28.7616225156	Atom	
165.402	43.3123	-4458.74	0.44246	0.100813	0.891104	28.754674334	Atom	
176.445	45.8286	-4436.5	0.463985	0.0727488	0.882851	28.6997053778	Atom	
186.195	47.3573	-4417.95	0.502927	0.042971	0.86326	28.6533556115	Atom	
193.667	47.9957	-4405.12	0.528276	0.0296663	0.848554	28.6205450239	Atom	
196.177	48.1366	-4401.09	0.479259	0.017726	0.877494	28.6100416372	Atom	
208.362	48.5873	-4378.78	0.4448	0.024869	0.895284	28.5538217498	Atom	
217.008	49.0707	-4361.38	0.380628	0.055224	0.923078	28.5107741321	Atom	
218.408	49.2738	-4357.98	0.623134	0.32144	0.713008	28.502619733	Atom	
219.859	50.0221	-4356.32	0.495027	0.23205	0.837318	28.4974568725	Atom	
221.708	50.8891	-4353.19	0.535113	0.228784	0.813211	28.4891691942	Atom	
221.734	50.8999	-4353.16	0.492712	0.204961	0.84571	28.4890639528	Atom	
227.151	53.1537	-4343.86	0.550672	0.0997186	0.828744	28.4646669641	Atom	
233.093	54.2296	-4334.91	0.553061	0.093735	0.827851	28.4407140042	Atom	
237.273	54.9382	-4328.66	0.351072	0.760374	0.546425	28.4239190682	Atom	
240.621	62.1876	-4323.45	0.341948	0.754646	0.559983	28.4027276594	Atom	
240.774	62.5265	-4323.2	0.375506	0.728518	0.572936	28.4017288359	Atom	
241.757	64.4328	-4321.7	0.264655	0.453215	0.851208	28.3959090127	Atom	
244.21	68.6343	-4313.81	0.276568	0.438782	0.854974	28.3752873291	Atom	
247.347	73.6114	-4304.11	0.303933	0.438215	0.845927	28.3500404332	Atom	
248.934	75.8991	-4299.69	0.291003	0.360579	0.886172	28.3384125489	Atom	
251.808	79.4606	-4290.94	0.24768	0.310063	0.917886	28.3164057814	Atom	
260.969	90.9289	-4256.99	0.206673	0.377382	0.902701	28.2339450065	Atom	
263.476	95.5057	-4246.04	0.203644	0.357486	0.911446	28.2068440447	Atom	
264.714	97.68	-4240.5	0.180952	0.344532	0.92117	28.1932423282	Atom	
265.278	98.7539	-4237.63	0.183417	0.35109	0.918201	28.1862690223	Atom	
267.295	102.613	-4227.53	0.17198	0.356217	0.91844	28.1616717959	Atom	
270.773	109.819	-4208.95	0.0620292	0.141753	0.987957	28.1163795322	Atom	
270.793	109.865	-4208.63	-0.102253	0.141617	0.984626	28.1156474105	Atom	
270.492	110.282	-4205.73	-0.0856066	0.111249	0.990099	28.1090468611	Atom	
264.511	118.055	-4136.55	-0.269861	-0.0551596	0.961318	27.952352244	Atom	
247.595	114.598	-4076.29	-0.274411	-0.0554848	0.96001	27.8111579072	Atom	
247.335	114.545	-4075.38	-0.272152	-0.218379	0.937147	27.8090110643	Atom	
247.272	114.494	-4075.16	-0.128059	-0.135979	0.9824	27.8084872853	Atom	
246.652	113.836	-4070.41	-0.143013	-0.309122	0.940208	27.7975439187	Atom	
244.274	108.697	-4054.78	-0.195676	-0.226425	0.954171	27.7599289662	Atom	
244.004	108.384	-4053.46	-0.166309	-0.294525	0.941061	27.7567979606	Atom	
243.505	107.501	-4050.64	-0.173646	-0.290561	0.940968	27.7500071234	Atom	
235.719	94.4727	-4008.45	-0.216777	0.0108284	0.976161	27.6484209805	Atom	
232.838	94.6167	-3995.47	-0.227926	0.0418981	0.972777	27.6182219441	Atom	
232.427	94.6921	-3993.72	-0.218082	0.0018309	0.975929	27.614124984	Atom	
231.476	94.7001	-3989.46	-0.187669	0.0309582	0.981744	27.6041982067	Atom	
223.061	96.0883	-3945.44	-0.285408	0.0579533	0.956652	27.502183691	Atom	
222.761	96.1491	-3944.44	-0.270335	0.0384466	0.961998	27.4997874436	Atom	
221.759	96.2916	-3940.87	-0.24306	0.128473	0.961466	27.4913301452	Atom	
221.178	96.5985	-3938.57	0.486764	0.815707	-0.312542	27.4858772765	Atom	
233.691	117.567	-3946.61	0.249368	0.904729	-0.34537	27.4271932825	Atom	
236.582	128.055	-3950.61	0.248845	0.9056	-0.343461	27.4006843238	Atom	
240.549	142.492	-3956.09	0.243395	0.911123	-0.332585	27.364201464	Atom	
245.686	161.723	-3963.11	0.234531	0.918688	-0.317818	27.3158476947	Atom	
247.7	169.61	-3965.84	0.219546	0.928453	-0.299623	27.2961505968	Atom	
265.879	246.49	-3990.65	0.283548	0.880231	-0.380518	27.1060746688	Atom	
271.642	264.382	-3998.38	0.347968	0.850802	-0.393769	27.0591573963	Atom	
276.005	275.048	-4003.32	0.337184	0.860591	-0.381693	27.0301798628	Atom	
289.274	308.914	-4018.34	0.34014	0.855348	-0.390748	26.9391428069	Atom	
293.143	318.644	-4022.78	0.316175	0.859433	-0.401757	26.9127561589	Atom	
295.507	325.071	-4025.79	0.357743	0.883344	-0.30286	26.895395656	Atom	
301.14	338.979	-4030.55	0.388684	0.879999	-0.272994	26.8588284799	Atom	
304.053	345.574	-4032.6	0.379104	0.878143	-0.291795	26.8414033146	Atom	
311.579	363.006	-4038.39	0.370557	0.872956	-0.317231	26.7952212218	Atom	
314.317	369.459	-4040.74	0.396917	0.851136	-0.343546	26.7780033294	Atom	
317.75	376.819	-4043.71	0.404701	0.856805	-0.319535	26.7578482589	Atom	
328.515	399.611	-4052.21	0.4111	0.857982	-0.308	26.695812661	Atom	
331.526	405.895	-4054.46	0.325562	0.884176	-0.335027	26.6787008062	Atom	
337.911	423.236	-4061.04	0.249651	0.932759	-0.260068	26.6328544796	Atom	
339.053	427.5	-4062.22	0.243803	0.927396	-0.283719	26.6221528839	Atom	
348.639	463.966	-4073.38	0.27811	0.916156	-0.288641	26.5300831278	Atom	
350.105	468.796	-4074.9	0.314687	0.892279	-0.323743	26.5177051228	Atom	
358.529	492.682	-4083.57	0.369638	0.846037	-0.384173	26.4548282668	Atom	
363.563	504.202	-4088.8	0.393838	0.830092	-0.394765	26.422784054	Atom	
366.938	511.317	-4092.18	0.402264	0.856319	-0.323886	26.4025953636	Atom	
388.154	556.48	-4109.27	0.422295	0.831826	-0.360183	26.2782857431	Atom	
407.708	594.997	-4125.94	0.421653	0.840191	-0.34101	26.1687408842	Atom	
421.061	621.605	-4136.74	0.428201	0.825375	-0.367966	26.093570955	Atom	
422.502	624.382	-4137.98	0.443389	0.821795	-0.357853	26.085564263	Atom	
422.886	625.093	-4138.29	0.453604	0.816717	-0.356676	26.0835064359	Atom	
438.247	652.751	-4150.37	0.4617	0.825958	-0.323459	26.0029161039	Atom	
440.127	656.115	-4151.69	0.477396	0.817071	-0.323245	25.993199633	Atom	
451.287	675.214	-4159.24	0.463825	0.849624	-0.251008	25.9374172819	Atom	
451.558	675.712	-4159.39	0.485308	0.843319	-0.230844	25.9360177146	Atom	
461.091	692.277	-4163.92	0.457352	0.851642	-0.255998	25.8890596055	Atom	
468.252	705.611	-4167.93	0.467821	0.834902	-0.289969	25.8515793449	Atom	
492.727	749.291	-4183.1	0.479336	0.83891	-0.257811	25.726190703	Atom	
496.873	756.547	-4185.33	0.691319	0.716107	-0.0962748	25.7053791576	Atom	
506.918	766.952	-4186.73	0.837998	0.53152	-0.123477	25.6703978342	Atom	
519.245	774.771	-4188.55	0.850397	0.525414	-0.027668	25.6349464615	Atom	
570.258	806.289	-4190.21	0.873617	0.486356	-0.0158387	25.4902110428	Atom	
576.794	809.928	-4190.33	0.846814	0.530248	-0.041741	25.4720806566	Atom	
593.2	820.2	-4191.13	0.791094	0.611392	-0.0192249	25.4251007742	Atom	
621.557	842.116	-4191.82	0.774023	0.632363	-0.0317059	25.338050491	Atom	
633.536	851.903	-4192.31	0.807897	0.58796	-0.0400687	25.3003618525	Atom	
650.82	864.482	-4193.17	0.8193	0.570786	-0.0543176	25.2482045793	Atom	
661.747	872.094	-4193.9	0.821238	0.566687	-0.06659	25.2156372041	Atom	
662.501	872.615	-4193.96	0.833428	0.544362	-0.0952195	25.2133919634	Atom	
664.906	874.185	-4194.23	0.86829	0.48954	-0.0801432	25.2063391498	Atom	
669.318	876.673	-4194.64	0.87584	0.473765	-0.0919346	25.19391407	Atom	
678.05	881.396	-4195.56	0.875024	0.470384	-0.114335	25.1695272884	Atom	
679.071	881.945	-4195.69	0.87454	0.475311	-0.0962262	25.1666695249	Atom	
684.367	884.823	-4196.27	0.867844	0.479678	-0.129445	25.1518442741	Atom	
697.88	892.293	-4198.29	0.856136	0.488987	-0.167104	25.1137047535	Atom	
701.702	894.475	-4199.03	0.859653	0.48888	-0.148298	25.1027579516	Atom	
717.274	903.331	-4201.72	0.763855	0.602424	-0.231541	25.0583213969	Atom	
723.209	908.012	-4203.52	0.751314	0.622933	-0.217903	25.0392329358	Atom	
733.455	916.507	-4206.49	0.82674	0.495771	-0.265919	25.0057116616	Atom	
747.444	924.896	-4210.99	0.735338	0.608493	0.298352	24.9640748303	Atom	
755.623	931.664	-4207.67	0.758287	0.555448	0.341289	24.9366696863	Atom	
762.305	936.558	-4204.66	0.715708	0.606216	0.346792	24.9149403389	Atom	
767.278	940.771	-4202.25	0.71947	0.599764	0.350207	24.8977909449	Atom	
767.704	941.126	-4202.05	0.713313	0.583023	0.388934	24.8963314597	Atom	
768.635	941.887	-4201.54	0.723428	0.588894	0.360355	24.8931070736	Atom	
784.438	954.751	-4193.67	0.73165	0.59459	0.333392	24.8391617346	Atom	
807.294	973.325	-4183.25	0.743085	0.588786	0.318049	24.7618876142	Atom	
810.17	975.604	-4182.02	0.764803	0.583295	0.273574	24.752290256	Atom	
812.48	977.366	-4181.2	0.769369	0.578995	0.269883	24.7447962879	Atom	
816.468	980.367	-4179.8	0.762187	0.598874	0.245805	24.7319351099	Atom	
862.784	1016.76	-4164.86	0.736107	0.640859	0.217822	24.5811005415	Atom	
868.802	1022	-4163.08	0.782285	0.57435	0.241146	24.5607076979	Atom	
878.097	1028.82	-4160.21	0.729385	0.638218	0.246323	24.5310519737	Atom	
878.465	1029.14	-4160.09	0.730679	0.635181	0.250304	24.529791043	Atom	
908.057	1054.87	-4149.95	0.743838	0.609735	0.273732	24.4286092059	Atom	
928.213	1071.39	-4142.54	0.747179	0.61188	0.259472	24.3606909919	Atom	
936.569	1078.23	-4139.63	0.724529	0.637976	0.260852	24.3325976014	Atom	
943.21	1084.08	-4137.24	0.719547	0.632174	0.287416	24.3095495092	Atom	
967.455	1105.38	-4127.56	0.708913	0.680032	0.187079	24.2247658143	Atom	
987.212	1124.33	-4122.34	0.679139	0.713853	0.170833	24.154447895	Atom	
989.324	1126.55	-4121.81	0.670834	0.727446	0.144238	24.1465834273	Atom	
999.5	1137.59	-4119.62	0.587523	0.7846	0.19804	24.1082094395	Atom	
1040.85	1192.81	-4105.69	0.583555	0.787724	0.197369	23.9299427143	Atom	
1045.09	1198.53	-4104.25	0.572396	0.789144	0.222742	23.911458167	Atom	
1052.49	1208.73	-4101.37	0.575491	0.795765	0.188594	23.8784896084	Atom	
1075.53	1240.6	-4093.82	0.578194	0.797369	0.1729	23.7763092924	Atom	
1075.61	1240.71	-4093.8	0.582337	0.792433	0.181477	23.7759554692	Atom	
1087.64	1257.08	-4090.05	0.596844	0.784969	0.166135	23.7230445042	Atom	
1105.22	1280.2	-4085.16	0.596456	0.785621	0.164439	23.6474945931	Atom	
1123.9	1304.8	-4080.01	0.624316	0.76319	0.166646	23.5669577369	Atom	
1141.67	1326.52	-4075.26	0.587213	0.799999	0.123215	23.4935675972	Atom	
1195.2	1399.45	-4064.03	0.613777	0.782214	0.106861	23.2579367514	Atom	
1205.02	1411.96	-4062.32	0.588951	0.757177	0.282525	23.2162581094	Atom	
1217.12	1427.52	-4056.51	0.59467	0.758921	0.265343	23.1626251109	Atom	
1219.36	1430.38	-4055.52	0.56581	0.781732	0.262209	23.1527969062	Atom	
1225.88	1439.38	-4052.5	0.585993	0.770899	0.249654	23.1226720775	Atom	
1231.82	1447.2	-4049.96	0.616674	0.726115	0.304089	23.0961236585	Atom	
1250.3	1468.96	-4040.85	0.622528	0.724719	0.295367	23.0176011436	Atom	
1250.83	1469.58	-4040.6	0.643759	0.705635	0.296063	23.0153545811	Atom	
1278.84	1500.28	-4027.72	0.599516	0.747672	0.285601	22.9010760627	Atom	
1279.55	1501.17	-4027.38	0.599897	0.730108	0.327208	22.8979231612	Atom	
1298.94	1524.77	-4016.8	0.616463	0.731043	0.292487	22.8126686457	Atom	
1303.9	1530.65	-4014.45	0.60903	0.732801	0.303455	22.7913909795	Atom	
1305.66	1532.77	-4013.57	0.572924	0.760332	0.306028	22.7837430124	Atom	
1311.65	1540.72	-4010.37	0.553454	0.761715	0.336865	22.7560298884	Atom	
1318.85	1550.62	-4005.99	0.526806	0.785322	0.325185	22.7215787754	Atom	
1329.21	1566.06	-3999.6	0.473208	0.827195	0.303022	22.6693947277	Atom	
1337.77	1581.03	-3994.11	0.554545	0.785469	0.274807	22.6212794502	Atom	
1344.3	1590.29	-3990.88	0.572003	0.781146	0.250245	22.5899048815	Atom	
1368.59	1623.46	-3980.25	0.570549	0.790888	0.221292	22.4766870204	Atom	
1370.53	1626.14	-3979.5	0.586543	0.773323	0.240705	22.4676023956	Atom	
1384.28	1644.28	-3973.86	0.592327	0.774234	0.222957	22.4048217874	Atom	
1391.85	1654.16	-3971.01	0.563181	0.793301	0.231305	22.3705640395	Atom	
1412.87	1683.78	-3962.37	0.55624	0.783663	0.276532	22.2702570754	Atom	
1417.24	1689.93	-3960.2	0.573405	0.775024	0.265603	22.2490822535	Atom	
1419.55	1693.06	-3959.13	0.562442	0.797075	0.219844	22.2382178505	Atom	
1431.59	1710.12	-3954.43	0.561031	0.786338	0.258681	22.1804457635	Atom	
1439.86	1721.71	-3950.61	0.572646	0.779499	0.253886	22.1405746336	Atom	
1467.08	1758.76	-3938.55	0.500872	0.83397	0.231562	22.0118470715	Atom	
1468.08	1760.42	-3938.08	0.492781	0.843323	0.214414	22.006408229	Atom	
1479.26	1779.57	-3933.22	0.427353	0.883288	0.192797	21.9446241246	Atom	
1512.37	1847.99	-3918.28	0.463463	0.855296	0.231672	21.7333554815	Atom	
1527.25	1875.45	-3910.84	0.537828	0.797171	0.274332	21.6450921276	Atom	
1531.1	1881.16	-3908.88	0.510886	0.818795	0.26186	21.6253549044	Atom	
1546.62	1906.03	-3900.92	0.514491	0.811102	0.278233	21.541538004	Atom	
1547.81	1907.91	-3900.28	0.646944	0.29591	-0.702781	21.5351475421	Atom	
1571.96	1918.95	-3926.52	0.757575	0.306576	-0.576274	21.4318060661	Atom	
1573.41	1919.54	-3927.62	0.746419	0.246109	-0.618295	21.4264961021	Atom	
1590.71	1925.24	-3941.95	0.746319	0.112066	-0.656086	21.362086615	Atom	
1602.01	1926.94	-3951.88	0.756804	0.0973039	-0.646359	21.31991214	Atom	
1619.77	1929.22	-3967.05	0.671579	0.169997	-0.721168	21.2544403391	Atom	
1632.19	1932.37	-3980.39	0.641776	0.129615	-0.755859	21.2026840838	Atom	
1639.78	1933.9	-3989.33	0.649191	0.226869	-0.726004	21.1695531771	Atom	
1658.07	1940.29	-4009.79	0.664759	0.204082	-0.718641	21.0905081687	Atom	
1680.32	1947.13	-4033.84	0.655722	0.19452	-0.729514	20.996338203	Atom	
1685.27	1948.59	-4039.35	0.665808	0.203301	-0.717892	20.9750050899	Atom	
1707.38	1955.34	-4063.18	0.564075	0.0878341	-0.821039	20.8811990503	Atom	
1707.47	1955.36	-4063.32	0.57718	0.0625587	-0.814217	20.8807035169	Atom	
1711.68	1955.81	-4069.25	0.595984	0.0751438	-0.799473	20.8600460215	Atom	
1721.07	1957	-4081.85	0.632941	0.0750236	-0.770556	20.8153266988	Atom	
1727.56	1957.77	-4089.76	0.502084	-0.0923064	-0.859879	20.786150203	Atom	
1727.76	1957.73	-4090.08	0.488825	-0.0840014	-0.868328	20.7850681311	Atom	
1741.09	1955.44	-4113.76	0.479747	-0.161152	-0.862481	20.7074496161	Atom	
1758.17	1949.71	-4144.47	0.442157	-0.228187	-0.867426	20.6058287145	Atom	
1765.69	1945.82	-4159.23	0.435906	-0.200223	-0.877438	20.5570754429	Atom	
1766.47	1945.46	-4160.8	0.429645	-0.208851	-0.878514	20.5519178345	Atom	
1767.47	1944.98	-4162.84	0.447824	-0.206087	-0.870047	20.5452488115	Atom	
1772.15	1942.82	-4171.94	0.598019	-0.166504	-0.783996	20.5152362707	Atom	
1773.03	1942.58	-4173.09	0.596852	-0.183406	-0.781108	20.5110007463	Atom	
1796.29	1935.43	-4203.53	0.616591	-0.170193	-0.768667	20.3989175782	Atom	
1799.57	1934.53	-4207.63	0.584644	-0.116326	-0.802907	20.3835420442	Atom	
1799.8	1934.48	-4207.93	0.617073	-0.109914	-0.779192	20.3824481991	Atom	
1803.7	1933.79	-4212.86	0.564011	-0.0556928	-0.823887	20.3641611859	Atom	
1816.1	1932.56	-4230.97	0.589591	-0.0457849	-0.806403	20.300592163	Atom	
1826.8	1931.73	-4245.61	0.601551	-0.0607628	-0.79652	20.2479530778	Atom	
1830.82	1931.32	-4250.94	0.513202	0.0925402	-0.853265	20.2285324873	Atom	
1834.07	1931.91	-4256.34	0.490148	0.0861192	-0.867374	20.2101231222	Atom	
1838.37	1932.67	-4263.94	0.483985	0.236049	-0.842639	20.184616216	Atom	
1842.02	1934.44	-4270.3	0.487383	0.227852	-0.842936	20.1626603285	Atom	
1861.98	1943.77	-4304.81	0.58163	0.277594	-0.764623	20.0433178678	Atom	
1864.85	1945.15	-4308.59	0.682447	0.259323	-0.683387	20.0288523525	Atom	
1882.93	1952.02	-4326.69	0.654601	0.288941	-0.698578	19.951221773	Atom	
1891.79	1955.93	-4336.15	0.599374	0.347697	-0.721011	19.9114282447	Atom	
1909.47	1966.18	-4357.42	0.591437	0.347562	-0.727601	19.8246338056	Atom	
1911.4	1967.32	-4359.79	0.544776	0.318476	-0.775753	19.814982728	Atom	
1912.62	1968.03	-4361.53	0.52267	0.363068	-0.771361	19.8083696084	Atom	
1916.23	1970.54	-4366.85	0.486561	0.361563	-0.795318	19.7879812007	Atom	
1918.62	1972.32	-4370.77	0.450183	0.384518	-0.805904	19.7734095419	Atom	
1918.8	1972.47	-4371.09	0.459435	0.277077	-0.843889	19.7722197901	Atom	
1921.62	1974.17	-4376.26	0.389622	0.386712	-0.835852	19.7540920246	Atom	
1922.53	1975.07	-4378.21	-0.0766217	0.369949	-0.925887	19.747181412	Atom	
1916.26	2005.31	-4453.9	-0.0845771	0.377783	-0.922023	19.505004301	Atom	
1912.83	2020.67	-4491.38	0.206247	0.291972	-0.933924	19.3834209745	Atom	
1922.49	2034.35	-4535.13	0.203681	0.303871	-0.930686	19.242626292	Atom	
1922.74	2034.72	-4536.26	0.211352	0.237424	-0.948135	19.2389435548	Atom	
1924.14	2036.3	-4542.58	0.238757	0.235402	-0.942115	19.2187963485	Atom	
1925.29	2037.43	-4547.11	0.34514	0.23377	-0.908972	19.2042435264	Atom	
1933.09	2042.71	-4567.64	0.40606	0.229478	-0.884565	19.13585372	Atom	
1938.01	2045.49	-4578.36	0.416467	0.235914	-0.878009	19.0990574923	Atom	
1962.13	2059.16	-4629.22	0.409692	0.231887	-0.882259	18.9229358456	Atom	
1964.11	2060.28	-4633.48	0.419662	0.225743	-0.879161	18.9081508825	Atom	
1966.51	2061.57	-4638.52	0.422221	0.238456	-0.874568	18.8905947698	Atom	
1985.23	2072.14	-4677.29	0.39102	0.216066	-0.894662	18.7546302876	Atom	
1989.4	2074.44	-4686.82	0.353882	0.230625	-0.90641	18.7217793298	Atom	
1999.63	2081.11	-4713.03	0.359289	0.22998	-0.904445	18.6324632532	Atom	
2012.82	2089.55	-4746.23	0.561562	0.256399	-0.786707	18.5186922049	Atom	
2015.25	2090.66	-4749.63	0.551395	0.20351	-0.809041	18.5052438947	Atom	
2022.69	2093.41	-4760.55	0.579598	0.131609	-0.804205	18.4631731179	Atom	
2028.4	2094.7	-4768.47	0.623761	0.0146201	-0.781479	18.4324336769	Atom	
2048.2	2095.17	-4793.28	0.49111	0.00611096	-0.871076	18.3331886469	Atom	
2052.08	2095.22	-4800.17	0.497207	-0.0232032	-0.867322	18.3083741784	Atom	
2057.34	2094.97	-4809.33	0.506453	-0.029549	-0.861761	18.275156622	Atom	
2062.49	2094.67	-4818.09	0.502525	-0.0172699	-0.86439	18.2431823742	Atom	
2072.11	2094.34	-4834.65	0.581336	-0.316152	-0.749731	18.1828251911	Atom	
2076.07	2092.19	-4839.76	0.54148	-0.294583	-0.787414	18.1612982606	Atom	
2084.77	2087.45	-4852.41	0.193688	-0.250238	-0.948613	18.1104795486	Atom	
2086.23	2085.58	-4859.52	0.179525	-0.248615	-0.95182	18.0867261862	Atom	
2094.06	2074.73	-4901.06	0.236358	-0.24575	-0.940075	17.9482706603	Atom	
2100.19	2068.35	-4925.44	0.258901	-0.21499	-0.941674	17.8655335183	Atom	
2116.84	2054.53	-4985.98	0.269623	-0.244052	-0.931527	17.6596138735	Atom	
2118.63	2052.91	-4992.17	0.299694	-0.27293	-0.914162	17.6381432677	Atom	
2121.19	2050.57	-5000	0.299694	-0.27293	-0.914162	17.6104433007	Region	
"-----------------------------------------------------------------"
"Trajectory"	155

"NbCollisions"	219
"Zmax"	0
"Display"	256

"Collisions"

"X"	"Y"	"Z"	"Rx"	"Ry"	"Rz"	"Energy"	"CollisionType"	
-0.193595	-0.0781634	-5000	-2.40006e-006	2.8746e-006	1	30	Region	
-0.193599	-0.0781591	-4998.52	0.0460147	-0.127079	0.990825	29.9968475142	Atom	
0.437957	-1.82233	-4984.92	0.0624845	-0.0923453	0.993765	29.9676230047	Atom	
2.28648	-4.55425	-4955.52	0.00790053	-0.106518	0.994279	29.9045818798	Atom	
2.8664	-12.3729	-4882.54	0.0239985	-0.0776875	0.996689	29.7479034833	Atom	
3.30101	-13.7798	-4864.49	0.352216	-0.0503181	0.934565	29.7090850357	Atom	
7.15824	-14.3308	-4854.25	0.399346	-0.00510747	0.916786	29.6855864843	Atom	
12.2165	-14.3955	-4842.64	0.411921	-0.0151231	0.911094	29.6583908972	Atom	
25.4886	-14.8828	-4813.29	0.420577	-0.00701566	0.907229	29.5891614619	Atom	
49.0386	-15.2756	-4762.49	0.379574	0.0152559	0.925036	29.4686243688	Atom	
67.8068	-14.5213	-4716.75	0.388423	-0.00208385	0.921479	29.3618378969	Atom	
68.7224	-14.5262	-4714.58	0.420413	-0.0116316	0.907258	29.3567317774	Atom	
72.7066	-14.6365	-4705.98	0.425503	0.0278714	0.904528	29.3362028153	Atom	
79.0557	-14.2206	-4692.48	0.365741	-0.00220071	0.930714	29.3038614108	Atom	
83.3429	-14.2464	-4681.57	0.365711	0.0370259	0.929992	29.2784317518	Atom	
84.5888	-14.1202	-4678.4	0.3757	0.0213486	0.926495	29.2710363895	Atom	
91.4482	-13.7305	-4661.49	0.479195	-0.0478685	0.876402	29.2313933504	Atom	
93.3468	-13.9201	-4658.01	0.466194	-0.0505637	0.883236	29.2227810404	Atom	
96.6999	-14.2838	-4651.66	0.573467	-0.258804	0.777275	29.2071436683	Atom	
105.05	-18.052	-4640.34	0.584912	-0.286544	0.758795	29.1754736997	Atom	
121.101	-25.9153	-4619.52	0.611755	-0.302833	0.730786	29.1157336798	Atom	
126	-28.3404	-4613.67	0.595512	-0.309739	0.741234	29.0982719439	Atom	
127.668	-29.2082	-4611.59	0.606915	-0.311254	0.731283	29.0921596756	Atom	
132.737	-31.8079	-4605.49	0.592956	-0.299744	0.747367	29.0739351616	Atom	
136.361	-33.6398	-4600.92	0.540285	-0.236341	0.807611	29.0605935056	Atom	
143.182	-36.6235	-4590.72	0.560077	-0.210828	0.801165	29.0330236191	Atom	
145.014	-37.3131	-4588.1	0.552219	-0.225304	0.802678	29.0258753354	Atom	
149.336	-39.0765	-4581.82	0.531176	-0.244665	0.811166	29.00876649	Atom	
157.553	-42.8613	-4569.27	0.522857	-0.223625	0.822565	28.9749362624	Atom	
168.703	-47.6303	-4551.73	0.573303	-0.249407	0.780462	28.9282542164	Atom	
169.756	-48.0883	-4550.3	0.584831	-0.0940807	0.805681	28.9242298388	Atom	
176.365	-49.1515	-4541.19	0.584945	-0.0852075	0.806585	28.8994573981	Atom	
184.202	-50.2931	-4530.38	0.524632	-0.0798091	0.84758	28.87006909	Atom	
185.626	-50.5096	-4528.08	0.516215	-0.159535	0.841469	28.864111799	Atom	
186.766	-50.8621	-4526.23	0.416868	-0.255513	0.872316	28.8592607094	Atom	
188.327	-51.8188	-4522.96	0.412117	-0.247529	0.876863	28.8510387389	Atom	
203.862	-61.1497	-4489.9	0.493131	-0.186534	0.849722	28.7682398583	Atom	
222.052	-68.0301	-4458.56	0.48273	-0.228535	0.845425	28.6870358911	Atom	
232.74	-73.0903	-4439.84	0.51649	-0.222947	0.826761	28.6381805599	Atom	
244.87	-78.3261	-4420.43	0.51667	-0.239822	0.821911	28.5862920779	Atom	
250.601	-80.9863	-4411.31	0.524298	-0.220514	0.822487	28.561748662	Atom	
254.96	-82.8195	-4404.47	0.488381	-0.205793	0.848017	28.5433416096	Atom	
259.362	-84.6747	-4396.83	0.513552	-0.231418	0.826263	28.5233712198	Atom	
269.852	-89.4017	-4379.95	0.430363	-0.320508	0.843838	28.4780955084	Atom	
271.558	-90.6718	-4376.61	0.504891	-0.274122	0.8185	28.4693002162	Atom	
283.699	-97.2639	-4356.92	0.30935	-0.388421	0.868004	28.4159159317	Atom	
289.973	-105.141	-4339.32	0.323524	-0.416556	0.849596	28.3708315146	Atom	
290.29	-105.55	-4338.49	0.341007	-0.401854	0.84984	28.3686458305	Atom	
290.804	-106.154	-4337.21	0.171102	-0.243375	0.954721	28.3652953977	Atom	
290.863	-106.239	-4336.88	0.159614	-0.232217	0.959478	28.3645257664	Atom	
293.883	-110.633	-4318.72	0.185658	-0.309232	0.932688	28.3223949134	Atom	
296.366	-114.769	-4306.25	0.181513	-0.329166	0.926662	28.2925819158	Atom	
296.421	-114.868	-4305.97	0.191929	-0.338032	0.921356	28.2919084954	Atom	
299.814	-120.845	-4289.68	0.185634	-0.363569	0.912884	28.2524640355	Atom	
307.897	-136.674	-4249.93	0.178293	-0.330651	0.926759	28.1552210568	Atom	
308.015	-136.893	-4249.32	0.194189	-0.513619	0.835755	28.1537409206	Atom	
308.225	-137.45	-4248.41	0.190727	-0.527263	0.82802	28.1513112419	Atom	
311.678	-146.995	-4233.42	0.288455	-0.501444	0.815689	28.1107632916	Atom	
324.376	-169.068	-4197.52	0.590416	-0.26757	0.761456	28.0120525416	Atom	
327.189	-170.343	-4193.89	0.592071	-0.300105	0.747923	28.0013386645	Atom	
331.603	-172.581	-4188.31	0.606638	-0.287827	0.741044	27.9845690551	Atom	
345.913	-179.37	-4170.83	0.584297	-0.324682	0.74376	27.9314827367	Atom	
359.39	-186.859	-4153.68	0.580159	-0.333604	0.74305	27.8794955584	Atom	
367.745	-191.663	-4142.97	0.680308	-0.353117	0.642254	27.8469899157	Atom	
373.231	-194.511	-4137.8	0.674479	-0.377528	0.634469	27.828768689	Atom	
384.055	-200.569	-4127.61	0.63127	-0.413736	0.655989	27.7924956508	Atom	
385.955	-201.815	-4125.64	0.645801	-0.437695	0.62559	27.7856834907	Atom	
392.328	-206.134	-4119.47	0.644392	-0.480021	0.595264	27.7633495037	Atom	
410.54	-219.7	-4102.64	0.663426	-0.46635	0.585136	27.6993439105	Atom	
411.765	-220.562	-4101.56	0.770985	-0.422908	0.476164	27.6951535213	Atom	
434.633	-233.105	-4087.44	0.798173	-0.430764	0.421143	27.6278499974	Atom	
443.858	-238.084	-4082.57	0.800959	-0.408281	0.437916	27.601572949	Atom	
458.421	-245.507	-4074.61	0.808521	-0.457545	0.370063	27.5602037487	Atom	
472.682	-253.578	-4068.08	0.807283	-0.4659	0.362259	27.5200225728	Atom	
473.652	-254.138	-4067.65	0.852793	-0.399072	0.336877	27.5172837447	Atom	
477.668	-256.017	-4066.06	0.868054	-0.395091	0.30064	27.5065431791	Atom	
481.02	-257.543	-4064.9	0.860328	-0.407894	0.305709	27.4977325842	Atom	
529.616	-280.583	-4047.63	0.871806	-0.39187	0.293927	27.3688269032	Atom	
548.171	-288.923	-4041.37	0.907514	-0.39963	-0.129283	27.3200735355	Atom	
548.721	-289.165	-4041.45	0.881361	-0.454312	0.129624	27.3186847912	Atom	
557.053	-293.46	-4040.23	0.868421	-0.472115	0.1515	27.2969978728	Atom	
566.454	-298.571	-4038.59	0.88849	-0.282975	0.361262	27.2721498273	Atom	
567.181	-298.802	-4038.29	0.926568	-0.269502	0.262375	27.2702696092	Atom	
570.297	-299.709	-4037.41	0.939655	-0.24656	0.237186	27.2625438075	Atom	
573.81	-300.631	-4036.52	0.954362	-0.213095	0.209244	27.2539530842	Atom	
575.173	-300.935	-4036.22	0.957419	-0.227718	0.177461	27.2506705365	Atom	
578.357	-301.692	-4035.63	0.919621	-0.391812	-0.0279486	27.2430268585	Atom	
589.625	-306.493	-4035.98	0.91848	-0.394413	-0.0288643	27.2148570737	Atom	
596.342	-309.377	-4036.19	0.923173	-0.371604	-0.0982931	27.1980311097	Atom	
610.253	-314.977	-4037.67	0.541961	-0.839567	-0.037484	27.1633409751	Atom	
611.557	-316.996	-4037.76	0.541609	-0.839459	-0.0443762	27.1577990238	Atom	
613.204	-319.55	-4037.89	0.555326	-0.830404	-0.0451824	27.1507879933	Atom	
614.218	-321.065	-4037.98	0.898623	-0.408556	-0.15987	27.1465807813	Atom	
618.378	-322.957	-4038.72	0.897065	-0.411116	-0.162046	27.1359065078	Atom	
625.17	-326.07	-4039.94	0.916168	-0.347526	-0.199656	27.11844542	Atom	
643.679	-333.09	-4043.98	0.910377	-0.346018	-0.226902	27.0718300227	Atom	
674.036	-344.629	-4051.54	0.912316	-0.332351	-0.239211	26.9947811472	Atom	
680.919	-347.136	-4053.35	0.915788	-0.287914	-0.280068	26.9773104278	Atom	
727.419	-361.755	-4067.57	0.922518	-0.265283	-0.280332	26.8596615688	Atom	
729.266	-362.286	-4068.13	0.920748	-0.277821	-0.273932	26.8550070964	Atom	
744.779	-366.967	-4072.74	0.921956	-0.265786	-0.281699	26.8158280368	Atom	
756.855	-370.448	-4076.43	0.929092	-0.237288	-0.283694	26.7853354959	Atom	
776.083	-375.359	-4082.31	0.933572	-0.231465	-0.273618	26.7371109152	Atom	
786.6	-377.967	-4085.39	0.925486	-0.222818	-0.306314	26.7108213898	Atom	
817.774	-385.472	-4095.71	0.931924	-0.230535	-0.27995	26.632157909	Atom	
820.247	-386.084	-4096.45	0.922322	-0.25094	-0.293857	26.6259481418	Atom	
821.532	-386.433	-4096.86	0.923831	-0.246298	-0.293043	26.6226854612	Atom	
827.452	-388.012	-4098.74	0.904132	-0.276195	-0.325978	26.6076805522	Atom	
835.998	-390.622	-4101.82	0.915452	-0.186538	-0.356582	26.5855390595	Atom	
841.235	-391.69	-4103.86	0.927879	-0.173844	-0.329876	26.5721293921	Atom	
851.675	-393.645	-4107.57	0.903725	-0.260289	-0.339897	26.5457450439	Atom	
854.412	-394.434	-4108.6	0.868829	-0.325696	-0.372906	26.5386375953	Atom	
858.74	-396.056	-4110.46	0.858394	-0.350631	-0.374456	26.52694429	Atom	
864.598	-398.449	-4113.01	0.85524	-0.339699	-0.391367	26.5109184287	Atom	
886.605	-407.19	-4123.08	0.867605	-0.332464	-0.36977	26.4504650122	Atom	
915.92	-418.424	-4135.58	0.840019	-0.342147	-0.421073	26.3709432156	Atom	
921.2	-420.574	-4138.22	0.8406	-0.376447	-0.389461	26.3561131088	Atom	
937.753	-427.987	-4145.89	0.874727	-0.305315	-0.376345	26.3096352198	Atom	
941.873	-429.425	-4147.66	0.806828	-0.351864	-0.474573	26.2985044011	Atom	
969.339	-441.403	-4163.82	0.86289	-0.294914	-0.410423	26.2180165399	Atom	
994.367	-449.957	-4175.72	0.849072	-0.277844	-0.449309	26.1492722889	Atom	
1003.62	-452.987	-4180.62	0.832664	-0.287403	-0.473361	26.1233771055	Atom	
1007.14	-454.201	-4182.62	0.838201	-0.291506	-0.460916	26.1133334168	Atom	
1028.39	-461.59	-4194.31	0.87759	-0.312265	-0.363765	26.0530647207	Atom	
1037.88	-464.967	-4198.24	0.883951	-0.297865	-0.360426	26.0273040791	Atom	
1051.91	-469.696	-4203.96	0.866942	-0.303031	-0.395706	25.9894605608	Atom	
1072.35	-476.839	-4213.29	0.890775	-0.280731	-0.357366	25.9332039916	Atom	
1102.36	-486.296	-4225.33	0.90567	-0.229838	-0.356282	25.8526677377	Atom	
1126.11	-492.324	-4234.67	0.896054	-0.217031	-0.38728	25.7898054348	Atom	
1137.59	-495.104	-4239.63	0.896314	-0.21938	-0.385349	25.7590454781	Atom	
1159.25	-500.406	-4248.95	0.889948	-0.214712	-0.402358	25.7009604414	Atom	
1165.12	-501.822	-4251.6	0.898148	-0.213646	-0.384298	25.6850792982	Atom	
1182.51	-505.96	-4259.04	0.877681	-0.19933	-0.435825	25.6384269815	Atom	
1182.62	-505.984	-4259.1	0.813041	-0.285959	-0.507142	25.6381302529	Atom	
1186.44	-507.326	-4261.48	0.819519	-0.247196	-0.516994	25.6268117877	Atom	
1191.2	-508.762	-4264.48	0.812674	-0.17056	-0.557199	25.6127911599	Atom	
1203.71	-511.388	-4273.06	0.832771	-0.149246	-0.533122	25.5756179529	Atom	
1213.2	-513.089	-4279.13	0.85198	-0.237029	-0.466848	25.5480727013	Atom	
1220.66	-515.166	-4283.22	0.840222	-0.250737	-0.480789	25.5268733094	Atom	
1267.8	-529.233	-4310.2	0.843708	-0.247404	-0.47639	25.3910549848	Atom	
1270.58	-530.047	-4311.77	0.819171	-0.289127	-0.495343	25.3830567191	Atom	
1282.23	-534.159	-4318.81	0.819808	-0.302095	-0.48647	25.3484761586	Atom	
1295.07	-538.89	-4326.43	0.810529	-0.339502	-0.477263	25.3103528723	Atom	
1305.81	-543.389	-4332.75	0.800998	-0.319815	-0.506083	25.2780539251	Atom	
1310.99	-545.458	-4336.03	0.808422	-0.322053	-0.492682	25.2622682312	Atom	
1335.24	-555.117	-4350.8	0.640532	-0.453407	-0.619791	25.1890669575	Atom	
1348.19	-564.284	-4363.34	0.592111	-0.506662	-0.626657	25.1395998564	Atom	
1357.5	-572.252	-4373.19	0.641486	-0.468831	-0.607201	25.1010660497	Atom	
1367.12	-579.28	-4382.29	0.6376	-0.490469	-0.594059	25.0642915972	Atom	
1376.38	-586.408	-4390.93	0.671223	-0.474373	-0.569587	25.0285966547	Atom	
1377.79	-587.406	-4392.12	0.53037	-0.656994	-0.535786	25.0234215648	Atom	
1381.15	-591.557	-4395.51	0.53548	-0.658191	-0.529193	25.0078840986	Atom	
1431.98	-654.037	-4445.74	0.521707	-0.644279	-0.55922	24.7743161469	Atom	
1439.62	-663.473	-4453.93	0.602078	-0.623527	-0.498714	24.7380106845	Atom	
1446.26	-670.348	-4459.43	0.597506	-0.613895	-0.515867	24.7106483101	Atom	
1467.11	-691.775	-4477.44	0.593142	-0.635124	-0.494773	24.6239531387	Atom	
1475.16	-700.39	-4484.15	0.544853	-0.678182	-0.493157	24.5901666923	Atom	
1477.6	-703.432	-4486.36	0.555216	-0.689003	-0.465843	24.5789822826	Atom	
1480.4	-706.903	-4488.71	0.464849	-0.742574	-0.482182	24.5664157379	Atom	
1480.51	-707.078	-4488.82	0.411837	-0.768292	-0.490019	24.565827261	Atom	
1487.59	-720.288	-4497.25	0.405769	-0.765819	-0.498871	24.5229215686	Atom	
1488.36	-721.743	-4498.2	0.409127	-0.759734	-0.505391	24.5181733147	Atom	
1498.95	-741.414	-4511.28	0.394809	-0.77117	-0.499423	24.4534624718	Atom	
1507.84	-758.776	-4522.53	0.398175	-0.768681	-0.500585	24.3970740703	Atom	
1511.77	-766.354	-4527.46	0.466158	-0.737638	-0.488453	24.3723393028	Atom	
1518.98	-777.764	-4535.02	0.462978	-0.792096	-0.397787	24.3334980917	Atom	
1534.63	-804.551	-4548.47	0.486057	-0.785448	-0.383171	24.2484704908	Atom	
1552.9	-834.061	-4562.86	0.4865	-0.783121	-0.387349	24.1537455439	Atom	
1556.29	-839.519	-4565.56	0.529622	-0.741031	-0.412764	24.1361193253	Atom	
1560.89	-845.96	-4569.15	0.583082	-0.682848	-0.440153	24.1141252438	Atom	
1564.01	-849.614	-4571.51	0.489025	-0.802039	-0.34291	24.1005714899	Atom	
1573	-864.361	-4577.81	0.477036	-0.800072	-0.363759	24.0539920326	Atom	
1573.65	-865.453	-4578.31	0.440665	-0.814733	-0.376863	24.0505286935	Atom	
1585.33	-887.051	-4588.3	0.40666	-0.387139	-0.827497	23.9832578908	Atom	
1614.07	-914.405	-4646.77	0.435624	-0.357757	-0.825979	23.8035645124	Atom	
1614.75	-914.962	-4648.05	0.379343	-0.336915	-0.861735	23.799575557	Atom	
1626.33	-925.248	-4674.36	0.403276	-0.33608	-0.851128	23.721458816	Atom	
1627.37	-926.116	-4676.56	0.341832	-0.322189	-0.882805	23.7148342625	Atom	
1644.33	-942.098	-4720.35	0.300534	-0.343607	-0.889727	23.5875552422	Atom	
1647.12	-945.294	-4728.63	-0.00458532	-0.134965	-0.99084	23.5635902226	Atom	
1647.1	-946.036	-4734.08	-0.0809957	-0.118885	-0.989599	23.5493995673	Atom	
1644.35	-950.063	-4767.59	-0.0622801	-0.127907	-0.989829	23.4620203165	Atom	
1643.04	-952.754	-4788.42	-0.025159	-0.135047	-0.99052	23.4075708426	Atom	
1642.86	-953.734	-4795.61	-0.039401	-0.170148	-0.98463	23.3887537274	Atom	
1641.95	-957.666	-4818.36	-0.145302	-0.26366	-0.953609	23.3288119497	Atom	
1640.24	-960.77	-4829.59	-0.147998	-0.272077	-0.950826	23.2982141619	Atom	
1636.21	-968.178	-4855.48	-0.14376	-0.243231	-0.959256	23.2273588097	Atom	
1635.87	-968.749	-4857.73	-0.12164	-0.229311	-0.965723	23.2212389291	Atom	
1635.66	-969.156	-4859.44	0.174807	-0.266276	-0.947913	23.2166094278	Atom	
1638.88	-974.072	-4876.94	0.346932	-0.274174	-0.896921	23.1684358746	Atom	
1639.1	-974.244	-4877.51	0.377839	-0.25582	-0.889828	23.1668021599	Atom	
1640.12	-974.934	-4879.91	0.389499	-0.260603	-0.88339	23.1597529358	Atom	
1643.02	-976.878	-4886.5	0.39603	-0.246759	-0.88446	23.140247276	Atom	
1679.1	-999.358	-4967.07	0.400232	-0.235677	-0.885591	22.9019299298	Atom	
1681.75	-1000.92	-4972.93	0.401468	-0.308727	-0.862271	22.884482236	Atom	
1694.35	-1010.61	-5000	0.401468	-0.308727	-0.862271	22.8016309079	Region	
"-----------------------------------------------------------------"
"Trajectory"	156

"NbCollisions"	376
"Zmax"	0
"Display"	256

"Collisions"

"X"	"Y"	"Z"	"Rx"	"Ry"	"Rz"	"Energy"	"CollisionType"	
0.00603679	0.378829	-5000	3.4729e-006	4.42224e-007	1	30	Region	
0.00614775	0.378843	-4968.05	0.00962824	0.0138168	0.999858	29.9319745655	Atom	
0.0627515	0.460071	-4962.17	0.00868067	0.0295975	0.999524	29.9194350542	Atom	
0.070307	0.485832	-4961.3	-0.0217186	-0.0154639	0.999645	29.9175779406	Atom	
-0.827521	-0.153433	-4919.98	-0.158535	0.1661	0.973282	29.8293692336	Atom	
-5.85774	5.1168	-4889.1	-0.000766163	0.0110933	0.999938	29.7615060544	Atom	
-5.85853	5.12831	-4888.06	0.0322695	0.0294066	0.999047	29.7592838873	Atom	
-5.16719	5.75832	-4866.65	0.0177718	-0.0316808	0.99934	29.7133755659	Atom	
-4.88607	5.25719	-4850.85	-0.0143797	-0.0699952	0.997444	29.6794379547	Atom	
-5.47809	2.37545	-4809.78	-0.222031	-0.0528574	0.973606	29.5910270167	Atom	
-8.21339	1.72427	-4797.79	-0.186822	-0.0694344	0.979937	29.5645086494	Atom	
-9.14606	1.37764	-4792.9	-0.207672	0.0140747	0.978097	29.5537548208	Atom	
-15.6399	1.81775	-4762.31	-0.238835	0.0563626	0.969423	29.4863775803	Atom	
-19.743	2.78605	-4745.66	-0.247363	0.0711314	0.966308	29.4492923084	Atom	
-21.8528	3.39274	-4737.41	-0.214455	0.0830787	0.973194	29.4308624891	Atom	
-22.1841	3.52107	-4735.91	-0.225709	0.0882466	0.97019	29.4275230091	Atom	
-31.6062	7.2049	-4695.41	-0.255938	0.0976329	0.96175	29.3372672378	Atom	
-33.4243	7.89845	-4688.58	-0.334177	0.153693	0.929895	29.3218708025	Atom	
-38.7848	10.3638	-4673.66	-0.358159	0.181682	0.915813	29.2870892601	Atom	
-45.097	13.5658	-4657.52	-0.336743	0.177383	0.924738	29.2488388571	Atom	
-52.5777	17.5063	-4636.98	-0.380996	0.138537	0.914139	29.2005743314	Atom	
-74.8134	25.5916	-4583.63	-0.392878	0.178239	0.902152	29.0736087853	Atom	
-89.6588	32.3266	-4549.54	-0.382967	0.167756	0.908402	28.9911195345	Atom	
-108.776	40.7009	-4504.19	-0.415168	0.128155	0.900673	28.8818960878	Atom	
-123.775	45.3307	-4471.65	-0.382304	0.175318	0.907253	28.8026126878	Atom	
-124.103	45.481	-4470.88	-0.367081	0.147451	0.918428	28.8007259468	Atom	
-127.61	46.89	-4462.1	-0.486141	0.155929	0.859857	28.779708743	Atom	
-138.351	50.3349	-4443.1	-0.565288	0.126595	0.815122	28.7310864138	Atom	
-144.419	51.694	-4434.35	-0.59912	0.112917	0.792657	28.7074271073	Atom	
-148.092	52.3863	-4429.49	-0.68956	0.102872	0.716885	28.6939074501	Atom	
-155.591	53.5049	-4421.7	-0.637009	0.201252	0.744121	28.6699189906	Atom	
-180.499	61.3743	-4392.6	-0.678796	0.239487	0.694177	28.5836000987	Atom	
-187.071	63.6929	-4385.88	-0.678047	0.247155	0.692218	28.5621766448	Atom	
-192.784	65.7752	-4380.05	-0.697552	0.268961	0.664139	28.5435222665	Atom	
-205.586	70.7115	-4367.86	-0.687739	0.258276	0.678461	28.5028643987	Atom	
-250.369	87.5294	-4323.68	-0.707562	0.282134	0.647886	28.3584485765	Atom	
-253.471	88.7663	-4320.84	-0.651717	0.255866	0.714001	28.3486860671	Atom	
-260.426	91.4969	-4313.22	-0.644385	0.261769	0.718502	28.3249148687	Atom	
-265.876	93.7108	-4307.14	-0.568852	0.339335	0.749172	28.3060644626	Atom	
-271.012	96.7745	-4300.38	-0.561269	0.337267	0.755797	28.2859300091	Atom	
-292.485	109.678	-4271.46	-0.557815	0.348291	0.75335	28.2005593261	Atom	
-293.112	110.07	-4270.62	-0.550362	0.340627	0.762283	28.1980457332	Atom	
-301.104	115.016	-4259.55	-0.544164	0.321881	0.774776	28.1655646316	Atom	
-316.462	124.1	-4237.68	-0.658266	0.15468	0.736722	28.1023728621	Atom	
-323.392	125.729	-4229.93	-0.58321	0.282586	0.761585	28.0787614457	Atom	
-327.304	127.624	-4224.82	-0.582164	0.28273	0.762331	28.0637050042	Atom	
-339.271	133.436	-4209.15	-0.688385	0.209201	0.694523	28.0175506947	Atom	
-341.607	134.146	-4206.79	-0.682304	0.186242	0.706948	28.0099204099	Atom	
-354.64	137.703	-4193.29	-0.617431	0.28582	0.732862	27.9669647723	Atom	
-361.884	141.057	-4184.69	-0.620723	0.291765	0.72772	27.9405485659	Atom	
-362.552	141.371	-4183.9	-0.636374	0.278132	0.719494	27.9381216983	Atom	
-391.669	154.097	-4150.98	-0.63794	0.284951	0.715427	27.8350171502	Atom	
-396.632	156.314	-4145.42	-0.656354	0.272242	0.703622	27.8174343847	Atom	
-402.277	158.655	-4139.37	-0.729167	0.1425	0.669335	27.7979856495	Atom	
-404.415	159.073	-4137.4	-0.780466	-0.0203368	0.624867	27.7913531867	Atom	
-438.667	158.18	-4109.98	-0.796736	-0.00398611	0.604314	27.692041559	Atom	
-441.846	158.164	-4107.57	-0.81452	-0.0394281	0.578794	27.6829873001	Atom	
-443.424	158.088	-4106.45	-0.815517	0.00784195	0.57868	27.6785902171	Atom	
-469.869	158.342	-4087.68	-0.602132	-0.21909	0.767747	27.6049732192	Atom	
-475.688	156.225	-4080.26	-0.611282	-0.19533	0.766929	27.5829838572	Atom	
-483.757	153.647	-4070.14	-0.607912	-0.25801	0.750916	27.5529367362	Atom	
-504.441	144.868	-4044.59	-0.595742	-0.244215	0.765148	27.4754129741	Atom	
-505.856	144.288	-4042.77	-0.531551	-0.143995	0.834697	27.4699875053	Atom	
-510.915	142.917	-4034.83	-0.536028	-0.159087	0.829075	27.4482505591	Atom	
-511.034	142.882	-4034.64	-0.470446	-0.10867	0.875712	27.4477444219	Atom	
-512.491	142.545	-4031.93	-0.463841	-0.104281	0.87976	27.4406644735	Atom	
-515.924	141.774	-4025.42	-0.516471	-0.236489	0.823001	27.4237470405	Atom	
-516.592	141.468	-4024.36	-0.563632	-0.140261	0.81403	27.4207893851	Atom	
-525.278	139.306	-4011.81	-0.533326	-0.127475	0.83625	27.3855401385	Atom	
-526.985	138.898	-4009.14	-0.56432	-0.107041	0.818587	27.3782151647	Atom	
-535.703	137.245	-3996.49	-0.551585	-0.15841	0.818938	27.3428363552	Atom	
-578.536	124.943	-3932.9	-0.528032	-0.179072	0.83013	27.1648249104	Atom	
-583.502	123.259	-3925.09	-0.526669	-0.159574	0.834958	27.1431544491	Atom	
-584.769	122.875	-3923.08	-0.494139	-0.192758	0.847745	27.1376058239	Atom	
-626.055	106.77	-3852.25	-0.484965	-0.192228	0.853146	26.9449247143	Atom	
-629.946	105.228	-3845.4	-0.496598	-0.142189	0.856255	26.9263180459	Atom	
-638.745	102.708	-3830.23	-0.470024	-0.158027	0.868392	26.8852022672	Atom	
-639.265	102.534	-3829.27	-0.477917	-0.160113	0.863689	26.8826322051	Atom	
-639.463	102.467	-3828.91	-0.527295	-0.202309	0.825246	26.8816685362	Atom	
-646.7	99.6906	-3817.59	-0.538734	-0.175421	0.824011	26.8497787619	Atom	
-665.388	93.6054	-3789	-0.541976	-0.0965212	0.834833	26.7691009757	Atom	
-669.276	92.913	-3783.01	-0.547359	-0.0756206	0.833474	26.7523781683	Atom	
-678.355	91.6587	-3769.19	-0.555573	-0.0748808	0.828089	26.7136913959	Atom	
-691.248	89.9209	-3749.97	-0.568673	-0.105334	0.815791	26.659497802	Atom	
-696.037	89.0339	-3743.1	-0.529882	-0.0142503	0.847952	26.6398009	Atom	
-702.814	88.8516	-3732.26	-0.561516	0.05086	0.825901	26.609872045	Atom	
-717.183	90.1532	-3711.12	-0.517671	0.0654754	0.853071	26.5499295943	Atom	
-720.178	90.5319	-3706.19	-0.649003	-0.662183	0.374578	26.5363555783	Atom	
-731.01	79.4796	-3699.94	-0.609638	-0.692423	0.385866	26.4971735994	Atom	
-739.518	69.8166	-3694.55	-0.5935	-0.699303	0.398414	26.4643748689	Atom	
-745.295	63.0095	-3690.67	-0.598109	-0.74603	0.292754	26.4414744329	Atom	
-746.967	60.9236	-3689.85	-0.600355	-0.741158	0.300431	26.4348918314	Atom	
-747.353	60.447	-3689.66	-0.617822	-0.720499	0.314924	26.4333778955	Atom	
-759.967	45.7373	-3683.23	-0.394872	-0.880096	0.263643	26.3853027395	Atom	
-760.684	44.1374	-3682.75	-0.396994	-0.901846	0.170498	26.3810156131	Atom	
-763.871	36.8975	-3681.38	-0.412826	-0.890076	0.193231	26.3620822143	Atom	
-765.671	33.0176	-3680.54	-0.385053	-0.899313	0.207293	26.3517954503	Atom	
-772.918	16.0923	-3676.64	-0.420506	-0.886236	0.19432	26.3073690127	Atom	
-781.359	-1.6976	-3672.74	-0.543738	-0.837735	0.0504915	26.2599207072	Atom	
-789.557	-14.3287	-3671.98	-0.513728	-0.856455	0.05068	26.2242302501	Atom	
-789.569	-14.3488	-3671.98	-0.36771	-0.854637	0.366586	26.2241746228	Atom	
-799.24	-36.8255	-3662.34	-0.348786	-0.854116	0.38579	26.1618528971	Atom	
-803.481	-47.2121	-3657.64	-0.357283	-0.787195	0.502665	26.1329817232	Atom	
-808.457	-58.1745	-3650.64	-0.38943	-0.778776	0.491785	26.0998906925	Atom	
-808.714	-58.6886	-3650.32	-0.421951	-0.778656	0.464383	26.0983204193	Atom	
-814.108	-68.6433	-3644.38	-0.28495	-0.826616	0.485294	26.0679096792	Atom	
-818.788	-82.2179	-3636.41	-0.403323	-0.810564	0.424636	26.0288105438	Atom	
-840.678	-126.211	-3613.37	-0.386999	-0.812703	0.435599	25.89943156	Atom	
-848.148	-141.897	-3604.96	-0.472223	-0.809493	0.348894	25.8532403369	Atom	
-849.158	-143.63	-3604.21	-0.369027	-0.866973	0.334928	25.8481099385	Atom	
-851.284	-148.624	-3602.28	-0.42004	-0.843846	0.3339	25.8343032437	Atom	
-854.38	-154.843	-3599.82	-0.47984	-0.795754	0.369499	25.8166310257	Atom	
-882.433	-201.366	-3578.22	-0.541679	-0.778581	0.316851	25.6763602617	Atom	
-888.169	-209.611	-3574.86	-0.538742	-0.775521	0.329128	25.650842437	Atom	
-917.612	-251.993	-3556.88	-0.593469	-0.750512	0.290735	25.5190502158	Atom	
-926.641	-263.411	-3552.45	-0.540892	-0.738665	0.402257	25.4822103663	Atom	
-940.873	-282.848	-3541.87	-0.533423	-0.754291	0.382761	25.4184228515	Atom	
-946.69	-291.074	-3537.7	-0.532958	-0.761948	0.367956	25.3919328017	Atom	
-952.648	-299.591	-3533.58	-0.51943	-0.76067	0.389325	25.3647604624	Atom	
-962.331	-313.771	-3526.33	-0.510027	-0.771934	0.37946	25.3194040856	Atom	
-970.526	-326.175	-3520.23	-0.531803	-0.784098	0.319963	25.2802515641	Atom	
-976.537	-335.037	-3516.61	-0.550592	-0.764741	0.334693	25.2526794524	Atom	
-976.61	-335.138	-3516.57	-0.515405	-0.760926	0.394142	25.2523566551	Atom	
-977.624	-336.635	-3515.79	-0.56098	-0.714093	0.418775	25.2475520987	Atom	
-985.317	-346.429	-3510.05	-0.564186	-0.677925	0.471287	25.2140610726	Atom	
-989.011	-350.868	-3506.96	-0.579607	-0.653973	0.486184	25.1980552136	Atom	
-994.257	-356.786	-3502.56	-0.589759	-0.639997	0.492532	25.1759217001	Atom	
-999.743	-362.739	-3497.98	-0.603902	-0.606855	0.516749	25.1531549781	Atom	
-1006.27	-369.299	-3492.4	-0.549784	-0.697391	0.459764	25.1266800869	Atom	
-1013.86	-378.929	-3486.05	-0.577717	-0.678125	0.454302	25.0928291423	Atom	
-1015.8	-381.209	-3484.52	-0.535929	-0.684979	0.493543	25.0845785175	Atom	
-1025.23	-393.257	-3475.84	-0.595868	-0.64877	0.473327	25.0414081747	Atom	
-1030.89	-399.422	-3471.34	-0.609538	-0.610013	0.506307	25.0180487026	Atom	
-1034.49	-403.024	-3468.35	-0.643135	-0.597527	0.478894	25.0035261033	Atom	
-1042.09	-410.083	-3462.69	-0.667592	-0.595312	0.447129	24.974452773	Atom	
-1093.54	-455.959	-3428.24	-0.648811	-0.737063	0.18916	24.784641528	Atom	
-1099.63	-462.876	-3426.46	-0.557825	-0.796038	0.23485	24.7613861141	Atom	
-1109.14	-476.448	-3422.46	-0.567573	-0.787482	0.240278	24.7191059766	Atom	
-1111.88	-480.256	-3421.3	-0.573919	-0.780575	0.247629	24.7070993229	Atom	
-1114.64	-484.008	-3420.11	-0.562306	-0.793191	0.233796	24.6951586695	Atom	
-1114.85	-484.305	-3420.02	-0.538919	-0.802315	0.256626	24.6942270305	Atom	
-1133.63	-512.264	-3411.07	-0.589258	-0.79488	0.144712	24.6076236314	Atom	
-1140.33	-521.308	-3409.43	-0.635677	-0.765699	0.0980811	24.579268919	Atom	
-1147.12	-529.483	-3408.38	-0.636218	-0.758891	0.138964	24.5526367662	Atom	
-1155.86	-539.906	-3406.47	-0.65073	-0.74768	0.132379	24.5183480676	Atom	
-1161.59	-546.487	-3405.31	-0.641815	-0.754828	0.135308	24.4963486772	Atom	
-1167.38	-553.303	-3404.09	-0.673413	-0.715542	0.185783	24.4737672328	Atom	
-1169.16	-555.19	-3403.6	-0.662869	-0.729387	0.169114	24.4671639804	Atom	
-1175.28	-561.927	-3402.03	-0.628771	-0.662476	0.407152	24.4440417877	Atom	
-1189.93	-577.36	-3392.55	-0.639937	-0.667088	0.381411	24.3856797853	Atom	
-1190.42	-577.871	-3392.26	-0.642164	-0.654666	0.398795	24.3837559159	Atom	
-1201.03	-588.692	-3385.66	-0.650905	-0.643969	0.402029	24.342265159	Atom	
-1217.86	-605.344	-3375.27	-0.641005	-0.64057	0.422827	24.2772703553	Atom	
-1217.91	-605.387	-3375.24	-0.551804	-0.724646	0.412796	24.2770993823	Atom	
-1221.52	-610.134	-3372.54	-0.536987	-0.732166	0.419021	24.2605980083	Atom	
-1228.85	-620.121	-3366.82	-0.583261	-0.70743	0.399187	24.226221391	Atom	
-1242.73	-636.965	-3357.32	-0.581196	-0.704554	0.407204	24.1661499842	Atom	
-1249.01	-644.569	-3352.92	-0.539605	-0.702033	0.464732	24.1388636118	Atom	
-1254.59	-651.828	-3348.12	-0.566255	-0.679596	0.466373	24.1127032956	Atom	
-1256.59	-654.232	-3346.47	-0.671242	-0.61466	0.41428	24.1037420328	Atom	
-1260.02	-657.375	-3344.35	-0.663881	-0.637207	0.391444	24.0907893627	Atom	
-1272.78	-669.617	-3336.83	-0.440595	-0.794764	0.417405	24.0421035231	Atom	
-1295.29	-710.22	-3315.5	-0.376498	-0.921507	-0.0952563	23.9124266507	Atom	
-1301.97	-726.58	-3317.19	-0.369562	-0.924263	-0.0957191	23.867169266	Atom	
-1306.83	-738.73	-3318.45	-0.376645	-0.899953	-0.219598	23.8336094276	Atom	
-1307.19	-739.601	-3318.67	-0.379906	-0.90025	-0.212653	23.8311356803	Atom	
-1311.84	-750.607	-3321.26	-0.381497	-0.8952	-0.230384	23.7998869615	Atom	
-1313.79	-755.191	-3322.44	-0.400819	-0.877363	-0.263777	23.7867829172	Atom	
-1340.82	-814.365	-3340.24	-0.465233	-0.866678	-0.180076	23.6141399994	Atom	
-1355.57	-841.832	-3345.94	-0.449698	-0.875797	-0.175357	23.5325444127	Atom	
-1363.04	-856.391	-3348.86	-0.54818	-0.799924	-0.244175	23.4896307745	Atom	
-1363.21	-856.634	-3348.93	-0.58173	-0.798369	-0.155557	23.4888464485	Atom	
-1376.42	-874.769	-3352.46	-0.580813	-0.799323	-0.154077	23.4301173965	Atom	
-1393.77	-898.634	-3357.07	-0.562123	-0.802873	-0.198524	23.3527765159	Atom	
-1399.67	-907.065	-3359.15	-0.551351	-0.787997	-0.273993	23.3255034522	Atom	
-1421.77	-938.649	-3370.13	-0.582678	-0.756242	-0.29763	23.2213044274	Atom	
-1428.13	-946.905	-3373.38	-0.623314	-0.749842	-0.221846	23.1928246483	Atom	
-1433.66	-953.554	-3375.35	-0.666346	-0.689353	-0.28421	23.169670624	Atom	
-1447.97	-968.363	-3381.45	-0.673351	-0.678512	-0.293633	23.1135280165	Atom	
-1461.54	-982.034	-3387.37	-0.711195	-0.672064	-0.206234	23.0607724876	Atom	
-1467.9	-988.046	-3389.22	-0.740265	-0.642275	-0.198722	23.0373042399	Atom	
-1489.54	-1006.82	-3395.02	-0.75094	-0.629327	-0.200092	22.9605776426	Atom	
-1497.75	-1013.7	-3397.21	-0.797406	-0.571317	-0.19427	22.9317894029	Atom	
-1498.02	-1013.89	-3397.28	-0.809189	-0.568534	-0.148262	22.9309068691	Atom	
-1521.86	-1030.65	-3401.65	-0.778442	-0.616665	-0.117272	22.8532629475	Atom	
-1534.18	-1040.41	-3403.5	-0.790513	-0.599619	-0.124683	22.81145354	Atom	
-1550.32	-1052.65	-3406.05	-0.794006	-0.591186	-0.141611	22.7574487483	Atom	
-1574.73	-1070.82	-3410.4	-0.777073	-0.613604	-0.140168	22.6759627672	Atom	
-1587.75	-1081.1	-3412.75	-0.792349	-0.594186	-0.138296	22.6314308712	Atom	
-1626.69	-1110.3	-3419.55	-0.676704	-0.589413	-0.441207	22.5005894481	Atom	
-1636.02	-1118.43	-3425.63	-0.597523	-0.659218	-0.456505	22.4636912836	Atom	
-1648.73	-1132.45	-3435.34	-0.564569	-0.751602	-0.34111	22.4067575564	Atom	
-1651.56	-1136.22	-3437.05	-0.572557	-0.729054	-0.375046	22.3932922193	Atom	
-1654.23	-1139.62	-3438.8	-0.568887	-0.738988	-0.360921	22.3807837766	Atom	
-1660.65	-1147.96	-3442.87	-0.507715	-0.781936	-0.361666	22.3504644338	Atom	
-1663.2	-1151.88	-3444.68	-0.591342	-0.690893	-0.41591	22.3369928913	Atom	
-1666.47	-1155.71	-3446.99	-0.642242	-0.599763	-0.477293	22.3220938111	Atom	
-1674.22	-1162.94	-3452.74	-0.668813	-0.564908	-0.483289	22.2896414001	Atom	
-1679.54	-1167.43	-3456.59	-0.652032	-0.564464	-0.506197	22.2682080853	Atom	
-1702.58	-1187.38	-3474.48	-0.672508	-0.529105	-0.517475	22.1729237673	Atom	
-1704.29	-1188.73	-3475.79	-0.703989	-0.550172	-0.449122	22.166049614	Atom	
-1713.36	-1195.81	-3481.58	-0.704465	-0.595569	-0.386038	22.1311798995	Atom	
-1721.27	-1202.51	-3485.92	-0.741023	-0.509902	-0.436904	22.1007348725	Atom	
-1738.6	-1214.43	-3496.13	-0.742199	-0.555445	-0.374995	22.0373286791	Atom	
-1754.77	-1226.53	-3504.3	-0.708578	-0.620712	-0.335609	21.978083083	Atom	
-1756.12	-1227.71	-3504.94	-0.71743	-0.608747	-0.338705	21.9729006687	Atom	
-1771.24	-1240.54	-3512.08	-0.626559	-0.642184	-0.441614	21.9154692886	Atom	
-1775.29	-1244.7	-3514.94	-0.6405	-0.610337	-0.4661	21.8978196023	Atom	
-1775.31	-1244.71	-3514.95	-0.63154	-0.672525	-0.385832	21.897759226	Atom	
-1776.75	-1246.25	-3515.83	-0.688186	-0.658182	-0.305281	21.8915135002	Atom	
-1789.87	-1258.79	-3521.65	-0.698468	-0.640217	-0.319788	21.8394115629	Atom	
-1800.96	-1268.96	-3526.73	-0.642073	-0.743728	-0.186038	21.7959375862	Atom	
-1811.04	-1280.64	-3529.65	-0.645027	-0.738479	-0.196437	21.7528945533	Atom	
-1812.61	-1282.44	-3530.13	-0.587076	-0.793335	-0.161125	21.7461967636	Atom	
-1817.15	-1288.57	-3531.37	-0.551241	-0.824928	-0.125003	21.724952031	Atom	
-1818.56	-1290.68	-3531.69	-0.591328	-0.782452	-0.195193	21.7179290002	Atom	
-1829.54	-1305.2	-3535.31	-0.548123	-0.828475	-0.114854	21.6668800557	Atom	
-1845.9	-1329.93	-3538.74	-0.620161	-0.776117	-0.114203	21.5846728131	Atom	
-1859.92	-1347.48	-3541.32	-0.558568	-0.828025	-0.0487489	21.5221773003	Atom	
-1888.16	-1389.33	-3543.79	-0.493348	-0.827131	-0.269186	21.3821951976	Atom	
-1894.77	-1400.43	-3547.4	-0.478232	-0.838792	-0.260235	21.3448518357	Atom	
-1903.04	-1414.94	-3551.9	-0.433567	-0.854021	-0.28752	21.2966434779	Atom	
-1908.07	-1424.84	-3555.23	-0.369384	-0.884139	-0.286102	21.2642698923	Atom	
-1912.58	-1435.64	-3558.73	-0.359761	-0.906583	-0.220634	21.2301104027	Atom	
-1916.24	-1444.85	-3560.97	-0.384218	-0.872719	-0.301227	21.2016574537	Atom	
-1917.9	-1448.63	-3562.28	-0.401595	-0.866543	-0.296352	21.1895354662	Atom	
-1925.82	-1465.71	-3568.12	-0.307455	-0.902532	-0.30151	21.1342633612	Atom	
-1926.31	-1467.14	-3568.59	-0.13666	-0.933352	-0.33193	21.1298261586	Atom	
-1928.04	-1478.95	-3572.79	-0.184255	-0.939126	-0.289987	21.0942811725	Atom	
-1930.32	-1490.59	-3576.39	-0.263607	-0.949229	-0.171682	21.0594139722	Atom	
-1940	-1525.43	-3582.69	-0.269561	-0.946383	-0.178032	20.9560047436	Atom	
-1940.07	-1525.7	-3582.74	-0.168416	-0.97442	-0.148799	20.9551860024	Atom	
-1945.57	-1557.5	-3587.6	-0.189743	-0.971577	-0.141548	20.8629061679	Atom	
-1947.16	-1565.64	-3588.78	-0.280042	-0.954392	-0.1035	20.8391383606	Atom	
-1952.82	-1584.95	-3590.88	-0.113147	-0.980352	-0.161578	20.7816584255	Atom	
-1952.86	-1585.23	-3590.92	0.000122176	-0.894588	-0.446893	20.7808351749	Atom	
-1952.86	-1585.3	-3590.95	-0.0312034	-0.725241	-0.687788	20.7806418652	Atom	
-1953.7	-1604.79	-3609.45	-0.0042226	-0.699755	-0.71437	20.7041049765	Atom	
-1953.76	-1615.29	-3620.16	-0.0363115	-0.708677	-0.704598	20.6612778794	Atom	
-1953.78	-1615.6	-3620.46	-0.0452945	-0.706104	-0.706658	20.6600538721	Atom	
-1954.61	-1628.55	-3633.43	0.0580493	-0.840367	-0.5389	20.60757324	Atom	
-1953.47	-1644.95	-3643.95	0.0386971	-0.867666	-0.495639	20.5516770998	Atom	
-1953.33	-1648.16	-3645.78	0.0550923	-0.873004	-0.484592	20.5410291796	Atom	
-1951.83	-1671.91	-3658.96	0.0691424	-0.859068	-0.507169	20.4629035875	Atom	
-1951.01	-1682.11	-3664.98	0.184502	-0.900803	-0.393082	20.4287020748	Atom	
-1948.37	-1695.02	-3670.62	0.0670949	-0.96552	-0.251536	20.387333754	Atom	
-1946.53	-1721.41	-3677.49	0.0893716	-0.951308	-0.295001	20.3083580606	Atom	
-1945.67	-1730.58	-3680.34	0.076837	-0.946527	-0.313342	20.2804333862	Atom	
-1945.58	-1731.75	-3680.72	0.166458	-0.931222	-0.324219	20.276849009	Atom	
-1941.97	-1751.91	-3687.74	0.171019	-0.933832	-0.314183	20.21401068	Atom	
-1937.96	-1773.83	-3695.12	0.199916	-0.933614	-0.297318	20.1457504179	Atom	
-1926.47	-1827.47	-3712.2	0.308672	-0.910531	-0.275054	19.9781584502	Atom	
-1925	-1831.82	-3713.51	0.297347	-0.910531	-0.28726	19.9641560399	Atom	
-1919.37	-1849.04	-3718.95	0.3547	-0.900034	-0.253232	19.9085752253	Atom	
-1918.35	-1851.63	-3719.68	0.348225	-0.901285	-0.25773	19.9001062289	Atom	
-1904.19	-1888.29	-3730.16	0.359087	-0.89626	-0.260334	19.7803323449	Atom	
-1899.08	-1901.04	-3733.86	0.390113	-0.889362	-0.238427	19.7382692304	Atom	
-1898.69	-1901.93	-3734.1	0.374618	-0.857016	-0.353815	19.7352913545	Atom	
-1896.86	-1906.12	-3735.83	0.0873662	-0.785986	-0.61204	19.7208040953	Atom	
-1893.93	-1932.46	-3756.35	0.108158	-0.783856	-0.61145	19.621407014	Atom	
-1893.12	-1938.32	-3760.91	-0.0639722	-0.728072	-0.682509	19.5991581807	Atom	
-1897.25	-1985.24	-3804.9	-0.0173527	-0.717275	-0.696574	19.4071274872	Atom	
-1897.59	-1999.53	-3818.78	-0.00439672	-0.720859	-0.693068	19.3472846029	Atom	
-1897.61	-2002.08	-3821.22	-0.0859013	-0.773315	-0.628176	19.336661874	Atom	
-1898.23	-2007.65	-3825.75	-0.047087	-0.759348	-0.648979	19.3149434541	Atom	
-1898.45	-2011.25	-3828.83	-0.0234301	-0.745323	-0.666292	19.3006682691	Atom	
-1898.81	-2022.88	-3839.22	-0.018961	-0.774435	-0.632369	19.2536079889	Atom	
-1898.96	-2028.84	-3844.09	-0.0262352	-0.746519	-0.664846	19.230355708	Atom	
-1899.3	-2038.59	-3852.77	-0.0675925	-0.733994	-0.675784	19.190863346	Atom	
-1899.75	-2043.46	-3857.26	-0.0664796	-0.697223	-0.713765	19.1707607591	Atom	
-1900.14	-2047.53	-3861.43	-0.183156	-0.623698	-0.759905	19.1530344985	Atom	
-1904.02	-2060.76	-3877.54	-0.2211	-0.595682	-0.77219	19.088695715	Atom	
-1906.74	-2068.07	-3887.02	-0.152775	-0.646396	-0.747551	19.0513654869	Atom	
-1909.02	-2077.71	-3898.17	-0.117642	-0.28088	-0.952506	19.0059490308	Atom	
-1911.12	-2082.73	-3915.2	-0.14059	-0.277279	-0.950448	18.9513779509	Atom	
-1911.89	-2084.25	-3920.42	-0.16775	-0.202137	-0.964884	18.934551897	Atom	
-1914.69	-2087.62	-3936.49	-0.187259	-0.199956	-0.961744	18.8835694395	Atom	
-1917.14	-2090.24	-3949.1	-0.22251	-0.189994	-0.956238	18.8433549122	Atom	
-1921.71	-2094.14	-3968.73	-0.112905	-0.264842	-0.957659	18.7802655017	Atom	
-1922.82	-2096.74	-3978.13	-0.12683	-0.266034	-0.955584	18.7500324222	Atom	
-1925.51	-2102.39	-3998.42	-0.117283	-0.260625	-0.95829	18.684543493	Atom	
-1928.87	-2109.85	-4025.84	-0.11701	-0.247764	-0.961729	18.5960540639	Atom	
-1932.2	-2116.91	-4053.26	-0.131861	-0.219084	-0.966755	18.5075248334	Atom	
-1935.8	-2122.89	-4079.64	-0.26865	-0.303434	-0.914196	18.4225097473	Atom	
-1938.19	-2125.59	-4087.76	-0.298854	-0.277582	-0.913036	18.3947151817	Atom	
-1941.16	-2128.35	-4096.84	-0.288741	-0.292149	-0.911744	18.3635785362	Atom	
-1947.35	-2134.61	-4116.38	-0.31946	-0.282518	-0.904505	18.2964176808	Atom	
-1954.47	-2140.9	-4136.54	-0.325801	-0.277644	-0.903752	18.2263255948	Atom	
-1961.66	-2147.04	-4156.5	-0.311033	-0.271621	-0.910758	18.1566850397	Atom	
-1962.61	-2147.86	-4159.26	-0.356071	-0.236802	-0.903957	18.1470850713	Atom	
-1981.4	-2160.36	-4206.97	-0.364041	-0.27062	-0.891201	17.9801124306	Atom	
-1981.94	-2160.76	-4208.3	-0.332299	-0.311679	-0.890187	17.9753340005	Atom	
-1991.71	-2169.92	-4234.47	-0.353216	-0.280537	-0.892489	17.8816596283	Atom	
-1995.53	-2172.96	-4244.11	-0.346723	-0.295395	-0.890239	17.8470578667	Atom	
-1998.11	-2175.15	-4250.74	-0.352206	-0.291268	-0.889446	17.8232177789	Atom	
-1998.35	-2175.35	-4251.35	-0.416524	-0.325996	-0.848666	17.8209889075	Atom	
-2003.21	-2179.16	-4261.26	-0.45532	-0.127342	-0.881174	17.7835204036	Atom	
-2019.4	-2183.69	-4292.59	-0.454808	-0.265035	-0.850239	17.6692669159	Atom	
-2022.06	-2185.24	-4297.55	-0.461411	-0.303028	-0.833831	17.6503936001	Atom	
-2025.41	-2187.44	-4303.61	-0.406707	-0.255961	-0.876968	17.6269038625	Atom	
-2025.43	-2187.45	-4303.64	-0.409414	-0.238788	-0.880546	17.6267844303	Atom	
-2046.9	-2199.97	-4349.83	-0.380175	-0.14162	-0.914008	17.4570258673	Atom	
-2049.65	-2201	-4356.44	-0.367376	-0.122299	-0.921996	17.4334687888	Atom	
-2056.86	-2203.4	-4374.54	-0.258638	-0.124054	-0.957975	17.369392117	Atom	
-2059.21	-2204.52	-4383.23	-0.266557	-0.171666	-0.948408	17.3396828186	Atom	
-2060.55	-2205.39	-4388	-0.0221364	-0.183746	-0.982724	17.3232162159	Atom	
-2060.78	-2207.3	-4398.25	-0.0098553	-0.205911	-0.978521	17.2889991207	Atom	
-2060.81	-2207.9	-4401.08	0.00680943	-0.242956	-0.970013	17.2794718397	Atom	
-2060.7	-2211.65	-4416.06	0.00139529	-0.264254	-0.964452	17.2287199912	Atom	
-2060.69	-2213.38	-4422.38	-0.0277479	-0.281441	-0.959177	17.2071316972	Atom	
-2061.52	-2221.83	-4451.16	-0.0151165	-0.267066	-0.96356	17.1082012842	Atom	
-2061.58	-2222.81	-4454.71	0.056579	-0.348201	-0.935711	17.096018457	Atom	
-2060.61	-2228.8	-4470.79	0.0529337	-0.212199	-0.975792	17.0390511163	Atom	
-2060.53	-2229.1	-4472.2	-0.232431	-0.244118	-0.941479	17.0342725203	Atom	
-2062.85	-2231.53	-4481.58	-0.228736	-0.242286	-0.942856	17.0011578339	Atom	
-2064.89	-2233.69	-4489.99	-0.240218	-0.175078	-0.9548	16.9714656026	Atom	
-2067.24	-2235.41	-4499.34	-0.25448	-0.113319	-0.960416	16.9388397115	Atom	
-2080.7	-2241.4	-4550.14	-0.221601	-0.149037	-0.963681	16.7623014018	Atom	
-2084.16	-2243.73	-4565.17	-0.466946	-0.0861447	-0.88008	16.7097982779	Atom	
-2089.24	-2244.67	-4574.76	-0.392903	-0.115649	-0.912279	16.673056443	Atom	
-2090.55	-2245.05	-4577.78	-0.483941	-0.138317	-0.864101	16.6618557327	Atom	
-2096.92	-2246.87	-4589.17	-0.501963	-0.160484	-0.849869	16.6173291107	Atom	
-2102.44	-2248.64	-4598.52	-0.510845	-0.140634	-0.848092	16.5800488017	Atom	
-2105.82	-2249.57	-4604.12	-0.515365	-0.118103	-0.848793	16.5576305065	Atom	
-2111.63	-2250.9	-4613.69	-0.499006	-0.124925	-0.857547	16.5193489104	Atom	
-2153.47	-2261.37	-4685.59	-0.479543	-0.138534	-0.866514	16.2340208463	Atom	
-2157.01	-2262.39	-4691.98	-0.492878	-0.139227	-0.858887	16.2085650571	Atom	
-2166.24	-2265	-4708.08	-0.489188	-0.153981	-0.858478	16.1438620518	Atom	
-2210.08	-2278.8	-4785.01	-0.489056	-0.153435	-0.858651	15.8334467101	Atom	
-2216.18	-2280.72	-4795.73	-0.471317	-0.194208	-0.860316	15.7895550833	Atom	
-2223.2	-2283.61	-4808.53	-0.47333	-0.237784	-0.848185	15.7371300693	Atom	
-2229.35	-2286.7	-4819.56	-0.301404	-0.230176	-0.925297	15.6911653353	Atom	
-2231.76	-2288.54	-4826.95	-0.25746	-0.21333	-0.942446	15.662885576	Atom	
-2234.42	-2290.74	-4836.68	-0.527301	-0.0330287	-0.849036	15.6262809099	Atom	
-2236.37	-2290.86	-4839.83	-0.532112	-0.0377473	-0.845832	15.6131242427	Atom	
-2249.82	-2291.82	-4861.2	-0.525011	-0.0578877	-0.849125	15.5233287231	Atom	
-2253.49	-2292.22	-4867.14	-0.527802	-0.100769	-0.843369	15.4983237493	Atom	
-2256.54	-2292.8	-4872.01	-0.56359	-0.199154	-0.801688	15.4777023975	Atom	
-2267.49	-2296.68	-4887.59	-0.560202	-0.130631	-0.817991	15.4081538497	Atom	
-2271.08	-2297.51	-4892.82	-0.575826	-0.136743	-0.806056	15.3851882639	Atom	
-2290.87	-2302.21	-4920.53	-0.510798	-0.0426154	-0.858644	15.2616343999	Atom	
-2295.48	-2302.6	-4928.28	-0.504593	0.0261606	-0.862961	15.2289862108	Atom	
-2297.04	-2302.51	-4930.95	-0.493499	0.0205253	-0.869504	15.2177572182	Atom	
-2298.2	-2302.47	-4933	-0.512924	0.0378586	-0.857599	15.2092242058	Atom	
-2299.38	-2302.38	-4934.97	-0.548269	-0.0161591	-0.836146	15.2008722237	Atom	
-2299.98	-2302.4	-4935.88	-0.529528	-0.000217136	-0.848292	15.1969522602	Atom	
-2316.43	-2302.4	-4962.24	-0.55687	-0.0024405	-0.830596	15.0841682138	Atom	
-2327.25	-2302.45	-4978.37	-0.559909	-0.00387785	-0.828545	15.0132824534	Atom	
-2336.16	-2302.51	-4991.56	-0.601391	-0.0973185	-0.793006	14.9549715507	Atom	
-2339.04	-2302.98	-4995.36	-0.595582	-0.0734521	-0.79993	14.9373633198	Atom	
-2341.19	-2303.24	-4998.25	-0.584242	-0.0358705	-0.810787	14.9240987497	Atom	
-2342.46	-2303.32	-5000	-0.584242	-0.0358705	-0.810787	14.9161474506	Region	
"-----------------------------------------------------------------"
"Trajectory"	159

"NbCollisions"	327
"Zmax"	0
"Display"	256

"Collisions"

"X"	"Y"	"Z"	"Rx"	"Ry"	"Rz"	"Energy"	"CollisionType"	
0.177687	-0.0221427	-5000	3.13671e-006	-1.95777e-006	1	30	Region	
0.177743	-0.022178	-4981.99	0.0130598	-0.044721	0.998914	29.9616633863	Atom	
0.205075	-0.115769	-4979.9	0.0524853	0.0167233	0.998482	29.9572031051	Atom	
0.639529	0.0226607	-4971.64	0.0260318	0.001485	0.99966	29.93955908	Atom	
0.642878	0.0228517	-4971.51	0.0627297	-0.00640225	0.99801	29.9392847758	Atom	
2.4126	-0.157768	-4943.35	0.0927838	0.0090785	0.995645	29.8791217101	Atom	
3.54399	-0.0470658	-4931.21	0.0633455	-0.00177744	0.99799	29.853076005	Atom	
5.70032	-0.107571	-4897.24	0.0708655	0.00262834	0.997482	29.7803153176	Atom	
6.9994	-0.0593894	-4878.96	0.0490396	0.106894	0.99306	29.7410556959	Atom	
7.6444	1.34655	-4865.89	0.0542879	0.139561	0.988724	29.7128579515	Atom	
8.84473	4.4323	-4844.03	0.0531622	0.189903	0.980363	29.6654198531	Atom	
9.15801	5.5514	-4838.26	0.0741826	0.191077	0.978768	29.6527602059	Atom	
9.86978	7.38474	-4828.86	0.0581648	0.169749	0.983769	29.6321412183	Atom	
12.9275	16.3084	-4777.15	0.0742949	0.171977	0.982295	29.5191072026	Atom	
13.2726	17.1074	-4772.58	-0.10905	0.103876	0.988594	29.5090876141	Atom	
7.07458	23.0113	-4716.4	-0.146391	0.106147	0.983515	29.3864724609	Atom	
5.31735	24.2855	-4704.59	-0.164675	0.102156	0.981043	29.3604905684	Atom	
-1.30823	28.3957	-4665.12	-0.157268	0.08925	0.983515	29.2733417616	Atom	
-2.72036	29.1971	-4656.29	-0.190317	0.0496129	0.980468	29.2538465728	Atom	
-10.482	31.2204	-4616.3	-0.187415	0.0523797	0.980883	29.1652533676	Atom	
-11.4751	31.498	-4611.1	-0.23898	0.35908	0.902192	29.1537139741	Atom	
-14.7182	36.3708	-4598.86	-0.332071	0.394141	0.856961	29.1241540379	Atom	
-19.899	42.5201	-4585.49	-0.296702	0.478216	0.826606	29.0901419625	Atom	
-25.4825	51.5193	-4569.94	-0.330019	0.45464	0.827278	29.0490792331	Atom	
-26.5219	52.9512	-4567.33	-0.31274	0.579992	0.752199	29.0421987719	Atom	
-31.2441	61.7088	-4555.97	-0.320939	0.580169	0.7486	29.0092071097	Atom	
-35.7344	69.8261	-4545.5	-0.326178	0.577599	0.748323	28.9786095985	Atom	
-49.3329	93.9063	-4514.3	-0.309293	0.584302	0.750286	28.8873594385	Atom	
-52.4975	99.8847	-4506.62	-0.326323	0.591602	0.737238	28.8649082529	Atom	
-58.7002	111.13	-4492.61	-0.289053	0.55751	0.778223	28.823173674	Atom	
-65.0439	123.365	-4475.53	-0.322911	0.584437	0.744421	28.7749319321	Atom	
-83.4668	156.709	-4433.06	-0.340776	0.55809	0.756576	28.6493529805	Atom	
-84.1168	157.773	-4431.62	-0.377317	0.518437	0.767369	28.6451400908	Atom	
-86.8005	161.461	-4426.16	-0.380568	0.556098	0.738866	28.629428351	Atom	
-115.869	203.937	-4369.72	-0.427768	0.515182	0.742699	28.4606220665	Atom	
-116.097	204.212	-4369.33	-0.389878	0.557554	0.73289	28.4594379532	Atom	
-124.897	216.796	-4352.78	-0.375963	0.548573	0.746806	28.4093177693	Atom	
-125.656	217.903	-4351.28	-0.493211	0.431518	0.755338	28.4048335271	Atom	
-144.197	234.125	-4322.88	-0.549391	0.38939	0.739286	28.3212281648	Atom	
-150.04	238.266	-4315.02	-0.539796	0.385061	0.748564	28.2975227248	Atom	
-158.298	244.157	-4303.57	-0.506699	0.358138	0.784215	28.2633983422	Atom	
-164.77	248.732	-4293.55	-0.510956	0.411264	0.754842	28.2348764951	Atom	
-184.287	264.44	-4264.72	-0.542385	0.394281	0.741863	28.1495242485	Atom	
-206.682	280.72	-4234.09	-0.617196	0.391315	0.682599	28.0570355062	Atom	
-208.042	281.582	-4232.58	-0.644353	0.375604	0.666132	28.0520879009	Atom	
-218.032	287.406	-4222.26	-0.647665	0.357099	0.67306	28.0172632086	Atom	
-234.943	296.73	-4204.68	-0.684965	0.333675	0.647676	27.9585551084	Atom	
-251.601	304.845	-4188.93	-0.665418	0.566436	0.486177	27.9037853393	Atom	
-252.169	305.328	-4188.52	-0.661518	0.559661	0.499173	27.901861545	Atom	
-261.171	312.944	-4181.72	-0.583291	0.560754	0.587645	27.8711636012	Atom	
-282.903	333.837	-4159.83	-0.566552	0.570474	0.594625	27.7870433077	Atom	
-294.576	345.59	-4147.58	-0.614892	0.541379	0.573425	27.7404157698	Atom	
-304.794	354.586	-4138.05	-0.697075	0.420636	0.580648	27.7027577094	Atom	
-312.259	359.091	-4131.83	-0.703354	0.389085	0.5949	27.6784605603	Atom	
-333.813	371.015	-4113.6	-0.718821	0.380834	0.581603	27.6088909712	Atom	
-336.189	372.273	-4111.68	-0.729797	0.395462	0.557679	27.6013727857	Atom	
-337.849	373.173	-4110.41	-0.688721	0.43804	0.577741	27.5961970589	Atom	
-343.111	376.519	-4105.99	-0.655666	0.413477	0.631774	27.5788110905	Atom	
-348.66	380.019	-4100.65	-0.700089	0.386298	0.600541	27.5595399719	Atom	
-366.739	389.995	-4085.14	-0.699697	0.377868	0.606333	27.5007144548	Atom	
-371.051	392.323	-4081.4	-0.715931	0.36092	0.597645	27.4866508658	Atom	
-430.626	422.357	-4031.67	-0.636733	0.629774	0.444923	27.2966880217	Atom	
-456.059	447.512	-4013.9	-0.625939	0.646538	0.436106	27.2050025328	Atom	
-456.836	448.314	-4013.36	-0.614831	0.650304	0.446193	27.2021458589	Atom	
-458.985	450.588	-4011.8	-0.658228	0.622439	0.423446	27.194098154	Atom	
-463.739	455.083	-4008.74	-0.669685	0.638589	0.379112	27.1774692103	Atom	
-470.543	461.571	-4004.89	-0.771382	0.523679	0.361566	27.1540688011	Atom	
-474.17	464.033	-4003.19	-0.768611	0.532205	0.354958	27.1432295865	Atom	
-507.457	487.082	-3987.81	-0.784219	0.572547	0.239146	27.0433706822	Atom	
-509.902	488.867	-3987.07	-0.776093	0.565608	0.278867	27.0361628485	Atom	
-514.365	492.119	-3985.47	-0.810856	0.520752	0.267076	27.0228609765	Atom	
-520.66	496.162	-3983.39	-0.785593	0.561536	0.259848	27.0048975939	Atom	
-522.209	497.269	-3982.88	-0.733912	0.61386	0.290773	27.0003325337	Atom	
-525.722	500.208	-3981.49	-0.803157	0.479285	0.353873	26.9892485976	Atom	
-531.549	503.685	-3978.92	-0.791844	0.495279	0.357325	26.9724430056	Atom	
-596.618	544.384	-3949.56	-0.782344	0.497961	0.374128	26.7820196583	Atom	
-598.066	545.306	-3948.87	-0.768419	0.515437	0.379285	26.7777064932	Atom	
-610.114	553.388	-3942.92	-0.783852	0.52097	0.337886	26.7411608271	Atom	
-638.586	572.311	-3930.65	-0.718431	0.648693	0.251107	26.6564094411	Atom	
-669.125	599.885	-3919.97	-0.706416	0.663683	0.245971	26.5569790887	Atom	
-674.725	605.147	-3918.02	-0.691208	0.668276	0.275027	26.5383791244	Atom	
-675.966	606.346	-3917.53	-0.663871	0.718417	0.207734	26.5341665969	Atom	
-676.148	606.543	-3917.47	-0.628236	0.753488	0.193843	26.5335232932	Atom	
-683.22	615.026	-3915.29	-0.643646	0.739713	0.196328	26.5070922033	Atom	
-693.256	626.559	-3912.23	-0.598741	0.752169	0.27523	26.4704582533	Atom	
-704.833	641.103	-3906.91	-0.652432	0.747304	0.125972	26.4249756156	Atom	
-710.648	647.764	-3905.78	-0.679513	0.727361	0.095962	26.4039837599	Atom	
-715.103	652.532	-3905.15	-0.729454	0.679267	0.0805814	26.388533084	Atom	
-726.116	662.787	-3903.94	-0.726528	0.680999	0.0916349	26.3529329364	Atom	
-731.982	668.286	-3903.2	-0.716994	0.69051	0.0954782	26.3338734932	Atom	
-737.004	673.123	-3902.53	-0.74221	0.669258	0.0349043	26.3173300646	Atom	
-739.417	675.298	-3902.41	-0.72735	0.671459	0.141792	26.3096479603	Atom	
-787.413	719.606	-3893.06	-0.76828	0.621094	0.154881	26.1536830628	Atom	
-797.954	728.128	-3890.93	-0.716602	0.696116	0.0436385	26.1210992792	Atom	
-804.841	734.818	-3890.51	-0.709657	0.704019	0.0272808	26.0982547231	Atom	
-839.596	769.296	-3889.18	-0.696612	0.717336	0.0126889	25.9817575999	Atom	
-839.883	769.592	-3889.17	-0.671215	0.740953	-0.0214522	25.9807752025	Atom	
-841.07	770.903	-3889.21	-0.693437	0.712541	-0.106917	25.9765509526	Atom	
-848.181	778.209	-3890.31	-0.663488	0.744242	-0.0767348	25.9520690181	Atom	
-849.816	780.043	-3890.5	-0.607318	0.694895	-0.385079	25.9461807936	Atom	
-851.872	782.396	-3891.8	-0.629525	0.666769	-0.398896	25.9380884388	Atom	
-868.427	799.93	-3902.29	-0.626703	0.663379	-0.408865	25.875229472	Atom	
-872.469	804.209	-3904.93	-0.642995	0.643308	-0.415587	25.8597823558	Atom	
-874.75	806.491	-3906.4	-0.633866	0.646852	-0.424025	25.8512821686	Atom	
-878.854	810.679	-3909.15	-0.624988	0.647573	-0.435935	25.8357625789	Atom	
-889.836	822.058	-3916.81	-0.647569	0.637292	-0.417747	25.7936297032	Atom	
-904.198	836.192	-3926.07	-0.602188	0.687616	-0.405652	25.7403806705	Atom	
-911.083	844.054	-3930.71	-0.668326	0.646828	-0.367361	25.7128836672	Atom	
-914.574	847.432	-3932.63	-0.696916	0.615677	-0.367763	25.7003110328	Atom	
-928.867	860.059	-3940.17	-0.675931	0.631833	-0.379347	25.6509267453	Atom	
-930.504	861.59	-3941.09	-0.667155	0.631539	-0.395048	25.6450869783	Atom	
-945.075	875.383	-3949.72	-0.676712	0.619228	-0.398269	25.5924068462	Atom	
-951.484	881.247	-3953.49	-0.674107	0.642343	-0.364658	25.5695263285	Atom	
-957.596	887.071	-3956.8	-0.651843	0.663309	-0.367589	25.5476088141	Atom	
-958.858	888.355	-3957.51	-0.639478	0.674778	-0.368432	25.5429241323	Atom	
-962.215	891.898	-3959.44	-0.700354	0.637129	-0.321824	25.5302217158	Atom	
-977.129	905.465	-3966.29	-0.734401	0.653715	-0.182517	25.4786744092	Atom	
-996.234	922.471	-3971.04	-0.743039	0.644124	-0.18165	25.4156048745	Atom	
-1004.21	929.386	-3972.99	-0.559183	0.817967	-0.135072	25.3895249722	Atom	
-1019.8	952.189	-3976.76	-0.590458	0.797219	-0.125706	25.3217497343	Atom	
-1028.09	963.384	-3978.52	-0.649694	0.757281	-0.0665079	25.2875356547	Atom	
-1090.08	1035.64	-3984.87	-0.650729	0.7485	-0.127669	25.0548208219	Atom	
-1098.69	1045.54	-3986.56	-0.734668	0.677683	-0.0317621	25.0223185609	Atom	
-1115.68	1061.22	-3987.29	-0.735644	0.677237	-0.0133454	24.9654384456	Atom	
-1117.31	1062.71	-3987.32	-0.668169	0.743788	0.018171	24.9599879888	Atom	
-1120.91	1066.72	-3987.22	-0.454569	-0.390242	-0.800674	24.9467146831	Atom	
-1140.14	1050.21	-4021.1	-0.52408	-0.425512	-0.737753	24.842412438	Atom	
-1149.6	1042.53	-4034.41	-0.594888	-0.329643	-0.733105	24.7977804739	Atom	
-1150.83	1041.85	-4035.93	-0.570255	-0.389748	-0.723122	24.7926495519	Atom	
-1155.29	1038.8	-4041.58	-0.652222	-0.209243	-0.728576	24.7732865271	Atom	
-1160.74	1037.05	-4047.67	-0.648998	-0.210188	-0.731179	24.7525686577	Atom	
-1166.1	1035.32	-4053.71	-0.664509	-0.232821	-0.710086	24.732084981	Atom	
-1187.27	1027.9	-4076.34	-0.640677	-0.267651	-0.71965	24.652983618	Atom	
-1191.61	1026.09	-4081.21	-0.634623	-0.320355	-0.703297	24.6361544372	Atom	
-1193.08	1025.34	-4082.84	-0.759442	-0.319301	-0.566829	24.630368179	Atom	
-1193.69	1025.09	-4083.3	-0.760027	-0.343167	-0.551902	24.628365915	Atom	
-1209.3	1018.04	-4094.63	-0.760919	-0.336329	-0.554874	24.5772110768	Atom	
-1211.25	1017.18	-4096.06	-0.701395	-0.401808	-0.588724	24.5708105361	Atom	
-1221.82	1011.12	-4104.93	-0.732919	-0.381388	-0.563359	24.5332144968	Atom	
-1234.81	1004.36	-4114.91	-0.73431	-0.407701	-0.542741	24.4889511441	Atom	
-1245.16	998.618	-4122.56	-0.850541	-0.369672	-0.374061	24.4536993802	Atom	
-1249.01	996.944	-4124.25	-0.837225	-0.372336	-0.400525	24.4423527347	Atom	
-1265.53	989.597	-4132.15	-0.825416	-0.415621	-0.38203	24.3929209383	Atom	
-1289.89	977.333	-4143.43	-0.825143	-0.391695	-0.40708	24.3188680597	Atom	
-1326.57	959.921	-4161.52	-0.743251	-0.459604	-0.48615	24.2070514312	Atom	
-1348.88	946.123	-4176.12	-0.742941	-0.458782	-0.487398	24.1312593297	Atom	
-1371.6	932.091	-4191.02	-0.510944	-0.504791	-0.695789	24.053848981	Atom	
-1373.07	930.636	-4193.03	-0.516921	-0.507017	-0.689729	24.0465365643	Atom	
-1398.54	905.661	-4227.01	-0.52872	-0.535797	-0.658313	23.9215177752	Atom	
-1398.67	905.527	-4227.17	-0.466462	-0.642053	-0.608425	23.9208832904	Atom	
-1401.73	901.315	-4231.16	-0.416914	-0.650469	-0.634881	23.9041638261	Atom	
-1405.06	896.124	-4236.23	-0.407723	-0.648802	-0.64251	23.8838170387	Atom	
-1411.05	886.584	-4245.68	-0.402873	-0.656081	-0.638163	23.846297108	Atom	
-1418.28	874.813	-4257.13	-0.406528	-0.677461	-0.61301	23.80046005	Atom	
-1424.23	864.897	-4266.1	-0.433261	-0.717037	-0.546025	23.7630095223	Atom	
-1432.78	850.752	-4276.87	-0.364639	-0.705956	-0.607178	23.7124739485	Atom	
-1457.38	803.115	-4317.84	-0.277289	-0.823161	-0.495496	23.5393151493	Atom	
-1461.35	791.336	-4324.93	-0.369242	-0.804097	-0.465927	23.5023829998	Atom	
-1469.8	772.948	-4335.59	-0.372421	-0.775536	-0.509752	23.4432863003	Atom	
-1479.58	752.581	-4348.97	-0.432804	-0.757562	-0.488651	23.3752864858	Atom	
-1492.22	730.448	-4363.25	-0.408981	-0.741546	-0.531831	23.2994641917	Atom	
-1506.94	703.753	-4382.4	-0.387789	-0.781625	-0.488551	23.2057950672	Atom	
-1508.09	701.438	-4383.84	-0.303735	-0.79932	-0.518491	23.1980649427	Atom	
-1508.41	700.602	-4384.38	-0.326506	-0.797345	-0.507577	23.1953356469	Atom	
-1518.17	676.768	-4399.56	-0.380745	-0.785939	-0.487168	23.1172843942	Atom	
-1526.22	660.149	-4409.86	-0.376252	-0.787175	-0.488661	23.0619253464	Atom	
-1544.07	622.813	-4433.04	-0.420962	-0.75207	-0.507131	22.9375128444	Atom	
-1547.58	616.541	-4437.26	-0.437618	-0.698004	-0.566816	22.9155454002	Atom	
-1548.05	615.789	-4437.88	-0.439043	-0.674628	-0.593395	22.9127034072	Atom	
-1549.38	613.739	-4439.68	-0.460712	-0.653468	-0.600603	22.904691889	Atom	
-1551.87	610.214	-4442.92	-0.461489	-0.59544	-0.657632	22.890468675	Atom	
-1566.02	591.959	-4463.08	-0.460289	-0.612619	-0.64252	22.8095783433	Atom	
-1574.43	580.76	-4474.83	-0.460816	-0.618778	-0.636209	22.7612084116	Atom	
-1581.29	571.552	-4484.29	-0.352555	-0.692403	-0.62951	22.7217700547	Atom	
-1585.47	563.345	-4491.75	-0.363858	-0.715103	-0.596854	22.6903167092	Atom	
-1586.37	561.574	-4493.23	-0.367394	-0.71191	-0.598503	22.6837356661	Atom	
-1595.13	544.595	-4507.51	-0.347588	-0.698032	-0.626046	22.6203593819	Atom	
-1620.45	493.747	-4553.11	-0.363272	-0.70797	-0.60565	22.4263529515	Atom	
-1622.17	490.39	-4555.98	-0.313717	-0.728376	-0.609139	22.4136402632	Atom	
-1626.58	480.161	-4564.54	-0.322564	-0.945394	0.0467235	22.3759662775	Atom	
-1635.18	454.944	-4563.29	-0.274604	-0.960727	0.0399534	22.3043189417	Atom	
-1640.53	436.236	-4562.51	-0.290043	-0.954924	0.0632087	22.2518825352	Atom	
-1640.61	435.956	-4562.49	-0.313646	-0.949449	0.0131388	22.2510908427	Atom	
-1641.02	434.722	-4562.48	-0.354942	-0.931037	0.084767	22.2475825586	Atom	
-1652.75	403.97	-4559.68	-0.286959	-0.957933	0.00441701	22.1584595586	Atom	
-1653.19	402.485	-4559.67	-0.306086	-0.9515	-0.0309591	22.1542638699	Atom	
-1659.13	384.023	-4560.27	-0.685477	-0.726491	-0.0482933	22.1017363791	Atom	
-1661.31	381.711	-4560.43	-0.755055	-0.655582	0.0101842	22.0931050074	Atom	
-1682.64	363.195	-4560.14	-0.75347	-0.65744	0.00744254	22.0164761386	Atom	
-1687.94	358.571	-4560.09	-0.803708	-0.594046	-0.0340886	21.9973407993	Atom	
-1701.82	348.312	-4560.67	-0.825475	-0.564049	-0.0209747	21.9503273871	Atom	
-1719.88	335.968	-4561.13	-0.722524	-0.690006	0.0430267	21.8906500271	Atom	
-1724.5	331.559	-4560.86	-0.674184	-0.736953	-0.0487323	21.8731855226	Atom	
-1735.11	319.956	-4561.63	-0.698091	-0.709722	-0.0946823	21.8301326839	Atom	
-1741.14	313.829	-4562.44	-0.612518	-0.790229	-0.0189494	21.8064895843	Atom	
-1777.12	267.415	-4563.56	-0.619	-0.785164	-0.0189136	21.6454910072	Atom	
-1779.31	264.631	-4563.62	-0.603072	-0.796773	-0.0381735	21.6357156314	Atom	
-1791.24	248.868	-4564.38	-0.650305	-0.75819	-0.0474458	21.581151814	Atom	
-1792.27	247.665	-4564.45	-0.643206	-0.761101	-0.0837354	21.5767686671	Atom	
-1799.18	239.487	-4565.35	-0.614884	-0.780223	-0.114756	21.5470688757	Atom	
-1802.82	234.87	-4566.03	-0.599572	-0.795539	-0.087356	21.5306956218	Atom	
-1803.21	234.362	-4566.09	-0.547814	-0.821624	-0.157586	21.5289288474	Atom	
-1804.89	231.839	-4566.57	-0.605049	-0.785176	-0.131962	21.5204243324	Atom	
-1806.91	229.209	-4567.01	-0.56601	-0.805815	-0.174053	21.5111485345	Atom	
-1814.72	218.102	-4569.41	-0.600534	-0.779075	-0.180003	21.4729603399	Atom	
-1818.54	213.142	-4570.56	-0.55802	-0.826072	-0.0788596	21.4552983883	Atom	
-1822.07	207.921	-4571.06	-0.61524	-0.788259	-0.0112924	21.437751197	Atom	
-1834.42	192.097	-4571.28	-0.621453	-0.781792	-0.0509699	21.3819828834	Atom	
-1836.38	189.628	-4571.44	-0.588579	-0.804668	0.0780058	21.3731924827	Atom	
-1843.02	180.556	-4570.57	-0.579615	-0.809131	0.0967161	21.3417956816	Atom	
-1844.17	178.937	-4570.37	-0.651877	-0.753703	0.0836016	21.3362202261	Atom	
-1848.48	173.961	-4569.82	-0.681278	-0.717279	0.146185	21.3178111117	Atom	
-1853.18	169.007	-4568.81	-0.680237	-0.719811	0.138385	21.2985383559	Atom	
-1857.52	164.419	-4567.93	-0.674675	-0.729222	0.114232	21.2807401588	Atom	
-1869.05	151.957	-4565.98	-0.656584	-0.746302	0.109233	21.2329910375	Atom	
-1875.04	145.145	-4564.98	-0.612958	-0.781193	0.118405	21.2074443894	Atom	
-1875.51	144.546	-4564.89	-0.676966	-0.735563	0.0257482	21.2052963973	Atom	
-1884.17	135.138	-4564.56	-0.634737	-0.767613	0.0887685	21.169457365	Atom	
-1886.24	132.633	-4564.27	-0.592872	-0.796288	0.120123	21.1603026454	Atom	
-1890.24	127.263	-4563.46	-0.588283	-0.801913	0.104205	21.1413746573	Atom	
-1903.48	109.214	-4561.11	-0.563393	-0.820573	0.0961667	21.0781647627	Atom	
-1922.27	81.8445	-4557.91	-0.572583	-0.819428	0.0262002	20.9842678997	Atom	
-1926.18	76.2481	-4557.73	-0.562619	-0.825618	0.0426127	20.964974067	Atom	
-1927.25	74.69	-4557.65	-0.562226	-0.825518	0.0492225	20.959639036	Atom	
-1928.57	72.7388	-4557.53	-0.547847	-0.832317	0.0843324	20.9529558826	Atom	
-1930.82	69.3281	-4557.18	-0.457042	-0.886593	0.0711702	20.941365901	Atom	
-1934.44	62.2969	-4556.62	-0.472969	-0.872602	0.121929	20.9189261129	Atom	
-1953.06	27.9432	-4551.82	-0.486741	-0.870722	0.0701852	20.8074366413	Atom	
-1953.35	27.4396	-4551.78	-0.441413	-0.891638	0.100682	20.8057919477	Atom	
-1968.28	-2.72533	-4548.37	-0.0460257	-0.998516	-0.0291266	20.7095786239	Atom	
-1968.39	-5.10057	-4548.44	-0.106039	-0.993972	0.0278591	20.7027889374	Atom	
-1969.31	-13.7736	-4548.2	-0.143429	-0.98962	0.00892616	20.6778771348	Atom	
-1969.73	-16.6476	-4548.17	-0.111782	-0.990353	0.0818885	20.6695778597	Atom	
-1970.22	-21.0028	-4547.81	-0.0729491	-0.975698	0.20662	20.6570068107	Atom	
-1971.34	-35.9622	-4544.65	0.0257142	0.0240961	-0.999379	20.6131577575	Atom	
-1971.24	-35.8689	-4548.51	0.0238816	0.021559	-0.999482	20.6020744428	Atom	
-1971.21	-35.8427	-4549.73	-0.0977448	-0.0752029	-0.992366	20.5985817439	Atom	
-1971.62	-36.1531	-4553.83	-0.0225551	0.00906359	-0.999705	20.5867501143	Atom	
-1971.99	-36.0026	-4570.43	0.00102028	0.0176921	-0.999843	20.5391274542	Atom	
-1971.97	-35.6666	-4589.42	-0.0319209	-0.0097405	-0.999443	20.4845675034	Atom	
-1972.46	-35.8163	-4604.78	-0.017558	-0.122428	-0.992322	20.4403056543	Atom	
-1972.67	-37.2582	-4616.47	0.0113125	-0.146009	-0.989219	20.4063430574	Atom	
-1972.52	-39.123	-4629.11	0.00828892	-0.168079	-0.985739	20.3694656662	Atom	
-1972.5	-39.5825	-4631.8	-0.00492537	-0.275665	-0.961241	20.3615606351	Atom	
-1972.61	-45.6657	-4653.01	0.0309634	-0.0806772	-0.996259	20.2977337322	Atom	
-1972.61	-45.6748	-4653.13	0.0273252	-0.086641	-0.995865	20.297405712	Atom	
-1972.47	-46.1187	-4658.23	0.042574	-0.12207	-0.991608	20.2825515067	Atom	
-1971.59	-48.629	-4678.62	0.121535	0.102999	-0.987229	20.2228904184	Atom	
-1971.29	-48.3771	-4681.03	-0.135726	-0.450458	-0.88242	20.2157778599	Atom	
-1972.43	-52.1449	-4688.41	-0.170966	-0.418584	-0.89194	20.1914483895	Atom	
-1973.62	-55.0557	-4694.62	-0.243171	-0.442434	-0.863203	20.1712023912	Atom	
-1977.19	-61.5618	-4707.31	-0.172789	-0.40153	-0.899398	20.1283555194	Atom	
-1977.51	-62.2984	-4708.96	-0.209783	-0.452399	-0.866791	20.1230015579	Atom	
-1977.72	-62.7582	-4709.84	-0.219169	-0.447904	-0.866803	20.1200345058	Atom	
-1979.09	-65.5429	-4715.23	-0.178279	-0.502721	-0.845865	20.1018836695	Atom	
-1979.1	-65.5707	-4715.28	-0.195456	-0.483049	-0.853499	20.1017221767	Atom	
-1984.53	-78.9952	-4739	-0.226171	-0.47688	-0.849372	20.0205280376	Atom	
-1989.5	-89.4682	-4757.65	-0.850095	0.123551	-0.511931	19.9561620387	Atom	
-1992.09	-89.0909	-4759.21	-0.842691	0.145423	-0.518385	19.9471886442	Atom	
-2001.4	-87.4839	-4764.94	-0.810238	0.219974	-0.543255	19.9147076575	Atom	
-2007.6	-85.8015	-4769.1	-0.815801	0.211721	-0.538185	19.8921987346	Atom	
-2007.76	-85.7612	-4769.2	-0.798674	0.105921	-0.592368	19.8916391234	Atom	
-2019.88	-84.153	-4778.19	-0.855037	0.185748	-0.484158	19.8469145571	Atom	
-2021.36	-83.8312	-4779.03	-0.873421	0.159267	-0.460185	19.841801136	Atom	
-2033.55	-81.6088	-4785.45	-0.855882	0.200154	-0.47687	19.8006182976	Atom	
-2035.44	-81.1661	-4786.51	-0.855764	0.210087	-0.472792	19.7940791036	Atom	
-2039.41	-80.1936	-4788.7	-0.871286	0.176369	-0.457989	19.7803915438	Atom	
-2041.69	-79.7304	-4789.9	-0.902602	0.0808614	-0.422813	19.7726199686	Atom	
-2095.42	-74.9171	-4815.07	-0.892455	0.0616866	-0.446899	19.596456731	Atom	
-2096.03	-74.8748	-4815.37	-0.877682	0.0404659	-0.477531	19.5944132105	Atom	
-2096.39	-74.8586	-4815.57	-0.856357	0.0621441	-0.512632	19.5932154026	Atom	
-2120.13	-73.1352	-4829.78	-0.899068	0.0160943	-0.437514	19.5105564514	Atom	
-2121.6	-73.1089	-4830.5	-0.885082	-0.00290935	-0.465426	19.5056690086	Atom	
-2131.98	-73.143	-4835.95	-0.823021	0.0399086	-0.566607	19.4705987278	Atom	
-2148.79	-72.3278	-4847.53	-0.833818	0.0243554	-0.551502	19.4094168664	Atom	
-2164.81	-71.8599	-4858.12	-0.823357	0.0484741	-0.56545	19.3517260841	Atom	
-2167.59	-71.6962	-4860.03	-0.780667	0.000225463	-0.624948	19.3415641749	Atom	
-2179.91	-71.6927	-4869.89	-0.84354	-0.0198575	-0.536699	19.2940655445	Atom	
-2179.94	-71.6934	-4869.91	-0.853912	-0.0364909	-0.519136	19.2939593511	Atom	
-2186.22	-71.9617	-4873.73	-0.860261	-0.000651349	-0.509853	19.2717768584	Atom	
-2198.56	-71.971	-4881.04	-0.865994	-0.0166349	-0.499778	19.2284680198	Atom	
-2200.72	-72.0127	-4882.29	-0.852316	-0.038927	-0.521576	19.2208950951	Atom	
-2202.43	-72.0907	-4883.34	-0.854465	-0.0364853	-0.518227	19.2148296559	Atom	
-2211.37	-72.4722	-4888.76	-0.84052	0.0792841	-0.535948	19.1831827044	Atom	
-2236.16	-70.1337	-4904.57	-0.854158	0.0410863	-0.518388	19.0938037691	Atom	
-2242.76	-69.8163	-4908.57	-0.908963	-0.100274	-0.404637	19.0703108075	Atom	
-2253.96	-71.052	-4913.56	-0.908065	-0.102211	-0.406166	19.032795952	Atom	
-2254.81	-71.1473	-4913.94	-0.901335	-0.100095	-0.421398	19.0299531447	Atom	
-2265.37	-72.321	-4918.88	-0.897745	-0.133648	-0.419753	18.9942003306	Atom	
-2270.45	-73.0767	-4921.25	-0.858525	-0.074044	-0.507398	18.9769333547	Atom	
-2271.34	-73.153	-4921.77	-0.867988	-0.0905108	-0.488267	18.9737833052	Atom	
-2272.93	-73.319	-4922.67	-0.863627	-0.108857	-0.492238	18.9681791859	Atom	
-2273.11	-73.3425	-4922.78	-0.862579	-0.166895	-0.477601	18.9675180242	Atom	
-2318.03	-82.0339	-4947.65	-0.85258	-0.172933	-0.493154	18.8083171138	Atom	
-2334.05	-85.283	-4956.91	-0.856108	-0.182175	-0.483623	18.7505010724	Atom	
-2339.34	-86.4077	-4959.9	-0.854749	-0.226709	-0.466913	18.7314578612	Atom	
-2347.7	-88.6266	-4964.47	-0.85064	-0.251899	-0.461474	18.7012449372	Atom	
-2363	-93.1551	-4972.76	-0.829361	-0.291842	-0.476433	18.6456782268	Atom	
-2365.94	-94.1917	-4974.46	-0.756921	-0.379063	-0.532336	18.6346741453	Atom	
-2367.23	-94.8381	-4975.36	-0.814209	-0.355792	-0.458776	18.6293887231	Atom	
-2373.94	-97.7704	-4979.15	-0.826167	-0.340844	-0.448634	18.6038382956	Atom	
-2394.29	-106.165	-4990.2	-0.851117	-0.329862	-0.408402	18.5274026042	Atom	
-2410.63	-112.497	-4998.03	-0.858075	-0.324253	-0.398206	18.4676381821	Atom	
-2414.86	-114.097	-5000	-0.858075	-0.324253	-0.398206	18.4522330786	Region	
"-----------------------------------------------------------------"
"Trajectory"	160

"NbCollisions"	393
"Zmax"	0
"Display"	256

"Collisions"

"X"	"Y"	"Z"	"Rx"	"Ry"	"Rz"	"Energy"	"CollisionType"	
0.0903308	-0.256428	-5000	5.22123e-006	-9.38207e-007	1	30	Region	
0.0904795	-0.256455	-4971.5	0.0365886	-0.0602837	0.99751	29.939328547	Atom	
1.03561	-1.81365	-4945.74	-0.0769115	-0.383417	0.920367	29.8842424444	Atom	
-2.78634	-20.8667	-4900	-0.070962	-0.392556	0.916987	29.7781146277	Atom	
-4.59459	-30.8698	-4876.63	-0.0907019	-0.408095	0.908422	29.7235384721	Atom	
-4.78494	-31.7262	-4874.73	-0.0840373	-0.421401	0.902972	29.7190372442	Atom	
-10.9314	-62.5476	-4808.68	-0.0697396	-0.399998	0.913859	29.5621402809	Atom	
-11.6553	-66.6995	-4799.2	-0.165281	-0.330529	0.929211	29.5397798709	Atom	
-14.7333	-72.8547	-4781.89	-0.124267	-0.314632	0.941044	29.499638604	Atom	
-15.0398	-73.631	-4779.57	-0.154269	-0.310923	0.937832	29.49431474	Atom	
-15.9614	-75.4883	-4773.97	-0.154696	-0.10104	0.982782	29.4814225561	Atom	
-16.0614	-75.5537	-4773.34	-0.149804	-0.112382	0.982308	29.48002628	Atom	
-17.7606	-76.8284	-4762.19	-0.163298	-0.110501	0.980369	29.4555375474	Atom	
-22.9975	-80.372	-4730.75	-0.106372	-0.0917528	0.990084	29.3862531596	Atom	
-29.8416	-86.2756	-4667.05	-0.0212638	-0.207623	0.977978	29.2469842107	Atom	
-30.9075	-96.6832	-4618.03	-0.0682711	-0.229897	0.970817	29.1380714175	Atom	
-31.5553	-98.8644	-4608.82	-0.0763274	-0.205491	0.975678	29.1173955479	Atom	
-32.4798	-101.353	-4597	0.301597	0.188144	0.934688	29.0909840614	Atom	
-26.1967	-97.4339	-4577.52	0.356388	0.14294	0.92334	29.0455264763	Atom	
-15.5089	-93.1473	-4549.83	0.359845	0.17318	0.916799	28.9800080744	Atom	
-15.0766	-92.9392	-4548.73	0.36171	0.151214	0.919946	28.9773784054	Atom	
-12.2465	-91.7561	-4541.54	0.318861	0.111402	0.941232	28.9602529177	Atom	
-10.8516	-91.2687	-4537.42	0.234406	-0.0276109	0.971747	28.9506729158	Atom	
-10.1139	-91.3556	-4534.36	0.188154	0.00235752	0.982137	28.9437792864	Atom	
-7.1514	-91.3185	-4518.9	0.193018	0.0335234	0.980622	28.9092840252	Atom	
-5.82998	-91.089	-4512.18	0.168869	-0.0232607	0.985364	28.8942708735	Atom	
-5.14673	-91.1831	-4508.2	0.203333	-0.0217783	0.978867	28.8853944702	Atom	
-0.36082	-91.6957	-4485.16	0.174564	-0.0254482	0.984317	28.8337447169	Atom	
12.6601	-93.5939	-4411.73	0.144632	-0.0213167	0.989256	28.6698295343	Atom	
13.5244	-93.7213	-4405.82	0.142357	-0.0164842	0.989678	28.6566373444	Atom	
15.6338	-93.9656	-4391.16	0.141732	0.0148739	0.989793	28.6239143351	Atom	
15.6744	-93.9613	-4390.87	0.162707	0.0901923	0.982544	28.6232810401	Atom	
17.6415	-92.871	-4379	0.104561	0.148304	0.983399	28.5965591427	Atom	
18.4489	-91.7257	-4371.4	0.123226	0.172166	0.97733	28.5794769032	Atom	
19.5792	-90.1465	-4362.44	0.129322	0.182467	0.97467	28.5591777701	Atom	
22.9083	-85.4494	-4337.35	0.199609	0.173261	0.964436	28.5021751242	Atom	
24.6904	-83.9025	-4328.74	0.216406	0.14053	0.966137	28.4823735257	Atom	
28.8094	-81.2277	-4310.35	0.0612009	-0.0773702	0.995122	28.4401365258	Atom	
29.2249	-81.7529	-4303.59	0.0103628	-0.0520191	0.998592	28.4250543779	Atom	
29.8404	-84.8427	-4244.28	0.067499	-0.0138512	0.997623	28.2930347404	Atom	
29.987	-84.8728	-4242.11	0.0732184	-0.0246555	0.997011	28.2881896094	Atom	
30.5729	-85.0701	-4234.13	0.123653	-0.0342481	0.991734	28.2703345271	Atom	
33.6802	-85.9307	-4209.21	0.150111	-0.0581131	0.98696	28.2142375801	Atom	
34.0268	-86.0649	-4206.93	0.151685	-0.0252192	0.988107	28.2090747116	Atom	
42.5405	-87.4804	-4151.47	0.157073	-0.0372048	0.986886	28.0835634563	Atom	
43.7927	-87.777	-4143.6	0.120501	-0.0281597	0.992314	28.0656728688	Atom	
49.5566	-89.1239	-4096.14	-0.00507305	0.0208691	0.999769	27.9582757362	Atom	
49.5396	-89.0541	-4092.79	0.0441763	0.0471897	0.997909	27.9507396854	Atom	
49.8441	-88.7288	-4085.91	-0.116951	-0.121308	0.985701	27.9352092074	Atom	
49.2033	-89.3935	-4080.51	-0.125897	-0.111266	0.985784	27.9228596421	Atom	
46.4101	-91.8621	-4058.64	-0.118797	-0.16413	0.979259	27.8728422991	Atom	
45.5943	-92.9891	-4051.92	-0.118709	-0.162169	0.979597	27.8573404434	Atom	
43.6143	-95.6941	-4035.58	-0.120956	-0.149608	0.981319	27.8196660479	Atom	
43.0898	-96.3428	-4031.32	-0.158298	-0.220691	0.962412	27.8098626239	Atom	
43.0762	-96.3617	-4031.24	-0.108758	-0.253059	0.961318	27.8096684883	Atom	
36.1445	-112.491	-3969.97	-0.139236	-0.236549	0.961591	27.6655169875	Atom	
29.483	-123.808	-3923.96	-0.259603	-0.186402	0.947555	27.556861357	Atom	
27.3514	-125.338	-3916.18	-0.231504	-0.164724	0.958787	27.5381546549	Atom	
23.7653	-127.89	-3901.33	-0.224211	-0.19341	0.955156	27.5028452303	Atom	
22.795	-128.727	-3897.2	-0.214278	-0.204892	0.955041	27.4929714947	Atom	
21.5467	-129.921	-3891.63	-0.216788	-0.229875	0.948768	27.4796742332	Atom	
13.0437	-138.937	-3854.42	-0.212724	-0.235802	0.948233	27.3901178749	Atom	
10.7614	-141.467	-3844.25	-0.221673	-0.222891	0.949305	27.3655578037	Atom	
-11.4096	-163.76	-3749.3	-0.21107	-0.22118	0.952118	27.1364350038	Atom	
-12.5078	-164.91	-3744.35	-0.177377	0.0964809	0.979402	27.1244350714	Atom	
-17.0149	-162.459	-3719.46	-0.317366	-0.0441281	0.947276	27.0658145038	Atom	
-17.029	-162.461	-3719.42	-0.432888	-0.0619629	0.899315	27.0657118305	Atom	
-34.6166	-164.978	-3682.88	-0.446771	-0.0697255	0.891927	26.9718199677	Atom	
-43.926	-166.431	-3664.3	-0.389151	-0.106018	0.915053	26.9235323557	Atom	
-56.1399	-169.759	-3635.58	-0.233806	-0.346489	0.908449	26.8506957126	Atom	
-56.7726	-170.696	-3633.12	-0.196585	-0.325978	0.924712	26.844401818	Atom	
-71.6515	-195.368	-3563.13	0.0313946	-0.217604	0.975532	26.6683464531	Atom	
-71.6459	-195.407	-3562.96	0.0514721	-0.239905	0.969431	26.6679339301	Atom	
-71.2388	-197.304	-3555.29	0.0816617	-0.283413	0.955515	26.6494389071	Atom	
-70.7031	-199.164	-3549.02	0.116785	-0.284684	0.951481	26.6340909203	Atom	
-70.6341	-199.332	-3548.46	0.126137	-0.288589	0.949108	26.6327070292	Atom	
-69.1677	-202.687	-3537.43	0.107981	-0.306752	0.945644	26.6054959464	Atom	
-67.5257	-207.351	-3523.05	-0.0707124	-0.426797	0.901579	26.5698718688	Atom	
-68.4912	-213.179	-3510.74	-0.14404	-0.364363	0.92005	26.5378506007	Atom	
-69.2053	-214.985	-3506.18	-0.158943	-0.353775	0.921727	26.5262142824	Atom	
-73.1321	-223.725	-3483.4	-0.0532309	-0.366374	0.928944	26.4681988062	Atom	
-73.7512	-227.987	-3472.6	-0.109647	-0.382469	0.917439	26.4408395945	Atom	
-75.2057	-233.06	-3460.43	-0.056086	-0.659925	0.749235	26.4096110309	Atom	
-76.3631	-246.679	-3444.97	-0.0101237	-0.621891	0.783038	26.3609797422	Atom	
-76.4307	-250.833	-3439.74	-0.0285597	-0.615853	0.787343	26.3452176285	Atom	
-76.4764	-251.818	-3438.48	-0.0301675	-0.62478	0.780218	26.3414427172	Atom	
-76.6484	-255.379	-3434.03	0.116409	-0.666621	0.736251	26.3279839689	Atom	
-76.2832	-257.47	-3431.72	0.0276405	-0.679543	0.733115	26.3205740879	Atom	
-75.9822	-264.869	-3423.74	0.0302651	-0.696463	0.716954	26.2948458553	Atom	
-75.3002	-280.564	-3407.58	-0.0622359	-0.675664	0.734578	26.2415590387	Atom	
-75.653	-284.395	-3403.42	-0.125826	-0.621339	0.773373	26.2281314879	Atom	
-78.5015	-298.461	-3385.91	-0.139131	-0.635026	0.759858	26.1744924952	Atom	
-79.714	-303.995	-3379.29	-0.155014	-0.619397	0.769622	26.1538103231	Atom	
-81.2643	-310.189	-3371.59	-0.16238	-0.664458	0.729471	26.1300615661	Atom	
-83.3613	-318.77	-3362.17	-0.153531	-0.696298	0.70114	26.0993712741	Atom	
-84.8203	-325.387	-3355.51	-0.166753	-0.69321	0.70118	26.0767668005	Atom	
-85.4163	-327.865	-3353	-0.174397	-0.662064	0.728874	26.0682603625	Atom	
-97.3031	-372.991	-3303.32	-0.193651	-0.661608	0.724412	25.9059789122	Atom	
-104.622	-397.994	-3275.94	-0.167108	-0.669693	0.723593	25.8155530246	Atom	
-117.36	-449.044	-3220.79	-0.157614	-0.666694	0.728476	25.6326527756	Atom	
-118.709	-454.749	-3214.55	-0.171276	-0.666607	0.725465	25.6120070049	Atom	
-119.585	-458.158	-3210.84	-0.1643	-0.665065	0.728488	25.5996575322	Atom	
-122.53	-470.08	-3197.78	-0.133779	-0.675727	0.724911	25.5563615879	Atom	
-135.26	-534.381	-3128.8	-0.0989068	-0.700892	0.706376	25.3262111906	Atom	
-138.719	-558.894	-3104.1	-0.0827635	-0.701273	0.708072	25.2410143952	Atom	
-140.07	-570.344	-3092.54	-0.105454	-0.70437	0.701956	25.2011327638	Atom	
-144.285	-598.496	-3064.48	-0.0957963	-0.718084	0.689332	25.1033906585	Atom	
-144.461	-599.811	-3063.22	-0.0760891	-0.73265	0.676339	25.0988990316	Atom	
-150.176	-654.846	-3012.41	-0.0255509	-0.741199	0.670799	24.9146002788	Atom	
-150.345	-659.75	-3007.98	-0.0490013	-0.713102	0.699345	24.8982746002	Atom	
-150.948	-668.52	-2999.37	-0.0358906	-0.720485	0.692541	24.8679078182	Atom	
-151.037	-670.308	-2997.66	-0.0489576	-0.760164	0.647884	24.861774733	Atom	
-151.704	-680.657	-2988.84	-0.156757	-0.721489	0.674448	24.8281204726	Atom	
-153.259	-687.818	-2982.14	-0.106399	-0.735778	0.668812	24.8035598325	Atom	
-153.498	-689.467	-2980.64	-0.0912762	-0.710382	0.697873	24.7980088055	Atom	
-155.187	-702.615	-2967.73	-0.114436	-0.703327	0.701596	24.7521663951	Atom	
-156.376	-709.919	-2960.44	-0.0901953	-0.719793	0.688304	24.7264043746	Atom	
-159.119	-731.813	-2939.5	-0.130194	-0.788362	0.601277	24.6508909141	Atom	
-160.741	-741.636	-2932.01	-0.10753	-0.783284	0.612294	24.6198823007	Atom	
-162.387	-753.624	-2922.64	-0.0711913	-0.753868	0.653158	24.5817551972	Atom	
-162.752	-757.489	-2919.29	-0.074724	-0.762269	0.642932	24.568966151	Atom	
-162.971	-759.719	-2917.41	-0.0435117	-0.769295	0.637411	24.5616677065	Atom	
-163.338	-766.208	-2912.03	-0.230779	-0.761601	0.605561	24.5406152429	Atom	
-169.16	-785.422	-2896.76	-0.189178	-0.727658	0.659337	24.4776096376	Atom	
-171.167	-793.143	-2889.76	-0.0915705	-0.756148	0.647962	24.4510553427	Atom	
-171.986	-799.902	-2883.97	-0.0847252	-0.788449	0.609237	24.428666613	Atom	
-174.096	-819.541	-2868.79	0.0041638	-0.984195	0.177038	24.3662325465	Atom	
-173.923	-860.391	-2861.45	-0.00039892	-0.981842	0.189698	24.2619848485	Atom	
-173.935	-889.576	-2855.81	0.00734508	-0.986619	0.162876	24.1870757468	Atom	
-173.87	-898.299	-2854.37	0.0153044	-0.989009	0.147058	24.1647417169	Atom	
-173.8	-902.845	-2853.69	0.073254	-0.942672	0.325581	24.1531192126	Atom	
-172.148	-924.099	-2846.35	-0.0450744	-0.930362	0.363861	24.096097246	Atom	
-172.815	-937.875	-2840.96	0.000204917	-0.917182	0.398469	24.0585782129	Atom	
-172.809	-964.95	-2829.2	0.0144968	-0.90216	0.431157	23.983689846	Atom	
-172.757	-968.239	-2827.63	0.731002	-0.659357	0.175739	23.974418324	Atom	
-169.062	-971.572	-2826.74	0.72719	-0.664318	0.172848	23.9615595612	Atom	
-158.803	-980.944	-2824.3	0.660791	-0.692858	0.288621	23.9256547871	Atom	
-153.435	-986.572	-2821.96	0.609948	-0.775842	-0.161347	23.9049582954	Atom	
-147.213	-994.486	-2823.6	0.59282	-0.787239	-0.169766	23.8789476399	Atom	
-141.971	-1001.45	-2825.1	0.924588	-0.367885	-0.0989828	23.856381127	Atom	
-133.116	-1004.97	-2826.05	0.90965	-0.387145	-0.150516	23.8319205251	Atom	
-125.907	-1008.04	-2827.25	0.914418	-0.386918	-0.11889	23.8116646601	Atom	
-98.4435	-1019.66	-2830.82	0.911405	-0.390444	-0.129975	23.7348491164	Atom	
-90.1976	-1023.19	-2831.99	0.918759	-0.372124	-0.131927	23.7116496247	Atom	
-71.6444	-1030.71	-2834.66	0.91083	-0.373297	-0.176175	23.6598289594	Atom	
-42.9084	-1042.48	-2840.21	0.933183	-0.315369	-0.17237	23.5787281423	Atom	
-42.2053	-1042.72	-2840.34	0.954617	-0.272778	-0.119574	23.5767862067	Atom	
-3.83753	-1053.68	-2845.15	0.974056	-0.222189	-0.0429666	23.4731817533	Atom	
-1.85817	-1054.14	-2845.24	0.97269	-0.2272	-0.0474835	23.4679253451	Atom	
10.5998	-1057.05	-2845.85	0.969541	-0.233583	-0.0736862	23.434789588	Atom	
11.5869	-1057.28	-2845.92	0.964285	-0.260298	-0.0489839	23.4321523721	Atom	
21.4934	-1059.96	-2846.42	0.950768	-0.251449	-0.181147	23.4055413762	Atom	
22.3245	-1060.18	-2846.58	0.954653	-0.256429	-0.151269	23.403275069	Atom	
23.193	-1060.41	-2846.72	0.951706	-0.263996	-0.156725	23.4009163331	Atom	
32.8553	-1063.09	-2848.31	0.566663	-0.677621	-0.468746	23.3745903122	Atom	
40.4041	-1072.12	-2854.56	0.651488	-0.600059	-0.464211	23.3400169441	Atom	
43.7529	-1075.2	-2856.94	0.637878	-0.618493	-0.458888	23.326661058	Atom	
59.8539	-1090.81	-2868.52	0.627882	-0.638811	-0.444618	23.2610450272	Atom	
62.1263	-1093.13	-2870.13	0.462849	-0.689076	-0.557624	23.2516161829	Atom	
73.2883	-1109.74	-2883.58	0.371452	-0.701282	-0.608463	23.1887675804	Atom	
73.7763	-1110.67	-2884.38	0.240242	-0.49637	-0.834206	23.1853359753	Atom	
74.5559	-1112.28	-2887.09	0.278556	-0.519284	-0.807929	23.1768597776	Atom	
79.6116	-1121.7	-2901.75	0.252835	-0.512001	-0.820932	23.1294392952	Atom	
79.7185	-1121.92	-2902.1	0.236039	-0.528076	-0.815733	23.1283335012	Atom	
81.1456	-1125.11	-2907.03	0.264359	-0.579302	-0.771054	23.1125106628	Atom	
85.1835	-1133.96	-2918.81	0.188179	-0.627614	-0.75544	23.0725145586	Atom	
89.5653	-1148.57	-2936.4	0.19481	-0.604786	-0.772194	23.0114597183	Atom	
95.1292	-1165.85	-2958.45	0.274993	-0.637243	-0.719931	22.9364163339	Atom	
99.0454	-1174.92	-2968.71	0.276538	-0.664582	-0.694159	22.8989008018	Atom	
99.065	-1174.97	-2968.75	0.225389	-0.682365	-0.695398	22.898713762	Atom	
101.546	-1182.48	-2976.41	0.179321	-0.712658	-0.678206	22.8696754688	Atom	
105.06	-1196.44	-2989.7	0.0999633	-0.701342	-0.705781	22.8179439002	Atom	
108.173	-1218.29	-3011.68	0.107969	-0.673019	-0.731703	22.735556947	Atom	
110.054	-1230.01	-3024.43	0.00906689	-0.604645	-0.796444	22.689352408	Atom	
110.373	-1251.26	-3052.42	0.0330543	-0.618455	-0.785125	22.5959748796	Atom	
110.535	-1254.3	-3056.28	0.0170247	-0.501807	-0.864812	22.5828691936	Atom	
110.78	-1261.51	-3068.7	-0.0022475	-0.514548	-0.857459	22.5445585134	Atom	
110.729	-1273.11	-3088.02	0.0444026	-0.503996	-0.862564	22.484386529	Atom	
111.45	-1281.29	-3102.03	0.0354272	-0.50116	-0.864629	22.4409269705	Atom	
111.759	-1285.66	-3109.57	0.0213928	-0.53612	-0.84387	22.4175775844	Atom	
112.792	-1311.54	-3150.31	-0.0859988	-0.548529	-0.831697	22.2880937518	Atom	
111.927	-1317.05	-3158.67	-0.0515076	-0.804779	-0.591336	22.261004819	Atom	
109.281	-1358.4	-3189.05	-0.0484672	-0.791944	-0.608667	22.1224411163	Atom	
108.631	-1369.02	-3197.21	0.0348561	-0.678533	-0.733742	22.0860934562	Atom	
108.672	-1369.82	-3198.07	0.0375212	-0.659033	-0.751177	22.0829120421	Atom	
108.808	-1372.21	-3200.8	0.026779	-0.643228	-0.765206	22.0730591906	Atom	
108.89	-1374.19	-3203.15	0.0474258	-0.616945	-0.785576	22.0647085458	Atom	
109.061	-1376.41	-3205.97	0.0523551	-0.586699	-0.808111	22.0549503193	Atom	
109.152	-1377.43	-3207.38	0.0937417	-0.56779	-0.817818	22.0502105557	Atom	
110.398	-1384.98	-3218.25	0.0575626	-0.630574	-0.773992	22.0140918824	Atom	
111.449	-1396.49	-3232.38	0.104205	-0.61396	-0.782428	21.9644225891	Atom	
111.848	-1398.84	-3235.38	0.0228291	-0.663302	-0.748003	21.95398762	Atom	
111.902	-1400.4	-3237.14	0.0190466	-0.660844	-0.750281	21.9475627106	Atom	
112.867	-1433.89	-3275.16	0.00633354	-0.678155	-0.734892	21.8093615703	Atom	
112.958	-1443.68	-3285.78	0.00151022	-0.658995	-0.752146	21.7697772884	Atom	
112.987	-1456.19	-3300.05	0.161932	-0.637919	-0.752886	21.7176944237	Atom	
116.595	-1470.41	-3316.83	0.135225	-0.677666	-0.72283	21.6564161678	Atom	
117.077	-1472.82	-3319.4	0.128955	-0.655812	-0.743829	21.6466079149	Atom	
118.673	-1480.93	-3328.61	0.136796	-0.661436	-0.73742	21.612482347	Atom	
118.718	-1481.15	-3328.85	0.152377	-0.677326	-0.71973	21.6115726078	Atom	
125.062	-1509.35	-3358.82	0.191047	-0.627592	-0.754738	21.4966420415	Atom	
128.137	-1519.46	-3370.96	0.146503	-0.607511	-0.780684	21.4520215791	Atom	
137.568	-1558.56	-3421.22	0.1247	-0.642402	-0.756154	21.2732832727	Atom	
139.338	-1567.68	-3431.95	0.145067	-0.629653	-0.763212	21.2336299128	Atom	
140.239	-1571.59	-3436.69	0.204721	-0.577753	-0.79012	21.2162321696	Atom	
140.473	-1572.25	-3437.6	0.197891	-0.561991	-0.803122	21.2130300867	Atom	
140.523	-1572.39	-3437.8	0.185727	-0.570899	-0.799737	21.2123241064	Atom	
141.47	-1575.3	-3441.88	0.220348	-0.584772	-0.780698	21.1980412703	Atom	
143.292	-1580.14	-3448.33	0.205351	-0.543311	-0.81403	21.1748720286	Atom	
143.559	-1580.85	-3449.39	0.193007	-0.540723	-0.818759	21.1712245469	Atom	
144.422	-1583.26	-3453.05	0.217409	-0.519784	-0.826171	21.1586865945	Atom	
149.114	-1594.48	-3470.88	0.168088	-0.563874	-0.808574	21.0981077881	Atom	
149.68	-1596.38	-3473.6	0.157237	-0.546309	-0.822693	21.0886396712	Atom	
149.904	-1597.16	-3474.78	0.168604	-0.552835	-0.816055	21.0846193906	Atom	
150.321	-1598.53	-3476.79	0.147262	-0.597514	-0.78822	21.0776596944	Atom	
151.3	-1602.5	-3482.03	0.13965	-0.543523	-0.827696	21.0589515106	Atom	
152.157	-1605.83	-3487.11	0.131693	-0.528417	-0.838709	21.0416684083	Atom	
152.857	-1608.64	-3491.57	0.113691	-0.563626	-0.818169	21.0266790354	Atom	
153.512	-1611.89	-3496.28	0.186201	-0.560116	-0.807217	21.010427551	Atom	
163.182	-1640.98	-3538.21	0.161994	-0.504018	-0.848366	20.8638601295	Atom	
166.321	-1650.74	-3554.64	0.130309	-0.504515	-0.853513	20.8088785939	Atom	
167.636	-1655.83	-3563.26	0.120824	-0.495508	-0.860159	20.7801827781	Atom	
168.295	-1658.54	-3567.95	0.118294	-0.464195	-0.877798	20.7646603687	Atom	
171.855	-1672.51	-3594.37	0.115158	-0.48359	-0.867686	20.6789326049	Atom	
171.907	-1672.73	-3594.76	0.124137	-0.436155	-0.891268	20.6776383886	Atom	
172.383	-1674.4	-3598.18	-0.00741519	-0.474755	-0.880087	20.6666794888	Atom	
172.309	-1679.16	-3607.01	-0.0252984	-0.508627	-0.860615	20.6379902013	Atom	
171.921	-1686.97	-3620.22	-0.0546076	-0.498607	-0.865106	20.5940661153	Atom	
171.812	-1687.96	-3621.94	-0.0694853	-0.517501	-0.852857	20.5883668808	Atom	
170.864	-1695.02	-3633.57	-0.0790715	-0.523357	-0.848437	20.5492590398	Atom	
168.687	-1709.43	-3656.94	-0.0183071	-0.665039	-0.746585	20.4701689652	Atom	
168.465	-1717.5	-3665.99	0.00435521	-0.664556	-0.747225	20.4352236114	Atom	
168.675	-1749.66	-3702.15	-0.109824	-0.57824	-0.808441	20.2956680592	Atom	
165.668	-1765.49	-3724.29	-0.133233	-0.37548	-0.917205	20.216260243	Atom	
163.606	-1771.3	-3738.48	-0.082941	-0.209095	-0.974372	20.171243503	Atom	
162.993	-1772.85	-3745.68	-0.00330074	-0.294183	-0.955744	20.1497297868	Atom	
162.976	-1774.35	-3750.57	-0.0294039	-0.270651	-0.962228	20.1347892524	Atom	
162.84	-1775.61	-3755.05	-0.0550011	-0.292258	-0.954756	20.121215138	Atom	
162.101	-1779.54	-3767.87	-0.0790216	-0.248857	-0.965311	20.0820133292	Atom	
159.398	-1788.05	-3800.89	-0.0486862	-0.180493	-0.982371	19.9820001584	Atom	
158.393	-1791.78	-3821.18	-0.0935208	-0.123138	-0.987973	19.9213815881	Atom	
156.854	-1793.8	-3837.43	-0.0941937	-0.114763	-0.988917	19.8729936544	Atom	
155.43	-1795.54	-3852.38	-0.0774934	-0.106686	-0.991268	19.8284173867	Atom	
154.603	-1796.68	-3862.96	-0.154772	-0.138585	-0.978182	19.7969139208	Atom	
149.571	-1801.18	-3894.76	-0.130946	-0.17207	-0.976343	19.7007825708	Atom	
147.694	-1803.65	-3908.76	-0.128595	-0.156667	-0.979244	19.6582312279	Atom	
147.199	-1804.25	-3912.53	-0.105413	-0.154653	-0.982329	19.6467896176	Atom	
146.65	-1805.06	-3917.65	-0.111977	-0.161667	-0.980472	19.6312881249	Atom	
145.96	-1806.05	-3923.68	-0.090515	-0.135132	-0.986685	19.6129739217	Atom	
145.928	-1806.1	-3924.03	-0.0828267	-0.124187	-0.988796	19.6119144499	Atom	
145.031	-1807.45	-3934.74	-0.036226	-0.1292	-0.990957	19.5796601113	Atom	
143.837	-1811.71	-3967.42	0.0752955	-0.282681	-0.956254	19.4813252191	Atom	
144.394	-1813.8	-3974.5	0.0879912	-0.289802	-0.953033	19.4591531956	Atom	
144.473	-1814.06	-3975.35	0.0330149	-0.300957	-0.953066	19.4564800737	Atom	
144.493	-1814.24	-3975.94	0.0438379	-0.325598	-0.944491	19.4546232542	Atom	
144.985	-1817.9	-3986.54	0.0685279	-0.315943	-0.9463	19.4209907655	Atom	
145.223	-1819	-3989.82	0.0698439	-0.317437	-0.945704	19.4105635458	Atom	
147.644	-1830	-4022.6	0.145291	-0.381127	-0.913035	19.3064961538	Atom	
150.794	-1838.26	-4042.4	0.224528	-0.427369	-0.875753	19.2411258552	Atom	
154.11	-1844.57	-4055.33	0.224551	-0.436229	-0.871367	19.1964792349	Atom	
162.042	-1859.98	-4086.11	0.242512	-0.47237	-0.847381	19.089494658	Atom	
162.752	-1861.36	-4088.59	0.220902	-0.469233	-0.854999	19.080596455	Atom	
166.514	-1869.36	-4103.15	0.254522	-0.459585	-0.850882	19.0287765065	Atom	
168.881	-1873.63	-4111.07	0.252421	-0.506816	-0.82427	19.0004097836	Atom	
182.161	-1900.29	-4154.43	0.252117	-0.510834	-0.82188	18.8398053977	Atom	
188.793	-1913.73	-4176.05	0.514807	-0.494273	-0.700477	18.758953325	Atom	
191.073	-1915.92	-4179.15	0.580749	-0.482289	-0.655841	18.7452996373	Atom	
196.487	-1920.42	-4185.27	0.590174	-0.499093	-0.634509	18.7165375277	Atom	
199.497	-1922.96	-4188.5	0.30752	-0.534272	-0.787391	18.7007831553	Atom	
207.76	-1937.32	-4209.66	0.0509395	-0.237412	-0.970073	18.6177334888	Atom	
209.291	-1944.45	-4238.81	-0.373273	-0.232777	-0.898043	18.5245349906	Atom	
206.291	-1946.32	-4246.03	-0.371939	-0.229322	-0.899485	18.4995133544	Atom	
204.023	-1947.72	-4251.51	-0.446847	-0.15175	-0.881646	18.4805029572	Atom	
179.874	-1955.92	-4299.16	-0.454951	-0.150367	-0.877729	18.3119167482	Atom	
166.213	-1960.44	-4325.51	-0.463272	-0.190594	-0.865478	18.2175696808	Atom	
155.244	-1964.95	-4346.01	-0.429194	-0.151419	-0.89043	18.1428800455	Atom	
149.763	-1966.88	-4357.38	-0.419134	-0.174319	-0.891033	18.102467466	Atom	
145.927	-1968.48	-4365.53	-0.419481	-0.112554	-0.900759	18.073453543	Atom	
139.268	-1970.27	-4379.83	-0.57079	-0.187273	-0.799455	18.0230685035	Atom	
131.365	-1972.86	-4390.9	-0.575641	-0.0621821	-0.815335	17.9790247642	Atom	
131.299	-1972.87	-4390.99	-0.542144	-0.0559168	-0.838423	17.9786621344	Atom	
128.917	-1973.11	-4394.68	-0.66882	0.132693	-0.731486	17.9646612452	Atom	
127.633	-1972.86	-4396.08	-0.59038	0.0835645	-0.802788	17.9585371178	Atom	
113.768	-1970.89	-4414.93	-0.576214	0.0615342	-0.814979	17.8836250472	Atom	
108.428	-1970.32	-4422.49	-0.568306	0.0602428	-0.820609	17.8539693981	Atom	
93.1617	-1968.71	-4444.53	-0.550834	0.0991416	-0.828706	17.7678914062	Atom	
86.6177	-1967.53	-4454.38	-0.530654	0.105243	-0.841029	17.7296803747	Atom	
65.0679	-1963.25	-4488.53	-0.524553	0.135212	-0.840573	17.598847441	Atom	
61.2141	-1962.26	-4494.71	-0.521218	0.127765	-0.843806	17.5750414396	Atom	
53.7907	-1960.44	-4506.72	-0.54837	0.0791932	-0.832477	17.5288434773	Atom	
47.9976	-1959.6	-4515.52	-0.532019	0.0669952	-0.844078	17.4945065802	Atom	
42.7695	-1958.95	-4523.81	-0.520324	0.0301327	-0.853437	17.4625172735	Atom	
32.005	-1958.32	-4541.47	-0.54997	-0.0389435	-0.834276	17.395077237	Atom	
30.074	-1958.46	-4544.4	-0.679049	0.0612581	-0.731533	17.3835968057	Atom	
24.8907	-1957.99	-4549.98	-0.695083	-0.0417136	-0.717719	17.3586262479	Atom	
23.0117	-1958.1	-4551.92	-0.773204	-0.0227417	-0.63375	17.3497730125	Atom	
11.2961	-1958.45	-4561.52	-0.772101	-0.00383639	-0.635488	17.3001305152	Atom	
5.69171	-1958.48	-4566.14	-0.226116	0.678188	-0.699237	17.2762964655	Atom	
4.80855	-1955.83	-4568.87	-0.260325	0.662643	-0.702236	17.263457869	Atom	
3.30608	-1952	-4572.92	-0.305719	0.661554	-0.68475	17.2444755447	Atom	
1.88538	-1948.93	-4576.1	-0.33147	0.642143	-0.691217	17.2291784627	Atom	
-0.556504	-1944.2	-4581.2	-0.327199	0.767609	-0.551105	17.2049118879	Atom	
-1.52936	-1941.92	-4582.83	-0.363614	0.734617	-0.57282	17.1951071189	Atom	
-3.23842	-1938.46	-4585.53	-0.373102	0.730492	-0.571994	17.1796006979	Atom	
-4.88824	-1935.23	-4588.06	-0.40051	0.664721	-0.630665	17.1650023278	Atom	
-9.42976	-1927.7	-4595.21	-0.475859	0.595823	-0.646957	17.1275420263	Atom	
-13.0843	-1923.12	-4600.18	-0.447139	0.613627	-0.650791	17.1021280321	Atom	
-22.3974	-1910.34	-4613.73	-0.424903	0.541557	-0.725378	17.0331246328	Atom	
-24.0702	-1908.21	-4616.59	-0.42998	0.684693	-0.588483	17.0200410498	Atom	
-26.8101	-1903.84	-4620.34	-0.408807	0.697958	-0.587989	16.9988516869	Atom	
-43.1966	-1875.87	-4643.9	-0.355138	0.682596	-0.638701	16.8654314916	Atom	
-44.4437	-1873.47	-4646.15	-0.38126	0.734081	-0.56193	16.8536720119	Atom	
-49.037	-1864.63	-4652.92	-0.433322	0.708579	-0.556909	16.8133036951	Atom	
-52.7348	-1858.58	-4657.67	-0.391838	0.697013	-0.60053	16.7846569355	Atom	
-55.1072	-1854.36	-4661.31	-0.397748	0.678105	-0.618037	16.7643059149	Atom	
-57.3987	-1850.45	-4664.87	-0.395144	0.709312	-0.583728	16.7449218437	Atom	
-58.4625	-1848.54	-4666.44	-0.435798	0.715846	-0.545569	16.7358563845	Atom	
-60.9265	-1844.5	-4669.52	-0.385204	0.747665	-0.54094	16.7168079425	Atom	
-62.406	-1841.62	-4671.6	-0.424696	0.687863	-0.588624	16.7038578416	Atom	
-62.6854	-1841.17	-4671.99	-0.447783	0.629845	-0.634654	16.7016380037	Atom	
-87.8152	-1805.82	-4707.6	-0.477003	0.634296	-0.608389	16.5122729189	Atom	
-89.8746	-1803.09	-4710.23	-0.485118	0.623519	-0.613094	16.4975761936	Atom	
-90.1042	-1802.79	-4710.52	-0.481669	0.660347	-0.57614	16.49596379	Atom	
-90.5374	-1802.2	-4711.04	-0.52882	0.663945	-0.528703	16.4928995345	Atom	
-109.372	-1778.55	-4729.87	-0.483259	0.666863	-0.567234	16.3715502667	Atom	
-114.244	-1771.83	-4735.59	-0.50021	0.712779	-0.491666	16.3370027775	Atom	
-121.349	-1761.7	-4742.57	-0.430554	0.752641	-0.498151	16.2882460172	Atom	
-126.17	-1753.27	-4748.15	-0.411814	0.766458	-0.492901	16.2497251349	Atom	
-133.923	-1738.85	-4757.43	-0.593634	0.572916	-0.565126	16.184844994	Atom	
-139.001	-1733.94	-4762.26	-0.649839	0.501632	-0.571029	16.1552680405	Atom	
-142.81	-1731	-4765.61	-0.648165	0.558606	-0.517535	16.1349771922	Atom	
-149.453	-1725.28	-4770.92	-0.61886	0.567005	-0.543615	16.0994616382	Atom	
-154.27	-1720.87	-4775.15	-0.495879	0.532076	-0.686294	16.0724434021	Atom	
-160.506	-1714.17	-4783.78	-0.488666	0.580047	-0.651729	16.0287316157	Atom	
-167.026	-1706.43	-4792.47	-0.522228	0.584233	-0.621248	15.9822544291	Atom	
-173.174	-1699.56	-4799.79	-0.501519	0.580141	-0.641806	15.941159073	Atom	
-173.992	-1698.61	-4800.83	-0.565219	0.512017	-0.646813	15.9354575911	Atom	
-180.95	-1692.31	-4808.8	-0.692336	0.331895	-0.640716	15.8923812794	Atom	
-181.013	-1692.28	-4808.85	-0.689036	0.280874	-0.668086	15.8920648089	Atom	
-186.084	-1690.21	-4813.77	-0.69926	0.297651	-0.649954	15.8662610097	Atom	
-189.759	-1688.65	-4817.19	-0.566272	0.309323	-0.763974	15.8478089455	Atom	
-196.381	-1685.03	-4826.12	-0.577799	0.194818	-0.792587	15.8067207603	Atom	
-197.513	-1684.65	-4827.67	-0.56871	0.238517	-0.787197	15.7998228161	Atom	
-204.43	-1681.75	-4837.25	-0.625196	0.23137	-0.745384	15.75699018	Atom	
-205.608	-1681.31	-4838.65	-0.797586	0.108238	-0.593414	15.7503363883	Atom	
-208.203	-1680.96	-4840.58	-0.773009	0.0252803	-0.633891	15.738851438	Atom	
-213.667	-1680.78	-4845.06	-0.759363	0.0432136	-0.649231	15.7138841323	Atom	
-216.941	-1680.59	-4847.86	-0.788659	-0.0370563	-0.613714	15.6986334918	Atom	
-239.554	-1681.66	-4865.46	-0.757195	-0.100504	-0.64541	15.5971470517	Atom	
-240.397	-1681.77	-4866.18	-0.752399	-0.10456	-0.650356	15.5931904768	Atom	
-253.94	-1683.65	-4877.88	-0.743788	-0.119893	-0.657575	15.5291482508	Atom	
-260.578	-1684.72	-4883.75	-0.747816	-0.1281	-0.651431	15.4972968536	Atom	
-261.016	-1684.79	-4884.13	-0.73686	-0.117941	-0.665679	15.4952021997	Atom	
-261.155	-1684.82	-4884.26	-0.727084	-0.14074	-0.671968	15.494530398	Atom	
-261.87	-1684.96	-4884.92	-0.698417	-0.166719	-0.696002	15.4910114052	Atom	
-267.468	-1686.29	-4890.5	-0.700054	-0.149596	-0.698244	15.4623530385	Atom	
-273.313	-1687.54	-4896.33	-0.685032	-0.142777	-0.714385	15.4324548618	Atom	
-273.512	-1687.58	-4896.54	-0.691845	-0.0511069	-0.720235	15.431409934	Atom	
-289.708	-1688.78	-4913.4	-0.669167	-0.13896	-0.730004	15.3474521243	Atom	
-290.613	-1688.97	-4914.39	-0.702168	-0.0822391	-0.707246	15.342580298	Atom	
-291.489	-1689.07	-4915.27	-0.722762	-0.0579094	-0.688667	15.3380864721	Atom	
-301.674	-1689.88	-4924.97	-0.721722	-0.0563256	-0.689888	15.2873092793	Atom	
-312.358	-1690.72	-4935.18	-0.740638	-0.0635689	-0.66889	15.2338343864	Atom	
-321.764	-1691.53	-4943.68	-0.749541	-0.101035	-0.654201	15.1878314861	Atom	
-337.195	-1693.61	-4957.15	-0.569694	-0.112609	-0.814106	15.1130878549	Atom	
-337.776	-1693.72	-4957.98	-0.585485	-0.144543	-0.797693	15.1093732167	Atom	
-347.709	-1696.17	-4971.51	-0.544521	-0.126018	-0.829226	15.0475282901	Atom	
-353.566	-1697.53	-4980.43	-0.50745	-0.0121461	-0.861595	15.0082017807	Atom	
-355.286	-1697.57	-4983.35	-0.485497	-0.012936	-0.874143	14.9957807795	Atom	
-364.533	-1697.82	-5000	-0.485497	-0.012936	-0.874143	14.9259524894	Region	
"-----------------------------------------------------------------"
"Trajectory"	163

"NbCollisions"	201
"Zmax"	0
"Display"	256

"Collisions"

"X"	"Y"	"Z"	"Rx"	"Ry"	"Rz"	"Energy"	"CollisionType"	
-0.494339	-0.0606056	-5000	-2.77716e-006	-4.56804e-006	1	30	Region	
-0.494569	-0.060983	-4917.39	0.0310867	-0.0412081	0.998667	29.8241064913	Atom	
-0.390779	-0.198565	-4914.05	0.175842	0.0504885	0.983123	29.816964604	Atom	
-0.0774001	-0.108586	-4912.3	0.224791	0.00617596	0.974387	29.8131516125	Atom	
5.8292	0.0536929	-4886.7	0.250339	-0.0888587	0.964072	29.7569279111	Atom	
11.6709	-2.01982	-4864.2	0.24932	0.00668338	0.968398	29.7069217629	Atom	
14.8776	-1.93386	-4851.74	0.337371	-0.176134	0.924748	29.679322039	Atom	
20.2743	-4.75139	-4836.95	0.376589	-0.185928	0.907531	29.6449704657	Atom	
34.571	-11.8099	-4802.5	0.37253	-0.1584	0.914402	29.563370288	Atom	
52.0318	-19.2342	-4759.64	0.377619	-0.132637	0.916412	29.4624035753	Atom	
61.3228	-22.4976	-4737.09	0.363131	-0.240613	0.900134	29.4092573355	Atom	
68.3086	-27.1265	-4719.78	0.384734	-0.256869	0.886565	29.367643006	Atom	
68.4097	-27.194	-4719.54	0.374102	-0.255817	0.891406	29.3670739076	Atom	
77.692	-33.5414	-4697.43	0.319469	-0.261062	0.910926	29.313339711	Atom	
80.0743	-35.4881	-4690.63	0.361735	-0.299321	0.882924	29.2971667103	Atom	
88.6898	-42.6171	-4669.6	0.332759	-0.227931	0.915051	29.2454893783	Atom	
90.2951	-43.7167	-4665.19	0.260466	-0.272425	0.926252	29.2350073737	Atom	
92.5757	-46.102	-4657.08	0.253655	-0.287909	0.923454	29.2159768079	Atom	
95.545	-49.4723	-4646.27	0.239236	-0.264365	0.934279	29.1905213906	Atom	
97.7298	-51.8866	-4637.74	0.229459	-0.288664	0.929528	29.1706485803	Atom	
99.3813	-53.9643	-4631.05	0.277035	-0.24731	0.928488	29.1549774418	Atom	
102.552	-56.7945	-4620.42	0.348194	-0.163593	0.923038	29.1300500953	Atom	
109.493	-60.0558	-4602.02	0.339582	-0.167001	0.925632	29.0865973192	Atom	
111.421	-61.004	-4596.76	0.35978	-0.120643	0.925205	29.0742065473	Atom	
147.443	-73.0829	-4504.13	0.41559	-0.0563205	0.907806	28.8556403047	Atom	
150.013	-73.4312	-4498.52	0.493496	-0.096488	0.864379	28.8420565321	Atom	
153.411	-74.0956	-4492.56	0.51128	-0.0850925	0.855191	28.8269284999	Atom	
167.447	-76.4317	-4469.09	0.496414	-0.0995699	0.862357	28.7665890929	Atom	
171.844	-77.3134	-4461.45	0.474889	-0.138093	0.869143	28.7470918079	Atom	
177.822	-79.0518	-4450.51	0.482691	-0.16156	0.86076	28.7193617374	Atom	
180.873	-80.0731	-4445.07	0.478274	-0.314245	0.820064	28.7054260067	Atom	
199.23	-92.1342	-4413.59	0.470307	-0.315005	0.824368	28.6207827601	Atom	
211.376	-100.27	-4392.3	0.478241	-0.321683	0.817194	28.5636930926	Atom	
213.31	-101.57	-4389	0.417553	-0.365133	0.832062	28.5547419754	Atom	
224.651	-111.488	-4366.4	0.404685	-0.392951	0.825724	28.4945880102	Atom	
236.655	-123.143	-4341.91	0.483114	-0.384692	0.786519	28.4287896459	Atom	
244.307	-129.237	-4329.45	0.451486	-0.496047	0.741686	28.393587343	Atom	
244.625	-129.586	-4328.93	0.475794	-0.510358	0.716348	28.3920224102	Atom	
291.607	-179.981	-4258.19	0.457043	-0.53727	0.708839	28.1723431633	Atom	
335.58	-231.673	-4189.99	0.460535	-0.493741	0.73765	27.9569721547	Atom	
341.701	-238.235	-4180.19	0.481677	-0.500985	0.719028	27.9270362828	Atom	
347.489	-244.256	-4171.55	0.513245	-0.544166	0.663673	27.8999485074	Atom	
355.737	-253	-4160.88	0.495733	-0.539415	0.680646	27.863699376	Atom	
356.807	-254.164	-4159.41	0.489148	-0.555158	0.672707	27.8588241298	Atom	
359.245	-256.932	-4156.06	0.532768	-0.584658	0.611828	27.8475641036	Atom	
366.113	-264.468	-4148.17	0.497213	-0.640805	0.584934	27.8184430092	Atom	
371.198	-271.022	-4142.19	0.485327	-0.601501	0.63455	27.7953162146	Atom	
379.743	-281.612	-4131.02	0.504673	-0.601572	0.619207	27.7554810594	Atom	
380.193	-282.149	-4130.47	0.507906	-0.578232	0.638498	27.7534590732	Atom	
392.017	-295.61	-4115.6	0.838198	-0.279631	0.468221	27.7007230051	Atom	
394.719	-296.511	-4114.09	0.819626	-0.236213	0.521935	27.6934102973	Atom	
427.16	-305.861	-4093.43	0.815662	-0.28128	0.505547	27.6035920261	Atom	
445.774	-312.28	-4081.9	0.843079	-0.283544	0.456969	27.5516710275	Atom	
455.048	-315.399	-4076.87	0.819751	-0.35191	0.451849	27.5266056254	Atom	
464.539	-319.473	-4071.64	0.827914	-0.364097	0.426606	27.5002066564	Atom	
483.925	-327.999	-4061.65	0.833685	-0.341686	0.433844	27.4467740777	Atom	
490.504	-330.695	-4058.23	0.811218	-0.36967	0.453067	27.4287396037	Atom	
501.138	-335.541	-4052.29	0.811887	-0.326254	0.484146	27.3987649698	Atom	
517.314	-342.041	-4042.64	0.800257	-0.340282	0.493758	27.3531652944	Atom	
525.742	-345.625	-4037.44	0.771062	-0.42875	0.470784	27.329028756	Atom	
540.387	-353.768	-4028.5	0.7838	-0.498948	0.369741	27.2854729445	Atom	
554.076	-362.482	-4022.04	0.753743	-0.544861	0.367421	27.2453715588	Atom	
561.8	-368.065	-4018.28	0.729772	-0.596319	0.334419	27.2218138523	Atom	
563.128	-369.151	-4017.67	0.485003	-0.84509	0.224935	27.2176258533	Atom	
578.906	-396.643	-4010.35	0.767894	-0.64018	-0.0225328	27.1427805971	Atom	
584.247	-401.096	-4010.51	0.755674	-0.654936	-0.00401183	27.1267412005	Atom	
586.347	-402.915	-4010.52	0.728752	-0.681789	0.0639036	27.1203318834	Atom	
596.859	-412.75	-4009.6	0.717569	-0.690487	0.0912289	27.0870493371	Atom	
606.017	-421.563	-4008.43	0.714719	-0.695377	0.0750217	27.0575734898	Atom	
610.823	-426.238	-4007.93	0.781082	-0.6204	0.0708133	27.0420302003	Atom	
650.991	-458.143	-4004.29	0.791156	-0.60544	0.0866903	26.9231030782	Atom	
651.88	-458.824	-4004.19	0.769282	-0.634194	0.0774809	26.9204932768	Atom	
660.155	-465.645	-4003.36	0.763581	-0.643358	0.0550914	26.8955292679	Atom	
681.248	-483.418	-4001.83	0.760965	-0.644571	0.0739024	26.8313692051	Atom	
687.817	-488.982	-4001.2	0.772034	-0.629364	0.0886823	26.8112821376	Atom	
700.415	-499.252	-3999.75	0.76639	-0.632018	0.11489	26.7732879382	Atom	
728.373	-522.308	-3995.56	0.838094	-0.545125	0.0209243	26.6882517697	Atom	
739.403	-529.482	-3995.28	0.843606	-0.535086	-0.0448556	26.657496847	Atom	
764.687	-545.519	-3996.63	0.847357	-0.522662	-0.0938639	26.5873922599	Atom	
766.562	-546.676	-3996.83	0.834717	-0.543838	-0.0865311	26.5822045532	Atom	
774.964	-552.15	-3997.7	0.837219	-0.540413	-0.0837783	26.5586076434	Atom	
778.574	-554.48	-3998.07	0.839756	-0.535703	-0.0885015	26.5484921144	Atom	
826.311	-584.932	-4003.1	-0.291892	-0.773848	-0.562102	26.415094822	Atom	
826.244	-585.11	-4003.23	-0.360473	-0.74298	-0.56395	26.4145546866	Atom	
818.995	-600.051	-4014.57	-0.266782	-0.82763	-0.493818	26.3671747477	Atom	
809.294	-630.144	-4032.52	-0.29255	-0.82733	-0.479521	26.2813821079	Atom	
802.519	-649.304	-4043.63	-0.280326	-0.808532	-0.51739	26.2265997723	Atom	
802.305	-649.921	-4044.02	-0.301707	-0.796893	-0.523388	26.2247909245	Atom	
798.192	-660.786	-4051.16	-0.294121	-0.784998	-0.545225	26.1924832948	Atom	
796.058	-666.482	-4055.11	-0.216416	-0.818917	-0.531543	26.1752731151	Atom	
793.548	-675.978	-4061.28	-0.00332615	-0.787081	-0.616841	26.1477534429	Atom	
793.513	-684.282	-4067.79	0.0134947	-0.795074	-0.606363	26.1226943011	Atom	
793.976	-711.579	-4088.6	0.0527209	-0.772423	-0.632917	26.0410877095	Atom	
796.895	-754.344	-4123.65	0.0281677	-0.756569	-0.653307	25.9091592917	Atom	
797.735	-776.895	-4143.12	0.01889	-0.761652	-0.647711	25.8378480335	Atom	
797.917	-784.228	-4149.35	0.0567774	-0.786503	-0.614971	25.8147631198	Atom	
798.784	-796.244	-4158.75	0.0550428	-0.688531	-0.723115	25.7781063772	Atom	
799.056	-799.64	-4162.32	0.0965995	-0.686216	-0.720955	25.7662563262	Atom	
800.331	-808.699	-4171.83	0.0826993	-0.665103	-0.742158	25.7345350913	Atom	
801.913	-821.42	-4186.03	0.0628937	-0.668654	-0.740909	25.6885299964	Atom	
804.189	-845.617	-4212.84	0.0727776	-0.65012	-0.756338	25.601360998	Atom	
804.284	-846.469	-4213.83	0.0767413	-0.669604	-0.738743	25.5981962858	Atom	
805.152	-854.043	-4222.19	0.119152	-0.659747	-0.741981	25.5708741997	Atom	
811.092	-886.934	-4259.18	0.099181	-0.671243	-0.734572	25.4503518534	Atom	
812.613	-897.226	-4270.44	0.157792	-0.721157	-0.674562	25.4131464647	Atom	
812.644	-897.368	-4270.57	0.154666	-0.791306	-0.591535	25.4126685699	Atom	
813.928	-903.94	-4275.49	0.182655	-0.864071	-0.469062	25.3924904161	Atom	
814.103	-904.766	-4275.94	0.150076	-0.863711	-0.481123	25.3901660342	Atom	
815.426	-912.382	-4280.18	0.164201	-0.856006	-0.490196	25.3687286589	Atom	
815.83	-914.487	-4281.38	0.147225	-0.852266	-0.501963	25.3627458633	Atom	
817.5	-924.156	-4287.08	0.130412	-0.855483	-0.50114	25.3351429372	Atom	
817.863	-926.537	-4288.47	0.128286	-0.860381	-0.493242	25.3283653626	Atom	
818.486	-930.712	-4290.87	0.171491	-0.859624	-0.481288	25.316543217	Atom	
830.62	-991.534	-4324.92	0.125265	-0.854984	-0.5033	25.144134989	Atom	
831.773	-999.404	-4329.55	0.0638382	-0.851089	-0.521126	25.1215846174	Atom	
833.544	-1023.01	-4344.01	0.0489562	-0.86687	-0.496125	25.0535695957	Atom	
834.628	-1042.21	-4355	0.0424974	-0.886152	-0.461442	24.9991507193	Atom	
835.485	-1060.09	-4364.31	-0.0251472	-0.900118	-0.434921	24.9495053976	Atom	
835.298	-1066.81	-4367.55	-0.018632	-0.898483	-0.438612	24.9311070185	Atom	
835.148	-1074	-4371.06	-0.00502893	-0.889723	-0.456472	24.911375298	Atom	
835.082	-1085.81	-4377.12	-0.0023531	-0.881553	-0.47208	24.8785996362	Atom	
835.002	-1115.72	-4393.14	-0.0751222	-0.903446	-0.422068	24.7947822779	Atom	
833.405	-1134.93	-4402.11	-0.111655	-0.932403	-0.343742	24.7421160768	Atom	
830.585	-1158.47	-4410.79	-0.284924	-0.832747	-0.474712	24.6794515187	Atom	
825.103	-1174.5	-4419.93	-0.217841	-0.808525	-0.546655	24.6316124422	Atom	
815.601	-1209.76	-4443.77	-0.228443	-0.779715	-0.582974	24.5229946945	Atom	
813.379	-1217.35	-4449.44	-0.206	-0.792344	-0.574243	24.4986841288	Atom	
810.286	-1229.24	-4458.06	-0.247707	-0.796389	-0.551729	24.4611343242	Atom	
808.902	-1233.69	-4461.15	-0.270608	-0.804166	-0.529234	24.4471455276	Atom	
798.723	-1263.94	-4481.05	-0.284543	-0.798394	-0.530662	24.3529249041	Atom	
791.612	-1283.89	-4494.32	-0.294861	-0.748713	-0.593705	24.2901239436	Atom	
782.637	-1306.68	-4512.39	-0.286954	-0.768719	-0.571601	24.2134887246	Atom	
773.391	-1331.45	-4530.8	-0.280204	-0.750084	-0.599049	24.1321627398	Atom	
772.168	-1334.73	-4533.42	-0.275152	-0.751765	-0.599283	24.1211145884	Atom	
769.174	-1342.91	-4539.94	-0.277265	-0.733229	-0.620886	24.093568175	Atom	
765.01	-1353.92	-4549.26	-0.338798	-0.687329	-0.642492	24.0555049237	Atom	
751.361	-1381.61	-4575.15	-0.379193	-0.659584	-0.64897	23.9532924488	Atom	
747.557	-1388.23	-4581.66	-0.255046	-0.643762	-0.721472	23.9277544315	Atom	
746.824	-1390.08	-4583.73	-0.295245	-0.628822	-0.719315	23.9204341822	Atom	
746.205	-1391.39	-4585.24	-0.291787	-0.630486	-0.719269	23.9150869547	Atom	
742.003	-1400.47	-4595.6	-0.34777	-0.598073	-0.722056	23.8783880381	Atom	
738.426	-1406.63	-4603.03	-0.289388	-0.623466	-0.726323	23.8521320759	Atom	
732.743	-1418.87	-4617.29	-0.214332	-0.691292	-0.690056	23.8019758831	Atom	
728.409	-1432.85	-4631.24	-0.267825	-0.669177	-0.693161	23.7502362903	Atom	
728.335	-1433.03	-4631.43	-0.298049	-0.613104	-0.731622	23.7495359938	Atom	
723.686	-1442.6	-4642.85	-0.351144	-0.543525	-0.762416	23.7095519945	Atom	
714.865	-1456.25	-4662	-0.365716	-0.4906	-0.790926	23.6450836652	Atom	
712.083	-1459.98	-4668.01	-0.422256	-0.53287	-0.733314	23.625520844	Atom	
710.039	-1462.56	-4671.56	-0.483213	-0.535568	-0.692583	23.6130626585	Atom	
709.135	-1463.56	-4672.86	-0.486266	-0.566914	-0.664947	23.6082480044	Atom	
685.16	-1491.51	-4705.64	-0.502986	-0.565507	-0.65361	23.4812882771	Atom	
684.037	-1492.78	-4707.1	-0.498405	-0.650475	-0.573127	23.4755131339	Atom	
673.502	-1506.53	-4719.22	-0.444507	-0.702405	-0.555914	23.4208403	Atom	
664.21	-1521.21	-4730.84	-0.611226	-0.58078	-0.537678	23.3666711053	Atom	
640.305	-1543.92	-4751.87	-0.605024	-0.587325	-0.537583	23.2651419081	Atom	
638.739	-1545.44	-4753.26	-0.594994	-0.677937	-0.431721	23.2583982974	Atom	
636.762	-1547.7	-4754.69	-0.550326	-0.703273	-0.450054	23.2497412878	Atom	
635.944	-1548.74	-4755.36	-0.672957	-0.497032	-0.547803	23.245869787	Atom	
633.954	-1550.21	-4756.98	-0.672369	-0.493911	-0.551337	23.2381605816	Atom	
618.606	-1561.49	-4769.57	-0.680919	-0.487066	-0.546915	23.1786437783	Atom	
609.45	-1568.03	-4776.92	-0.607998	-0.537167	-0.584628	23.143514749	Atom	
606.533	-1570.61	-4779.73	-0.522274	-0.609996	-0.595932	23.1309651626	Atom	
602.13	-1575.75	-4784.75	-0.523627	-0.587703	-0.616782	23.1089038587	Atom	
596.67	-1581.88	-4791.18	-0.500793	-0.594481	-0.629125	23.0815946853	Atom	
592.79	-1586.49	-4796.06	-0.505348	-0.611631	-0.608713	23.0612884873	Atom	
575.593	-1607.3	-4816.77	-0.299597	-0.744784	-0.596271	22.9720261406	Atom	
573.886	-1611.55	-4820.17	-0.305666	-0.739011	-0.600359	22.9570339004	Atom	
565.726	-1631.27	-4836.19	-0.21484	-0.734406	-0.64381	22.886763149	Atom	
563.421	-1639.15	-4843.1	-0.187208	-0.731532	-0.655602	22.8584453633	Atom	
560.422	-1650.87	-4853.61	-0.176776	-0.723236	-0.667593	22.8161276453	Atom	
553.741	-1678.21	-4878.84	-0.231264	-0.684072	-0.691782	22.7161618215	Atom	
552.67	-1681.37	-4882.04	-0.119719	-0.681184	-0.722257	22.7038658757	Atom	
545.816	-1720.37	-4923.39	-0.134925	-0.663762	-0.735673	22.5518369756	Atom	
541.136	-1743.4	-4948.91	-0.134711	-0.665367	-0.734261	22.459239968	Atom	
540.811	-1745	-4950.68	-0.0579756	-0.629235	-0.77505	22.452777813	Atom	
539.281	-1761.61	-4971.13	-0.144937	-0.533693	-0.833165	22.3820872964	Atom	
534.259	-1780.1	-5000	-0.144937	-0.533693	-0.833165	22.2890341652	Region	
"-----------------------------------------------------------------"
"Trajectory"	165

"NbCollisions"	116
"Zmax"	0
"Display"	256

"Collisions"

"X"	"Y"	"Z"	"Rx"	"Ry"	"Rz"	"Energy"	"CollisionType"	
-0.207982	0.094066	-5000	-4.03766e-006	-2.63372e-006	1	30	Region	
-0.208055	0.0940187	-4982.07	0.0222523	-0.0428262	0.998835	29.9618262906	Atom	
0.423475	-1.12141	-4953.72	0.0249811	-0.00466008	0.999677	29.9013400587	Atom	
0.877362	-1.20608	-4935.56	0.140274	0.184591	0.972753	29.8625541114	Atom	
5.47992	4.85057	-4903.64	0.16258	0.18371	0.969442	29.7924393423	Atom	
9.80849	9.74171	-4877.83	0.143256	0.308387	0.940412	29.7354384921	Atom	
11.97	14.3948	-4863.64	0.146477	0.382642	0.912211	29.7030856159	Atom	
16.932	27.3571	-4832.74	0.157663	0.375491	0.913317	29.6303857344	Atom	
20.8061	36.5835	-4810.3	0.164502	0.417321	0.893746	29.5775503242	Atom	
22.0936	39.8498	-4803.3	0.0973563	0.71	0.69744	29.5606966204	Atom	
22.9324	45.9674	-4797.29	0.110075	0.701797	0.703821	29.5421341164	Atom	
26.533	68.9236	-4774.27	-0.0313188	0.67279	0.739171	29.4716300893	Atom	
25.6611	87.6552	-4753.69	0.0502022	0.662681	0.747217	29.4115057317	Atom	
29.2429	134.936	-4700.38	-0.0792532	0.652211	0.753883	29.2571781279	Atom	
28.8275	138.355	-4696.43	-0.178318	0.667075	0.723335	29.2457923565	Atom	
23.722	157.454	-4675.72	-0.162749	0.651849	0.740679	29.1835828539	Atom	
23.0384	160.192	-4672.61	-0.143076	0.67748	0.721491	29.1744408783	Atom	
21.6736	166.654	-4665.73	-0.131573	0.717247	0.684284	29.1536743357	Atom	
20.1996	174.69	-4658.06	-0.372762	0.725844	0.578099	29.1292710542	Atom	
18.861	177.296	-4655.98	-0.328873	0.71283	0.619449	29.1214436024	Atom	
18.5988	177.865	-4655.49	-0.308948	0.717702	0.624063	29.1197049872	Atom	
15.9685	183.975	-4650.18	-0.305971	0.718973	0.624067	29.101142622	Atom	
10.9939	195.664	-4640.03	-0.295425	0.72111	0.626678	29.0656765239	Atom	
4.15621	212.354	-4625.52	-0.28999	0.761669	0.579454	29.0151380306	Atom	
-1.55362	227.352	-4614.12	-0.292095	0.760738	0.579619	28.9720851784	Atom	
-2.97316	231.049	-4611.3	-0.326843	0.753426	0.570546	28.9614461905	Atom	
-15.2463	259.34	-4589.87	-0.317555	0.759565	0.567644	28.8792180797	Atom	
-19.8454	270.341	-4581.65	-0.316876	0.771448	0.551776	28.8474319964	Atom	
-23.2601	278.654	-4575.71	-0.315827	0.691336	0.649852	28.8237601459	Atom	
-23.2791	278.696	-4575.67	-0.307305	0.680382	0.665315	28.8236279215	Atom	
-24.6066	281.635	-4572.79	0.272332	-0.614567	-0.740367	28.8141325147	Atom	
-19.7759	270.733	-4585.93	0.272675	-0.606915	-0.746527	28.7751311686	Atom	
-14.7725	259.597	-4599.63	0.305069	-0.583432	-0.752688	28.7347425065	Atom	
-14.5975	259.262	-4600.06	0.30408	-0.603241	-0.737317	28.733478899	Atom	
-8.28541	246.74	-4615.36	0.262933	-0.644707	-0.717787	28.6877359817	Atom	
-6.06345	241.292	-4621.43	0.293155	-0.649488	-0.701588	28.6690901896	Atom	
2.61666	222.061	-4642.2	0.320953	-0.657978	-0.681215	28.6037256106	Atom	
5.32966	216.499	-4647.96	0.230982	-0.672576	-0.703057	28.5850311715	Atom	
13.0868	193.912	-4671.57	0.211726	-0.696045	-0.686072	28.5107200236	Atom	
17.7736	178.504	-4686.76	0.232823	-0.684757	-0.69058	28.4616364065	Atom	
18.7137	175.739	-4689.55	0.254608	-0.646436	-0.719232	28.4526711676	Atom	
22.734	165.532	-4700.9	0.211956	-0.647014	-0.732426	28.4176022631	Atom	
26.2862	154.688	-4713.18	0.185763	-0.623647	-0.759313	28.38034442	Atom	
27.1961	151.634	-4716.9	-0.137896	-0.561367	-0.815997	28.3694437988	Atom	
25.9473	146.55	-4724.29	0.311497	-0.87039	-0.381302	28.3492830474	Atom	
31.4672	131.126	-4731.04	0.288572	-0.880874	-0.375215	28.3098130274	Atom	
32.0697	129.287	-4731.83	0.295668	-0.86572	-0.403869	28.3051573002	Atom	
35.5384	119.13	-4736.57	0.363616	-0.835069	-0.412847	28.2789938923	Atom	
40.1718	108.489	-4741.83	0.337424	-0.848928	-0.406777	28.2505549142	Atom	
44.3281	98.0324	-4746.84	0.339794	-0.847866	-0.407018	28.2230419508	Atom	
56.9264	66.5966	-4761.93	0.188329	-0.912348	-0.363529	28.1401649187	Atom	
62.234	40.8846	-4772.17	0.260017	-0.898327	-0.354117	28.077021096	Atom	
63.0816	37.9562	-4773.33	0.347811	-0.884476	-0.311013	28.0697043087	Atom	
75.0402	7.54568	-4784.02	0.332497	-0.87512	-0.351584	27.9925147444	Atom	
83.5169	-14.7647	-4792.98	0.326417	-0.874306	-0.359223	27.9351542306	Atom	
88.4322	-27.9303	-4798.39	0.339704	-0.86352	-0.372738	27.901218572	Atom	
91.8761	-36.6846	-4802.17	0.34835	-0.857049	-0.379629	27.8783492947	Atom	
95.8856	-46.5491	-4806.54	0.303356	-0.856854	-0.416865	27.852368269	Atom	
97.7801	-51.9005	-4809.15	0.313381	-0.844504	-0.434288	27.8382603068	Atom	
109.215	-82.7164	-4824.99	0.290277	-0.867256	-0.404484	27.7557979145	Atom	
110.158	-85.5326	-4826.31	0.347514	-0.856741	-0.381088	27.7484423695	Atom	
111.236	-88.1912	-4827.49	0.374152	-0.867921	-0.326686	27.7414116963	Atom	
121.954	-113.053	-4836.85	0.451175	-0.860478	-0.236683	27.676496895	Atom	
131.593	-131.436	-4841.9	0.429345	-0.870545	-0.240447	27.6279935587	Atom	
138.705	-145.858	-4845.89	0.438893	-0.870842	-0.221376	27.5903301689	Atom	
139.108	-146.657	-4846.09	0.456049	-0.85816	-0.235755	27.5882411482	Atom	
151.548	-170.065	-4852.52	0.472748	-0.846926	-0.243363	27.5261559717	Atom	
156.804	-179.482	-4855.23	0.47393	-0.845697	-0.245331	27.5008019078	Atom	
186.398	-232.29	-4870.54	0.476935	-0.832558	-0.281744	27.3583134313	Atom	
187.298	-233.861	-4871.08	0.428758	-0.854343	-0.29371	27.35399014	Atom	
201.965	-263.087	-4881.12	0.385012	-0.873112	-0.299067	27.2755956466	Atom	
213.949	-290.264	-4890.43	0.335316	-0.881326	-0.332908	27.2041025913	Atom	
218.962	-303.44	-4895.41	0.344946	-0.881026	-0.323736	27.1696923152	Atom	
227.525	-325.31	-4903.45	0.450654	-0.819259	-0.354578	27.1124997372	Atom	
237.541	-343.519	-4911.33	0.463091	-0.808927	-0.362193	27.0612076162	Atom	
245.066	-356.663	-4917.21	0.47481	-0.807202	-0.350686	27.0236518695	Atom	
246.586	-359.247	-4918.34	0.466271	-0.835749	-0.290028	27.0162424813	Atom	
269.868	-400.978	-4932.82	0.470411	-0.825754	-0.311198	26.9006826047	Atom	
277.593	-414.538	-4937.93	0.470584	-0.80424	-0.362971	26.8625468257	Atom	
290.544	-436.671	-4947.92	0.465764	-0.792178	-0.394357	26.7985659485	Atom	
291.117	-437.646	-4948.4	0.46987	-0.786525	-0.400749	26.795700267	Atom	
295.624	-445.191	-4952.25	0.483588	-0.785644	-0.385884	26.7733525681	Atom	
307.222	-464.032	-4961.5	0.54202	-0.688525	-0.481817	26.7174512786	Atom	
307.617	-464.535	-4961.85	0.505969	-0.751326	-0.42368	26.7157460543	Atom	
313.563	-473.364	-4966.83	0.528581	-0.738105	-0.419288	26.6883088902	Atom	
314.269	-474.35	-4967.39	0.548098	-0.755749	-0.358375	26.6851855136	Atom	
326.23	-490.843	-4975.21	0.462249	-0.795763	-0.391263	26.6341828978	Atom	
335.096	-506.106	-4982.72	0.535685	-0.735137	-0.415469	26.5892876424	Atom	
356.28	-535.177	-4999.15	0.537144	-0.731253	-0.420411	26.4966006809	Atom	
357.371	-536.662	-5000	0.537144	-0.731253	-0.420411	26.4918266461	Region	
"-----------------------------------------------------------------"
"Trajectory"	168

"NbCollisions"	457
"Zmax"	0
"Display"	256

"Collisions"

"X"	"Y"	"Z"	"Rx"	"Ry"	"Rz"	"Energy"	"CollisionType"	
-0.25818	0.153583	-5000	2.20473e-006	7.15072e-007	1	30	Region	
-0.258172	0.153585	-4996.36	0.00771718	-0.0494243	0.998748	29.9922469304	Atom	
0.231245	-2.98087	-4933.02	-0.0115225	-0.0424352	0.999033	29.8571933432	Atom	
-0.00702424	-3.85837	-4912.36	-0.0701542	-0.00442199	0.997526	29.8129984985	Atom	
-0.588862	-3.89504	-4904.09	-0.101091	-0.0320772	0.99436	29.7952520519	Atom	
-1.01885	-4.03148	-4899.86	-0.103467	-0.062479	0.992669	29.7861462634	Atom	
-1.09002	-4.07446	-4899.17	-0.137828	-0.1711	0.975566	29.7846733931	Atom	
-1.39242	-4.44986	-4897.03	-0.137112	-0.122837	0.98291	29.7799751562	Atom	
-4.96259	-7.64833	-4871.44	-0.158636	-0.137916	0.977657	29.724210347	Atom	
-6.73731	-9.19124	-4860.5	-0.231206	-0.110603	0.966597	29.7002151542	Atom	
-8.46354	-10.017	-4853.29	-0.288323	-0.00944998	0.957487	29.6841908852	Atom	
-26.1364	-10.5963	-4794.6	-0.186935	0.0567177	0.980734	29.5525793691	Atom	
-27.8598	-10.0734	-4785.56	-0.184454	0.06797	0.980488	29.5327144086	Atom	
-32.3302	-8.42608	-4761.79	-0.112506	0.071094	0.991104	29.4804633542	Atom	
-34.7296	-6.90985	-4740.66	-0.144185	0.0661836	0.987335	29.4344183933	Atom	
-38.8251	-5.02993	-4712.61	-0.155681	0.0669964	0.985533	29.3730164716	Atom	
-38.95	-4.9762	-4711.82	-0.158756	0.0790217	0.984151	29.3712798409	Atom	
-39.1358	-4.8837	-4710.67	-0.169006	0.0677547	0.983283	29.3687452657	Atom	
-43.3016	-3.21364	-4686.43	-0.236431	0.101472	0.966335	29.3153675403	Atom	
-47.0081	-1.62286	-4671.28	-0.269268	0.188064	0.944525	29.2813691935	Atom	
-47.613	-1.20038	-4669.16	-0.235369	0.194868	0.95217	29.2764927235	Atom	
-53.7701	3.89721	-4644.25	-0.228354	0.123851	0.965668	29.2197016304	Atom	
-54.0788	4.06467	-4642.95	-0.204413	0.0775846	0.975805	29.2167616691	Atom	
-58.1163	5.59708	-4623.67	-0.131581	-0.126082	0.983255	29.1738114728	Atom	
-58.3737	5.35041	-4621.75	-0.162979	-0.123613	0.978855	29.1695521288	Atom	
-59.5277	4.47514	-4614.82	-0.135249	-0.183384	0.973693	29.1541350664	Atom	
-66.915	-5.54134	-4561.63	-0.081583	-0.174418	0.981286	29.0351588548	Atom	
-67.1652	-6.07608	-4558.63	-0.0737745	-0.154467	0.98524	29.0284588277	Atom	
-68.9645	-9.84344	-4534.6	-0.0847604	-0.159944	0.98348	28.9751495327	Atom	
-70.4828	-12.7085	-4516.98	-0.0656323	-0.167861	0.983623	28.93593901	Atom	
-71.5479	-15.4326	-4501.02	-0.0974524	-0.110331	0.989106	28.9003778204	Atom	
-73.5401	-17.6881	-4480.8	-0.100782	-0.0928414	0.990567	28.8555354541	Atom	
-74.8931	-18.9344	-4467.5	-0.0713518	-0.227334	0.971199	28.826052844	Atom	
-76.6242	-24.45	-4443.94	-0.0672231	-0.237763	0.968994	28.7727252479	Atom	
-80.8834	-39.5145	-4382.54	-0.0492069	-0.234173	0.970949	28.6332574499	Atom	
-81.3542	-41.7549	-4373.25	-0.0866688	-0.244287	0.965822	28.612115822	Atom	
-81.8407	-43.1262	-4367.83	-0.101005	-0.358089	0.928208	28.5997039192	Atom	
-81.8845	-43.2816	-4367.43	-0.0773843	-0.352462	0.932621	28.5987442467	Atom	
-82.4303	-45.7675	-4360.85	-0.0761371	-0.356169	0.931314	28.5831435857	Atom	
-86.9557	-66.937	-4305.5	0.0138771	-0.345613	0.938274	28.451618954	Atom	
-86.9541	-66.9758	-4305.39	-0.00838589	-0.344766	0.938651	28.4513695535	Atom	
-86.9743	-67.8082	-4303.12	-0.0375784	-0.381732	0.923509	28.446007129	Atom	
-87.3415	-71.5379	-4294.1	-0.051256	-0.293671	0.954531	28.4243036358	Atom	
-88.5787	-78.6263	-4271.06	-0.0470765	-0.31577	0.947667	28.3706537312	Atom	
-89.2422	-83.0769	-4257.7	-0.0388613	-0.33617	0.940999	28.3392793998	Atom	
-91.1646	-99.7066	-4211.15	0.0135782	-0.42096	0.906978	28.2290636216	Atom	
-90.7985	-111.055	-4186.7	-0.0184102	-0.415963	0.909195	28.168812983	Atom	
-91.1706	-119.462	-4168.33	-0.00088668	-0.471928	0.881637	28.1235671603	Atom	
-91.1844	-126.784	-4154.65	-0.00577683	-0.481897	0.876209	28.0887868351	Atom	
-91.2724	-134.129	-4141.3	-0.0650028	-0.481585	0.873986	28.0545889498	Atom	
-95.5648	-165.93	-4083.58	-0.048576	-0.490179	0.870267	27.9062786642	Atom	
-97.6965	-187.441	-4045.39	-0.162008	-0.424586	0.890775	27.8072983515	Atom	
-97.8786	-187.918	-4044.39	-0.141592	-0.436921	0.888286	27.8047564978	Atom	
-99.0165	-191.429	-4037.25	-0.15065	-0.464591	0.872617	27.7865768127	Atom	
-100.796	-196.916	-4026.95	-0.141901	-0.441338	0.88605	27.7598493795	Atom	
-101.175	-198.096	-4024.58	-0.125336	-0.448856	0.884771	27.7537927423	Atom	
-103.504	-206.436	-4008.14	-0.072503	-0.356059	0.931647	27.7117020116	Atom	
-104.829	-212.944	-3991.11	-0.057303	-0.369855	0.927321	27.67024879	Atom	
-105.688	-218.488	-3977.21	-0.0588831	-0.390967	0.918519	27.6362070117	Atom	
-106.202	-221.9	-3969.19	0.433735	-0.153673	0.887839	27.6163724667	Atom	
-98.8055	-224.521	-3954.05	0.427151	-0.137466	0.89367	27.5775891851	Atom	
-96.1023	-225.391	-3948.4	0.38366	-0.181236	0.905516	27.5631807265	Atom	
-93.6364	-226.555	-3942.58	0.391518	-0.133206	0.910478	27.5485403979	Atom	
-89.2053	-228.063	-3932.27	0.306523	-0.118738	0.944428	27.5227504775	Atom	
-77.233	-232.701	-3895.38	0.395614	-0.114565	0.911244	27.4336797217	Atom	
-70.1243	-234.759	-3879.01	0.39972	-0.115831	0.909289	27.3925976093	Atom	
-67.2241	-235.6	-3872.41	0.436895	-0.177084	0.881909	27.3759887301	Atom	
-62.5626	-237.489	-3863	0.431537	-0.195827	0.880584	27.3515536984	Atom	
-61.4527	-237.993	-3860.74	0.438066	-0.188976	0.878855	27.3456593528	Atom	
-11.3737	-259.596	-3760.27	0.436646	-0.235213	0.86834	27.0836222031	Atom	
-8.08636	-261.367	-3753.73	0.475467	-0.311188	0.822856	27.0662327064	Atom	
-6.36642	-262.493	-3750.76	0.492122	-0.283884	0.822937	27.0578731093	Atom	
-1.30591	-265.412	-3742.29	0.398672	-0.19614	0.895874	27.0341035951	Atom	
19.6376	-275.716	-3695.23	0.353985	-0.266961	0.89634	26.9125868667	Atom	
23.5386	-278.658	-3685.35	0.368165	-0.125359	0.921271	26.887004606	Atom	
24.6695	-279.043	-3682.52	0.350321	-0.165953	0.921811	26.879868251	Atom	
38.2851	-285.493	-3646.7	0.336863	-0.173593	0.925413	26.7895560924	Atom	
39.5316	-286.135	-3643.27	0.382028	-0.186153	0.905208	26.7809351609	Atom	
41.4107	-287.051	-3638.82	0.401894	-0.182227	0.897371	26.7694719643	Atom	
44.8341	-288.603	-3631.18	0.393972	-0.199193	0.897278	26.7496138229	Atom	
53.5767	-293.023	-3611.26	0.332691	-0.130669	0.933939	26.6978499232	Atom	
56.871	-294.317	-3602.02	0.352605	-0.103565	0.930024	26.6747163077	Atom	
65.2977	-296.792	-3579.79	0.333667	-0.114622	0.935697	26.6188454746	Atom	
68.4455	-297.874	-3570.96	0.22192	-0.174589	0.959307	26.5967535468	Atom	
72.459	-301.031	-3553.61	0.205346	-0.189009	0.960265	26.5543745096	Atom	
75.0183	-303.387	-3541.64	0.11175	-0.118628	0.98663	26.5251325726	Atom	
78.7816	-307.382	-3508.42	0.0941792	-0.120728	0.988208	26.4460494246	Atom	
79.9067	-308.824	-3496.61	0.0182147	-0.162635	0.986518	26.4179291639	Atom	
80.0173	-309.812	-3490.62	-0.0283258	-0.170846	0.98489	26.4036225053	Atom	
79.6905	-311.783	-3479.26	0.069259	-0.310367	0.94809	26.3764250555	Atom	
80.5051	-315.433	-3468.11	0.0618403	-0.286475	0.95609	26.3486824669	Atom	
81.7988	-321.427	-3448.1	0.0565867	-0.267906	0.961782	26.2992938449	Atom	
81.9889	-322.327	-3444.87	0.0164336	-0.261808	0.96498	26.2913499736	Atom	
82.5789	-331.726	-3410.23	0.0123274	-0.242557	0.970059	26.2064459935	Atom	
82.805	-336.175	-3392.44	-0.00130643	-0.249876	0.968277	26.1629585957	Atom	
82.7641	-343.999	-3362.12	-0.000526571	-0.228886	0.973453	26.0886249773	Atom	
82.7521	-349.229	-3339.88	0.0266581	-0.245503	0.969029	26.0342577791	Atom	
83.1716	-353.092	-3324.63	-0.0671585	-0.289068	0.95495	25.9967514098	Atom	
81.74	-359.254	-3304.27	-0.0610715	-0.349128	0.935083	25.945888353	Atom	
80.4761	-366.48	-3284.92	-0.0669285	-0.342271	0.937214	25.8964282616	Atom	
77.6307	-381.031	-3245.07	-0.0736182	-0.263938	0.961726	25.7946761678	Atom	
75.8899	-387.272	-3222.33	0.0690188	-0.190404	0.979277	25.7379024294	Atom	
77.1522	-390.755	-3204.42	0.0878021	-0.195809	0.976703	25.6939123191	Atom	
79.2023	-395.327	-3181.61	0.0660154	-0.194659	0.978647	25.637679669	Atom	
81.45	-401.955	-3148.29	0.0204872	-0.225426	0.974045	25.5555369537	Atom	
81.4915	-402.411	-3146.32	-0.0447774	-0.209389	0.976807	25.5506393458	Atom	
78.0477	-418.515	-3071.19	-0.0305965	-0.228442	0.973077	25.364589944	Atom	
77.9257	-419.426	-3067.32	-0.0470446	-0.241024	0.969378	25.3548935109	Atom	
77.7685	-420.231	-3064.08	-0.0509567	-0.254559	0.965714	25.3467596859	Atom	
77.6891	-420.628	-3062.57	-0.0332119	-0.178399	0.983398	25.3429654797	Atom	
77.1854	-423.334	-3047.66	-0.0607784	-0.176924	0.982346	25.3060361554	Atom	
76.5681	-425.131	-3037.68	-0.0996061	-0.28853	0.952276	25.2812816624	Atom	
74.5559	-430.959	-3018.44	-0.224073	-0.282476	0.932737	25.2320006507	Atom	
74.549	-430.968	-3018.41	-0.239021	-0.287959	0.927334	25.2319250179	Atom	
71.75	-434.34	-3007.55	-0.238414	-0.301979	0.923021	25.2033151651	Atom	
62.8866	-445.567	-2973.24	-0.321972	-0.232591	0.917734	25.1124038197	Atom	
59.8349	-447.771	-2964.54	-0.39465	-0.177054	0.901611	25.0891592968	Atom	
56.6507	-449.2	-2957.27	-0.414282	-0.113591	0.903032	25.06935778	Atom	
47.6553	-451.666	-2937.66	-0.40079	-0.0849983	0.912219	25.0160360062	Atom	
43.3642	-452.576	-2927.89	-0.491115	-0.250954	0.834163	24.9896989866	Atom	
38.7613	-454.928	-2920.07	-0.508061	-0.253746	0.823096	24.9666251397	Atom	
28.6538	-459.976	-2903.7	-0.446296	-0.239666	0.862195	24.9176111511	Atom	
-1.37139	-476.1	-2845.69	-0.452198	-0.238624	0.859404	24.7516028179	Atom	
-14.6075	-483.085	-2820.54	-0.454963	-0.249014	0.854986	24.678993238	Atom	
-18.9617	-485.468	-2812.35	-0.440889	-0.25761	0.859799	24.655196904	Atom	
-24.9091	-488.943	-2800.76	-0.361127	-0.331698	0.87153	24.6216309742	Atom	
-24.9515	-488.982	-2800.65	-0.278504	-0.320715	0.905305	24.6213381566	Atom	
-25.2255	-489.298	-2799.76	-0.185613	-0.237869	0.953397	24.6188878759	Atom	
-25.8902	-490.149	-2796.35	-0.0662921	-0.359236	0.930889	24.6099666553	Atom	
-26.517	-493.546	-2787.55	-0.0565942	-0.251285	0.966257	24.5864069151	Atom	
-28.1427	-500.765	-2759.79	-0.0919455	-0.269239	0.958674	24.5147672467	Atom	
-28.747	-502.534	-2753.49	-0.0499128	-0.275347	0.960048	24.4983398678	Atom	
-28.8142	-502.905	-2752.2	0.0199403	-0.10809	0.993941	24.4949747231	Atom	
-28.6997	-503.525	-2746.49	-0.0012238	-0.0871214	0.996197	24.4806101792	Atom	
-28.7368	-506.171	-2716.24	-0.0457048	-0.0284352	0.99855	24.4046297527	Atom	
-28.935	-506.294	-2711.91	-0.0985161	-0.015102	0.995021	24.3937514059	Atom	
-29.3113	-506.352	-2708.11	-0.153563	0.073126	0.985429	24.3841665974	Atom	
-40.1513	-501.19	-2638.55	-0.13333	0.0916601	0.986824	24.2069763082	Atom	
-40.6002	-500.881	-2635.23	-0.202142	0.0887783	0.975324	24.1984765949	Atom	
-42.4955	-500.049	-2626.08	-0.196508	0.107748	0.974564	24.174799479	Atom	
-42.9669	-499.79	-2623.74	-0.186596	0.108185	0.976462	24.1687362174	Atom	
-43.0367	-499.75	-2623.38	-0.246056	0.25548	0.934979	24.167791486	Atom	
-49.5034	-493.035	-2598.81	-0.163572	0.246893	0.955138	24.101354846	Atom	
-49.9341	-492.385	-2596.29	-0.0246218	0.472948	0.880746	24.0946848085	Atom	
-50.1048	-489.106	-2590.18	-0.0156562	0.476179	0.879209	24.0771144519	Atom	
-51.1224	-458.157	-2533.04	-0.0179279	0.464727	0.885272	23.9123272701	Atom	
-51.3661	-451.839	-2521.01	0.00569416	0.492941	0.870044	23.877675152	Atom	
-51.2723	-443.723	-2506.68	0.052921	0.430491	0.901042	23.8356534245	Atom	
-48.5197	-421.332	-2459.81	-0.00774113	0.574476	0.818485	23.7027266132	Atom	
-48.5791	-416.929	-2453.54	-0.0154732	0.592255	0.805602	23.6830553739	Atom	
-49.1961	-393.311	-2421.42	-0.0155032	0.640136	0.768105	23.5806248383	Atom	
-49.2189	-392.371	-2420.29	0.0108104	0.599465	0.800328	23.5768368593	Atom	
-49.0912	-385.293	-2410.84	0.0406642	0.593188	0.804036	23.5464019461	Atom	
-48.8505	-381.782	-2406.08	0.0740589	0.604303	0.793305	23.5311278083	Atom	
-48.4931	-378.865	-2402.25	0.056498	0.613213	0.787894	23.5186662165	Atom	
-48.0567	-374.129	-2396.17	0.040751	0.605378	0.794895	23.4987200827	Atom	
-47.6049	-367.417	-2387.35	0.0447973	0.522866	0.851237	23.4700630705	Atom	
-45.323	-340.783	-2343.99	0.0192463	0.531153	0.847058	23.3382892191	Atom	
-45.3037	-340.25	-2343.14	-0.00119979	0.4933	0.869858	23.3356803424	Atom	
-45.3248	-331.582	-2327.86	-0.015605	0.495534	0.868449	23.2900179844	Atom	
-45.4996	-326.032	-2318.13	0.869827	0.0380178	-0.491889	23.2608653824	Atom	
-40.4602	-325.812	-2320.98	0.799272	-0.454929	-0.392687	23.2457712753	Atom	
8.53273	-353.697	-2345.05	0.868193	-0.282933	-0.407664	23.085992197	Atom	
14.8363	-355.752	-2348.01	0.962126	-0.262503	-0.073524	23.0669634396	Atom	
60.5385	-368.221	-2351.5	0.980613	-0.189442	-0.050102	22.942388815	Atom	
64.4739	-368.981	-2351.7	0.979735	-0.190542	-0.0617439	22.9318192391	Atom	
79.1579	-371.837	-2352.63	0.982462	-0.180938	-0.0450631	22.8923307192	Atom	
96.2003	-374.975	-2353.41	0.976127	-0.181596	-0.119157	22.8465652166	Atom	
99.4944	-375.588	-2353.81	0.965649	-0.175669	-0.191475	22.8376477007	Atom	
118.443	-379.035	-2357.57	0.958196	-0.237889	-0.158966	22.7857805631	Atom	
135.648	-383.307	-2360.42	0.951091	-0.251478	-0.179399	22.7382347278	Atom	
146.25	-386.11	-2362.42	0.96522	-0.261428	-0.00233304	22.7086671204	Atom	
153.103	-387.966	-2362.44	0.963075	-0.259353	0.0722659	22.6898158866	Atom	
202.849	-401.363	-2358.71	0.926705	-0.246541	-0.283612	22.5525818304	Atom	
219.347	-405.752	-2363.76	0.916627	-0.268715	-0.295952	22.5050572549	Atom	
225.894	-407.671	-2365.87	0.895257	-0.194479	-0.400864	22.4859587302	Atom	
248.232	-412.524	-2375.87	0.885154	-0.219398	-0.410325	22.4191939251	Atom	
251.383	-413.305	-2377.33	0.914068	-0.202898	-0.351159	22.4096490316	Atom	
267.184	-416.812	-2383.4	0.93572	-0.173885	-0.306907	22.3632694088	Atom	
279.064	-419.02	-2387.3	0.931428	-0.189987	-0.310397	22.329151501	Atom	
289.309	-421.109	-2390.71	0.907428	-0.290728	-0.3034	22.2995580056	Atom	
295.756	-423.175	-2392.87	0.919523	-0.293377	-0.261548	22.2804228692	Atom	
325.476	-432.657	-2401.32	0.938573	-0.260902	-0.225855	22.1933115947	Atom	
326.188	-432.855	-2401.49	0.873551	-0.31867	-0.367909	22.1912630033	Atom	
336.419	-436.588	-2405.8	0.90938	-0.0989319	-0.404031	22.159595794	Atom	
350.84	-438.156	-2412.21	0.841724	-0.351782	-0.409574	22.116673962	Atom	
382.887	-451.55	-2427.8	0.803359	-0.393594	-0.446877	22.0134636287	Atom	
399.362	-459.622	-2436.97	0.801093	-0.369207	-0.471101	21.9576676833	Atom	
436.496	-476.736	-2458.81	0.7974	-0.348449	-0.492683	21.8312958888	Atom	
445.77	-480.789	-2464.54	0.887332	-0.140509	-0.439203	21.7994435751	Atom	
452.635	-481.875	-2467.93	0.870676	-0.143851	-0.470351	21.7782341353	Atom	
458.875	-482.906	-2471.31	0.844386	-0.128004	-0.520219	21.7585684496	Atom	
483.268	-486.604	-2486.33	0.851302	-0.0393274	-0.5232	21.6792453597	Atom	
517.059	-488.165	-2507.1	0.83657	-0.0510519	-0.545477	21.5699449581	Atom	
518.722	-488.267	-2508.19	0.830207	-0.0787914	-0.551859	21.5644488252	Atom	
533.448	-489.664	-2517.97	0.648528	-0.0428054	-0.759986	21.5154000037	Atom	
558.954	-491.348	-2547.86	0.639876	-0.0528517	-0.766658	21.406450712	Atom	
561.695	-491.574	-2551.15	0.625092	-0.0725567	-0.777171	21.3945385928	Atom	
586.98	-494.509	-2582.58	0.622696	-0.0688353	-0.77943	21.2819930727	Atom	
591.558	-495.015	-2588.32	0.431401	0.000896771	-0.90216	21.2614491102	Atom	
595.964	-495.006	-2597.53	0.389179	0.0219602	-0.9209	21.2328934267	Atom	
600.558	-494.747	-2608.4	0.480906	-0.0206278	-0.876529	21.1998532756	Atom	
605.154	-494.944	-2616.78	0.562031	0.0525798	-0.825443	21.1730689898	Atom	
606.246	-494.842	-2618.38	0.555936	0.0137717	-0.831111	21.1676221291	Atom	
610.332	-494.741	-2624.49	0.608011	-0.0303754	-0.793347	21.1469984055	Atom	
641.805	-496.313	-2665.56	0.525675	-0.183897	-0.830571	21.0016517588	Atom	
647.187	-498.196	-2674.06	0.458669	-0.166205	-0.872925	20.9727442275	Atom	
652.39	-500.081	-2683.96	0.518136	-0.156446	-0.840868	20.9406897923	Atom	
654.707	-500.781	-2687.72	0.534102	-0.160102	-0.830122	20.9280330749	Atom	
655.749	-501.093	-2689.34	0.564967	-0.168448	-0.807736	20.9225122768	Atom	
658.1	-501.794	-2692.7	0.547032	-0.178195	-0.817926	20.91072764	Atom	
667.676	-504.914	-2707.02	0.571649	-0.155148	-0.805697	20.8611381178	Atom	
672.838	-506.315	-2714.3	0.586915	-0.0565198	-0.807673	20.8355123847	Atom	
675.077	-506.53	-2717.38	0.604265	-0.0382027	-0.795867	20.8246763876	Atom	
680.896	-506.898	-2725.04	0.614016	-0.0345549	-0.788537	20.7973110645	Atom	
696.656	-507.785	-2745.28	0.332862	-0.187788	-0.924088	20.7242883403	Atom	
705.895	-512.997	-2770.93	0.420608	-0.194116	-0.886232	20.6451110531	Atom	
708.449	-514.176	-2776.31	0.427711	-0.136226	-0.893592	20.6277385725	Atom	
732.85	-521.948	-2827.29	0.478375	-0.169528	-0.861636	20.4643978131	Atom	
740.011	-524.485	-2840.19	0.527156	-0.157926	-0.834965	20.4212712583	Atom	
742.376	-525.194	-2843.93	0.450346	-0.141947	-0.881498	20.408324678	Atom	
748.536	-527.136	-2855.99	0.360629	-0.307264	-0.880645	20.368829739	Atom	
754.815	-532.485	-2871.32	0.433352	-0.188821	-0.881222	20.318483258	Atom	
769.113	-538.715	-2900.4	0.425243	-0.204981	-0.881562	20.2228961519	Atom	
780.196	-544.058	-2923.38	0.417407	-0.251766	-0.873147	20.1471040949	Atom	
781.84	-545.049	-2926.81	0.401742	-0.25825	-0.878584	20.1356225057	Atom	
790.766	-550.787	-2946.33	0.508266	-0.226898	-0.830772	20.0707949619	Atom	
791.164	-550.965	-2946.99	0.475125	-0.188023	-0.859595	20.0685033074	Atom	
794.346	-552.224	-2952.74	0.513489	-0.0654195	-0.855599	20.0489133837	Atom	
796.075	-552.444	-2955.62	0.51981	-0.0612847	-0.852081	20.0390567468	Atom	
811.751	-554.292	-2981.32	0.456009	-0.179867	-0.87161	19.9507312339	Atom	
813.31	-554.907	-2984.3	0.486861	-0.183641	-0.853957	19.9406846033	Atom	
821.091	-557.842	-2997.95	0.480371	-0.177291	-0.85896	19.8937002901	Atom	
827.629	-560.255	-3009.64	0.562259	-0.104545	-0.820326	19.8536091622	Atom	
840.787	-562.702	-3028.84	0.571692	-0.102608	-0.814027	19.7845742228	Atom	
843.708	-563.226	-3033	0.534772	-0.146721	-0.832161	19.7694568328	Atom	
858.348	-567.243	-3055.78	0.531707	-0.0740577	-0.843684	19.6884269114	Atom	
863.077	-567.901	-3063.28	-0.0620545	-0.577353	-0.814133	19.6620171597	Atom	
861.257	-584.841	-3087.17	-0.0540963	-0.552141	-0.831994	19.5748038482	Atom	
860.064	-597.013	-3105.51	-0.0602093	-0.568536	-0.820452	19.5090483312	Atom	
860.054	-597.11	-3105.65	-0.110563	-0.539429	-0.834741	19.5085363945	Atom	
858.502	-604.68	-3117.36	-0.174405	-0.531217	-0.829091	19.4665672058	Atom	
858.474	-604.766	-3117.5	-0.222461	-0.442392	-0.868793	19.4660842647	Atom	
857.009	-607.68	-3123.22	-0.206969	-0.426227	-0.880622	19.4463505617	Atom	
856.714	-608.288	-3124.48	-0.169299	-0.480645	-0.860417	19.4420727629	Atom	
856.459	-609.011	-3125.77	-0.111352	-0.486133	-0.866761	19.4375619727	Atom	
847.156	-649.627	-3198.19	-0.0710926	-0.476348	-0.876378	19.1869781755	Atom	
845.676	-659.542	-3216.43	-0.0684264	-0.485771	-0.871404	19.1239145682	Atom	
843.878	-672.306	-3239.32	-0.146867	-0.18329	-0.972026	19.044102937	Atom	
843.049	-673.34	-3244.81	-0.0103429	-0.271457	-0.962395	19.0269118036	Atom	
843.033	-673.765	-3246.32	0.0483581	-0.343389	-0.937947	19.0221272327	Atom	
843.173	-674.755	-3249.02	0.034686	-0.334739	-0.941672	19.0133337966	Atom	
843.677	-679.622	-3262.71	-0.269616	-0.385125	-0.882602	18.9689730294	Atom	
841.713	-682.427	-3269.14	-0.515449	0.0101027	-0.856861	18.9467114124	Atom	
838.515	-682.364	-3274.46	-0.511921	-0.0532674	-0.857379	18.9277252206	Atom	
833.565	-682.879	-3282.75	-0.517046	-0.0176642	-0.855775	18.8981160285	Atom	
833.333	-682.887	-3283.13	-0.532749	0.0120422	-0.846188	18.8967442969	Atom	
821.079	-682.61	-3302.59	-0.545313	-0.0578333	-0.836235	18.8262223311	Atom	
810.727	-683.708	-3318.47	-0.543582	-0.0466833	-0.838057	18.7678515925	Atom	
804.34	-684.256	-3328.32	-0.581296	-0.0439419	-0.812505	18.7316315503	Atom	
792.41	-685.158	-3344.99	-0.528272	0.0287239	-0.848589	18.6682757594	Atom	
778.648	-684.41	-3367.1	-0.523689	0.0213139	-0.851643	18.5876466668	Atom	
775.079	-684.265	-3372.9	-0.70202	-0.168674	-0.691894	18.5664797786	Atom	
732.917	-694.395	-3414.46	-0.69156	-0.171533	-0.701657	18.3798015906	Atom	
731.659	-694.707	-3415.73	-0.694132	-0.178008	-0.697491	18.3741045174	Atom	
727.729	-695.715	-3419.68	-0.701378	-0.172385	-0.691631	18.3563620892	Atom	
726.242	-696.08	-3421.15	-0.810763	-0.377191	-0.447649	18.3497124929	Atom	
713.528	-701.995	-3428.17	-0.839672	-0.434929	-0.325249	18.3005236302	Atom	
703.437	-707.222	-3432.08	-0.837105	-0.439084	-0.326282	18.2627446554	Atom	
671.287	-724.086	-3444.61	-0.846241	-0.431945	-0.311929	18.1418241194	Atom	
671.025	-724.219	-3444.7	-0.858873	-0.429477	-0.27908	18.1408473738	Atom	
660.086	-729.689	-3448.26	-0.834786	-0.480196	-0.269341	18.100536518	Atom	
657.751	-731.032	-3449.01	-0.821877	-0.508906	-0.255994	18.0916708604	Atom	
651.502	-734.902	-3450.96	-0.816181	-0.46035	-0.34918	18.0675541119	Atom	
647.105	-737.382	-3452.84	-0.628721	0.571974	0.526836	18.0504503724	Atom	
643.369	-733.983	-3449.71	-0.631359	0.729218	0.263868	18.0315721871	Atom	
642.318	-732.769	-3449.27	-0.6019	0.760791	0.242721	18.0262767397	Atom	
612.771	-695.422	-3437.36	-0.589047	0.767522	0.252852	17.8701491197	Atom	
610.271	-692.165	-3436.28	-0.585803	0.794159	0.161696	17.856560291	Atom	
602.303	-681.362	-3434.08	-0.592813	0.792378	0.143912	17.8129774975	Atom	
585.195	-658.496	-3429.93	-0.611707	0.0847029	-0.786537	17.7203432737	Atom	
583.971	-658.326	-3431.5	-0.566006	0.0631635	-0.821978	17.7138916385	Atom	
569.566	-656.719	-3452.42	-0.55904	0.0622039	-0.826804	17.6318450568	Atom	
562.263	-655.906	-3463.22	-0.587278	0.0153353	-0.80924	17.5895718807	Atom	
557.498	-655.782	-3469.79	-0.407027	-0.154388	-0.900274	17.5632743712	Atom	
554.157	-657.049	-3477.18	-0.445418	-0.117191	-0.88762	17.5366327451	Atom	
544.741	-659.527	-3495.95	-0.448849	-0.115832	-0.886069	17.4679430216	Atom	
544.012	-659.715	-3497.38	-0.546099	-0.194139	-0.814915	17.4626529892	Atom	
539.938	-661.163	-3503.46	-0.718033	-0.307607	-0.624345	17.4383371227	Atom	
532.898	-664.179	-3509.58	-0.760252	-0.306388	-0.572838	17.4063403832	Atom	
531.851	-664.601	-3510.37	-0.75244	-0.344145	-0.561604	17.4018370043	Atom	
525.292	-667.601	-3515.27	-0.750698	-0.332311	-0.570983	17.3733458883	Atom	
520.698	-669.635	-3518.76	-0.736987	-0.363753	-0.569679	17.3533166683	Atom	
519.588	-670.182	-3519.62	-0.674057	-0.327638	-0.662043	17.3483851483	Atom	
518.399	-670.76	-3520.79	-0.721419	-0.327038	-0.610411	17.3426042052	Atom	
509.451	-674.817	-3528.36	-0.720233	-0.345014	-0.601856	17.301954906	Atom	
499.491	-679.588	-3536.68	-0.724331	-0.336005	-0.602034	17.2565491583	Atom	
473.625	-691.587	-3558.18	-0.73979	-0.329058	-0.586883	17.1390625354	Atom	
470.51	-692.972	-3560.65	-0.199106	-0.306362	-0.930859	17.1251357617	Atom	
470.438	-693.083	-3560.99	-0.152278	-0.243463	-0.957882	17.1239428989	Atom	
469.672	-694.308	-3565.81	-0.171138	-0.195828	-0.965589	17.1072911745	Atom	
467.281	-697.043	-3579.3	-0.117972	-0.2843	-0.951449	17.0610214543	Atom	
466.256	-699.515	-3587.57	-0.120059	-0.350452	-0.928854	17.0321666144	Atom	
463.525	-707.487	-3608.7	-0.132379	-0.346474	-0.928672	16.9565661971	Atom	
463.287	-708.109	-3610.37	-0.221301	-0.380544	-0.897893	16.9505733468	Atom	
455.475	-721.542	-3642.06	-0.214726	-0.41124	-0.885875	16.8328180126	Atom	
453.715	-724.912	-3649.32	-0.163955	-0.413344	-0.895693	16.8053326526	Atom	
453.5	-725.455	-3650.5	-0.17875	-0.405807	-0.896309	16.8009213481	Atom	
451.274	-730.509	-3661.66	-0.18218	-0.41301	-0.892319	16.7590939053	Atom	
449.608	-734.285	-3669.82	-0.178474	-0.410558	-0.894198	16.7283227045	Atom	
443.528	-748.271	-3700.28	-0.23019	-0.420174	-0.877762	16.61352263	Atom	
440.97	-752.941	-3710.03	-0.213855	-0.407439	-0.88784	16.5758677753	Atom	
439.137	-756.433	-3717.64	-0.194689	-0.451909	-0.87056	16.5467771153	Atom	
437.057	-761.261	-3726.94	-0.261307	-0.380514	-0.887089	16.5104644444	Atom	
436.047	-762.731	-3730.37	-0.28486	-0.40447	-0.869056	16.4973095898	Atom	
435.245	-763.871	-3732.82	-0.258206	-0.406962	-0.876191	16.4877151722	Atom	
435.079	-764.133	-3733.38	-0.351772	-0.39813	-0.847201	16.4855216484	Atom	
423.476	-777.264	-3761.33	-0.484842	-0.281619	-0.828021	16.3731008469	Atom	
405.771	-787.548	-3791.57	-0.497427	-0.29283	-0.816589	16.2479745033	Atom	
401.143	-790.273	-3799.16	-0.549005	-0.288998	-0.784266	16.2159072389	Atom	
399.674	-791.046	-3801.26	-0.55507	-0.279287	-0.783515	16.2066682314	Atom	
394.861	-793.468	-3808.05	-0.578812	-0.286651	-0.763419	16.1767269517	Atom	
393.085	-794.347	-3810.4	-0.594348	-0.221755	-0.77303	16.166116115	Atom	
380.401	-799.08	-3826.89	-0.664402	-0.189669	-0.722908	16.092265521	Atom	
377.319	-799.96	-3830.25	-0.669169	-0.247494	-0.700686	16.0761596162	Atom	
372.91	-801.59	-3834.86	-0.678137	-0.221817	-0.700663	16.0532645938	Atom	
346.529	-810.219	-3862.12	-0.681915	-0.21095	-0.700351	15.9179215102	Atom	
326.966	-816.271	-3882.21	-0.689968	-0.180189	-0.701053	15.8174628504	Atom	
326.619	-816.362	-3882.57	-0.664842	-0.160793	-0.729473	15.8156936337	Atom	
324.672	-816.833	-3884.7	-0.677939	-0.162413	-0.716952	15.8053835223	Atom	
311.605	-819.963	-3898.52	-0.696763	-0.156235	-0.70008	15.7375196396	Atom	
293.307	-824.066	-3916.91	-0.695528	-0.172464	-0.697494	15.6447460794	Atom	
279.1	-827.589	-3931.15	-0.65914	-0.0196454	-0.751764	15.5722584892	Atom	
256.649	-828.258	-3956.76	-0.572382	-0.00638391	-0.819962	15.450949183	Atom	
249.797	-828.334	-3966.58	-0.60081	0.0130259	-0.799286	15.4080602759	Atom	
236.765	-828.052	-3983.91	-0.584892	0.0488126	-0.809641	15.3301760846	Atom	
229.787	-827.47	-3993.57	-0.206814	0.275467	-0.9388	15.2871686372	Atom	
221.952	-817.034	-4029.14	-0.20931	0.315248	-0.925639	15.1503153861	Atom	
217.317	-810.054	-4049.63	-0.204372	0.359503	-0.910489	15.0697725625	Atom	
212.469	-801.524	-4071.23	-0.185631	0.320416	-0.92891	14.9831187851	Atom	
211.007	-799.002	-4078.55	-0.183528	0.299665	-0.936226	14.9542373701	Atom	
210.715	-798.524	-4080.04	-0.108374	0.49404	-0.862658	14.9483788032	Atom	
210.713	-798.516	-4080.05	-0.0540261	0.471932	-0.879978	14.9483217955	Atom	
209.86	-791.064	-4093.95	-0.0265214	0.348038	-0.937105	14.8902837333	Atom	
209.742	-789.525	-4098.09	0.0903249	0.42352	-0.901373	14.8739812286	Atom	
210.011	-788.266	-4100.77	0.129474	0.483433	-0.865753	14.8630184434	Atom	
210.493	-786.465	-4104	0.101196	0.486101	-0.868024	14.8492631751	Atom	
213.572	-771.675	-4130.41	0.0669484	0.454714	-0.888118	14.7368765008	Atom	
215.183	-760.737	-4151.77	0.0917727	0.367309	-0.92556	14.6474947229	Atom	
215.436	-759.723	-4154.33	0.129217	0.330567	-0.934895	14.6371955007	Atom	
215.58	-759.355	-4155.37	0.134085	0.384379	-0.913386	14.6330284908	Atom	
221.164	-743.347	-4193.41	0.0950166	0.31326	-0.944902	14.4774511713	Atom	
221.761	-741.377	-4199.35	0.126458	0.357404	-0.925349	14.4537607492	Atom	
222.773	-738.519	-4206.75	0.241506	0.412001	-0.878596	14.4236056395	Atom	
223.452	-737.36	-4209.22	0.219497	0.486394	-0.84572	14.4129750849	Atom	
226.307	-731.033	-4220.22	0.170369	0.478395	-0.86146	14.3638159124	Atom	
231.616	-716.126	-4247.07	0.230159	0.531599	-0.815125	14.245735967	Atom	
232.012	-715.211	-4248.47	0.216148	0.416799	-0.882926	14.2391768615	Atom	
232.73	-713.828	-4251.4	0.257399	0.304428	-0.917098	14.226516407	Atom	
235.6	-710.433	-4261.62	0.03287	0.0887648	-0.99551	14.1839514219	Atom	
235.698	-710.167	-4264.61	0.0395776	0.0514008	-0.997894	14.1724903529	Atom	
235.734	-710.121	-4265.52	0.0238857	-0.0239198	-0.999428	14.1690059666	Atom	
236.173	-710.56	-4283.87	-0.106773	-0.0316407	-0.99378	14.0986742709	Atom	
233.759	-711.275	-4306.34	-0.0797867	-0.0348138	-0.996204	14.0117647657	Atom	
231.702	-712.173	-4332.02	-0.13425	-0.095707	-0.986315	13.9122282616	Atom	
231.518	-712.304	-4333.37	-0.296431	-0.0611676	-0.953093	13.906900105	Atom	
227.817	-713.068	-4345.27	-0.228965	0.0530953	-0.971986	13.8584019697	Atom	
224.93	-712.398	-4357.53	-0.231572	0.0703341	-0.970272	13.809297231	Atom	
224.222	-712.183	-4360.49	-0.387896	0.117473	-0.914186	13.7973669673	Atom	
220.263	-710.984	-4369.82	-0.361643	0.124728	-0.923936	13.7574760314	Atom	
214.932	-709.146	-4383.44	-0.371077	0.244087	-0.895948	13.6997452478	Atom	
210.341	-706.126	-4394.53	-0.392346	0.266615	-0.88033	13.6511407618	Atom	
204.598	-702.223	-4407.41	-0.165751	0.302401	-0.938659	13.5934765466	Atom	
194.072	-683.019	-4467.03	-0.160846	0.418814	-0.893713	13.3424722358	Atom	
193.327	-681.079	-4471.17	-0.183084	0.425075	-0.886449	13.3239026631	Atom	
188.911	-670.825	-4492.55	-0.200859	0.382417	-0.901894	13.2271042868	Atom	
188.186	-669.445	-4495.8	-0.15595	0.405594	-0.900651	13.212541381	Atom	
185.145	-661.537	-4513.36	-0.152073	0.359926	-0.920504	13.1337852888	Atom	
182.314	-654.837	-4530.5	-0.0369353	0.314543	-0.948524	13.0582690646	Atom	
181.515	-648.03	-4551.02	-0.0176177	-0.202894	-0.979042	12.970078739	Atom	
181.326	-650.206	-4561.52	0.05117	-0.264593	-0.963002	12.9261504403	Atom	
181.445	-650.819	-4563.76	0.105825	-0.315124	-0.943132	12.9166372696	Atom	
182.746	-654.696	-4575.36	0.141646	-0.317455	-0.937635	12.8660858844	Atom	
186.867	-663.93	-4602.63	0.226708	-0.341058	-0.912295	12.7462086121	Atom	
187.595	-665.026	-4605.56	0.230182	-0.308483	-0.92296	12.7328723577	Atom	
189.738	-667.897	-4614.15	0.310942	-0.316232	-0.896277	12.6942069424	Atom	
196.337	-674.609	-4633.18	0.277774	-0.378134	-0.883095	12.6058405861	Atom	
196.791	-675.227	-4634.62	0.259924	-0.368352	-0.892612	12.5989902961	Atom	
201.239	-681.53	-4649.89	0.249533	-0.370963	-0.894494	12.5273415164	Atom	
201.357	-681.706	-4650.32	0.275153	-0.408121	-0.870476	12.5253470489	Atom	
203.771	-685.287	-4657.95	0.362702	-0.462169	-0.809227	12.4884454316	Atom	
210.88	-694.345	-4673.82	0.320826	-0.466592	-0.824235	12.4058174467	Atom	
212.073	-696.081	-4676.88	0.324896	-0.470476	-0.820424	12.3900612729	Atom	
212.221	-696.294	-4677.25	0.342656	-0.418351	-0.841172	12.3881400578	Atom	
212.62	-696.781	-4678.23	0.297775	-0.321411	-0.898902	12.3831981246	Atom	
217.586	-702.141	-4693.22	0.294608	-0.322735	-0.899471	12.3124416733	Atom	
218.722	-703.386	-4696.69	0.295297	-0.339153	-0.893183	12.2960094377	Atom	
220.38	-705.29	-4701.71	0.293648	-0.345507	-0.891289	12.2720660215	Atom	
221.864	-707.037	-4706.21	0.286376	-0.390854	-0.87477	12.2504703708	Atom	
228.992	-716.764	-4727.98	0.342393	-0.334033	-0.878174	12.1440109616	Atom	
234.979	-722.605	-4743.34	0.386981	-0.294057	-0.873943	12.0687171274	Atom	
236.203	-723.536	-4746.11	0.399127	-0.298129	-0.867074	12.0550331058	Atom	
246.307	-731.083	-4768.06	0.436785	-0.263769	-0.860026	11.9454236974	Atom	
248.485	-732.398	-4772.34	0.407291	-0.230097	-0.883838	11.9236818774	Atom	
248.695	-732.516	-4772.8	0.437252	-0.220661	-0.871848	11.9214374129	Atom	
254.537	-735.465	-4784.45	0.431587	-0.204511	-0.878583	11.8630969237	Atom	
265.606	-740.71	-4806.98	0.475079	-0.320631	-0.819449	11.7506913256	Atom	
266.162	-741.085	-4807.94	0.51973	-0.312209	-0.79524	11.7455248135	Atom	
268.022	-742.202	-4810.79	0.525828	-0.336245	-0.78131	11.7297227884	Atom	
286.247	-753.857	-4837.87	0.515771	-0.37158	-0.771952	11.5765194587	Atom	
294.492	-759.797	-4850.21	0.533605	-0.349098	-0.770322	11.5051542468	Atom	
301.266	-764.228	-4859.99	0.375614	-0.102773	-0.92106	11.4482175234	Atom	
303.541	-764.851	-4865.56	0.491373	-0.257483	-0.832019	11.4209508081	Atom	
310.416	-768.454	-4877.21	0.683769	-0.155746	-0.712884	11.3578438496	Atom	
310.958	-768.577	-4877.77	0.660493	-0.174493	-0.730275	11.3542562975	Atom	
326.605	-772.711	-4895.07	-0.497716	-0.451642	-0.740472	11.2469445694	Atom	
324.842	-774.31	-4897.69	-0.480576	-0.526112	-0.701608	11.2307905618	Atom	
321.759	-777.686	-4902.19	-0.386486	-0.590779	-0.708244	11.2014811745	Atom	
317.446	-784.277	-4910.1	-0.110492	-0.507145	-0.854749	11.1504196491	Atom	
317.347	-784.734	-4910.87	-0.107358	-0.508807	-0.85416	11.1462844691	Atom	
317.178	-785.535	-4912.21	-0.168162	-0.638046	-0.751411	11.1390564801	Atom	
314.532	-795.574	-4924.03	-0.209109	-0.603808	-0.769213	11.066746216	Atom	
313.606	-798.247	-4927.44	-0.227045	-0.620875	-0.75031	11.0463040533	Atom	
312.767	-800.543	-4930.21	-0.234807	-0.528232	-0.815988	11.0292032239	Atom	
308.676	-809.745	-4944.43	-0.396281	-0.517502	-0.758388	10.9485413146	Atom	
300.512	-820.406	-4960.05	-0.544863	-0.548829	-0.633965	10.8526324932	Atom	
298.083	-822.853	-4962.88	-0.516921	-0.626898	-0.582917	10.8317331356	Atom	
295.196	-826.354	-4966.13	-0.495489	-0.616115	-0.612285	10.8055267172	Atom	
294.986	-826.615	-4966.39	-0.492589	-0.593954	-0.636062	10.8035362348	Atom	
279.31	-845.518	-4986.64	-0.430349	-0.566874	-0.702463	10.6538789573	Atom	
277.583	-847.792	-4989.45	-0.346472	-0.56457	-0.749145	10.6348135362	Atom	
272.706	-855.74	-5000	-0.346472	-0.56457	-0.749145	10.5678314678	Region	
"-----------------------------------------------------------------"
"Trajectory"	171

"NbCollisions"	241
"Zmax"	0
"Display"	256

"Collisions"

"X"	"Y"	"Z"	"Rx"	"Ry"	"Rz"	"Energy"	"CollisionType"	
-0.42901	0.281395	-5000	-1.88592e-006	-1.0348e-006	1	30	Region	
-0.42903	0.281384	-4989.5	0.036956	0.0619318	0.997396	29.9776391049	Atom	
-0.31646	0.470031	-4986.46	0.00604345	0.0546679	0.998486	29.9711499174	Atom	
-0.247087	1.09757	-4975	0.00304572	0.0492454	0.998782	29.9466910723	Atom	
-0.241231	1.19224	-4973.08	0.0226042	0.0298362	0.999299	29.9425920716	Atom	
0.615364	2.3229	-4935.21	0.0703302	0.0115714	0.997457	29.8617855515	Atom	
0.981768	2.38318	-4930.01	0.0841668	-0.00935051	0.996408	29.8506524733	Atom	
1.99795	2.27029	-4917.98	0.073364	-0.00290696	0.997301	29.8248443245	Atom	
2.48049	2.25117	-4911.42	0.0752917	0.0127791	0.99708	29.8107750259	Atom	
2.6345	2.27731	-4909.38	0.060281	-0.0766483	0.995234	29.8063977585	Atom	
2.73991	2.14327	-4907.64	0.242456	-0.074062	0.967331	29.8026552729	Atom	
11.8244	-0.631714	-4871.4	0.281358	-0.0807169	0.956202	29.7224597762	Atom	
24.4481	-4.25326	-4828.5	0.313393	-0.0159897	0.949489	29.6262215034	Atom	
24.9402	-4.27836	-4827.01	0.390558	-0.0466082	0.919398	29.6228452468	Atom	
29.995	-4.8816	-4815.11	0.147547	0.0809125	0.98574	29.5950092698	Atom	
30.6129	-4.54277	-4810.98	0.174477	0.0633929	0.982619	29.5859963255	Atom	
39.9729	-1.14197	-4758.26	0.21985	0.0694603	0.973058	29.4705038641	Atom	
41.6695	-0.605945	-4750.76	0.218234	0.0122505	0.97582	29.4538383611	Atom	
50.9188	-0.0867399	-4709.4	0.310104	0.124528	0.942512	29.362269003	Atom	
57.6339	2.60985	-4688.99	0.28135	0.128958	0.950901	29.3153671232	Atom	
60.3473	3.85351	-4679.82	0.381139	0.122424	0.916376	29.2944523649	Atom	
71.7928	7.52988	-4652.3	0.345176	0.0199344	0.938326	29.229289987	Atom	
74.9743	7.71362	-4643.65	0.379921	0.0473356	0.923807	29.2092543054	Atom	
90.3719	9.63206	-4606.21	0.371195	0.00722304	0.928527	29.1211058484	Atom	
92.9756	9.68273	-4599.7	0.380438	0.00718756	0.924779	29.1058130964	Atom	
100.512	9.82511	-4581.38	0.342192	0.0161304	0.939492	29.0626062405	Atom	
118.988	10.6961	-4530.65	0.418112	-0.0701554	0.905683	28.9446970098	Atom	
120.634	10.42	-4527.09	0.381653	-0.0811838	0.920734	28.936076709	Atom	
125.575	9.3688	-4515.16	0.375107	-0.0825121	0.923302	28.9077021847	Atom	
131.485	8.06893	-4500.62	0.317165	-0.133736	0.938894	28.8731536767	Atom	
131.798	7.93702	-4499.69	0.298201	-0.115972	0.947432	28.8709883826	Atom	
135.939	6.32649	-4486.54	0.226389	0.112765	0.967487	28.8405024765	Atom	
139.996	8.34764	-4469.19	0.195698	0.155384	0.968276	28.8011224596	Atom	
143.592	11.2023	-4451.41	0.20046	0.0335753	0.979126	28.760714265	Atom	
144.483	11.3516	-4447.05	0.227083	0.00368114	0.973869	28.750924782	Atom	
145.136	11.3621	-4444.25	0.228484	-0.0022558	0.973545	28.7445891682	Atom	
154.609	11.2686	-4403.89	0.251292	-0.022579	0.967648	28.6532559545	Atom	
155.389	11.1986	-4400.89	0.314401	-0.00726397	0.949262	28.6464027036	Atom	
158.446	11.1279	-4391.65	0.323745	-0.0107258	0.946084	28.6249195624	Atom	
167.549	10.8263	-4365.05	0.273909	0.0159419	0.961623	28.5627736182	Atom	
174.19	11.2129	-4341.74	0.305013	-0.0152215	0.952226	28.5090916343	Atom	
176.459	11.0996	-4334.66	0.246873	-0.0799801	0.965742	28.4925983397	Atom	
184.849	8.38137	-4301.83	0.239256	-0.0791225	0.967727	28.4171999808	Atom	
189.756	6.75866	-4281.99	0.176006	-0.0634876	0.98234	28.3716061022	Atom	
190.2	6.59843	-4279.51	0.0829601	-0.0527143	0.995158	28.3659880652	Atom	
192.108	5.38599	-4256.62	0.0860772	-0.0475119	0.995155	28.314782049	Atom	
193.503	4.6163	-4240.5	0.129992	-0.0498462	0.990261	28.278663252	Atom	
196.176	3.59138	-4220.14	0.160462	-0.0711269	0.984476	28.2327735575	Atom	
197.707	2.91249	-4210.74	0.15924	-0.0678929	0.984903	28.2114440997	Atom	
201.429	1.32579	-4187.72	0.0960293	-0.0142624	0.995276	28.1591863062	Atom	
202.309	1.19506	-4178.6	0.0928623	-0.00919812	0.995636	28.1386611338	Atom	
207.512	0.679674	-4122.81	0.134439	-0.0858738	0.987194	28.0131129914	Atom	
209.425	-0.542088	-4108.77	0.129533	-0.121174	0.984143	27.9811207822	Atom	
210.374	-1.43008	-4101.55	0.115571	-0.133104	0.984341	27.9646272274	Atom	
211.329	-2.53029	-4093.42	0.117808	-0.116976	0.986123	27.9460148988	Atom	
215.721	-6.89117	-4056.65	0.0696782	-0.223647	0.972176	27.8620251665	Atom	
219.42	-18.763	-4005.05	0.0947908	-0.17219	0.980492	27.7421468039	Atom	
220.339	-20.4324	-3995.54	0.165932	-0.0085298	0.9861	27.720177073	Atom	
226.25	-20.7362	-3960.42	0.113666	0.000912078	0.993519	27.6394063079	Atom	
226.612	-20.7333	-3957.25	0.104971	-0.0196705	0.994281	27.6321709878	Atom	
230.529	-21.4674	-3920.15	0.0351222	-0.0170316	0.999238	27.5473316526	Atom	
231.444	-21.9111	-3894.11	0.0833891	-0.0378377	0.995798	27.487962741	Atom	
232.493	-22.3871	-3881.59	0.11158	-0.0462421	0.992679	27.4592447137	Atom	
236.601	-24.0896	-3845.04	0.11689	-0.00573473	0.993128	27.3751314077	Atom	
237.652	-24.1412	-3836.11	0.0461906	-0.195422	0.979631	27.3545398675	Atom	
238.115	-26.1009	-3826.29	0.0497133	-0.166148	0.984847	27.3315601841	Atom	
241.992	-39.0566	-3749.49	-0.0698868	-0.27527	0.958823	27.1527500148	Atom	
241.515	-40.9362	-3742.94	-0.0889948	-0.249024	0.9644	27.1370103586	Atom	
239.436	-46.7516	-3720.42	-0.084066	-0.226719	0.970325	27.0831540121	Atom	
238.665	-48.8322	-3711.52	-0.175521	-0.16378	0.970757	27.0619571118	Atom	
231.847	-55.1938	-3673.81	-0.154488	-0.124217	0.980155	26.9721824699	Atom	
229.957	-56.7134	-3661.82	-0.16413	-0.0825987	0.982975	26.9438335454	Atom	
229.509	-56.9391	-3659.13	0.910326	-0.370297	-0.184897	26.9374965844	Atom	
234.924	-59.1419	-3660.23	0.905908	-0.363878	-0.216617	26.9236970321	Atom	
251.371	-65.7481	-3664.17	0.682679	-0.661535	-0.310356	26.8815653718	Atom	
264.328	-78.3039	-3670.06	0.732436	-0.680785	-0.00837063	26.8374649577	Atom	
265.995	-79.8528	-3670.08	0.74319	-0.669032	-0.00805494	26.8321713441	Atom	
273.138	-86.2832	-3670.15	0.742755	-0.669479	0.0106457	26.8098058511	Atom	
298.495	-109.139	-3669.79	0.724628	-0.689	0.0138949	26.7303116827	Atom	
302.029	-112.499	-3669.72	0.644737	-0.758625	0.0938196	26.7189306163	Atom	
303.083	-113.74	-3669.57	0.712554	-0.701594	0.00574	26.7151108734	Atom	
323.285	-133.631	-3669.41	0.703821	-0.709484	0.0356091	26.6489094694	Atom	
325.268	-135.63	-3669.31	0.728929	-0.682122	0.0580654	26.642317434	Atom	
338.498	-148.01	-3668.25	0.705462	-0.708492	-0.0190495	26.5998450743	Atom	
367.137	-176.772	-3669.03	0.6802	-0.732959	0.00997982	26.5047264476	Atom	
374.124	-184.301	-3668.92	0.787162	-0.610056	-0.0905917	26.4805905907	Atom	
404.221	-207.626	-3672.39	0.774572	-0.625339	-0.094812	26.3906824595	Atom	
426.505	-225.617	-3675.12	0.867905	-0.481639	-0.121512	26.3228493892	Atom	
480.342	-255.493	-3682.65	0.882574	-0.427822	-0.195019	26.1762951515	Atom	
488.299	-259.351	-3684.41	0.887206	-0.413295	-0.20507	26.1548997706	Atom	
497.978	-263.86	-3686.65	0.887623	-0.421476	-0.185698	26.1289928502	Atom	
507.854	-268.549	-3688.71	0.905828	-0.379548	-0.188202	26.1025504495	Atom	
534.079	-279.538	-3694.16	0.875768	-0.456402	-0.157248	26.0336924385	Atom	
549.55	-287.6	-3696.94	-0.361943	-0.645441	-0.672609	25.9915891209	Atom	
537.523	-309.046	-3719.29	-0.324291	-0.670863	-0.666917	25.9122929654	Atom	
536.698	-310.754	-3720.99	-0.265766	-0.641587	-0.719538	25.9062052358	Atom	
531.333	-323.705	-3735.51	-0.168005	-0.67749	-0.716088	25.8579063464	Atom	
527.149	-340.578	-3753.35	-0.144886	-0.688051	-0.711052	25.7982247723	Atom	
524.199	-354.587	-3767.82	-0.130472	-0.698298	-0.703816	25.7493481345	Atom	
522.75	-362.344	-3775.64	-0.0812955	-0.693712	-0.71565	25.7226397067	Atom	
521.365	-374.161	-3787.83	-0.0784967	-0.697123	-0.712641	25.6816530771	Atom	
518.983	-395.316	-3809.46	-0.24533	-0.638995	-0.72904	25.6085391849	Atom	
518.649	-396.187	-3810.45	-0.233206	-0.643328	-0.729208	25.6052506076	Atom	
512.581	-412.926	-3829.43	-0.309445	-0.634817	-0.707991	25.5424133272	Atom	
508.6	-421.092	-3838.53	-0.302456	-0.607405	-0.734561	25.5112881468	Atom	
503.053	-432.232	-3852.01	-0.312939	-0.570108	-0.759636	25.4668662693	Atom	
501.342	-435.349	-3856.16	-0.295842	-0.589574	-0.751585	25.4536095554	Atom	
497.713	-442.582	-3865.38	-0.294436	-0.581666	-0.758269	25.4238414205	Atom	
494.865	-448.208	-3872.71	-0.343186	-0.550756	-0.760849	25.4003533569	Atom	
489.031	-457.57	-3885.65	-0.351589	-0.542942	-0.762627	25.3590377173	Atom	
483.061	-466.789	-3898.6	-0.356599	-0.525676	-0.772335	25.31771666	Atom	
480.694	-470.279	-3903.72	-0.360668	-0.553652	-0.750592	25.301541251	Atom	
477.242	-475.578	-3910.91	-0.360399	-0.556852	-0.748351	25.2782080875	Atom	
477.018	-475.924	-3911.37	-0.296554	-0.496202	-0.81599	25.27669358	Atom	
458.548	-506.828	-3962.19	-0.301323	-0.475745	-0.82636	25.1247401365	Atom	
452.329	-516.647	-3979.25	-0.314336	-0.487314	-0.814689	25.074145677	Atom	
450.983	-518.734	-3982.74	-0.380121	-0.384604	-0.841183	25.0636304732	Atom	
448.033	-521.718	-3989.26	-0.364357	-0.423928	-0.829174	25.0445717018	Atom	
444.843	-525.43	-3996.52	-0.357487	-0.428342	-0.829895	25.0230542311	Atom	
444.51	-525.829	-3997.3	-0.331988	-0.40319	-0.852773	25.0207617837	Atom	
435.434	-536.852	-4020.61	-0.328329	-0.401569	-0.854951	24.9535227343	Atom	
431.149	-542.092	-4031.77	-0.336988	-0.423005	-0.841133	24.9213567048	Atom	
430.248	-543.223	-4034.02	-0.363185	-0.512238	-0.778273	24.9147587962	Atom	
428.023	-546.362	-4038.79	-0.356796	-0.538861	-0.763103	24.8996385719	Atom	
424.908	-551.066	-4045.45	-0.363606	-0.508886	-0.780273	24.8780846618	Atom	
385.396	-606.365	-4130.24	-0.374367	-0.513934	-0.77183	24.6096076878	Atom	
378.22	-616.216	-4145.03	-0.533469	-0.429223	-0.72882	24.561840573	Atom	
366.379	-625.743	-4161.21	-0.55304	-0.41839	-0.720484	24.5064450825	Atom	
361.535	-629.408	-4167.52	-0.509043	-0.402688	-0.760735	24.4845429462	Atom	
351.677	-637.206	-4182.25	-0.503116	-0.41684	-0.757046	24.43609223	Atom	
339.028	-647.687	-4201.29	-0.50262	-0.502569	-0.703418	24.3730867122	Atom	
338.63	-648.085	-4201.84	-0.50489	-0.493198	-0.708408	24.3710991955	Atom	
322.594	-663.749	-4224.34	-0.493883	-0.515773	-0.700041	24.2913423514	Atom	
317.147	-669.438	-4232.06	-0.594996	-0.418866	-0.685953	24.2635714544	Atom	
311.775	-673.22	-4238.26	-0.628223	-0.405857	-0.663789	24.2408195805	Atom	
304.223	-678.098	-4246.24	-0.616869	-0.393336	-0.681733	24.2105063744	Atom	
249.836	-712.777	-4306.34	-0.410272	-0.700464	-0.583975	23.9879451798	Atom	
244.977	-721.074	-4313.26	-0.391338	-0.72589	-0.565632	23.9578257334	Atom	
242.647	-725.395	-4316.63	-0.391441	-0.727331	-0.563705	23.9426737079	Atom	
240	-730.313	-4320.44	-0.425251	-0.7391	-0.522391	23.9254525315	Atom	
223.121	-759.649	-4341.17	-0.408319	-0.752203	-0.517172	23.8243159382	Atom	
207.03	-789.292	-4361.55	-0.425121	-0.760625	-0.490633	23.7235650345	Atom	
205.521	-791.993	-4363.29	-0.412985	-0.771843	-0.483428	23.7144586156	Atom	
202.967	-796.765	-4366.28	-0.412989	-0.77854	-0.472563	23.6985919235	Atom	
198.927	-804.381	-4370.91	-0.415857	-0.773489	-0.478307	23.673477458	Atom	
193.617	-814.258	-4377.01	-0.0186927	-0.633644	-0.773399	23.6406700302	Atom	
193.457	-819.683	-4383.64	-0.0531656	-0.723697	-0.688066	23.6186442611	Atom	
192.94	-826.726	-4390.33	-0.0748037	-0.734849	-0.674093	23.5935955998	Atom	
190.924	-846.527	-4408.5	-0.0178793	-0.749408	-0.661868	23.524173619	Atom	
190.921	-846.657	-4408.61	0.12308	-0.757411	-0.641234	23.5237252264	Atom	
193.458	-862.269	-4421.83	0.156984	-0.749523	-0.643095	23.4704985604	Atom	
195.188	-870.528	-4428.92	0.179649	-0.759354	-0.625386	23.4419910199	Atom	
195.869	-873.406	-4431.29	0.156748	-0.778794	-0.607379	23.4321777739	Atom	
201.73	-902.528	-4454	0.156127	-0.783809	-0.601055	23.3353168703	Atom	
202.684	-907.315	-4457.67	-0.0897199	-0.664457	-0.741922	23.3194481491	Atom	
201.191	-918.371	-4470.01	-0.110159	-0.63358	-0.765794	23.2761839	Atom	
199.271	-929.413	-4483.36	-0.110908	-0.735101	-0.668824	23.2308003975	Atom	
199.11	-930.477	-4484.33	-0.0627907	-0.746204	-0.66275	23.2270247075	Atom	
196.894	-956.809	-4507.71	-0.044792	-0.719001	-0.693564	23.134984029	Atom	
195.477	-979.568	-4529.67	-0.0823101	-0.751507	-0.65457	23.052164902	Atom	
194.203	-991.198	-4539.8	0.0787609	-0.830233	-0.551824	23.0115583663	Atom	
195.652	-1006.48	-4549.95	0.0506401	-0.820348	-0.569617	22.9632068768	Atom	
195.729	-1007.72	-4550.82	0.0601389	-0.826622	-0.559534	22.9592210963	Atom	
196.776	-1022.11	-4560.56	0.11758	-0.844725	-0.522125	22.9133894574	Atom	
202.191	-1061.02	-4584.6	0.0420894	-0.865465	-0.499198	22.7919662608	Atom	
202.615	-1069.74	-4589.63	0.0368134	-0.862203	-0.505224	22.7652900815	Atom	
203.08	-1080.62	-4596.01	-0.00955693	-0.862804	-0.505448	22.7318440892	Atom	
202.537	-1129.63	-4624.73	-0.0162966	-0.861845	-0.50691	22.5811341227	Atom	
202.497	-1131.75	-4625.97	-0.0231276	-0.85847	-0.512343	22.5745960191	Atom	
202.311	-1138.67	-4630.1	-0.0578396	-0.853984	-0.517075	22.5530901889	Atom	
202.01	-1143.12	-4632.79	-0.0176304	-0.860847	-0.508558	22.5391856394	Atom	
201.498	-1168.09	-4647.55	-0.0153798	-0.859104	-0.51157	22.4616962839	Atom	
201.065	-1192.29	-4661.95	-0.0218744	-0.849493	-0.527146	22.3862804306	Atom	
200.688	-1206.94	-4671.05	0.0587852	-0.889858	-0.452434	22.3399689027	Atom	
200.696	-1207.07	-4671.11	0.0552543	-0.84391	-0.533632	22.3395647916	Atom	
201.415	-1218.04	-4678.05	0.0494931	-0.851161	-0.522567	22.3046014046	Atom	
202.628	-1238.9	-4690.86	0.0821634	-0.861419	-0.501205	22.2386047173	Atom	
203.659	-1249.71	-4697.15	0.097438	-0.847482	-0.521805	22.2047391504	Atom	
208.347	-1290.49	-4722.25	0.11492	-0.846942	-0.519117	22.0747176613	Atom	
210.734	-1308.08	-4733.04	0.137699	-0.829259	-0.541635	22.0183135831	Atom	
215.556	-1337.12	-4752	0.160908	-0.726092	-0.668505	21.9230674806	Atom	
217.546	-1346.1	-4760.27	0.0882109	-0.750572	-0.654874	21.8892978054	Atom	
219.679	-1364.25	-4776.11	0.125627	-0.765211	-0.631403	21.8232142878	Atom	
222.88	-1383.74	-4792.19	0.251413	-0.828371	-0.500593	21.7534306591	Atom	
228.011	-1400.65	-4802.41	0.277932	-0.832958	-0.478472	21.6973816693	Atom	
232.453	-1413.96	-4810.06	0.265073	-0.842047	-0.469779	21.6533951667	Atom	
233.598	-1417.6	-4812.09	0.216027	-0.84136	-0.495424	21.6414915005	Atom	
234.127	-1419.66	-4813.3	0.192058	-0.853205	-0.484928	21.6347323692	Atom	
240.561	-1448.24	-4829.54	0.198543	-0.855346	-0.478502	21.5423442531	Atom	
243.736	-1461.92	-4837.2	0.200561	-0.858476	-0.47201	21.4980881012	Atom	
244.818	-1466.55	-4839.74	0.155906	-0.83194	-0.532513	21.4831368267	Atom	
245.262	-1468.92	-4841.26	0.147787	-0.817081	-0.557259	21.475230809	Atom	
245.492	-1470.19	-4842.13	0.152105	-0.819378	-0.552707	21.4709135433	Atom	
245.832	-1472.03	-4843.36	0.140321	-0.866959	-0.478217	21.4647032002	Atom	
247.756	-1483.91	-4849.92	0.372933	-0.780903	-0.50111	21.4266676867	Atom	
259.895	-1509.33	-4866.23	0.404226	-0.79811	-0.446792	21.3362073338	Atom	
265.355	-1520.11	-4872.26	0.371162	-0.799555	-0.472177	21.2985388988	Atom	
265.534	-1520.49	-4872.49	0.371591	-0.802584	-0.466668	21.2971957962	Atom	
285.576	-1563.78	-4897.66	0.353176	-0.822596	-0.445649	21.1465832995	Atom	
291.678	-1578	-4905.36	0.34043	-0.834671	-0.432934	21.098069071	Atom	
291.745	-1578.16	-4905.45	0.346017	-0.826819	-0.443444	21.0975149007	Atom	
295.239	-1586.51	-4909.93	0.393985	-0.745977	-0.536931	21.069111484	Atom	
301.22	-1597.83	-4918.08	0.422619	-0.617845	-0.663069	21.026360002	Atom	
304.479	-1602.6	-4923.19	0.422375	-0.609854	-0.67058	21.0046090636	Atom	
310.51	-1611.3	-4932.76	0.457562	-0.612506	-0.644573	20.9643054738	Atom	
312.118	-1613.46	-4935.03	0.516473	-0.647563	-0.560284	20.9543716575	Atom	
324.174	-1628.57	-4948.11	0.48126	-0.636082	-0.603148	20.8883531943	Atom	
331.194	-1637.85	-4956.91	0.466554	-0.646097	-0.604059	20.8469978257	Atom	
333.867	-1641.55	-4960.37	0.39828	-0.775999	-0.489079	20.8307284763	Atom	
347.493	-1668.1	-4977.1	0.231203	-0.8178	-0.527018	20.7335241965	Atom	
349.604	-1675.57	-4981.91	0.225656	-0.820549	-0.525146	20.7074865106	Atom	
350.672	-1679.45	-4984.4	0.19266	-0.841866	-0.504126	20.6939801826	Atom	
351.587	-1683.45	-4986.79	0.220038	-0.868919	-0.443355	20.6804198745	Atom	
352.113	-1685.53	-4987.85	0.215028	-0.867731	-0.448114	20.6735844697	Atom	
353.262	-1690.16	-4990.24	0.20512	-0.886012	-0.415823	20.6583157535	Atom	
354.309	-1694.69	-4992.37	0.242222	-0.853563	-0.461257	20.6437117897	Atom	
358.317	-1708.81	-5000	0.242222	-0.853563	-0.461257	20.5963651703	Region	
"-----------------------------------------------------------------"
"Trajectory"	172

"NbCollisions"	178
"Zmax"	0
"Display"	256

"Collisions"

"X"	"Y"	"Z"	"Rx"	"Ry"	"Rz"	"Energy"	"CollisionType"	
-0.0893126	-0.148078	-5000	-3.83068e-006	-2.5038e-006	1	30	Region	
-0.0893191	-0.148082	-4998.29	0.0274778	-0.0165517	0.999485	29.996349677	Atom	
0.241041	-0.34708	-4986.27	0.0204198	-0.0337114	0.999223	29.9707494214	Atom	
0.40684	-0.620801	-4978.16	-0.00218538	-0.0143288	0.999895	29.953448689	Atom	
0.404025	-0.639261	-4976.87	-0.0271233	-0.0400809	0.998828	29.950702407	Atom	
0.071779	-1.13023	-4964.63	-0.123105	-0.129356	0.983927	29.9245878126	Atom	
-1.35728	-2.63185	-4953.21	-0.118761	-0.0205374	0.99271	29.899822606	Atom	
-1.83305	-2.71413	-4949.23	0.0483741	-0.0771142	0.995848	29.8912704532	Atom	
-0.266816	-5.21089	-4916.99	0.0494278	-0.118593	0.991712	29.8221355738	Atom	
0.937067	-8.09938	-4892.84	0.0511958	-0.130232	0.990161	29.7700316688	Atom	
1.08437	-8.4741	-4889.99	0.0783175	-0.129002	0.988547	29.7638678356	Atom	
2.64105	-11.0382	-4870.34	0.0433192	-0.142369	0.988865	29.7212810263	Atom	
4.04231	-15.6434	-4838.35	0.0343235	-0.134625	0.990302	29.6518955073	Atom	
5.88346	-22.8649	-4785.23	0.0298689	-0.196537	0.980041	29.5366193517	Atom	
6.90751	-29.6031	-4751.63	-0.0930926	-0.309842	0.94622	29.4627107172	Atom	
1.37717	-48.0099	-4695.42	-0.0691971	-0.327096	0.942454	29.3343900758	Atom	
1.15861	-49.043	-4692.44	-0.0382515	-0.209296	0.977104	29.3275439289	Atom	
0.849965	-50.7318	-4684.56	-0.0778014	-0.228636	0.970398	29.3100507783	Atom	
-0.478186	-54.6349	-4667.99	-0.0430255	-0.268634	0.962281	29.2730237032	Atom	
-0.914678	-57.3601	-4658.23	-0.0492021	-0.277917	0.959344	29.2509971202	Atom	
-1.4067	-60.1393	-4648.64	-0.0849546	-0.23001	0.969473	29.2292720812	Atom	
-4.25837	-67.8601	-4616.09	-0.0973765	-0.202375	0.974455	29.1563048274	Atom	
-5.2713	-69.9652	-4605.96	-0.0859671	-0.198099	0.976405	29.1336476399	Atom	
-6.48928	-72.7719	-4592.12	-0.092705	-0.205426	0.974272	29.1027689839	Atom	
-7.36217	-74.7061	-4582.95	-0.0883314	-0.18966	0.977868	29.0822302254	Atom	
-7.90378	-75.869	-4576.95	-0.0783933	-0.140765	0.986935	29.0688479826	Atom	
-9.55166	-78.828	-4556.21	-0.0307974	-0.199844	0.979344	29.0229525724	Atom	
-9.59728	-79.124	-4554.76	-0.014308	-0.20289	0.979097	29.019714447	Atom	
-9.79507	-81.9287	-4541.22	-0.0144933	-0.209745	0.977649	28.9894922175	Atom	
-9.94513	-84.1003	-4531.1	-0.104015	-0.206983	0.9728	28.9668372297	Atom	
-13.35	-90.8758	-4499.26	-0.178406	-0.28559	0.941599	28.8951663202	Atom	
-15.8552	-94.8861	-4486.03	-0.16076	-0.296429	0.941428	28.8643608864	Atom	
-17.2561	-97.4691	-4477.83	-0.154339	-0.261833	0.952692	28.8452279528	Atom	
-21.3399	-104.397	-4452.62	-0.176181	-0.240593	0.954503	28.7870996756	Atom	
-26.7382	-111.769	-4423.38	-0.103362	-0.171634	0.979723	28.7196789219	Atom	
-27.047	-112.282	-4420.45	-0.102111	-0.201415	0.974169	28.7130937076	Atom	
-32.0897	-122.229	-4372.34	-0.0379086	-0.192485	0.980567	28.60420733	Atom	
-32.9529	-126.612	-4350.01	-0.215255	-0.237753	0.947174	28.5538487602	Atom	
-36.7981	-130.859	-4333.09	-0.129488	-0.178891	0.975311	28.5142870075	Atom	
-46.7192	-144.565	-4258.36	-0.104379	-0.271575	0.95674	28.3444157508	Atom	
-47.566	-146.768	-4250.6	-0.0884899	-0.263432	0.960611	28.3263430518	Atom	
-47.9711	-147.974	-4246.21	-0.0879236	-0.249927	0.964264	28.3161393691	Atom	
-49.0265	-150.974	-4234.63	-0.333217	-0.165542	0.928204	28.2893783753	Atom	
-57.7585	-155.312	-4210.31	-0.316063	-0.199423	0.927542	28.2309113367	Atom	
-59.9602	-156.702	-4203.85	-0.331856	-0.159919	0.929676	28.2153433258	Atom	
-65.6178	-159.428	-4188	-0.315923	-0.139243	0.938512	28.1772268853	Atom	
-71.1077	-161.848	-4171.69	-0.302329	-0.264018	0.91591	28.1383331337	Atom	
-74.959	-165.211	-4160.02	0.125776	-0.395711	0.909721	28.109789629	Atom	
-73.6379	-169.367	-4150.47	0.0215348	-0.446632	0.894459	28.086236022	Atom	
-73.3307	-175.739	-4137.71	0.0404559	-0.403021	0.914296	28.0542242788	Atom	
-72.4834	-184.18	-4118.56	0.0357252	-0.419886	0.906874	28.0071826973	Atom	
-71.1878	-199.407	-4085.67	0.0614299	-0.40923	0.910361	27.9256243011	Atom	
-70.995	-200.691	-4082.81	0.0894691	-0.514213	0.852983	27.918549512	Atom	
-70.4271	-203.955	-4077.4	0.0258625	-0.511204	0.85907	27.9042365724	Atom	
-70.3044	-206.38	-4073.32	0.152186	-0.494181	0.855935	27.8935360958	Atom	
-63.486	-228.521	-4034.97	0.219942	-0.508298	0.832622	27.7924462206	Atom	
-60.9462	-234.391	-4025.36	0.190085	-0.483231	0.854608	27.766316924	Atom	
-57.3696	-243.483	-4009.28	0.175796	-0.477541	0.860843	27.7237077313	Atom	
-55.5243	-248.496	-4000.24	0.175154	-0.472172	0.86393	27.699907831	Atom	
-49.2834	-265.32	-3969.46	0.222011	-0.467873	0.855456	27.6190673936	Atom	
-41.3057	-282.132	-3938.72	0.187593	-0.522489	0.831754	27.5373497205	Atom	
-35.9643	-297.009	-3915.04	0.187778	-0.469022	0.862994	27.4724449348	Atom	
-29.4107	-313.379	-3884.92	-0.0699254	-0.795319	0.602145	27.3927398382	Atom	
-30.0229	-320.342	-3879.65	-0.0992057	-0.818189	0.566327	27.3726990179	Atom	
-30.4998	-324.275	-3876.92	-0.00336204	-0.864056	0.503384	27.361688739	Atom	
-30.5095	-326.768	-3875.47	9.60609e-005	-0.842584	0.538566	27.3550772279	Atom	
-30.5094	-327.009	-3875.32	0.0117389	-0.844356	0.535654	27.3544221754	Atom	
-30.3931	-335.374	-3870.01	0.0184745	-0.838579	0.544467	27.3317191375	Atom	
-29.6844	-367.544	-3849.12	0.0365111	-0.854374	0.518375	27.2437510561	Atom	
-29.0328	-382.792	-3839.87	0.201457	-0.84696	0.49201	27.2027214906	Atom	
-25.6824	-396.877	-3831.69	-0.12393	-0.884066	0.450631	27.1644413568	Atom	
-26.5315	-402.935	-3828.6	-0.136316	-0.890134	0.434832	27.1486526834	Atom	
-27.3729	-408.429	-3825.92	-0.158304	-0.894025	0.419118	27.1344229342	Atom	
-32.8969	-439.626	-3811.29	-0.201611	-0.852337	0.482571	27.053943454	Atom	
-33.8962	-443.851	-3808.9	-0.311419	-0.821345	0.477924	27.0424847955	Atom	
-45.5823	-474.672	-3790.97	-0.282393	-0.817404	0.502101	26.9557046188	Atom	
-49.3539	-485.589	-3784.26	-0.280741	-0.822093	0.495325	26.9247398141	Atom	
-54.172	-499.698	-3775.76	-0.265175	-0.829185	0.492072	26.8849130826	Atom	
-55.4282	-503.626	-3773.43	-0.218089	-0.871204	0.439819	26.8739071627	Atom	
-57.5178	-511.973	-3769.21	-0.203625	-0.860086	0.467749	26.8516391253	Atom	
-62.4538	-532.822	-3757.88	-0.207	-0.526759	-0.824425	26.7952640063	Atom	
-62.9813	-534.165	-3759.98	-0.210235	-0.51864	-0.828742	26.7893282817	Atom	
-63.1442	-534.566	-3760.62	-0.273945	-0.500385	-0.821322	26.7875228134	Atom	
-70.1368	-547.339	-3781.58	-0.275345	-0.4718	-0.83761	26.7280472091	Atom	
-79.7082	-563.739	-3810.7	-0.274408	-0.485301	-0.830171	26.6469088339	Atom	
-91.7624	-585.058	-3847.17	-0.321463	-0.466596	-0.823984	26.5441264756	Atom	
-117.758	-622.79	-3913.8	-0.364956	-0.413678	-0.834073	26.3543356255	Atom	
-118.183	-623.272	-3914.77	-0.393455	-0.432021	-0.811512	26.3515835591	Atom	
-118.658	-623.793	-3915.75	-0.390881	-0.363276	-0.84572	26.3487385024	Atom	
-120.65	-625.645	-3920.06	-0.418152	-0.38982	-0.820481	26.3367034068	Atom	
-123.012	-627.846	-3924.7	-0.423861	-0.37995	-0.82218	26.3233655839	Atom	
-125.523	-630.097	-3929.57	-0.426845	-0.409336	-0.806379	26.3093710475	Atom	
-130.234	-634.615	-3938.47	-0.285809	-0.391847	-0.874511	26.2832801922	Atom	
-139.386	-647.162	-3966.47	-0.282616	-0.422867	-0.860995	26.2075384137	Atom	
-141.811	-650.791	-3973.86	-0.294316	-0.362336	-0.884359	26.1871920918	Atom	
-142.715	-651.904	-3976.57	-0.251639	-0.370602	-0.894054	26.1799070349	Atom	
-151.87	-665.387	-4009.1	-0.260536	-0.357509	-0.896832	26.0935811716	Atom	
-153.731	-667.941	-4015.51	-0.286063	-0.358089	-0.888786	26.0765849401	Atom	
-159.337	-674.958	-4032.92	-0.290535	-0.361688	-0.885873	26.0299409199	Atom	
-165.489	-682.616	-4051.68	-0.320554	-0.423718	-0.847176	25.9794697604	Atom	
-168.614	-686.747	-4059.94	-0.320329	-0.427245	-0.845489	25.9561967731	Atom	
-177.676	-698.834	-4083.86	-0.306182	-0.49638	-0.812317	25.888606417	Atom	
-181.577	-705.159	-4094.21	-0.287772	-0.459702	-0.840155	25.8581038456	Atom	
-191.249	-720.609	-4122.45	-0.320002	-0.511653	-0.797377	25.7775693852	Atom	
-202.808	-739.09	-4151.25	-0.310062	-0.510461	-0.802054	25.6908007784	Atom	
-205.324	-743.233	-4157.76	-0.292256	-0.534416	-0.793086	25.6712523117	Atom	
-206.404	-745.208	-4160.69	-0.244254	-0.56909	-0.78516	25.6623494121	Atom	
-210.963	-755.829	-4175.34	-0.184501	-0.564793	-0.804344	25.6173558852	Atom	
-211.429	-757.254	-4177.37	-0.0523637	-0.550195	-0.833393	25.6112637817	Atom	
-211.573	-758.769	-4179.67	-0.0603076	-0.543249	-0.837403	25.6046166683	Atom	
-214.818	-788.001	-4224.73	-0.0626142	-0.545589	-0.83571	25.4746656031	Atom	
-215.262	-791.87	-4230.65	-0.139051	-0.417176	-0.898125	25.4574729378	Atom	
-216.16	-794.564	-4236.45	-0.199681	-0.452872	-0.868927	25.441802773	Atom	
-216.949	-796.353	-4239.89	-0.197978	-0.404949	-0.892648	25.4322160307	Atom	
-219.051	-800.654	-4249.37	-0.185808	-0.4126	-0.89176	25.4064308907	Atom	
-221.058	-805.11	-4259	0.25675	0.0403304	-0.965636	25.3801893352	Atom	
-214.965	-804.152	-4281.91	0.248336	0.0302435	-0.968202	25.3224784557	Atom	
-214.386	-804.082	-4284.17	0.227566	-0.0750726	-0.970865	25.3168009568	Atom	
-210.899	-805.232	-4299.04	0.223998	-0.0260338	-0.974242	25.2794645362	Atom	
-210.171	-805.317	-4302.21	0.19365	-0.0136134	-0.980976	25.2715317344	Atom	
-207.165	-805.528	-4317.44	0.117221	-0.153136	-0.981228	25.2336526191	Atom	
-205.568	-807.615	-4330.81	0.187622	-0.048924	-0.981022	25.2003642209	Atom	
-204.99	-807.765	-4333.83	0.168334	-0.068682	-0.983334	25.1928354386	Atom	
-202.345	-808.844	-4349.28	0.291228	-0.257512	-0.921343	25.1544039523	Atom	
-190.18	-819.602	-4387.77	0.218911	-0.218688	-0.950922	25.0520924141	Atom	
-187.915	-821.864	-4397.61	0.126113	-0.309405	-0.942531	25.0266713723	Atom	
-185.074	-828.833	-4418.83	0.116707	-0.29999	-0.946776	24.971286782	Atom	
-182.597	-835.202	-4438.93	0.1012	-0.294095	-0.950403	24.918991312	Atom	
-181.01	-839.812	-4453.83	0.0656719	-0.278567	-0.958169	24.8803082069	Atom	
-179.238	-847.331	-4479.69	0.0435358	-0.331997	-0.942275	24.8136277301	Atom	
-178.252	-854.845	-4501.02	0.0452881	-0.336626	-0.940549	24.7575991008	Atom	
-178.214	-855.128	-4501.81	0.134662	-0.356925	-0.924376	24.7555140333	Atom	
-173.143	-868.57	-4536.62	0.0342468	-0.446564	-0.894096	24.6620992173	Atom	
-171.907	-884.677	-4568.87	0.1856	-0.328996	-0.925913	24.5723687279	Atom	
-166.228	-894.745	-4597.21	0.217488	-0.435491	-0.873525	24.4960177515	Atom	
-163.727	-899.753	-4607.25	0.196216	-0.401769	-0.894473	24.4672591835	Atom	
-159.811	-907.77	-4625.1	0.162046	-0.47125	-0.866986	24.4173024372	Atom	
-159.67	-908.181	-4625.86	0.204351	-0.433488	-0.877684	24.4151182696	Atom	
-157.388	-913.022	-4635.66	0.219281	-0.370516	-0.90257	24.3871161187	Atom	
-150.519	-924.628	-4663.93	0.263606	-0.284501	-0.921722	24.308489959	Atom	
-135.134	-941.233	-4717.73	0.263807	-0.283295	-0.922036	24.1616327552	Atom	
-129.861	-946.895	-4736.16	0.265591	-0.280183	-0.922474	24.1110943252	Atom	
-126.935	-949.982	-4746.32	0.110247	-0.208229	-0.971847	24.083195389	Atom	
-122.355	-958.632	-4786.69	0.130037	-0.183629	-0.974357	23.9778874696	Atom	
-120.092	-961.828	-4803.65	0.101228	-0.205697	-0.973366	23.9336201447	Atom	
-116.994	-968.123	-4833.44	0.113797	-0.237712	-0.964647	23.8556630832	Atom	
-116.233	-969.713	-4839.89	-0.105597	-0.0381481	-0.993677	23.8385760664	Atom	
-117.403	-970.136	-4850.91	0.349715	-0.0523519	-0.935392	23.8102502858	Atom	
-115.571	-970.41	-4855.81	0.337776	-0.0601915	-0.9393	23.7968502569	Atom	
-107.927	-971.773	-4877.06	0.34595	-0.0609924	-0.936268	23.73893572	Atom	
-106.059	-972.102	-4882.12	0.376678	-0.0296075	-0.925871	23.7250954238	Atom	
-93.6812	-973.075	-4912.54	0.36261	-0.027439	-0.931537	23.6408063855	Atom	
-79.6325	-974.138	-4948.63	0.448072	0.183202	-0.875025	23.5411495852	Atom	
-76.8837	-973.014	-4954	0.48421	0.136313	-0.864268	23.5253166136	Atom	
-51.1135	-965.759	-5000	0.48421	0.136313	-0.864268	23.3878894345	Region	
"-----------------------------------------------------------------"
"Trajectory"	176

"NbCollisions"	415
"Zmax"	0
"Display"	256

"Collisions"

"X"	"Y"	"Z"	"Rx"	"Ry"	"Rz"	"Energy"	"CollisionType"	
-0.148069	-0.168747	-5000	2.54873e-006	-2.37703e-007	1	30	Region	
-0.148018	-0.168752	-4979.93	-0.111317	0.00178734	0.993783	29.9572636707	Atom	
-2.51036	-0.130822	-4958.84	0.387033	0.19405	0.901415	29.9120291426	Atom	
5.14757	3.7087	-4941	0.278763	0.278306	0.91915	29.8698034535	Atom	
25.213	23.7412	-4874.84	0.360087	0.42056	0.832747	29.7160176669	Atom	
27.3031	26.1823	-4870.01	0.356495	0.428805	0.830083	29.7035649131	Atom	
34.3345	34.64	-4853.64	0.336782	0.411633	0.846839	29.661237031	Atom	
35.2049	35.7038	-4851.45	0.310145	0.457952	0.833121	29.6556845015	Atom	
35.6059	36.2959	-4850.37	0.322485	0.445627	0.835117	29.6529062029	Atom	
43.2263	46.8263	-4830.64	0.414377	0.383343	0.825433	29.6021250752	Atom	
59.3131	61.7082	-4798.59	0.413674	0.372173	0.830879	29.51858466	Atom	
69.5651	70.9318	-4778	0.454152	0.351566	0.818625	29.465133555	Atom	
71.3817	72.338	-4774.72	0.483286	0.356061	0.799784	29.4564942024	Atom	
76.4301	76.0574	-4766.37	0.532432	0.364105	0.764162	29.4339267901	Atom	
101.581	93.2569	-4730.27	0.516522	0.387222	0.763718	29.3318123354	Atom	
103.289	94.5372	-4727.75	0.538014	0.424418	0.728293	29.3246450831	Atom	
121.191	108.66	-4703.51	0.354869	0.62756	0.692991	29.2524989819	Atom	
125.472	116.229	-4695.16	0.338241	0.648214	0.682211	29.2262967917	Atom	
127.063	119.279	-4691.95	0.332897	0.634648	0.697425	29.2160669078	Atom	
145.481	154.392	-4653.36	0.294541	0.601417	0.74266	29.0957562103	Atom	
148.397	160.345	-4646.01	0.274289	0.526374	0.804796	29.0741617225	Atom	
148.476	160.498	-4645.77	0.279861	0.506524	0.815543	29.0735286347	Atom	
151.56	166.08	-4636.79	0.272285	0.562909	0.780381	29.0494708794	Atom	
156.599	176.497	-4622.35	0.137932	0.613649	0.777438	29.0090434533	Atom	
157.021	178.371	-4619.97	0.136936	0.623277	0.769918	29.0023635668	Atom	
157.583	180.932	-4616.81	0.0355266	0.604121	0.7961	28.9933777629	Atom	
158.201	191.437	-4602.96	-0.00749396	0.602678	0.797949	28.955332808	Atom	
158.172	193.782	-4599.86	-0.254784	0.703456	0.663502	28.9468105525	Atom	
157.278	196.25	-4597.53	-0.305757	0.683438	0.662891	28.9391257361	Atom	
148.437	216.012	-4578.36	-0.308084	0.671039	0.674382	28.8757663294	Atom	
136.425	242.174	-4552.07	-0.296671	0.696799	0.653037	28.7901902029	Atom	
124.217	270.849	-4525.2	-0.263992	0.70859	0.654376	28.6996494232	Atom	
122.944	274.266	-4522.04	-0.266348	0.713887	0.647629	28.6890119909	Atom	
119.492	283.518	-4513.65	-0.355453	0.691478	0.628897	28.6604185326	Atom	
118.665	285.126	-4512.19	-0.785433	0.23764	0.571509	28.6552818597	Atom	
96.5055	291.831	-4496.06	-0.785155	0.277428	0.553683	28.5929757523	Atom	
33.6262	314.049	-4451.72	-0.770822	0.257935	0.582497	28.4158071834	Atom	
29.253	315.512	-4448.42	-0.601178	0.222977	0.767376	28.4031937029	Atom	
9.57237	322.812	-4423.29	-0.626868	0.161507	0.762202	28.330386666	Atom	
9.11386	322.93	-4422.74	-0.628543	0.176543	0.757474	28.3287566458	Atom	
-5.15487	326.938	-4405.54	-0.621657	0.215628	0.753026	28.278163028	Atom	
-7.05343	327.596	-4403.24	-0.636685	0.222616	0.738292	28.2713469211	Atom	
-13.5229	329.858	-4395.74	-0.588537	0.228719	0.775443	28.248664406	Atom	
-29.3346	336.003	-4374.91	-0.554126	0.231641	0.799554	28.1886538188	Atom	
-40.4605	340.654	-4358.85	-0.547741	0.242235	0.800813	28.1437290649	Atom	
-66.1269	352.005	-4321.33	-0.553159	0.239071	0.798035	28.0387503853	Atom	
-73.347	355.125	-4310.91	-0.533276	0.264344	0.803579	28.0094215387	Atom	
-75.8327	356.357	-4307.17	-0.573218	0.294391	0.764693	27.9989389717	Atom	
-75.8755	356.379	-4307.11	-0.614758	0.24607	0.749348	27.9987710922	Atom	
-80.6039	358.272	-4301.34	-0.599073	0.250263	0.760578	27.9814688076	Atom	
-84.5156	359.906	-4296.38	-0.589533	0.245573	0.769509	27.966772948	Atom	
-93.596	363.689	-4284.53	-0.645082	0.259779	0.718599	27.9320924301	Atom	
-105.884	368.637	-4270.84	-0.642198	0.239105	0.728293	27.8891587234	Atom	
-111.345	370.67	-4264.64	-0.642978	0.238192	0.727903	27.8699713434	Atom	
-117.519	372.958	-4257.65	-0.636077	0.242742	0.732449	27.848290476	Atom	
-129.116	377.383	-4244.3	-0.617156	-0.0102668	0.786774	27.8071010945	Atom	
-131.106	377.35	-4241.76	-0.619432	-0.0149923	0.784907	27.7998054473	Atom	
-133.827	377.284	-4238.32	-0.65865	0.0409216	0.751335	27.7898677537	Atom	
-136.921	377.476	-4234.79	-0.654235	0.0200358	0.756026	27.7792399556	Atom	
-141.769	377.625	-4229.18	-0.656936	0.0437578	0.752676	27.7624646858	Atom	
-150.077	378.178	-4219.67	-0.0875284	0.884635	0.457996	27.7338240637	Atom	
-150.316	380.596	-4218.41	-0.240797	0.948498	0.205837	27.7276290717	Atom	
-153.972	394.999	-4215.29	-0.452703	0.858688	0.24024	27.6932051033	Atom	
-154.252	395.529	-4215.14	-0.417818	0.878869	0.230255	27.6918021939	Atom	
-164.528	417.145	-4209.48	-0.366096	0.904684	0.217992	27.6359882361	Atom	
-167.099	423.498	-4207.95	-0.331262	0.915674	0.22761	27.6200268867	Atom	
-169.149	429.163	-4206.54	-0.340863	0.915727	0.212735	27.6059557718	Atom	
-175.499	446.223	-4202.57	-0.319214	0.912139	0.257108	27.5635732944	Atom	
-181.665	463.843	-4197.61	-0.310111	0.913614	0.262945	27.5195732837	Atom	
-183.596	469.531	-4195.97	-0.324831	0.908484	0.262947	27.5053760906	Atom	
-183.686	469.783	-4195.9	-0.263614	0.921288	0.285896	27.5047413614	Atom	
-185.509	476.154	-4193.92	-0.172002	0.910069	0.377081	27.488965115	Atom	
-187.462	486.491	-4189.64	-0.144685	0.900103	0.410951	27.4630374717	Atom	
-192.591	518.395	-4175.07	-0.160256	0.890175	0.426505	27.382067607	Atom	
-194.571	529.396	-4169.8	-0.204811	0.774211	0.598873	27.3537686254	Atom	
-200.334	551.179	-4152.95	-0.182908	0.778086	0.600938	27.2892914325	Atom	
-201.412	555.767	-4149.41	-0.204038	0.791468	0.576148	27.275755694	Atom	
-207.1	577.831	-4133.35	-0.233548	0.783922	0.575258	27.2117256746	Atom	
-211.445	592.414	-4122.64	-0.247671	0.785286	0.567438	27.1689163651	Atom	
-211.802	593.547	-4121.83	-0.191205	0.774413	0.603096	27.1655944579	Atom	
-217.028	614.712	-4105.34	-0.190395	0.768239	0.611195	27.1026179738	Atom	
-218.55	620.851	-4100.46	-0.163931	0.760777	0.627969	27.0841702444	Atom	
-222.486	639.121	-4085.38	-0.407304	0.531515	0.742695	27.0287027393	Atom	
-232.108	651.677	-4067.83	-0.416071	0.497788	0.760982	26.9740497337	Atom	
-235.146	655.312	-4062.28	-0.438591	0.467076	0.767774	26.9571290311	Atom	
-247.081	668.021	-4041.39	-0.42655	0.390706	0.815723	26.8940452755	Atom	
-251.414	671.99	-4033.1	-0.408939	0.408666	0.815942	26.8704499356	Atom	
-252.432	673.008	-4031.07	-0.498397	0.442154	0.745721	26.8646632204	Atom	
-259.249	679.056	-4020.87	-0.475829	0.458135	0.750799	26.8328648324	Atom	
-286.609	705.398	-3977.7	-0.543192	0.490897	0.681148	26.6990698315	Atom	
-293.249	711.399	-3969.37	-0.556641	0.488539	0.671923	26.6705109414	Atom	
-299.183	716.607	-3962.21	-0.562498	0.469982	0.68023	26.6455840329	Atom	
-300.863	718.011	-3960.18	-0.568742	0.477547	0.669688	26.638597466	Atom	
-302.716	719.566	-3957.99	-0.600047	0.478112	0.641368	26.6309725519	Atom	
-310.728	725.95	-3949.43	-0.594532	0.480733	0.644537	26.5997171136	Atom	
-321.412	734.589	-3937.85	-0.541895	0.487558	0.684571	26.5576089533	Atom	
-324.796	737.634	-3933.57	-0.531809	0.489311	0.691197	26.5429591492	Atom	
-331.268	743.588	-3925.16	-0.495163	0.459574	0.737296	26.514397855	Atom	
-334.149	746.263	-3920.87	-0.478981	0.482289	0.733467	26.5007285612	Atom	
-338.567	750.712	-3914.11	-0.572373	0.45381	0.682968	26.4790500439	Atom	
-340.359	752.132	-3911.97	-0.577132	0.448827	0.682256	26.4716880737	Atom	
-354.906	763.445	-3894.77	-0.602811	0.481232	0.636423	26.4124033855	Atom	
-377.704	781.645	-3870.7	-0.612063	0.38318	0.691775	26.3232930708	Atom	
-379.426	782.723	-3868.75	-0.605921	0.415799	0.678212	26.3166435282	Atom	
-394.931	793.363	-3851.4	-0.606721	0.450879	0.654673	26.256176636	Atom	
-395.21	793.57	-3851.1	-0.635757	0.401597	0.659191	26.2550873808	Atom	
-396.039	794.094	-3850.24	-0.667709	0.442293	0.598783	26.2520010459	Atom	
-399.616	796.463	-3847.03	-0.628567	0.475358	0.615579	26.2393176726	Atom	
-401.024	797.528	-3845.65	-0.651702	0.504879	0.566023	26.2340112376	Atom	
-402.63	798.772	-3844.26	-0.651712	0.490405	0.578597	26.2281743026	Atom	
-429.751	819.18	-3820.18	-0.775587	0.619847	-0.119389	26.1295720023	Atom	
-436.098	824.253	-3821.16	-0.754797	0.64862	0.0978416	26.1101248157	Atom	
-444.575	831.537	-3820.06	-0.731891	0.670256	0.122851	26.0834191402	Atom	
-457.03	842.944	-3817.97	-0.667958	0.720281	0.187155	26.0429205526	Atom	
-487.643	875.955	-3809.39	-0.698607	0.690111	0.188932	25.9337162312	Atom	
-489.62	877.908	-3808.86	-0.582229	0.811624	0.0477123	25.9269513672	Atom	
-495.729	886.424	-3808.35	-0.615994	0.779214	0.115661	25.9018602678	Atom	
-498.249	889.612	-3807.88	-0.599928	0.789084	0.132036	25.8920718673	Atom	
-500.26	892.256	-3807.44	-0.473276	0.852276	0.222791	25.8840496365	Atom	
-519.465	926.841	-3798.4	-0.451484	0.856868	0.248876	25.7868884229	Atom	
-521.742	931.162	-3797.14	-0.389407	0.891306	0.232241	25.774778072	Atom	
-528.619	946.904	-3793.04	-0.396633	0.887118	0.236019	25.7323504203	Atom	
-535.394	962.057	-3789.01	-0.346527	0.898517	0.269417	25.6912602876	Atom	
-548.466	995.952	-3778.85	-0.318981	0.858211	0.402151	25.6004032858	Atom	
-552.509	1006.83	-3773.75	-0.250737	0.873076	0.418173	25.5697952483	Atom	
-553.05	1008.71	-3772.85	-0.255607	0.720677	0.644429	25.5645771631	Atom	
-561.294	1031.96	-3752.06	-0.278155	0.696096	0.661877	25.4865871498	Atom	
-565.5	1042.48	-3742.06	-0.280315	0.636053	0.71893	25.4499398363	Atom	
-574.841	1063.68	-3718.1	-0.284593	0.651578	0.703174	25.3690748091	Atom	
-581.337	1078.55	-3702.05	-0.277081	0.664783	0.69375	25.3135457248	Atom	
-582.114	1080.41	-3700.1	-0.00042374	0.704968	0.709239	25.3067144081	Atom	
-582.124	1098.5	-3681.91	0.0225492	0.668709	0.743183	25.2441830853	Atom	
-582.121	1098.59	-3681.8	0.00881144	0.638746	0.769367	25.2438412237	Atom	
-581.974	1109.24	-3668.97	0.0128601	0.630297	0.776248	25.2031161352	Atom	
-581.841	1115.78	-3660.92	0.0192818	0.558554	0.829244	25.1777391873	Atom	
-581.025	1139.42	-3625.83	-0.0326421	0.547688	0.836045	25.0741742886	Atom	
-581.353	1144.92	-3617.43	-0.00976333	0.555692	0.831331	25.0495000423	Atom	
-581.447	1150.26	-3609.45	-0.14297	0.5742	0.806136	25.025916531	Atom	
-585.874	1168.04	-3584.48	-0.153472	0.572167	0.80565	24.949759064	Atom	
-593.175	1195.26	-3546.16	-0.155119	0.51633	0.842224	24.8325009764	Atom	
-594.804	1200.68	-3537.31	-0.172322	0.502266	0.847369	24.8065125974	Atom	
-595.019	1201.31	-3536.26	-0.190274	0.489154	0.85119	24.8034263488	Atom	
-596.432	1204.94	-3529.94	-0.218556	0.496197	0.840251	24.7850354065	Atom	
-598.175	1208.9	-3523.24	-0.22437	0.50946	0.830728	24.7652773782	Atom	
-605.779	1226.16	-3495.08	0.035329	0.798497	0.600961	24.6812348047	Atom	
-605.484	1232.85	-3490.05	0.0721892	0.852189	0.51823	24.6604208889	Atom	
-603.294	1258.7	-3474.33	0.10645	0.819068	0.563734	24.5849559761	Atom	
-601.649	1271.35	-3465.62	0.125544	0.818458	0.560682	24.5464277727	Atom	
-601.469	1272.53	-3464.81	0.0642721	0.810544	0.582141	24.5428387055	Atom	
-601.335	1274.21	-3463.6	0.0799042	0.828892	0.553672	24.5376405682	Atom	
-600.203	1285.96	-3455.76	0.192872	0.837832	0.510723	24.5022506594	Atom	
-598.319	1294.14	-3450.77	0.147741	0.85694	0.493788	24.4778266276	Atom	
-597.515	1298.81	-3448.08	0.0392804	0.881666	0.470236	24.4642053454	Atom	
-596.313	1325.78	-3433.7	0.0775972	0.898581	0.431892	24.38761189	Atom	
-593.14	1362.53	-3416.03	0.180121	0.863288	0.471476	24.2849739352	Atom	
-591.765	1369.12	-3412.43	0.172344	0.857894	0.484061	24.2657513889	Atom	
-588.275	1386.49	-3402.63	0.138782	0.85768	0.4951	24.2147209246	Atom	
-586.946	1394.7	-3397.89	-0.137246	0.780445	0.609974	24.1905533299	Atom	
-596.136	1446.96	-3357.05	-0.122794	0.796768	0.591678	24.0214200976	Atom	
-596.614	1450.06	-3354.74	-0.135138	0.696847	0.704373	24.0115288712	Atom	
-601.032	1472.84	-3331.72	-0.0891205	0.701058	0.707514	23.9284587684	Atom	
-601.436	1476.03	-3328.5	-0.195471	0.684987	0.701843	23.9168948411	Atom	
-605.506	1490.29	-3313.89	-0.343437	0.703898	0.621755	23.8638337704	Atom	
-610.282	1500.07	-3305.25	-0.244278	0.758259	0.60446	23.8283281121	Atom	
-614.683	1513.74	-3294.36	-0.229891	0.76699	0.599063	23.7822648456	Atom	
-618.157	1525.33	-3285.3	-0.456659	-0.0367812	0.888881	23.7435815346	Atom	
-621.926	1525.02	-3277.97	-0.418815	-0.0347854	0.907405	23.7224259328	Atom	
-621.936	1525.02	-3277.94	-0.411403	-0.0185548	0.911264	23.7223609332	Atom	
-627.79	1524.76	-3264.98	-0.418509	-0.0381059	0.907413	23.6858610124	Atom	
-638.551	1523.78	-3241.65	-0.404977	-0.0608088	0.912302	23.619824018	Atom	
-641.121	1523.39	-3235.86	-0.364616	-0.0526124	0.92967	23.6034873055	Atom	
-643.876	1522.99	-3228.83	-0.334021	-0.0353566	0.941902	23.5840236153	Atom	
-644.926	1522.88	-3225.87	-0.338638	-0.0347486	0.940275	23.5759249852	Atom	
-649.432	1522.42	-3213.36	-0.505461	-0.0912999	0.858006	23.5416203643	Atom	
-649.717	1522.37	-3212.88	-0.295548	-0.137266	0.945415	23.5401652456	Atom	
-654.303	1520.24	-3198.21	-0.28554	-0.106236	0.95246	23.5001176594	Atom	
-656.983	1519.24	-3189.27	-0.32826	-0.116205	0.937412	23.4758652872	Atom	
-662.534	1517.28	-3173.41	-0.459089	-0.14401	0.876641	23.4321249722	Atom	
-667.139	1515.83	-3164.62	-0.468949	-0.360165	0.806454	23.4061440051	Atom	
-685.84	1501.47	-3132.46	-0.590443	-0.307686	0.746127	23.302754397	Atom	
-701.641	1493.24	-3112.49	-0.571426	-0.310989	0.759446	23.233133535	Atom	
-710.863	1488.22	-3100.24	-0.589858	-0.372542	0.716436	23.1910482653	Atom	
-727.147	1477.93	-3080.46	-0.600857	-0.353983	0.716706	23.1189533167	Atom	
-750.428	1464.22	-3052.69	-0.591899	-0.336417	0.732447	23.017517647	Atom	
-751.867	1463.4	-3050.91	-0.553878	-0.346395	0.757119	23.0111338589	Atom	
-757.515	1459.87	-3043.19	0.331148	0.164064	0.929206	22.9843404361	Atom	
-756.519	1460.36	-3040.4	-0.0361183	0.309302	-0.950278	22.976433085	Atom	
-756.551	1460.63	-3041.23	0.231427	0.11305	-0.966262	22.9741082772	Atom	
-750.87	1463.41	-3064.95	0.20781	0.126587	-0.969944	22.9095256834	Atom	
-749.91	1463.99	-3069.44	0.205249	0.124445	-0.970766	22.8973403022	Atom	
-748.919	1464.59	-3074.12	0.180009	0.125848	-0.975581	22.8846119142	Atom	
-746.688	1466.15	-3086.21	0.169685	0.152681	-0.973599	22.8518994398	Atom	
-740.521	1471.7	-3121.6	0.188818	0.149132	-0.970622	22.7558769919	Atom	
-739.788	1472.28	-3125.37	0.227454	-0.00215817	-0.973787	22.7455939468	Atom	
-738.179	1472.27	-3132.25	0.226862	0.00452617	-0.973916	22.7268394753	Atom	
-737.493	1472.28	-3135.2	0.210187	0.0577354	-0.975955	22.718805329	Atom	
-737.399	1472.31	-3135.64	0.197917	0.113249	-0.973655	22.717617449	Atom	
-735.451	1473.42	-3145.22	0.170272	0.106185	-0.979659	22.6915012904	Atom	
-730.967	1476.22	-3171.01	0.157983	0.103426	-0.98201	22.6215451871	Atom	
-729.902	1476.91	-3177.64	0.371444	-0.0322964	-0.927894	22.6035919669	Atom	
-724.246	1476.42	-3191.76	0.35263	-0.124986	-0.927378	22.5630131484	Atom	
-714.716	1473.04	-3216.83	0.459417	-0.143321	-0.876581	22.4908929957	Atom	
-714.706	1473.04	-3216.85	0.450697	-0.146474	-0.880578	22.4908324097	Atom	
-711.19	1471.9	-3223.72	0.396328	-0.212141	-0.893264	22.4699628613	Atom	
-704.426	1468.28	-3238.96	0.384083	-0.146318	-0.911631	22.4242710654	Atom	
-693.021	1463.93	-3266.03	0.381728	-0.150388	-0.911958	22.3446496625	Atom	
-690.737	1463.03	-3271.49	0.372312	-0.13772	-0.917833	22.3285554418	Atom	
-688.896	1462.35	-3276.03	0.424971	-0.201337	-0.882532	22.3152562202	Atom	
-687.426	1461.66	-3279.08	-0.00941175	-0.0668271	-0.99772	22.3059414548	Atom	
-687.43	1461.63	-3279.5	0.0298965	-0.0192466	-0.999368	22.3048107226	Atom	
-686.253	1460.87	-3318.84	0.0286348	-0.00436017	-0.99958	22.1988146816	Atom	
-686.086	1460.84	-3324.68	-0.0562658	-0.00873414	-0.998378	22.1830142568	Atom	
-686.796	1460.73	-3337.28	-0.0621319	-0.00630972	-0.998048	22.1488750465	Atom	
-687.527	1460.66	-3349.03	-0.0599243	-0.0253824	-0.99788	22.1169954486	Atom	
-687.825	1460.53	-3353.99	0.204365	-0.102355	-0.973529	22.1035312541	Atom	
-687.207	1460.22	-3356.94	0.200755	-0.0868009	-0.975789	22.0953228475	Atom	
-687.163	1460.21	-3357.15	0.214866	-0.192029	-0.957579	22.0947398366	Atom	
-686.183	1459.33	-3361.51	0.292093	-0.0639254	-0.954251	22.0823628405	Atom	
-678.994	1457.76	-3385	0.111546	-0.258364	-0.959586	22.015563202	Atom	
-678.722	1457.13	-3387.34	0.0932556	-0.284099	-0.954249	22.0089221648	Atom	
-676.727	1451.05	-3407.76	0.110792	-0.273047	-0.9556	21.9506993504	Atom	
-676.326	1450.06	-3411.22	0.0961307	-0.279765	-0.955244	21.9408374134	Atom	
-675.046	1446.33	-3423.94	0.0850271	-0.293557	-0.952153	21.904504914	Atom	
-673.733	1441.8	-3438.64	0.00562664	-0.336356	-0.941718	21.8623311973	Atom	
-673.546	1430.63	-3469.91	0.0185294	-0.306635	-0.951647	21.7715066596	Atom	
-673.304	1426.63	-3482.34	0.00025971	-0.298063	-0.954546	21.7356393825	Atom	
-673.297	1419.13	-3506.36	-0.0127571	-0.255089	-0.966833	21.6664845149	Atom	
-673.373	1417.6	-3512.13	-0.052175	-0.177703	-0.9827	21.6500498334	Atom	
-673.89	1415.85	-3521.85	0.213894	-0.0775742	-0.973772	21.6227768802	Atom	
-671.392	1414.94	-3533.22	0.218714	-0.0703461	-0.97325	21.590556591	Atom	
-669.122	1414.21	-3543.32	0.190409	-0.0813818	-0.978326	21.5618877754	Atom	
-667.399	1413.47	-3552.18	0.235281	-0.124321	-0.963943	21.5368682807	Atom	
-666.948	1413.23	-3554.03	0.258507	-0.164406	-0.951916	21.5315562711	Atom	
-661.431	1409.73	-3574.34	0.225632	-0.22318	-0.948304	21.4724749342	Atom	
-657.074	1405.42	-3592.65	0.178197	-0.241751	-0.953836	21.4188999631	Atom	
-654.192	1401.51	-3608.08	0.177884	-0.251211	-0.951446	21.3739368041	Atom	
-645.494	1389.22	-3654.6	0.302632	-0.107044	-0.947077	21.2377827776	Atom	
-644.42	1388.84	-3657.97	0.294698	-0.113952	-0.948772	21.2278465107	Atom	
-643.986	1388.68	-3659.36	0.271752	-0.0929566	-0.957868	21.2237323394	Atom	
-631.479	1384.4	-3703.45	0.39729	-0.146122	-0.905985	21.0948593097	Atom	
-631.248	1384.31	-3703.97	0.40623	-0.148086	-0.901692	21.0932266204	Atom	
-630.7	1384.11	-3705.19	0.419591	-0.158343	-0.893796	21.0894278239	Atom	
-619.281	1379.8	-3729.51	0.425462	-0.131366	-0.895391	21.0128486106	Atom	
-617.644	1379.3	-3732.96	0.403782	-0.164401	-0.899963	21.0019908855	Atom	
-614.681	1378.09	-3739.56	0.402909	-0.164267	-0.900378	20.9812804228	Atom	
-611.483	1376.79	-3746.71	0.378727	-0.292585	-0.878043	20.9588518931	Atom	
-608.344	1374.36	-3753.99	0.421754	-0.282452	-0.861594	20.9354163205	Atom	
-604.226	1371.6	-3762.4	0.419418	-0.448301	-0.789376	20.9077854649	Atom	
-599.279	1366.32	-3771.71	0.402141	-0.416466	-0.815377	20.8743668334	Atom	
-590.681	1357.41	-3789.14	0.353781	-0.471639	-0.807711	20.8137201474	Atom	
-587.272	1352.87	-3796.93	0.316666	-0.452176	-0.833822	20.7863262617	Atom	
-585.396	1350.19	-3801.87	0.377901	-0.536164	-0.754797	20.7694656332	Atom	
-581.39	1344.5	-3809.87	0.43632	-0.544163	-0.716597	20.7392706974	Atom	
-580.681	1343.62	-3811.03	0.4618	-0.484867	-0.742728	20.7346406811	Atom	
-561.875	1323.88	-3841.28	0.388941	-0.539894	-0.746485	20.6185143107	Atom	
-557.94	1318.41	-3848.83	0.385724	-0.507838	-0.770271	20.5895388648	Atom	
-556.79	1316.9	-3851.13	0.175044	-0.611675	-0.771501	20.5809897433	Atom	
-555.793	1313.42	-3855.52	0.183685	-0.60941	-0.771284	20.5646601786	Atom	
-553.074	1304.39	-3866.94	0.0685678	-0.583186	-0.80944	20.5221693688	Atom	
-549.836	1276.85	-3905.16	-0.262817	-0.468702	-0.843354	20.3864202312	Atom	
-552.194	1272.65	-3912.73	-0.296631	-0.457322	-0.838371	20.3604952157	Atom	
-557.123	1265.05	-3926.66	-0.298822	-0.460431	-0.835888	20.3124265273	Atom	
-559.242	1261.79	-3932.59	-0.300024	-0.467836	-0.831333	20.2918792703	Atom	
-563.419	1255.27	-3944.16	-0.288308	-0.461391	-0.839045	20.2515024754	Atom	
-564.442	1253.64	-3947.14	-0.264249	-0.519748	-0.812425	20.2412007149	Atom	
-569.048	1244.58	-3961.3	-0.279852	-0.500417	-0.819308	20.1905493643	Atom	
-569.699	1243.41	-3963.2	-0.264399	-0.528338	-0.806816	20.1837775121	Atom	
-579.292	1224.24	-3992.48	-0.170715	-0.584437	-0.793278	20.0781153343	Atom	
-579.415	1223.82	-3993.05	-0.160667	-0.628943	-0.760669	20.0759999442	Atom	
-579.874	1222.02	-3995.22	-0.149469	-0.621456	-0.769059	20.0676489361	Atom	
-581.598	1214.85	-4004.1	-0.0915567	-0.616268	-0.782196	20.0338970194	Atom	
-581.892	1212.88	-4006.61	-0.115054	-0.556228	-0.823027	20.0244981065	Atom	
-582.093	1211.9	-4008.04	-0.113834	-0.548863	-0.828125	20.0193761938	Atom	
-582.219	1211.3	-4008.96	-0.197038	-0.44044	-0.875893	20.0161321067	Atom	
-584.876	1205.36	-4020.77	-0.177372	-0.478723	-0.859862	19.9766085555	Atom	
-585.648	1203.27	-4024.51	-0.0198712	-0.7939	-0.607723	19.9638303214	Atom	
-586.458	1170.89	-4049.3	-0.0392365	-0.783724	-0.619869	19.8440212244	Atom	
-586.976	1160.56	-4057.48	-0.0370508	-0.668452	-0.742832	19.8050974583	Atom	
-587.042	1159.36	-4058.81	-0.0891237	-0.66912	-0.737791	19.7997930422	Atom	
-587.907	1152.87	-4065.97	0.0317907	-0.369201	-0.928806	19.7711168566	Atom	
-587.893	1152.7	-4066.37	0.0771603	-0.317866	-0.944991	19.7698176483	Atom	
-586.651	1147.59	-4081.59	0.067855	-0.340762	-0.937698	19.7221587562	Atom	
-586.516	1146.91	-4083.45	0.0828824	-0.27493	-0.957885	19.7162720184	Atom	
-585.828	1144.63	-4091.4	0.133199	-0.393624	-0.90957	19.6916530877	Atom	
-585.427	1143.44	-4094.14	0.127015	-0.399082	-0.908075	19.6827181261	Atom	
-585.031	1142.2	-4096.97	0.129799	-0.370901	-0.919557	19.6734582782	Atom	
-584.46	1140.57	-4101.02	0.135801	-0.391907	-0.909927	19.660378028	Atom	
-582.389	1134.59	-4114.89	0.230645	0.0347056	-0.972419	19.6150594505	Atom	
-582.031	1134.65	-4116.4	0.26182	0.00712768	-0.96509	19.610434539	Atom	
-577.992	1134.76	-4131.29	0.259966	0.000571448	-0.965618	19.5644824938	Atom	
-577.925	1134.76	-4131.54	0.26248	0.0087459	-0.964898	19.5637176783	Atom	
-565.731	1135.16	-4176.36	0.306852	0.0791474	-0.948461	19.4250836234	Atom	
-561.733	1136.19	-4188.72	0.212768	0.0517436	-0.975732	19.3859875856	Atom	
-559.308	1136.78	-4199.84	-0.422927	0.704999	-0.569306	19.35173094	Atom	
-564.781	1145.91	-4207.21	-0.471586	0.706202	-0.528096	19.3127865646	Atom	
-568.112	1150.89	-4210.94	-0.44658	0.732201	-0.514245	19.2914938132	Atom	
-572.013	1157.29	-4215.43	-0.419544	0.731116	-0.538007	19.265140786	Atom	
-573.124	1159.23	-4216.86	-0.413331	0.781979	-0.466546	19.2571413809	Atom	
-585.343	1182.34	-4230.65	0.631187	0.742375	-0.224683	19.167830226	Atom	
-584.744	1183.05	-4230.86	0.62582	0.752391	-0.205568	19.1649525615	Atom	
-556.697	1216.77	-4240.07	0.6166	0.755684	-0.220785	19.0290459961	Atom	
-511.065	1272.69	-4256.41	0.62342	0.750462	-0.219442	18.8033800079	Atom	
-510.891	1272.9	-4256.48	0.637356	0.74062	-0.212741	18.8025213731	Atom	
-500.14	1285.39	-4260.06	0.695819	0.680657	-0.229221	18.7506012662	Atom	
-477.486	1307.55	-4267.53	0.684469	0.676567	-0.271586	18.6501791676	Atom	
-465.071	1319.83	-4272.45	0.647653	0.71878	-0.252789	18.5939941641	Atom	
-450.079	1336.46	-4278.3	0.635263	0.734651	-0.238177	18.5221260338	Atom	
-417.425	1374.23	-4290.55	0.648064	0.729403	-0.219055	18.3620549798	Atom	
-406.496	1386.53	-4294.24	0.658182	0.706771	-0.259365	18.3091822742	Atom	
-399.493	1394.05	-4297	0.642331	0.705866	-0.298603	18.2757496935	Atom	
-379.436	1416.09	-4306.32	0.682314	0.693755	-0.230548	18.1774916958	Atom	
-370.917	1424.75	-4309.2	0.700114	0.67056	-0.245337	18.1380381502	Atom	
-356.892	1438.18	-4314.12	0.773639	0.592352	-0.224951	18.074630231	Atom	
-342.024	1449.57	-4318.44	0.837929	0.49787	-0.223609	18.0136341941	Atom	
-329.838	1456.81	-4321.69	0.518964	0.778673	-0.352624	17.9673561254	Atom	
-328.06	1459.48	-4322.9	0.528017	0.773459	-0.350657	17.9564282449	Atom	
-327.786	1459.88	-4323.08	0.535082	0.732617	-0.420665	17.9547755802	Atom	
-320.232	1470.22	-4329.02	0.488093	0.765346	-0.419537	17.9097363338	Atom	
-313.016	1481.53	-4335.22	0.316842	0.740108	-0.59317	17.8624791349	Atom	
-306.554	1496.63	-4347.32	0.316688	0.739128	-0.594474	17.7971460217	Atom	
-303.679	1503.34	-4352.72	0.353279	0.730556	-0.584365	17.7679867577	Atom	
-302.036	1506.74	-4355.44	0.367516	0.723404	-0.584482	17.7530258069	Atom	
-290.855	1528.75	-4373.22	0.368785	0.744	-0.557191	17.655114203	Atom	
-290.597	1529.27	-4373.61	0.355211	0.74479	-0.564901	17.6528506401	Atom	
-281.434	1548.48	-4388.18	0.334126	0.741382	-0.58199	17.5694591748	Atom	
-279.908	1551.87	-4390.84	0.352572	0.750308	-0.559223	17.5546420791	Atom	
-276.128	1559.91	-4396.84	0.414331	0.748855	-0.517248	17.519833446	Atom	
-265.903	1578.39	-4409.6	0.423296	0.745925	-0.514215	17.4395918325	Atom	
-265.408	1579.26	-4410.2	0.394988	0.740882	-0.543211	17.4357753668	Atom	
-256.283	1596.38	-4422.75	0.438416	0.617822	-0.652754	17.3603742596	Atom	
-247.025	1609.43	-4436.54	0.497746	0.566225	-0.656991	17.2912218685	Atom	
-244.025	1612.84	-4440.49	0.503377	0.569528	-0.649807	17.2714240656	Atom	
-223.878	1635.63	-4466.5	0.448729	0.571369	-0.687154	17.13983775	Atom	
-193.285	1674.59	-4513.35	0.605836	0.512206	-0.608775	16.9143519499	Atom	
-192.425	1675.31	-4514.21	0.626178	0.478263	-0.615764	16.9096111855	Atom	
-186.137	1680.12	-4520.4	0.699189	0.404835	-0.589274	16.8760473843	Atom	
-181.845	1682.6	-4524.02	0.733116	0.403771	-0.547275	16.8555009076	Atom	
-176.929	1685.31	-4527.69	0.700312	0.319726	-0.638231	16.8330323711	Atom	
-161.102	1692.54	-4542.11	0.678884	0.356648	-0.641809	16.7572373896	Atom	
-161.015	1692.58	-4542.19	0.795797	0.298104	-0.527106	16.7568058694	Atom	
-133.669	1702.82	-4560.3	0.753579	0.373415	-0.540999	16.6411496906	Atom	
-132.431	1703.44	-4561.19	0.814193	0.277896	-0.509768	16.6355931502	Atom	
-121.181	1707.28	-4568.24	0.822763	0.291269	-0.488082	16.5888277133	Atom	
-120.1	1707.66	-4568.88	0.808985	0.327769	-0.487965	16.5843709202	Atom	
-107.233	1712.87	-4576.64	0.799778	0.335315	-0.497915	16.5304102661	Atom	
-106.771	1713.07	-4576.93	0.794531	0.357787	-0.490621	16.5284427559	Atom	
-101.052	1715.64	-4580.46	0.874113	0.368048	-0.316966	16.5039587926	Atom	
-67.528	1729.76	-4592.61	0.925183	0.378288	0.0305717	16.3733536674	Atom	
-66.3195	1730.25	-4592.57	0.908608	0.417354	0.0157006	16.3688781577	Atom	
-53.8164	1736	-4592.36	0.8491	0.514169	-0.121075	16.3217182951	Atom	
-51.0302	1737.68	-4592.76	0.832103	0.508154	-0.222225	16.3104473387	Atom	
-10.385	1762.5	-4603.61	0.63905	0.380062	-0.668707	16.1425816819	Atom	
-6.01823	1765.1	-4608.18	0.613525	0.348236	-0.708745	16.1189106047	Atom	
-1.49837	1767.67	-4613.4	0.493991	0.364925	-0.789178	16.093361186	Atom	
13.2192	1778.54	-4636.91	0.525213	0.432647	-0.732781	15.9899099239	Atom	
24.8609	1788.13	-4653.16	0.355343	-0.364143	-0.86089	15.9125599779	Atom	
26.0873	1786.87	-4656.13	0.191935	-0.348989	-0.917261	15.9004709317	Atom	
26.7555	1785.66	-4659.32	0.234192	-0.32393	-0.916637	15.8882693067	Atom	
28.5483	1783.18	-4666.34	0.248792	-0.289175	-0.924381	15.8614238327	Atom	
31.948	1779.23	-4678.97	0.269362	-0.28602	-0.919585	15.8134418991	Atom	
37.3366	1773.5	-4697.37	0.306273	-0.197803	-0.931166	15.7430315425	Atom	
39.1464	1772.33	-4702.87	0.336848	-0.177986	-0.924583	15.722162685	Atom	
43.329	1770.12	-4714.35	0.157258	-0.10805	-0.981629	15.6782650943	Atom	
44.0286	1769.64	-4718.71	0.151259	-0.00301212	-0.98849	15.6625042093	Atom	
50.4537	1769.52	-4760.7	0.00324282	-0.0902928	-0.99591	15.5118922977	Atom	
50.4569	1769.43	-4761.68	0.00430069	-0.0991406	-0.995064	15.508387981	Atom	
50.5305	1767.73	-4778.71	0.00536193	-0.0851671	-0.996352	15.4472420005	Atom	
50.5461	1767.48	-4781.62	0.0751734	0.179902	-0.980808	15.4367675409	Atom	
50.9343	1768.41	-4786.69	0.098893	0.185624	-0.977632	15.4182559188	Atom	
53.9539	1774.08	-4816.54	0.0509457	0.164539	-0.985054	15.3086741892	Atom	
54.0967	1774.54	-4819.3	0.0794941	0.185509	-0.979422	15.298556991	Atom	
57.689	1782.92	-4863.56	0.0818516	0.188823	-0.978594	15.1354049202	Atom	
58.2063	1784.12	-4869.74	0.0410297	0.17982	-0.982844	15.1123962618	Atom	
58.5831	1785.77	-4878.77	-0.0411571	0.103134	-0.993816	15.0789334667	Atom	
57.8799	1787.53	-4895.75	-0.0279732	0.122985	-0.992014	15.0165628324	Atom	
57.8735	1787.56	-4895.97	-0.0667144	0.142468	-0.987548	15.0157262544	Atom	
57.6948	1787.94	-4898.62	-0.0971622	0.148717	-0.984095	15.0059153162	Atom	
56.8603	1789.22	-4907.07	-0.0685658	0.135693	-0.988376	14.9744438666	Atom	
56.1045	1790.71	-4917.97	-0.0474649	0.134809	-0.989734	14.9339866752	Atom	
55.8937	1791.31	-4922.36	-0.096755	0.105088	-0.989745	14.9176507668	Atom	
55.6669	1791.56	-4924.68	0.113582	0.300808	-0.946897	14.909022835	Atom	
56.8788	1794.77	-4934.78	0.125784	0.300997	-0.945293	14.8697310122	Atom	
56.9999	1795.06	-4935.69	0.0684446	0.28894	-0.954897	14.8661793999	Atom	
57.1347	1795.63	-4937.58	0.166797	0.294516	-0.940978	14.8589080792	Atom	
57.5675	1796.39	-4940.02	0.0545284	0.217647	-0.974503	14.8493273471	Atom	
57.742	1797.09	-4943.14	-0.0586557	0.160125	-0.985352	14.8375078571	Atom	
55.5981	1802.94	-4979.15	-0.055482	0.120244	-0.991193	14.7024050922	Atom	
55.3909	1803.39	-4982.85	-0.064574	0.11299	-0.991496	14.6885074734	Atom	
55.2104	1803.7	-4985.62	0.10794	0.267289	-0.957552	14.6780935501	Atom	
55.6839	1804.88	-4989.82	0.145232	0.218839	-0.964892	14.6617425647	Atom	
56.1965	1805.65	-4993.23	0.397963	0.133177	-0.907683	14.6485761933	Atom	
59.1644	1806.64	-5000	0.397963	0.133177	-0.907683	14.6207384323	Region	
"-----------------------------------------------------------------"
"Trajectory"	177

"NbCollisions"	485
"Zmax"	0
"Display"	256

"Collisions"

"X"	"Y"	"Z"	"Rx"	"Ry"	"Rz"	"Energy"	"CollisionType"	
-0.274695	0.177935	-5000	-3.94822e-006	-8.44871e-007	1	30	Region	
-0.274729	0.177928	-4991.4	-0.00817012	-0.00301693	0.999962	29.9816998798	Atom	
-0.354956	0.148302	-4981.59	-0.029538	0.0125443	0.999485	29.9607826881	Atom	
-0.836529	0.352818	-4965.29	-0.0656892	-0.0335775	0.997275	29.9260346786	Atom	
-2.25612	-0.372813	-4943.74	-0.258978	-0.31662	0.912514	29.879932655	Atom	
-11.3414	-11.4803	-4911.73	-0.285438	-0.302295	0.909474	29.8050014737	Atom	
-34.694	-36.212	-4837.32	-0.295258	-0.305967	0.905101	29.6299039005	Atom	
-47.771	-49.7634	-4797.23	-0.301589	-0.326297	0.895865	29.534666704	Atom	
-48.1897	-50.2164	-4795.99	-0.29729	-0.335785	0.893794	29.5316735409	Atom	
-52.5965	-55.1938	-4782.74	-0.261229	-0.366491	0.892997	29.499714844	Atom	
-54.8129	-58.3033	-4775.16	-0.231573	-0.488251	0.841419	29.4814059049	Atom	
-55.0826	-58.872	-4774.18	-0.201557	-0.53622	0.81966	29.4788916103	Atom	
-58.3375	-67.531	-4760.95	-0.186523	-0.568989	0.800912	29.4440259397	Atom	
-63.9435	-84.6324	-4736.87	-0.180679	-0.588205	0.78827	29.3790718138	Atom	
-64.7847	-87.3709	-4733.2	-0.183212	-0.57259	0.799109	29.3689926223	Atom	
-66.0051	-91.1851	-4727.88	-0.144589	-0.55499	0.819195	29.3545671503	Atom	
-68.0493	-99.0313	-4716.3	-0.148919	-0.557455	0.816741	29.3239402043	Atom	
-68.6892	-101.427	-4712.79	-0.153916	-0.46968	0.869316	29.314622684	Atom	
-71.5824	-110.255	-4696.45	-0.245996	-0.449921	0.858521	29.2738574178	Atom	
-73.2246	-113.259	-4690.72	-0.312749	-0.451917	0.835439	29.2593628431	Atom	
-81.9164	-125.819	-4667.5	-0.242521	-0.485432	0.839964	29.1989997207	Atom	
-87.0558	-136.105	-4649.7	-0.218719	-0.445406	0.868202	29.1528963712	Atom	
-89.405	-140.89	-4640.38	-0.239205	-0.387235	0.89041	29.1294986742	Atom	
-100.349	-158.606	-4599.64	-0.231096	-0.370273	0.899718	29.0297767279	Atom	
-128.515	-203.735	-4489.98	-0.212054	-0.386455	0.8976	28.7633849899	Atom	
-141.786	-227.92	-4433.81	-0.330468	-0.542415	0.772384	28.6255914161	Atom	
-171.204	-276.207	-4365.05	-0.376877	-0.493216	0.784029	28.428832319	Atom	
-178.136	-285.277	-4350.63	-0.3645	-0.576997	0.730899	28.387959397	Atom	
-185.534	-296.99	-4335.79	-0.504273	-0.360212	0.784829	28.3427951042	Atom	
-202.666	-309.228	-4309.13	-0.488825	-0.311817	0.814751	28.2671088097	Atom	
-216.716	-318.189	-4285.71	-0.506269	-0.262958	0.821307	28.2029441077	Atom	
-219.858	-319.821	-4280.62	-0.59	-0.383436	0.710547	28.1890637467	Atom	
-229.933	-326.369	-4268.48	-0.586929	-0.406522	0.700181	28.1508549841	Atom	
-232.43	-328.099	-4265.5	-0.602631	-0.404219	0.688072	28.1413256347	Atom	
-243.652	-335.626	-4252.69	-0.58211	-0.391194	0.712823	28.0996054679	Atom	
-246.367	-337.451	-4249.36	-0.571889	-0.349733	0.742044	28.0891411481	Atom	
-266.057	-349.492	-4223.82	-0.56742	-0.398084	0.720808	28.0118885717	Atom	
-267.735	-350.669	-4221.68	-0.529666	-0.473375	0.703825	28.0052380942	Atom	
-282.551	-363.911	-4202	-0.600087	-0.433282	0.67243	27.9423248358	Atom	
-300.676	-376.997	-4181.69	-0.595015	-0.433086	0.677048	27.8742722419	Atom	
-300.793	-377.083	-4181.55	-0.634706	-0.46642	0.616118	27.8738264761	Atom	
-308.014	-382.389	-4174.54	-0.659923	-0.417342	0.624762	27.8481438151	Atom	
-317.107	-388.14	-4165.94	-0.544583	-0.469745	0.694816	27.8170121802	Atom	
-326.346	-396.108	-4154.15	-0.602351	-0.413723	0.682647	27.7786526919	Atom	
-334.709	-401.853	-4144.67	-0.407082	-0.495985	0.766996	27.7472204063	Atom	
-350.893	-421.571	-4114.18	-0.35985	-0.423944	0.831131	27.6571422013	Atom	
-366.353	-439.784	-4078.47	-0.37742	-0.415232	0.82773	27.5595529574	Atom	
-375.852	-450.235	-4057.64	-0.358076	-0.401122	0.843139	27.50221577	Atom	
-379.78	-454.635	-4048.39	-0.386042	-0.401074	0.830729	27.4771891722	Atom	
-380.719	-455.611	-4046.37	-0.409535	-0.312	0.857285	27.4716322253	Atom	
-390.968	-463.419	-4024.91	-0.449676	-0.310654	0.837428	27.4144784463	Atom	
-421.506	-484.516	-3968.04	-0.479863	-0.195306	0.855329	27.2591241504	Atom	
-428.006	-487.161	-3956.46	-0.539978	-0.182903	0.821566	27.227998453	Atom	
-443.159	-492.294	-3933.4	-0.654274	-0.115211	0.747431	27.1634523158	Atom	
-454.78	-494.34	-3920.13	-0.675447	-0.174316	0.716509	27.12252181	Atom	
-471.414	-498.633	-3902.48	-0.687239	-0.144593	0.711896	27.0657047821	Atom	
-490.996	-502.753	-3882.2	-0.681785	-0.145379	0.716962	26.9998568712	Atom	
-494.435	-503.487	-3878.58	0.948745	0.234312	-0.212087	26.9881758086	Atom	
-486.073	-501.421	-3880.45	0.932344	0.257858	-0.253463	26.9677599505	Atom	
-483.063	-500.589	-3881.27	0.93828	0.190136	-0.288929	26.9602771772	Atom	
-364.676	-476.599	-3917.72	0.940093	0.260537	-0.219878	26.6677843921	Atom	
-363.02	-476.14	-3918.11	0.938588	0.258731	-0.22828	26.6636649215	Atom	
-321.422	-464.673	-3928.23	0.936541	0.287251	-0.200942	26.5600160441	Atom	
-319.127	-463.969	-3928.72	0.945468	0.270616	-0.181268	26.5542675305	Atom	
-306.055	-460.227	-3931.23	0.942434	0.280336	-0.182292	26.5218296462	Atom	
-269.267	-449.284	-3938.34	0.934068	0.272281	-0.231041	26.4301521493	Atom	
-247.911	-443.059	-3943.63	0.940602	0.262737	-0.21503	26.3763096095	Atom	
-232.801	-438.838	-3947.08	0.946788	0.250254	-0.202401	26.3384181529	Atom	
-217.871	-434.892	-3950.27	0.950269	0.256301	-0.176914	26.3011779652	Atom	
-175.439	-423.448	-3958.17	0.951772	0.245675	-0.183776	26.1956123906	Atom	
-128.322	-411.285	-3967.27	0.81492	0.511141	-0.273202	26.0782007657	Atom	
-121.711	-407.139	-3969.48	0.802039	0.535612	-0.264298	26.0588911775	Atom	
-111.435	-400.276	-3972.87	0.81447	0.522351	-0.252563	26.0283780263	Atom	
-102.851	-394.771	-3975.53	0.779844	0.568768	-0.261431	26.0032555526	Atom	
-97.7859	-391.077	-3977.23	0.843705	0.49613	-0.204981	25.9877607563	Atom	
-73.0807	-376.55	-3983.23	0.833327	0.518946	-0.190424	25.9178723257	Atom	
-43.2275	-357.959	-3990.05	0.805022	0.586082	-0.0919099	25.8321868208	Atom	
-35.8224	-352.568	-3990.9	0.803594	0.588105	-0.091483	25.8101270593	Atom	
-21.1103	-341.801	-3992.58	0.790948	0.610368	0.0430451	25.7661927049	Atom	
-15.6091	-337.556	-3992.28	0.768385	0.638469	0.0440608	25.7494794782	Atom	
-13.8837	-336.122	-3992.18	0.767483	0.639718	0.0416161	25.7440808325	Atom	
5.18849	-320.225	-3991.14	0.78086	0.623194	0.0434341	25.6843248486	Atom	
66.4941	-271.297	-3987.73	0.781236	0.621354	0.0599141	25.4951884168	Atom	
84.6857	-256.829	-3986.34	0.80733	0.587631	0.0539361	25.4387624292	Atom	
92.7922	-250.928	-3985.8	0.884051	0.457278	0.0967002	25.4143877668	Atom	
94.8243	-249.877	-3985.57	0.872551	0.479464	0.0936468	25.4088038526	Atom	
108.262	-242.493	-3984.13	0.867486	0.487742	0.097859	25.3713857191	Atom	
133.87	-228.095	-3981.24	0.84261	0.509785	0.173574	25.2995756792	Atom	
152.85	-216.612	-3977.33	0.84732	0.501808	0.173888	25.2446590214	Atom	
160.888	-211.852	-3975.68	0.810499	0.582743	0.059179	25.2214899763	Atom	
168.281	-206.536	-3975.14	0.818276	0.57134	0.0632061	25.1991971471	Atom	
194.841	-187.991	-3973.09	0.79507	0.604188	0.0531126	25.1198132309	Atom	
206.125	-179.416	-3972.34	0.777696	0.627539	0.037189	25.0850152102	Atom	
243.634	-149.15	-3970.54	0.843663	0.535971	0.0311102	24.9666314103	Atom	
249.737	-145.273	-3970.32	0.765533	0.634265	-0.108018	24.9488109179	Atom	
261.389	-135.618	-3971.96	0.768133	0.629832	-0.11525	24.9112877918	Atom	
303.991	-100.687	-3978.36	0.779278	0.619175	-0.0966908	24.7744050684	Atom	
316.26	-90.9385	-3979.88	0.793883	0.604682	-0.06411	24.735378709	Atom	
345.162	-68.9245	-3982.21	0.802555	0.595032	-0.0429317	24.6450219326	Atom	
347.811	-66.9607	-3982.35	0.823919	0.561399	-0.0773931	24.6368069463	Atom	
373.687	-49.3291	-3984.78	0.809843	0.582448	-0.0700535	24.5586119801	Atom	
380.395	-44.5045	-3985.36	0.813004	0.577975	-0.0704994	24.5379363239	Atom	
387.093	-39.7429	-3985.95	0.806141	0.587207	-0.0729686	24.5173592485	Atom	
401.716	-29.0915	-3987.27	0.829741	0.548023	-0.105833	24.4720234308	Atom	
403.577	-27.8621	-3987.51	0.83733	0.537558	-0.0995501	24.4664081966	Atom	
412.795	-21.9443	-3988.6	0.840359	0.533745	-0.0944061	24.4388482016	Atom	
452.358	3.18344	-3993.05	0.90201	0.430863	0.0271193	24.3208845946	Atom	
458.404	6.07148	-3992.86	0.89169	0.452369	-0.0158649	24.3040248037	Atom	
489.13	21.6592	-3993.41	0.879012	0.473736	-0.053961	24.21730546	Atom	
545.606	52.0968	-3996.88	0.916722	0.395383	-0.0573798	24.0551514638	Atom	
547.944	53.1049	-3997.02	0.908329	0.416976	-0.0327027	24.0486819368	Atom	
628.887	90.2626	-3999.94	0.917447	0.396675	-0.0306563	23.8225367578	Atom	
636.4	93.511	-4000.19	0.918932	0.394222	-0.0123672	23.8015996341	Atom	
641.065	95.5123	-4000.25	0.982057	0.173208	-0.0745864	23.788611208	Atom	
653.393	97.6865	-4001.19	0.973069	0.21029	-0.0944228	23.7564808139	Atom	
681.162	103.688	-4003.88	0.975717	0.19946	-0.0905114	23.6833556842	Atom	
707.186	109.008	-4006.3	0.981665	0.176958	-0.0708561	23.6148465561	Atom	
719.747	111.272	-4007.2	0.959136	0.204297	-0.195758	23.5819051467	Atom	
727.354	112.892	-4008.76	0.957662	0.21406	-0.192515	23.5614662281	Atom	
732.734	114.095	-4009.84	0.962995	0.190608	-0.190552	23.5469767283	Atom	
753.069	118.12	-4013.86	0.962	0.204668	-0.18074	23.4924879721	Atom	
848.167	138.352	-4031.73	0.957024	0.274679	-0.0930426	23.2369461276	Atom	
861.094	142.062	-4032.99	0.944707	0.300111	-0.132142	23.2017275331	Atom	
861.141	142.077	-4032.99	0.949606	0.283429	-0.133852	23.2015973197	Atom	
869.376	144.535	-4034.15	0.963672	0.245061	-0.106212	23.1789583659	Atom	
909.868	154.832	-4038.62	0.946622	0.285279	-0.150077	23.0691811103	Atom	
918.042	157.295	-4039.91	0.683389	0.727811	-0.0571889	23.0465391302	Atom	
924.32	163.982	-4040.44	0.686697	0.726352	-0.0293336	23.0224298365	Atom	
926.281	166.056	-4040.52	0.661893	0.749543	0.00911541	23.0149296124	Atom	
936.481	177.607	-4040.38	0.683427	0.729853	0.0155878	22.9744404133	Atom	
962.036	204.898	-4039.8	0.644337	0.76344	-0.0445975	22.8760672655	Atom	
972.592	217.405	-4040.53	0.6272	0.777316	-0.0489805	22.8328217903	Atom	
977.075	222.961	-4040.88	0.665625	0.746132	0.0151963	22.813924938	Atom	
979.883	226.109	-4040.81	0.558707	0.828716	0.0328194	22.802764122	Atom	
985.875	234.996	-4040.46	0.630863	0.775876	0.00535246	22.7743823551	Atom	
1001.13	253.753	-4040.33	0.632062	0.761914	-0.141369	22.7103405965	Atom	
1003.31	256.387	-4040.82	0.623912	0.771609	-0.123909	22.7011630438	Atom	
1007.53	261.605	-4041.66	0.619448	0.771285	-0.146301	22.6832036111	Atom	
1009.54	264.103	-4042.13	0.574743	0.792668	-0.203344	22.6745976025	Atom	
1020.45	279.148	-4045.99	0.574895	0.817686	-0.0297416	22.6241430287	Atom	
1029.6	292.164	-4046.47	0.556978	0.830511	-0.00507882	22.5817539433	Atom	
1033.64	298.19	-4046.5	0.546692	0.837334	-0.000496016	22.5624062984	Atom	
1041.18	309.748	-4046.51	0.521253	0.849749	0.0788753	22.5255686317	Atom	
1051.33	326.286	-4044.98	0.753113	0.648731	-0.109399	22.4735668072	Atom	
1092.36	361.627	-4050.93	0.722032	0.675792	-0.148238	22.3277361452	Atom	
1100.93	369.654	-4052.7	0.71279	0.684572	-0.152616	22.2957778733	Atom	
1111.79	380.08	-4055.02	0.742856	0.662702	-0.0948177	22.254750431	Atom	
1139.64	404.928	-4058.58	0.742276	0.66102	-0.109905	22.1536048813	Atom	
1145.65	410.279	-4059.47	0.754642	0.644903	-0.120891	22.1316883413	Atom	
1150.72	414.608	-4060.28	0.753417	0.649684	-0.101361	22.1135037865	Atom	
1160.41	422.97	-4061.58	0.772014	0.623018	-0.125866	22.0786088993	Atom	
1180.42	439.112	-4064.84	0.919468	0.368225	-0.137799	22.0082780144	Atom	
1200.59	447.193	-4067.87	0.924074	0.366808	-0.107418	21.9485568549	Atom	
1212.13	451.773	-4069.21	0.881506	0.464663	-0.0838803	21.9145089766	Atom	
1265.64	479.978	-4074.3	0.88842	0.45436	-0.0653175	21.748768946	Atom	
1274.61	484.566	-4074.96	0.877096	0.472329	-0.0872246	21.7210310263	Atom	
1277.7	486.231	-4075.27	0.879605	0.464495	-0.102666	21.7113375584	Atom	
1287.62	491.47	-4076.42	0.852728	0.477697	-0.21133	21.6803189091	Atom	
1319.43	509.287	-4084.31	0.852539	0.462004	-0.244398	21.5776149808	Atom	
1321.8	510.572	-4084.99	0.836469	0.473082	-0.27661	21.5699289084	Atom	
1337.21	519.285	-4090.08	0.824849	0.431586	-0.365181	21.5190082188	Atom	
1352.1	527.077	-4096.67	0.819124	0.442528	-0.364974	21.469003625	Atom	
1357.81	530.161	-4099.22	0.843804	0.412843	-0.342864	21.4496651424	Atom	
1364.2	533.292	-4101.82	0.864989	0.37054	-0.33837	21.4286077363	Atom	
1370.81	536.122	-4104.4	0.856788	0.352486	-0.376388	21.4073849146	Atom	
1431.08	560.916	-4130.88	0.857923	0.335534	-0.389083	21.2117624812	Atom	
1436.03	562.854	-4133.12	0.74762	0.54372	-0.381358	21.1955840696	Atom	
1445.11	569.454	-4137.75	0.77269	0.522456	-0.36054	21.1615570189	Atom	
1464.04	582.252	-4146.58	0.741578	0.589165	-0.320852	21.0928133193	Atom	
1469.91	586.919	-4149.13	0.733048	0.600812	-0.318851	21.0705254422	Atom	
1471.74	588.416	-4149.92	0.771602	0.564506	-0.293196	21.0635085664	Atom	
1482.06	595.968	-4153.84	0.769206	0.562885	-0.302461	21.0258288642	Atom	
1494.42	605.014	-4158.7	0.747332	0.598812	-0.287957	20.9804989498	Atom	
1535.96	638.297	-4174.71	0.7572	0.571412	-0.316444	20.823464014	Atom	
1542.24	643.034	-4177.33	0.751651	0.574738	-0.32357	20.7999026287	Atom	
1550.55	649.393	-4180.91	0.701349	0.710229	0.0607009	20.7684298153	Atom	
1552.42	651.286	-4180.75	0.700721	0.709435	0.0754456	20.7608386326	Atom	
1560.92	659.894	-4179.84	0.716563	0.696037	0.0455002	20.7262739454	Atom	
1574.62	673.196	-4178.97	0.655988	0.752074	0.0637553	20.6717574593	Atom	
1580.47	679.906	-4178.4	0.67025	0.736447	0.0917122	20.6462556285	Atom	
1603.44	705.149	-4175.25	0.68851	0.71367	0.128955	20.5481856532	Atom	
1613.34	715.408	-4173.4	0.661999	0.733716	0.153031	20.5069047935	Atom	
1614.16	716.32	-4173.21	0.65512	0.741646	0.144151	20.5033302074	Atom	
1622.34	725.58	-4171.41	0.625323	0.774602	0.0946776	20.4674107539	Atom	
1628.58	733.307	-4170.47	0.51613	0.847784	0.121956	20.4386761067	Atom	
1638.2	749.105	-4168.19	0.508208	0.851057	0.132009	20.3849363926	Atom	
1643.46	757.914	-4166.83	0.53834	0.833143	0.126743	20.3550261659	Atom	
1645.37	760.875	-4166.38	0.570117	0.817195	0.0846107	20.3447438362	Atom	
1652.56	771.18	-4165.31	0.650148	0.730708	0.208262	20.308244324	Atom	
1654.24	773.06	-4164.77	0.655676	0.752005	0.0676562	20.3007877477	Atom	
1658.47	777.919	-4164.34	0.654295	0.748044	0.111036	20.2820543754	Atom	
1663.26	783.388	-4163.52	0.599921	0.789247	0.131091	20.2608432696	Atom	
1682.95	809.301	-4159.22	0.594311	0.804186	-0.00890308	20.1655123224	Atom	
1683.28	809.747	-4159.22	0.59223	0.804301	-0.0486088	20.1638933247	Atom	
1708.4	843.855	-4161.29	0.603883	0.797045	-0.00665697	20.0402974211	Atom	
1711.57	848.044	-4161.32	0.611048	0.791527	0.0102716	20.0249055221	Atom	
1719.02	857.696	-4161.2	0.487483	0.859141	0.155682	19.9891739525	Atom	
1722.77	864.297	-4160	0.465722	0.864144	0.190679	19.9666275112	Atom	
1728.91	875.701	-4157.48	0.507179	0.841799	0.18478	19.9278695812	Atom	
1770.79	945.198	-4142.23	0.529336	0.834828	0.151215	19.6850257998	Atom	
1781.61	962.265	-4139.14	0.533468	0.83416	0.139962	19.6243135145	Atom	
1785.31	968.049	-4138.17	0.50074	0.859339	0.103904	19.6036729402	Atom	
1785.93	969.124	-4138.04	0.620781	0.781168	0.0663958	19.5999457572	Atom	
1790.11	974.378	-4137.59	0.633055	0.773324	0.0347954	19.5799004529	Atom	
1791.47	976.044	-4137.52	0.572063	0.80809	0.140482	19.5734763502	Atom	
1793	978.199	-4137.14	0.571016	0.803835	0.166702	19.5655226954	Atom	
1795.73	982.043	-4136.34	0.537834	0.833696	0.125241	19.5512514424	Atom	
1801.61	991.16	-4134.97	0.502865	0.850341	0.155074	19.5186028377	Atom	
1815.53	1014.69	-4130.68	0.499999	0.857318	0.122502	19.4358722755	Atom	
1817.1	1017.39	-4130.3	0.485869	0.870729	0.0759088	19.4264360451	Atom	
1822.68	1027.39	-4129.42	0.21436	0.964015	0.157238	19.3919578919	Atom	
1832.66	1072.27	-4122.11	0.16774	0.979471	0.111799	19.2520984525	Atom	
1833.2	1075.42	-4121.75	0.154583	0.980355	0.122509	19.2423512887	Atom	
1833.41	1076.76	-4121.58	0.1516	0.983529	0.0984325	19.2382426062	Atom	
1836.89	1099.33	-4119.32	0.165017	0.983326	0.0764197	19.1688435526	Atom	
1837.1	1100.57	-4119.22	0.175303	0.981601	0.0756829	19.1650392139	Atom	
1841.18	1123.46	-4117.46	0.173175	0.979323	0.104575	19.0943197336	Atom	
1842.45	1130.6	-4116.7	0.159966	0.979435	0.122954	19.0721462188	Atom	
1849.98	1176.74	-4110.9	-0.153245	0.984905	-0.0804898	18.9287426894	Atom	
1848.48	1186.43	-4111.7	-0.0844683	0.912724	-0.39975	18.8986065604	Atom	
1847.76	1194.17	-4115.08	-0.000616542	0.953652	-0.30091	18.8726177396	Atom	
1847.74	1226.43	-4125.26	0.039882	0.969614	-0.241369	18.7688159826	Atom	
1849.4	1266.72	-4135.29	0.0103952	0.972537	-0.232514	18.6407448069	Atom	
1849.47	1274.05	-4137.04	-0.0357973	0.959837	-0.278266	18.6173764268	Atom	
1849.43	1275.3	-4137.41	-0.20803	0.897685	-0.388439	18.6133481926	Atom	
1846.26	1288.98	-4143.33	-0.159539	0.866968	-0.472138	18.5660607138	Atom	
1843.96	1301.45	-4150.12	-0.170825	0.893123	-0.416113	18.5213609806	Atom	
1843.65	1303.05	-4150.87	-0.170695	0.876483	-0.450157	18.5157590051	Atom	
1840.69	1318.26	-4158.68	-0.104964	0.843633	-0.52656	18.4617146568	Atom	
1839.56	1327.39	-4164.37	-0.326519	0.787678	-0.522444	18.4279221987	Atom	
1836.01	1335.96	-4170.06	-0.237104	0.855612	-0.46012	18.3939244577	Atom	
1834.39	1341.79	-4173.19	-0.277552	0.847059	-0.453274	18.3725826945	Atom	
1833.53	1344.4	-4174.59	-0.305085	0.902587	-0.303743	18.362919878	Atom	
1832.49	1347.49	-4175.63	-0.29624	0.923523	-0.243614	18.3522073801	Atom	
1822.68	1378.09	-4183.7	-0.293538	0.937124	-0.188772	18.2482666613	Atom	
1818.94	1390	-4186.1	-0.0711829	0.988055	-0.136676	18.2082333594	Atom	
1816.6	1422.59	-4190.61	0.080773	0.934452	-0.346807	18.1041278004	Atom	
1820.17	1463.97	-4205.97	0.100769	0.934465	-0.341499	17.9637613934	Atom	
1821.16	1473.14	-4209.32	-0.0145281	0.918167	-0.395927	17.9324597803	Atom	
1821.12	1475.88	-4210.5	-0.0261764	0.922204	-0.385817	17.9229308561	Atom	
1821.07	1477.63	-4211.23	-0.012296	0.902095	-0.431363	17.916885716	Atom	
1820.84	1494.6	-4219.34	-0.0383595	0.923512	-0.381646	17.8567782748	Atom	
1820.33	1506.84	-4224.4	-0.0339402	0.949254	-0.312673	17.8142992443	Atom	
1819.97	1516.89	-4227.71	-0.0305457	0.943311	-0.330502	17.7803207509	Atom	
1819.57	1529.32	-4232.07	-0.0490027	0.941833	-0.33249	17.7379605343	Atom	
1819.11	1538.19	-4235.2	-0.0571441	0.940754	-0.334241	17.7076221016	Atom	
1818.98	1540.3	-4235.95	-0.119001	0.938167	-0.325087	17.7003874	Atom	
1818.39	1544.95	-4237.56	-0.170644	0.929574	-0.32676	17.6844285289	Atom	
1816.05	1557.68	-4242.03	-0.177558	0.931597	-0.317176	17.6402060271	Atom	
1803.73	1622.33	-4264.05	-0.126127	0.939435	-0.318674	17.4157473513	Atom	
1803.12	1626.89	-4265.59	-0.107436	0.941984	-0.317999	17.3998814765	Atom	
1800.37	1650.96	-4273.72	-0.0819654	0.942515	-0.323957	17.3163656344	Atom	
1799.93	1656	-4275.45	-0.0632323	0.957781	-0.280458	17.2988158637	Atom	
1799.32	1665.33	-4278.18	-0.0583746	0.961147	-0.269794	17.2668325334	Atom	
1798.6	1677.2	-4281.51	0.0853319	0.957918	-0.274065	17.226215326	Atom	
1798.66	1677.85	-4281.7	0.230079	0.589077	-0.77463	17.223967969	Atom	
1804.52	1692.88	-4301.46	0.139762	0.512236	-0.847397	17.1399416449	Atom	
1804.82	1693.96	-4303.25	0.155721	0.579039	-0.80029	17.1329325524	Atom	
1807.21	1702.83	-4315.52	0.150511	0.598947	-0.786517	17.0822365091	Atom	
1807.98	1705.93	-4319.57	0.110767	0.637466	-0.762475	17.0651236114	Atom	
1808.01	1706.1	-4319.78	0.0282511	0.675372	-0.736936	17.0642334692	Atom	
1809.11	1732.36	-4348.43	0.0518714	0.701175	-0.7111	16.9351984824	Atom	
1809.8	1741.62	-4357.82	0.0545447	0.69398	-0.717925	16.8911136904	Atom	
1810.45	1749.89	-4366.38	-0.0353988	0.607599	-0.793455	16.8512513804	Atom	
1810.41	1750.51	-4367.19	0.0580072	0.674083	-0.736374	16.8478155218	Atom	
1810.81	1755.13	-4372.24	0.0472463	0.682422	-0.72943	16.8248637606	Atom	
1811.08	1759.02	-4376.39	0.0120702	0.700003	-0.714038	16.8057372556	Atom	
1811.21	1766.97	-4384.51	-0.00529196	0.68266	-0.730717	16.7675853564	Atom	
1811.21	1767.91	-4385.51	-0.0498393	0.694288	-0.71797	16.7629649487	Atom	
1809.6	1790.33	-4408.7	-0.0234759	0.693498	-0.720076	16.6542865731	Atom	
1808.77	1814.7	-4434	0.0132243	0.663435	-0.748117	16.5354681358	Atom	
1808.82	1817.24	-4436.87	0.183199	0.745562	-0.640762	16.5224211642	Atom	
1811.26	1827.16	-4445.39	0.445308	0.629696	-0.63654	16.4771749055	Atom	
1823.88	1845.01	-4463.44	0.472029	0.611922	-0.634618	16.3805003119	Atom	
1826.42	1848.31	-4466.86	0.559484	0.526546	-0.640099	16.3620620643	Atom	
1828.27	1850.04	-4468.97	0.594169	0.786263	-0.169569	16.3507473588	Atom	
1828.8	1850.74	-4469.12	0.591481	0.787229	-0.174413	16.3476960189	Atom	
1833.96	1857.62	-4470.64	0.59598	0.776825	-0.203348	16.3177387176	Atom	
1850.92	1879.72	-4476.43	0.54224	0.812361	-0.214583	16.2199862424	Atom	
1852.76	1882.48	-4477.16	0.535746	0.810198	-0.237815	16.2082782672	Atom	
1855.51	1886.63	-4478.38	0.667603	0.700477	-0.252266	16.1905577552	Atom	
1872.06	1904	-4484.63	0.640743	0.749381	-0.166962	16.1048863582	Atom	
1875.76	1908.33	-4485.59	0.613016	0.764096	-0.200917	16.0848281582	Atom	
1885.99	1921.08	-4488.95	0.537561	0.809835	-0.234938	16.0268488431	Atom	
1915.63	1965.73	-4501.9	0.523557	0.817707	-0.239257	15.8347826524	Atom	
1925.63	1981.35	-4506.47	0.565997	0.804943	-0.178085	15.7676240573	Atom	
1928.14	1984.91	-4507.26	0.505908	0.842959	-0.182968	15.7520352655	Atom	
1934.48	1995.47	-4509.55	0.483933	0.863203	-0.143834	15.7077961619	Atom	
1935.16	1996.7	-4509.76	0.461531	0.879123	-0.118874	15.7027660938	Atom	
1936.71	1999.64	-4510.15	0.454249	0.880942	-0.132658	15.6909464555	Atom	
1940.03	2006.08	-4511.12	0.425043	0.89808	-0.113093	15.6650510703	Atom	
1947.97	2022.87	-4513.24	0.496163	0.858208	-0.131537	15.5987722948	Atom	
1948.19	2023.24	-4513.29	0.525071	0.842942	-0.117255	15.5972424948	Atom	
1950.58	2027.08	-4513.83	0.526363	0.835619	-0.157107	15.5810266835	Atom	
1951.59	2028.69	-4514.13	0.513364	0.847997	-0.13175	15.574168245	Atom	
1965.46	2051.59	-4517.69	0.4071	0.890779	-0.201949	15.4780216817	Atom	
1965.73	2052.19	-4517.83	0.408333	0.889851	-0.203543	15.4755815644	Atom	
1968.98	2059.28	-4519.45	0.40384	0.879913	-0.250332	15.447103126	Atom	
1974.57	2071.46	-4522.91	0.519617	0.847916	-0.105057	15.3974784659	Atom	
1980.34	2080.88	-4524.08	0.521618	0.845743	-0.112401	15.3575873401	Atom	
2011.69	2131.7	-4530.83	0.540778	0.834313	-0.107155	15.1412518735	Atom	
2020.39	2145.12	-4532.56	0.504192	0.852903	-0.135451	15.0827442238	Atom	
2022.58	2148.82	-4533.15	0.399316	0.905617	-0.142846	15.066878596	Atom	
2041.13	2190.9	-4539.78	0.573781	0.81893	0.01134	14.8971551118	Atom	
2058.98	2216.37	-4539.43	0.441475	0.833592	-0.331999	14.7825452796	Atom	
2061.74	2221.6	-4541.51	0.30391	0.913855	-0.269272	14.7593029883	Atom	
2063.69	2227.46	-4543.24	0.202343	0.975398	-0.0874974	14.7355043134	Atom	
2064.21	2229.93	-4543.46	0.0413573	0.986839	0.156328	14.7260778796	Atom	
2064.36	2233.62	-4542.88	0.032089	0.984044	0.175006	14.7121818674	Atom	
2064.96	2251.94	-4539.62	0.0633643	0.976596	0.205534	14.6429410293	Atom	
2064.96	2251.94	-4539.62	0.0166168	0.991402	0.129794	14.6429167329	Atom	
2065	2254.38	-4539.3	0.0234192	0.987684	0.154697	14.6337326208	Atom	
2065.42	2272.04	-4536.53	-0.19524	0.974493	0.110652	14.5669399205	Atom	
2061.62	2290.98	-4534.38	-0.275348	0.944485	0.179252	14.4940677831	Atom	
2061.5	2291.42	-4534.3	-0.168326	0.980242	0.10388	14.4923146555	Atom	
2056.18	2322.38	-4531.02	-0.167122	0.9744	0.150381	14.3734400355	Atom	
2054.47	2332.33	-4529.48	-0.26347	0.953005	0.149547	14.3347755482	Atom	
2053.45	2336.04	-4528.9	-0.287157	0.952215	0.104058	14.3200286521	Atom	
2053.42	2336.14	-4528.89	-0.245114	0.960427	0.132284	14.3196204173	Atom	
2050.04	2349.37	-4527.07	-0.283909	0.952294	0.111941	14.2672712974	Atom	
2049.86	2349.99	-4526.99	-0.258601	0.95819	0.122463	14.2648121979	Atom	
2049.38	2351.75	-4526.77	-0.25377	0.95557	0.149959	14.2578140796	Atom	
2048.91	2353.52	-4526.49	-0.230169	0.961801	0.148192	14.2507576013	Atom	
2047.39	2359.88	-4525.51	-0.230138	0.963872	0.134119	14.2255602896	Atom	
2046.83	2362.23	-4525.18	-0.206479	0.953036	0.22156	14.2162552846	Atom	
2043.96	2375.48	-4522.1	-0.116129	0.985259	0.125612	14.1631386456	Atom	
2043.27	2381.28	-4521.36	-0.101884	0.991152	0.0850729	14.1405751982	Atom	
2043.06	2383.32	-4521.19	-0.106392	0.992484	0.060461	14.1326830389	Atom	
2042.99	2384.03	-4521.15	-0.178677	0.93385	-0.309838	14.1299592319	Atom	
2042.93	2384.35	-4521.25	-0.21883	0.846938	-0.484571	14.1286261639	Atom	
2041.22	2390.96	-4525.03	-0.10155	0.827955	-0.551524	14.0987031279	Atom	
2038.54	2412.84	-4539.61	-0.0904668	0.826982	-0.554902	13.9971203208	Atom	
2037.74	2420.07	-4544.46	-0.11132	0.827692	-0.550031	13.9633111165	Atom	
2037.1	2424.83	-4547.62	-0.228165	0.973611	0.00465298	13.9410571549	Atom	
2035.08	2433.48	-4547.58	-0.249285	0.968076	-0.0261933	13.9066021891	Atom	
2032.46	2443.66	-4547.86	-0.257138	0.966373	-0.00188312	13.8657534852	Atom	
2031.74	2446.36	-4547.86	-0.266989	0.960619	-0.0769896	13.854866635	Atom	
2030.57	2450.56	-4548.2	-0.261019	0.958175	-0.117341	13.8378740443	Atom	
2028.79	2457.1	-4549	-0.378483	0.860504	-0.341003	13.8112420297	Atom	
2024.54	2466.76	-4552.83	-0.405703	0.849235	-0.337943	13.7674148681	Atom	
2024.3	2467.27	-4553.03	-0.43334	0.84736	-0.306915	13.7650585661	Atom	
2023.97	2467.9	-4553.26	-0.456692	0.817157	-0.351692	13.7621512281	Atom	
2020.7	2473.76	-4555.78	-0.456556	0.794771	-0.39987	13.7340678061	Atom	
2009.89	2492.58	-4565.25	-0.457073	0.792973	-0.402837	13.6412093962	Atom	
2009.11	2493.93	-4565.94	-0.43833	0.788652	-0.431154	13.6344854059	Atom	
2004.13	2502.89	-4570.83	-0.437627	0.785247	-0.43803	13.5897136052	Atom	
1993.02	2522.82	-4581.95	-0.430691	0.760063	-0.48663	13.4893588612	Atom	
1989.76	2528.59	-4585.64	-0.479776	0.721179	-0.499716	13.4592091318	Atom	
1984.31	2536.78	-4591.32	-0.4702	0.727421	-0.499771	13.4139874485	Atom	
1978.18	2546.26	-4597.83	-0.485248	0.719607	-0.496689	13.3619229702	Atom	
1967.96	2561.4	-4608.29	-0.619145	0.668108	-0.412664	13.2776562669	Atom	
1956.31	2573.98	-4616.05	-0.580886	0.711237	-0.395871	13.2019349567	Atom	
1955.39	2575.1	-4616.68	-0.559525	0.701168	-0.441923	13.1955444415	Atom	
1955.04	2575.55	-4616.96	-0.484478	0.781246	-0.393618	13.1929761548	Atom	
1941.85	2596.82	-4627.68	-0.478501	0.805697	-0.349125	13.0828612457	Atom	
1934.06	2609.92	-4633.35	-0.432227	0.834804	-0.341001	13.0166920493	Atom	
1929.99	2617.79	-4636.57	-0.315321	0.778643	-0.542482	12.9782115997	Atom	
1929.72	2618.45	-4637.03	-0.3853	0.815491	-0.431877	12.9747094746	Atom	
1925.32	2627.77	-4641.96	-0.388269	0.822107	-0.416398	12.9279483327	Atom	
1924.85	2628.76	-4642.47	-0.37862	0.847711	-0.371528	12.922993801	Atom	
1921.41	2636.47	-4645.85	-0.460428	0.803234	-0.377917	12.8856267736	Atom	
1920.84	2637.46	-4646.31	-0.445939	0.826961	-0.342452	12.8805416121	Atom	
1919.4	2640.13	-4647.42	-0.427833	0.824375	-0.370627	12.8672546449	Atom	
1918.71	2641.47	-4648.02	-0.443113	0.818602	-0.365435	12.8605763997	Atom	
1913.67	2650.77	-4652.17	-0.361029	0.844845	-0.394835	12.8137227329	Atom	
1904.51	2672.22	-4662.2	-0.316493	0.878189	-0.35863	12.7087596715	Atom	
1902.61	2677.5	-4664.35	-0.301034	0.86955	-0.391485	12.6837703003	Atom	
1900.76	2682.84	-4666.75	-0.316556	0.87114	-0.375377	12.658181154	Atom	
1896.94	2693.34	-4671.28	-0.254059	0.886489	-0.38677	12.6078766756	Atom	
1896.31	2695.53	-4672.23	-0.2971	0.810905	-0.504147	12.5975472858	Atom	
1892.33	2706.41	-4679	-0.229269	0.842016	-0.488307	12.54136168	Atom	
1888.99	2718.65	-4686.1	-0.228323	0.835962	-0.499035	12.4802394809	Atom	
1885.35	2732.01	-4694.07	-0.212893	0.765861	-0.60674	12.4128694321	Atom	
1880.55	2749.27	-4707.75	-0.1777	0.824143	-0.537784	12.3173869232	Atom	
1876.08	2770	-4721.28	-0.282947	0.77686	-0.562521	12.210246955	Atom	
1871.11	2783.65	-4731.16	-0.269453	0.781592	-0.562592	12.1349168313	Atom	
1870.25	2786.14	-4732.95	-0.275275	0.797321	-0.537124	12.1211706989	Atom	
1867.1	2795.27	-4739.1	-0.241184	0.811306	-0.532553	12.071816962	Atom	
1863.9	2806.03	-4746.16	-0.251969	0.78613	-0.564368	12.0144718537	Atom	
1858.36	2823.31	-4758.57	-0.36633	0.782772	-0.50306	11.9190488667	Atom	
1856.2	2827.91	-4761.53	-0.338796	0.806055	-0.485276	11.8933602558	Atom	
1854.49	2831.99	-4763.98	-0.314507	0.851897	-0.418757	11.8712229393	Atom	
1851.83	2839.19	-4767.52	-0.346014	0.860688	-0.373484	11.834220522	Atom	
1844.19	2858.19	-4775.77	-0.277807	0.8741	-0.398463	11.7372731523	Atom	
1839.54	2872.82	-4782.44	-0.282875	0.872207	-0.399045	11.6633472467	Atom	
1837.78	2878.25	-4784.92	-0.309231	0.850603	-0.425266	11.6356739558	Atom	
1836.58	2881.56	-4786.58	-0.331242	0.872001	-0.360406	11.618388047	Atom	
1834.61	2886.75	-4788.72	-0.318757	0.890684	-0.324154	11.5919003591	Atom	
1821.57	2923.19	-4801.98	-0.348586	0.882434	-0.315907	11.4094489097	Atom	
1817.59	2933.25	-4805.59	-0.299791	0.839551	-0.453078	11.3579600799	Atom	
1815.33	2939.59	-4809.01	-0.278713	0.827482	-0.487434	11.3237587401	Atom	
1815.22	2939.91	-4809.19	-0.178972	0.880444	-0.439076	11.3220228814	Atom	
1813.18	2949.97	-4814.21	-0.170295	0.862365	-0.476787	11.2701668362	Atom	
1809.43	2968.95	-4824.71	-0.134147	0.866083	-0.481565	11.1698617631	Atom	
1809.29	2969.82	-4825.19	-0.162003	0.861867	-0.480563	11.1652802235	Atom	
1808.81	2972.37	-4826.61	-0.665818	0.741478	-0.0830436	11.1517296559	Atom	
1802.46	2979.44	-4827.4	-0.869104	0.46606	-0.165668	11.1079216243	Atom	
1800.85	2980.31	-4827.71	-0.886711	0.450974	-0.101813	11.099359444	Atom	
1775.35	2993.27	-4830.64	-0.811502	0.544707	-0.211561	10.9668577399	Atom	
1768.72	2997.72	-4832.36	-0.806447	0.547405	-0.223588	10.9289021664	Atom	
1759.98	3003.65	-4834.79	-0.838499	0.470487	-0.274886	10.8783718159	Atom	
1758.58	3004.44	-4835.25	-0.818023	0.488062	-0.304357	10.8705477596	Atom	
1737.58	3016.97	-4843.06	-0.779042	0.451754	-0.434754	10.7503538698	Atom	
1727.25	3022.96	-4848.82	-0.847818	0.370757	-0.379135	10.687794948	Atom	
1726.87	3023.13	-4848.99	-0.827704	0.376717	-0.415921	10.6856800449	Atom	
1711.37	3030.18	-4856.78	-0.803089	0.452311	-0.387895	10.5968597011	Atom	
1706.29	3033.04	-4859.23	-0.781997	0.455107	-0.425861	10.5667205711	Atom	
1705.51	3033.49	-4859.66	-0.655902	0.482365	-0.580617	10.5619592806	Atom	
1705.5	3033.5	-4859.67	-0.844394	0.310769	-0.436372	10.5618909347	Atom	
1702.84	3034.48	-4861.05	-0.116976	0.738124	-0.664447	10.5467759533	Atom	
1701.5	3042.88	-4868.61	-0.0699663	0.829013	-0.554836	10.4922965541	Atom	
1700.93	3049.64	-4873.13	-0.0598537	0.814482	-0.577094	10.4530899365	Atom	
1700.66	3053.39	-4875.79	-0.0646051	0.8163	-0.574004	10.4308998706	Atom	
1700.13	3060.06	-4880.48	0.0976433	0.940553	-0.325308	10.391484108	Atom	
1700.28	3061.46	-4880.96	0.120352	0.946005	-0.300981	10.3842923897	Atom	
1703.43	3086.28	-4888.86	0.188853	0.896828	-0.400043	10.2571617686	Atom	
1704.15	3089.68	-4890.37	0.144712	0.913148	-0.381076	10.2386353853	Atom	
1704.88	3094.27	-4892.29	0.143734	0.953967	-0.263224	10.2140258841	Atom	
1705.56	3098.77	-4893.53	0.0952334	0.96239	-0.254434	10.1909217222	Atom	
1706.92	3112.52	-4897.17	0.0769093	0.974098	-0.212646	10.1207158728	Atom	
1706.93	3112.68	-4897.2	0.0870675	0.913369	0.397714	10.1199336706	Atom	
1707.93	3123.19	-4892.62	0.0961906	0.888079	0.449514	10.0631066733	Atom	
1708.13	3125.05	-4891.68	0.0572849	0.893756	0.44488	10.0527062101	Atom	
1710.48	3161.65	-4873.46	0.0222289	0.854885	0.518341	9.84946848637	Atom	
1710.59	3165.78	-4870.96	-0.0063462	0.788259	0.615311	9.82512775485	Atom	
1710.51	3174.52	-4864.13	-0.00927639	0.779789	0.625973	9.76913462568	Atom	
1710.47	3178.28	-4861.12	-0.00557517	0.790366	0.612609	9.74472366911	Atom	
1710.44	3182.51	-4857.84	-0.435333	0.39283	-0.810043	9.71752562298	Atom	
1709.65	3183.23	-4859.32	-0.588951	0.201618	-0.782616	9.70823404821	Atom	
1708.25	3183.71	-4861.17	-0.55057	0.230238	-0.802411	9.69614334192	Atom	
1707.23	3184.13	-4862.66	-0.443142	0.101785	-0.890654	9.68669150619	Atom	
1704.12	3184.85	-4868.9	-0.419656	0.169294	-0.891756	9.65093556186	Atom	
1698.07	3187.29	-4881.77	-0.359568	0.325077	-0.874663	9.57715185656	Atom	
1692.11	3192.68	-4896.27	-0.371762	0.307216	-0.87602	9.49185829883	Atom	
1691.1	3193.51	-4898.65	-0.352922	0.36939	-0.859649	9.47778095474	Atom	
1690.94	3193.68	-4899.04	-0.319613	0.512501	-0.796988	9.47541487387	Atom	
1688.88	3196.97	-4904.15	-0.276704	0.526815	-0.80368	9.44212947181	Atom	
1688.87	3196.99	-4904.18	-0.238193	0.539912	-0.807316	9.44193427375	Atom	
1684.27	3207.42	-4919.78	-0.312131	0.620568	-0.719354	9.34151790596	Atom	
1679.58	3216.74	-4930.58	-0.379457	0.553666	-0.74126	9.26276462785	Atom	
1678.41	3218.45	-4932.87	-0.373499	0.559589	-0.739837	9.24648351567	Atom	
1674.78	3223.89	-4940.07	-0.381148	0.542462	-0.74864	9.19512892193	Atom	
1670.93	3229.37	-4947.63	-0.521072	0.490271	-0.698655	9.14155515901	Atom	
1669.17	3231.03	-4949.99	-0.570062	0.434628	-0.697229	9.1235444787	Atom	
1666.83	3232.81	-4952.85	-0.525033	0.437392	-0.730088	9.10170245063	Atom	
1666.53	3233.06	-4953.27	-0.533711	0.554299	-0.638675	9.09861092195	Atom	
1666.3	3233.3	-4953.54	-0.105622	0.903144	-0.416142	9.09632175464	Atom	
1666.17	3234.47	-4954.08	-0.0486995	0.908678	-0.414647	9.08941330276	Atom	
1665.48	3247.16	-4959.87	-0.0569368	0.911566	-0.407193	9.01471681784	Atom	
1665.3	3250.07	-4961.17	0.0583121	0.798092	-0.599708	8.99751075403	Atom	
1665.36	3250.85	-4961.76	0.063174	0.820462	-0.5682	8.99223217762	Atom	
1665.57	3253.61	-4963.67	-0.172649	0.772959	-0.610513	8.97409113663	Atom	
1664.65	3257.76	-4966.95	-0.376097	0.754528	-0.537809	8.94511943786	Atom	
1659.92	3267.23	-4973.7	-0.339219	0.799657	-0.495458	8.8771809564	Atom	
1651.99	3285.95	-4985.3	-0.40027	0.807373	-0.433511	8.7497905017	Atom	
1650.82	3288.3	-4986.56	-0.409481	0.787075	-0.461345	8.73377447465	Atom	
1649.02	3291.76	-4988.59	-0.506256	0.700256	-0.503335	8.70955066289	Atom	
1648.13	3292.99	-4989.47	-0.589838	0.701816	-0.399432	8.6998590252	Atom	
1647.94	3293.22	-4989.6	-0.334493	0.61322	-0.715594	8.69804650837	Atom	
1643.08	3302.13	-5000	-0.334493	0.61322	-0.715594	8.61777702285	Region	
"-----------------------------------------------------------------"
"Trajectory"	181

"NbCollisions"	349
"Zmax"	0
"Display"	256

"Collisions"

"X"	"Y"	"Z"	"Rx"	"Ry"	"Rz"	"Energy"	"CollisionType"	
-0.165306	0.102875	-5000	6.39763e-007	4.40396e-006	1	30	Region	
-0.165273	0.103102	-4948.37	0.138681	-0.0390498	0.989567	29.890077621	Atom	
6.41916	-1.75095	-4901.39	0.138095	-0.0370106	0.989727	29.7886932783	Atom	
9.63588	-2.61305	-4878.33	0.115133	0.00467303	0.993339	29.7388184697	Atom	
10.0598	-2.59585	-4874.68	0.1067	0.0112085	0.994228	29.730924269	Atom	
11.7685	-2.41635	-4858.75	-0.0675037	0.144352	0.987221	29.696582139	Atom	
11.3325	-1.48398	-4852.38	0.00240689	0.198019	0.980195	29.6827182849	Atom	
11.3402	-0.851334	-4849.25	0.139913	0.0951195	0.985584	29.6758580686	Atom	
14.8323	1.52272	-4824.65	0.155798	0.0830112	0.984295	29.6222559495	Atom	
18.6707	3.56788	-4800.4	0.144196	0.0527611	0.988142	29.5692675448	Atom	
19.8584	4.00245	-4792.26	0.0956428	0.0751228	0.992577	29.551527684	Atom	
22.6279	6.1778	-4763.52	0.344268	0.264839	0.900744	29.4891290523	Atom	
25.0089	8.00943	-4757.29	0.350613	0.279805	0.893745	29.4742009923	Atom	
30.4254	12.332	-4743.48	0.38077	0.235353	0.894216	29.4408418512	Atom	
30.7114	12.5088	-4742.81	0.398017	0.193126	0.896819	29.4392181492	Atom	
35.2721	14.7218	-4732.53	0.274958	0.206904	0.93893	29.4144518539	Atom	
36.4792	15.6301	-4728.41	0.289651	0.208894	0.934059	29.404956613	Atom	
37.1239	16.0951	-4726.33	0.316425	0.234566	0.919159	29.4001411894	Atom	
39.7723	18.0583	-4718.64	0.366692	0.201877	0.908175	29.3820315197	Atom	
39.9785	18.1718	-4718.13	0.538172	0.620274	0.570642	29.3808145462	Atom	
40.3752	18.6291	-4717.71	0.296909	0.568833	0.76699	29.379218631	Atom	
42.9243	23.5128	-4711.12	0.115946	0.614162	0.780616	29.3606315932	Atom	
44.4271	31.4729	-4701	0.181674	0.646693	0.740799	29.3325583397	Atom	
45.9324	36.8313	-4694.86	0.329046	0.587899	0.738988	29.3145972599	Atom	
49.7368	43.6285	-4686.32	0.2988	0.604184	0.738701	29.2895228997	Atom	
72.443	89.5411	-4630.19	0.315983	0.57483	0.754801	29.1246064012	Atom	
77.0576	97.936	-4619.16	0.320141	0.611557	0.723538	29.0927693252	Atom	
77.2445	98.2931	-4618.74	0.343891	0.620186	0.70506	29.0914955256	Atom	
77.5553	98.8536	-4618.1	0.403784	0.644128	0.64966	29.0895235274	Atom	
78.7931	100.828	-4616.11	0.427036	0.645341	0.633384	29.0828342632	Atom	
83.0789	107.305	-4609.76	0.380878	0.656764	0.65084	29.0609308302	Atom	
109.961	153.659	-4563.82	0.423576	0.661938	0.618403	28.9067980246	Atom	
131.453	187.245	-4532.44	0.378278	0.380953	0.843671	28.7955221987	Atom	
133.451	189.257	-4527.99	0.375737	0.389553	0.840875	28.7839050722	Atom	
149.758	206.164	-4491.49	0.402201	0.401831	0.822658	28.6883982465	Atom	
150.3	206.706	-4490.38	0.387059	0.472994	0.791494	28.6854244441	Atom	
150.581	207.049	-4489.81	0.338622	0.491289	0.802477	28.68382545	Atom	
154.329	212.486	-4480.93	0.350153	0.549619	0.758493	28.6594017188	Atom	
159.805	221.082	-4469.06	0.321685	0.56695	0.758344	28.6248672098	Atom	
176.087	249.779	-4430.68	0.557181	0.499763	0.663163	28.512992027	Atom	
200.352	271.543	-4401.8	0.544637	0.574114	0.611362	28.4164368051	Atom	
211.544	283.341	-4389.24	0.557343	0.563087	0.610165	28.3707515309	Atom	
216.554	288.403	-4383.75	0.592632	0.539406	0.598188	28.3507403649	Atom	
218.184	289.886	-4382.11	0.604741	0.510205	0.611539	28.3446157867	Atom	
219.667	291.137	-4380.61	0.606617	0.515647	0.605082	28.3391532903	Atom	
235.349	304.467	-4364.96	0.654526	0.417581	0.630255	28.2815552333	Atom	
243.321	309.554	-4357.29	0.63874	0.416257	0.647102	28.2543732157	Atom	
248.542	312.956	-4352	0.618403	0.435987	0.653829	28.2361186838	Atom	
259.57	320.731	-4340.34	0.709699	0.379243	0.593718	28.1962701226	Atom	
262.538	322.317	-4337.86	0.858863	0.230901	0.457207	28.1869156048	Atom	
268.188	323.836	-4334.85	0.867462	0.151424	0.473898	28.172196426	Atom	
294.63	328.452	-4320.4	0.878258	0.0678587	0.473348	28.1039613898	Atom	
301.581	328.989	-4316.66	0.907246	0.0153485	0.42032	28.0862116947	Atom	
332.382	329.51	-4302.39	0.967548	-0.0135197	0.252326	28.0100275342	Atom	
363.566	329.074	-4294.25	0.92067	-0.0990013	0.377578	27.9375484615	Atom	
368.445	328.55	-4292.25	0.816132	-0.324469	0.478171	27.9256080943	Atom	
376.524	325.337	-4287.52	0.82295	-0.271274	0.499163	27.9032915778	Atom	
392.863	319.951	-4277.61	0.791377	-0.340143	0.507962	27.8585074078	Atom	
393.965	319.478	-4276.9	0.821304	-0.284814	0.494309	27.8553637784	Atom	
421.995	309.758	-4260.03	0.825828	-0.283229	0.487637	27.7782755963	Atom	
425.536	308.543	-4257.94	0.816865	-0.27393	0.507635	27.7685681621	Atom	
428.172	307.659	-4256.3	0.817747	-0.26656	0.510132	27.7612609298	Atom	
438.998	304.13	-4249.55	0.775639	-0.284304	0.563521	27.7312765241	Atom	
487.474	286.362	-4214.33	0.769537	-0.288159	0.569892	27.5896077129	Atom	
494.241	283.828	-4209.32	0.731037	-0.284532	0.620182	27.5695941338	Atom	
544.15	264.402	-4166.98	0.732676	-0.29391	0.613842	27.4141143803	Atom	
557.001	259.247	-4156.21	0.746832	-0.291712	0.597616	27.373989185	Atom	
579.185	250.582	-4138.46	0.747632	-0.299945	0.592519	27.3059600963	Atom	
600.348	242.091	-4121.69	0.591956	-0.177189	0.786252	27.2409996741	Atom	
611.524	238.746	-4106.84	0.575001	-0.188108	0.796235	27.1975936496	Atom	
632.314	231.945	-4078.05	0.615474	-0.219314	0.757029	27.1143581909	Atom	
635.813	230.698	-4073.75	0.480148	-0.239664	0.843812	27.1012410058	Atom	
636.927	230.142	-4071.79	0.47621	-0.224328	0.850236	27.0958828416	Atom	
640.985	228.231	-4064.55	0.471627	-0.199373	0.858963	27.0762081468	Atom	
644.96	226.55	-4057.31	0.382471	0.0607754	0.921967	27.0567375242	Atom	
645.818	226.687	-4055.24	0.375023	0.0433263	0.926003	27.0515498699	Atom	
646.892	226.811	-4052.59	0.342754	-0.0044258	0.939415	27.044926777	Atom	
649.576	226.776	-4045.23	0.294808	0.0171716	0.955402	27.0268172775	Atom	
658.366	227.288	-4016.75	0.306547	-0.0107169	0.951795	26.9578398886	Atom	
660.297	227.221	-4010.75	0.29711	-0.0510733	0.953476	26.9432312779	Atom	
660.876	227.121	-4008.89	0.247899	-0.0603795	0.966903	26.9387127584	Atom	
669.441	225.035	-3975.49	0.235179	-0.0450624	0.970907	26.858572712	Atom	
671.294	224.68	-3967.84	0.216929	-0.111197	0.969833	26.8402509598	Atom	
672.359	224.134	-3963.08	0.217702	-0.109683	0.969833	26.8288315418	Atom	
682.848	218.849	-3916.35	0.226854	-0.114765	0.967144	26.7167010716	Atom	
683.787	218.374	-3912.34	0.420957	-0.258788	0.869381	26.7070380466	Atom	
689.516	214.853	-3900.51	0.427508	-0.263914	0.864631	26.6752547343	Atom	
691.767	213.463	-3895.96	0.427342	-0.233211	0.873494	26.6629407449	Atom	
696.838	210.696	-3885.59	0.42979	-0.262083	0.864056	26.6351927087	Atom	
698.905	209.435	-3881.44	0.4621	-0.219305	0.859284	26.6239350934	Atom	
705.936	206.098	-3868.36	0.430418	-0.238879	0.870447	26.5883087665	Atom	
721.091	197.687	-3837.72	0.45246	-0.26584	0.85124	26.5057819936	Atom	
741.103	185.93	-3800.07	0.474755	-0.258215	0.841387	26.4018592175	Atom	
748.761	181.764	-3786.49	0.488579	-0.278794	0.82678	26.3638385498	Atom	
765.09	172.447	-3758.86	0.491388	-0.212413	0.844641	26.2849759587	Atom	
773.042	169.009	-3745.19	0.450645	-0.362237	0.815907	26.2466961886	Atom	
778.009	165.017	-3736.2	0.450915	-0.36717	0.813549	26.2205951854	Atom	
778.592	164.542	-3735.15	0.495348	-0.310673	0.811241	26.2175326081	Atom	
779.178	164.174	-3734.19	0.504439	-0.207164	0.838227	26.2147261307	Atom	
786.016	161.366	-3722.83	0.493629	-0.190143	0.848632	26.1825966101	Atom	
823.255	147.022	-3658.81	0.515255	-0.194875	0.834587	26.0036055862	Atom	
831.073	144.065	-3646.14	0.518388	-0.17109	0.837856	25.9674097195	Atom	
865.447	132.72	-3590.59	0.529849	-0.122205	0.839241	25.8090494446	Atom	
870.462	131.564	-3582.64	0.449499	0.00697019	0.893254	25.7863354111	Atom	
879.507	131.704	-3564.67	0.46711	0.00681975	0.884173	25.7380115528	Atom	
884.037	131.77	-3556.09	0.479922	-0.00640707	0.877288	25.7146848179	Atom	
894.512	131.63	-3536.94	0.487844	-0.030392	0.872402	25.6621508117	Atom	
898.323	131.393	-3530.13	0.511761	-0.0257216	0.858743	25.6433198825	Atom	
901.354	131.24	-3525.04	0.495733	-0.0148218	0.868348	25.6290324031	Atom	
910.571	130.965	-3508.9	0.411436	-0.00430067	0.911429	25.5841694805	Atom	
913.19	130.938	-3503.1	0.405059	-0.0251959	0.913943	25.5687821495	Atom	
930.462	129.863	-3464.12	0.39838	-0.0248241	0.916884	25.4656911498	Atom	
938.187	129.382	-3446.35	0.430833	-0.0259806	0.902058	25.418662598	Atom	
958.567	128.153	-3403.67	0.421928	-0.035188	0.905946	25.3037589953	Atom	
960.158	128.02	-3400.26	0.281081	-0.215062	0.935276	25.2945708834	Atom	
961.291	127.153	-3396.49	0.289825	-0.196624	0.936665	25.2847415428	Atom	
961.781	126.821	-3394.9	0.296849	-0.195671	0.934662	25.280615435	Atom	
979.222	115.324	-3339.99	0.299333	-0.19424	0.934168	25.1372873057	Atom	
992.967	106.405	-3297.1	0.3054	-0.182653	0.934542	25.0247678926	Atom	
993.534	106.066	-3295.36	-0.450335	-0.0861631	-0.888692	25.0202027301	Atom	
985.924	104.61	-3310.38	-0.483185	-0.0524626	-0.873945	24.9786428961	Atom	
975.674	103.497	-3328.92	-0.475563	-0.0743684	-0.876532	24.9263993246	Atom	
963.608	101.61	-3351.16	-0.479516	-0.0573073	-0.87566	24.863807678	Atom	
955.885	100.687	-3365.26	-0.444585	-0.0506282	-0.894305	24.8239999157	Atom	
954.041	100.477	-3368.97	-0.438753	-0.0404424	-0.897697	24.8137323686	Atom	
953.484	100.426	-3370.11	-0.41748	-0.0114186	-0.908614	24.8105930657	Atom	
951.919	100.383	-3373.51	-0.682267	-0.113125	-0.722298	24.8013111091	Atom	
946.877	99.5473	-3378.85	-0.706441	-0.102178	-0.700358	24.783006688	Atom	
937.146	98.1399	-3388.5	-0.763909	-0.0671519	-0.641821	24.7488727284	Atom	
936.825	98.1116	-3388.77	-0.775122	-0.100551	-0.623759	24.7478292743	Atom	
903.893	93.8396	-3415.27	-0.782484	-0.139113	-0.606932	24.6424249062	Atom	
902.027	93.5079	-3416.72	-0.700242	-0.266318	-0.662371	24.6364889281	Atom	
896.48	91.398	-3421.96	-0.684321	-0.289218	-0.669371	24.616763758	Atom	
889.927	88.6287	-3428.37	-0.689973	-0.281236	-0.666966	24.5929088104	Atom	
884.715	86.5042	-3433.41	-0.689014	-0.273168	-0.671296	24.5740736231	Atom	
833.128	66.0518	-3483.67	-0.734218	-0.240872	-0.634748	24.3872861987	Atom	
821.134	62.117	-3494.04	-0.73884	-0.233497	-0.632135	24.3462862739	Atom	
815.908	60.4654	-3498.51	-0.733985	-0.227994	-0.639754	24.3285096324	Atom	
802.135	56.1873	-3510.52	-0.732661	-0.173215	-0.658182	24.2813238491	Atom	
796.794	54.9246	-3515.32	-0.742826	-0.159224	-0.650275	24.2629645656	Atom	
760.153	47.0705	-3547.39	-0.750471	-0.156882	-0.642014	24.1386581197	Atom	
747.243	44.3718	-3558.44	-0.893131	-0.0234769	-0.449184	24.0951328105	Atom	
735.287	44.0576	-3564.45	-0.859031	-0.058191	-0.508605	24.0612124503	Atom	
697.655	41.5084	-3586.73	-0.868432	-0.0702282	-0.49081	23.9500867235	Atom	
677.067	39.8434	-3598.37	-0.854475	-0.0995444	-0.509866	23.8897281076	Atom	
672.114	39.2664	-3601.32	-0.901753	0.027716	-0.431362	23.874939437	Atom	
657.372	39.7195	-3608.37	-0.892482	0.0244378	-0.450421	23.8332149377	Atom	
643.823	40.0905	-3615.21	-0.896501	0.000219631	-0.443042	23.7944136875	Atom	
642.28	40.0909	-3615.97	-0.931976	-0.012301	-0.362311	23.7900081672	Atom	
605.575	39.6064	-3630.24	-0.935892	-0.10045	-0.337663	23.6892061853	Atom	
598.694	38.8679	-3632.73	-0.936569	-0.130046	-0.325464	23.6703248595	Atom	
585.784	37.0752	-3637.21	-0.935093	-0.107658	-0.337655	23.6349025977	Atom	
585.538	37.0469	-3637.3	-0.93388	-0.0914536	-0.345695	23.6342257913	Atom	
568.553	35.3836	-3643.59	-0.937802	-0.0293699	-0.345927	23.587432845	Atom	
552.525	34.8816	-3649.5	-0.926205	-0.0519249	-0.373428	23.54339365	Atom	
550.313	34.7576	-3650.39	-0.921249	-0.0742506	-0.381822	23.5372301479	Atom	
529.135	33.0507	-3659.17	-0.919401	-0.0714279	-0.386781	23.4778934698	Atom	
512.942	31.7927	-3665.98	-0.932991	-0.0533407	-0.355924	23.4323425148	Atom	
480.601	29.9437	-3678.32	-0.931868	-0.110836	-0.345452	23.3425540131	Atom	
466.025	28.21	-3683.72	-0.927973	-0.149621	-0.341292	23.3019147184	Atom	
453.003	26.1105	-3688.51	-0.915184	-0.158662	-0.370492	23.2654071139	Atom	
436.428	23.2369	-3695.22	-0.927523	-0.177752	-0.328795	23.2182285569	Atom	
427.782	21.58	-3698.29	-0.947386	-0.131014	-0.292053	23.1939088786	Atom	
413.775	19.6429	-3702.6	-0.956728	-0.0984011	-0.273842	23.1553006986	Atom	
398.749	18.0975	-3706.91	-0.937212	-0.10214	-0.333468	23.1142369534	Atom	
394.593	17.6445	-3708.38	-0.938217	-0.0269925	-0.344993	23.1026256591	Atom	
394.033	17.6284	-3708.59	-0.976371	-0.177152	-0.123763	23.1010641939	Atom	
383.174	15.6582	-3709.97	-0.976778	-0.0727467	-0.201524	23.0719305925	Atom	
378.038	15.2756	-3711.03	-0.9578	-0.0960632	-0.270908	23.058141944	Atom	
354.082	12.8729	-3717.8	-0.959057	-0.0814595	-0.271247	22.9925286888	Atom	
348.885	12.4316	-3719.27	-0.984175	-0.0840874	-0.155974	22.9782828108	Atom	
311.513	9.23849	-3725.19	-0.986255	-0.0867452	-0.140627	22.8783940304	Atom	
296.449	7.91354	-3727.34	-0.98458	-0.109891	-0.13611	22.8380773934	Atom	
253.079	3.0729	-3733.34	-0.977297	-0.139183	-0.159747	22.7216454696	Atom	
251.824	2.89427	-3733.54	-0.973329	-0.154634	-0.169465	22.7182393278	Atom	
246.402	2.03281	-3734.49	-0.990053	-0.0758115	-0.118519	22.7034529115	Atom	
244.017	1.85021	-3734.77	-0.950914	-0.306783	-0.0405921	22.6970568583	Atom	
238.127	-0.0500551	-3735.02	-0.880247	-0.474171	-0.018122	22.6806043478	Atom	
233.912	-2.32071	-3735.11	-0.89648	-0.442002	-0.0309623	22.6678777188	Atom	
230.061	-4.21954	-3735.24	-0.891269	-0.451332	-0.0440373	22.6564554426	Atom	
217.19	-10.7374	-3735.88	-0.888844	-0.450927	-0.0813738	22.6180433032	Atom	
207.953	-15.4235	-3736.73	-0.923371	-0.343434	-0.171578	22.5903646377	Atom	
192.468	-21.1826	-3739.6	-0.894977	-0.331571	-0.298456	22.5456577416	Atom	
190.502	-21.9111	-3740.26	-0.888271	-0.332493	-0.316896	22.5397914679	Atom	
179.47	-26.0407	-3744.19	-0.891842	-0.274448	-0.359578	22.5066210775	Atom	
139.929	-38.2086	-3760.14	-0.788007	-0.322544	-0.524414	22.3880755165	Atom	
120.043	-46.3481	-3773.37	-0.78031	-0.305986	-0.545425	22.320319772	Atom	
116.592	-47.7017	-3775.78	-0.812784	-0.35565	-0.461405	22.3084142417	Atom	
107.144	-51.8358	-3781.15	-0.788401	-0.357486	-0.500627	22.2771172183	Atom	
91.3795	-58.9838	-3791.16	-0.793002	-0.351652	-0.497483	22.2232209514	Atom	
75.8626	-65.8647	-3800.89	-0.797698	-0.342658	-0.496249	22.1703778986	Atom	
70.4983	-68.169	-3804.23	-0.791773	-0.349752	-0.500769	22.152183344	Atom	
54.5499	-75.2139	-3814.32	-0.774932	-0.399004	-0.490179	22.0976491338	Atom	
54.0235	-75.4849	-3814.65	-0.793927	-0.369401	-0.482932	22.0958065512	Atom	
53.7336	-75.6198	-3814.82	-0.790273	-0.373425	-0.485822	22.0948160637	Atom	
51.1029	-76.8629	-3816.44	-0.789844	-0.38062	-0.480911	22.0857852277	Atom	
39.6588	-82.3777	-3823.41	-0.810798	-0.336222	-0.479125	22.0464650546	Atom	
36.1406	-83.8366	-3825.49	-0.795771	-0.291117	-0.531036	22.0346729856	Atom	
27.8098	-86.8843	-3831.05	-0.559443	-0.489773	-0.66869	22.0062109892	Atom	
20.6779	-93.128	-3839.57	-0.558061	-0.49288	-0.66756	21.9715170578	Atom	
18.7697	-94.8134	-3841.86	-0.552646	-0.483583	-0.678772	21.9621994765	Atom	
11.3602	-101.297	-3850.96	-0.667493	-0.349175	-0.65767	21.9256542142	Atom	
-3.13793	-108.881	-3865.24	-0.666263	-0.352874	-0.656943	21.8663721515	Atom	
-12.3503	-113.76	-3874.32	-0.62831	-0.399493	-0.667557	21.8285533866	Atom	
-23.5171	-120.86	-3886.19	-0.651713	-0.353386	-0.67111	21.7798759588	Atom	
-27.3269	-122.926	-3890.11	-0.574416	-0.418958	-0.703222	21.763836764	Atom	
-28.0637	-123.464	-3891.01	-0.605729	-0.223874	-0.763526	21.7603154753	Atom	
-30.0797	-124.209	-3893.55	-0.644803	-0.251831	-0.721672	21.7511775781	Atom	
-34.7641	-126.038	-3898.8	-0.636625	-0.24743	-0.730402	21.7312242421	Atom	
-37.5094	-127.105	-3901.95	-0.591455	-0.149796	-0.792302	21.7193721409	Atom	
-47.7304	-129.694	-3915.64	-0.633832	-0.202105	-0.7466	21.6718546359	Atom	
-57.854	-132.922	-3927.56	-0.29689	0.212582	-0.930948	21.6278608302	Atom	
-61.5701	-130.261	-3939.22	-0.290167	0.190893	-0.937744	21.5933290539	Atom	
-65.8225	-127.463	-3952.96	-0.285744	0.179803	-0.941287	21.5528483437	Atom	
-66.446	-127.071	-3955.01	-0.286127	0.128078	-0.949593	21.5468122716	Atom	
-67.5639	-126.571	-3958.72	-0.284836	0.140804	-0.948178	21.5360020003	Atom	
-67.5996	-126.553	-3958.84	-0.185786	0.165019	-0.968634	21.5356550379	Atom	
-70.455	-124.017	-3973.73	-0.0776709	-0.0807127	-0.993707	21.4931110053	Atom	
-72.1916	-125.821	-3995.95	-0.109569	-0.215397	-0.97036	21.4311255387	Atom	
-72.3805	-126.193	-3997.62	-0.103258	-0.232447	-0.967112	21.4263347698	Atom	
-74.5212	-131.012	-4017.67	-0.193249	-0.227421	-0.954429	21.3687172771	Atom	
-76.1445	-132.922	-4025.69	-0.281923	-0.207047	-0.93683	21.3453225748	Atom	
-87.1182	-140.981	-4062.15	-0.367736	-0.132494	-0.920443	21.2368235192	Atom	
-104.518	-147.251	-4105.7	-0.325112	-0.151361	-0.933484	21.1044055425	Atom	
-104.755	-147.361	-4106.39	-0.331804	-0.196294	-0.9227	21.1023529719	Atom	
-109.179	-149.978	-4118.69	-0.337153	-0.191472	-0.921774	21.0648562403	Atom	
-114.097	-152.771	-4132.13	-0.374243	-0.223432	-0.900011	21.0237700669	Atom	
-127.269	-160.635	-4163.81	-0.367279	-0.193958	-0.909663	20.9244883746	Atom	
-134.436	-164.42	-4181.56	-0.368132	-0.194957	-0.909104	20.8692397058	Atom	
-135.932	-165.212	-4185.26	-0.371066	-0.181106	-0.910775	20.8577105283	Atom	
-140.371	-167.379	-4196.15	-0.378482	-0.19751	-0.90429	20.8237554683	Atom	
-149.13	-171.95	-4217.08	-0.438299	-0.278858	-0.854478	20.7579856443	Atom	
-159.225	-178.373	-4236.76	-0.468855	-0.22635	-0.85378	20.6923616647	Atom	
-165.254	-181.283	-4247.74	-0.481994	-0.225651	-0.846619	20.6556387228	Atom	
-172.223	-184.546	-4259.98	-0.466261	-0.211193	-0.859068	20.6142818112	Atom	
-179.757	-187.958	-4273.86	-0.483745	-0.27314	-0.831496	20.567997868	Atom	
-183.315	-189.967	-4279.98	-0.475187	-0.213888	-0.853493	20.5468932104	Atom	
-192.77	-194.223	-4296.96	-0.43021	-0.236715	-0.87114	20.4897480912	Atom	
-200.686	-198.579	-4312.99	-0.447621	-0.222346	-0.86614	20.4367869391	Atom	
-200.705	-198.588	-4313.02	-0.151038	-0.274566	-0.949632	20.4366640121	Atom	
-205.054	-206.495	-4340.37	-0.104684	-0.34132	-0.9341	20.3536124787	Atom	
-205.147	-206.797	-4341.2	-0.104473	-0.345642	-0.932533	20.3510485489	Atom	
-206.133	-210.058	-4350	-0.196461	-0.322812	-0.925849	20.323746607	Atom	
-209.343	-215.333	-4365.12	-0.224459	-0.252478	-0.941208	20.2764203923	Atom	
-209.464	-215.469	-4365.63	-0.214577	-0.198064	-0.956414	20.2748579329	Atom	
-211.541	-217.387	-4374.89	-0.232774	-0.186491	-0.954483	20.2467570983	Atom	
-212.231	-217.939	-4377.72	-0.206641	-0.177624	-0.962159	20.2381496307	Atom	
-212.843	-218.465	-4380.57	-0.132182	0.0368793	-0.990539	20.2295452055	Atom	
-213.765	-218.208	-4387.48	-0.196219	0.263262	-0.944559	20.2092702801	Atom	
-215.344	-216.089	-4395.08	-0.0902096	0.424544	-0.900902	20.1858492583	Atom	
-216.501	-210.644	-4406.63	-0.0938571	0.421141	-0.902126	20.1485037295	Atom	
-216.737	-209.586	-4408.9	-0.102726	0.427312	-0.898249	20.1411773701	Atom	
-218.768	-201.137	-4426.66	-0.620663	0.473523	-0.624943	20.083501974	Atom	
-223.778	-197.315	-4431.7	-0.679438	0.533256	-0.503986	20.0599020006	Atom	
-235.824	-187.861	-4440.64	-0.688441	0.52983	-0.495307	20.0080219916	Atom	
-241.513	-183.483	-4444.73	-0.656458	0.602304	-0.454194	19.983790149	Atom	
-252.658	-173.257	-4452.44	-0.751767	0.472123	-0.460376	19.9339607191	Atom	
-268.559	-163.271	-4462.18	-0.762974	0.460632	-0.45353	19.8717590777	Atom	
-272.993	-160.594	-4464.82	-0.860113	0.188884	-0.473845	19.8546256593	Atom	
-284.699	-158.023	-4471.27	-0.879968	0.243426	-0.407922	19.8144788271	Atom	
-288.182	-157.06	-4472.88	-0.867548	0.276724	-0.413262	19.8027840265	Atom	
-335.41	-141.995	-4495.38	-0.886108	0.283224	-0.366874	19.6418652618	Atom	
-352.629	-136.491	-4502.51	-0.883024	0.320716	-0.342653	19.5840567121	Atom	
-356.222	-135.187	-4503.9	-0.866538	0.338294	-0.366973	19.5719251797	Atom	
-357.442	-134.71	-4504.42	-0.86486	0.344973	-0.364707	19.5677240338	Atom	
-357.87	-134.539	-4504.6	-0.875527	0.343409	-0.339888	19.5662482067	Atom	
-357.985	-134.495	-4504.64	-0.877674	0.304742	-0.369892	19.5658585353	Atom	
-375.274	-128.491	-4511.93	-0.838506	0.312758	-0.446196	19.5070787525	Atom	
-376.07	-128.195	-4512.35	-0.82465	0.337188	-0.454154	19.5042408368	Atom	
-377.526	-127.599	-4513.16	-0.835204	0.298801	-0.461684	19.498959982	Atom	
-403.988	-118.132	-4527.78	-0.837993	0.335221	-0.430575	19.4041660928	Atom	
-411.756	-115.025	-4531.77	-0.837842	0.306678	-0.451629	19.3763257771	Atom	
-417.357	-112.975	-4534.79	-0.869145	0.215444	-0.445164	19.3562267587	Atom	
-423.799	-111.378	-4538.09	-0.866499	0.219814	-0.448176	19.3339250883	Atom	
-437.169	-107.986	-4545.01	-0.896832	0.143452	-0.418466	19.2874529367	Atom	
-461.116	-104.156	-4556.18	-0.89873	0.14306	-0.414509	19.2068834583	Atom	
-498.704	-98.1724	-4573.52	-0.896194	0.133221	-0.423189	19.080271141	Atom	
-519.171	-95.13	-4583.18	-0.905858	0.142228	-0.398989	19.0107787578	Atom	
-539.481	-91.9411	-4592.13	-0.890967	0.165856	-0.422694	18.9423585504	Atom	
-540.34	-91.7812	-4592.54	-0.853265	0.133772	-0.504027	18.9394093673	Atom	
-554.313	-89.5905	-4600.79	-0.85366	0.171694	-0.491717	18.8892870604	Atom	
-559.304	-88.5868	-4603.67	-0.849035	0.167821	-0.500975	18.8713583956	Atom	
-571.621	-86.1522	-4610.93	-0.798788	0.239053	-0.552079	18.8268341609	Atom	
-584.066	-82.4279	-4619.53	-0.845695	0.180227	-0.502313	18.7789305381	Atom	
-605.759	-77.8048	-4632.42	-0.859555	0.21783	-0.462292	18.6999008947	Atom	
-620.128	-74.1634	-4640.15	-0.856933	0.214894	-0.468493	18.6482286815	Atom	
-622.016	-73.6899	-4641.18	-0.821394	0.299575	-0.485352	18.6414036764	Atom	
-626.729	-71.9708	-4643.96	-0.825161	0.262198	-0.500361	18.6236231363	Atom	
-627.722	-71.6553	-4644.57	-0.78767	0.267788	-0.554856	18.6198918795	Atom	
-664.598	-59.1184	-4670.54	-0.794541	0.332823	-0.507871	18.4746961756	Atom	
-695.128	-46.3298	-4690.06	-0.798196	0.25538	-0.545586	18.3547989179	Atom	
-697.049	-45.7154	-4691.37	-0.796177	0.211205	-0.567005	18.347254429	Atom	
-703.123	-44.104	-4695.7	-0.621784	-0.0150855	-0.783044	18.3233190799	Atom	
-713.509	-44.356	-4708.78	-0.526883	0.0738043	-0.846728	18.2708657837	Atom	
-725.082	-42.7348	-4727.37	-0.528935	0.0462161	-0.847403	18.201732762	Atom	
-736.271	-41.7571	-4745.3	-0.509485	0.0493777	-0.859062	18.1349561044	Atom	
-740.023	-41.3936	-4751.63	-0.565267	0.143684	-0.812298	18.111647471	Atom	
-741.605	-40.9914	-4753.9	-0.604192	0.152314	-0.782146	18.1027768017	Atom	
-741.951	-40.9042	-4754.35	-0.520996	0.1792	-0.834536	18.1009632763	Atom	
-750.273	-38.0417	-4767.68	-0.5022	0.126279	-0.855482	18.0503216164	Atom	
-758.575	-35.9541	-4781.82	-0.427951	0.255388	-0.866969	17.9977985572	Atom	
-759.461	-35.4253	-4783.62	-0.592634	0.286996	-0.752608	17.9912039991	Atom	
-781.212	-24.892	-4811.24	-0.508135	0.413824	-0.755346	17.8742977642	Atom	
-788.591	-18.8823	-4822.21	-0.460228	0.320711	-0.82785	17.8278050588	Atom	
-804.022	-8.12936	-4849.96	-0.440618	0.283368	-0.851797	17.7202477739	Atom	
-805.208	-7.36672	-4852.26	-0.461118	0.409427	-0.787235	17.7115734967	Atom	
-809.589	-3.47695	-4859.73	-0.465444	0.416197	-0.781116	17.6809413629	Atom	
-812.495	-0.878323	-4864.61	-0.430789	0.469021	-0.771	17.6607828158	Atom	
-817.932	5.04188	-4874.34	-0.456498	0.430778	-0.778485	17.6199938241	Atom	
-819.579	6.59615	-4877.15	-0.450597	0.553984	-0.700046	17.6083136664	Atom	
-835.321	25.949	-4901.61	-0.342752	0.567406	-0.748713	17.4951654165	Atom	
-838.83	31.7593	-4909.27	-0.340358	0.560804	-0.754755	17.4618322966	Atom	
-844.83	41.6444	-4922.58	-0.192971	0.591258	-0.783055	17.4043699347	Atom	
-845.45	43.5432	-4925.09	-0.250329	0.621666	-0.742204	17.3938738283	Atom	
-846.904	47.1545	-4929.41	-0.359268	0.621098	-0.696537	17.3748791288	Atom	
-852.761	57.2812	-4940.76	-0.426448	0.606769	-0.6708	17.3215208354	Atom	
-857.119	63.4809	-4947.62	-0.439358	0.560216	-0.702227	17.2880030841	Atom	
-865.778	74.5219	-4961.46	-0.435574	0.580967	-0.68757	17.2232542186	Atom	
-866.6	75.6183	-4962.75	-0.45881	0.565625	-0.685246	17.217036431	Atom	
-873.568	84.2087	-4973.16	-0.342486	0.675021	-0.65349	17.1669811395	Atom	
-875.002	87.0357	-4975.9	-0.372379	0.667743	-0.644557	17.1531467707	Atom	
-882.715	100.866	-4989.25	-0.3767	0.593736	-0.711038	17.0846847594	Atom	
-888.412	109.845	-5000	-0.3767	0.593736	-0.711038	17.0345461324	Region	
"-----------------------------------------------------------------"
"Trajectory"	186

"NbCollisions"	324
"Zmax"	0
"Display"	256

"Collisions"

"X"	"Y"	"Z"	"Rx"	"Ry"	"Rz"	"Energy"	"CollisionType"	
0.0603533	-0.0645488	-5000	1.33573e-006	-2.51577e-007	1	30	Region	
0.0603763	-0.0645531	-4982.84	0.115644	0.26165	0.95821	29.9634543813	Atom	
1.14472	2.38882	-4973.85	0.12624	0.265649	0.955769	29.9434713655	Atom	
5.08429	10.6789	-4944.02	0.137262	0.272472	0.952322	29.8769285602	Atom	
8.11404	16.6931	-4923	0.117968	0.286895	0.950671	29.829779247	Atom	
12.9548	28.4657	-4883.99	0.144342	0.287795	0.946752	29.742014948	Atom	
13.1735	28.9017	-4882.56	0.161219	0.310762	0.936715	29.7387675147	Atom	
14.6415	31.7315	-4874.03	0.167522	0.29867	0.939539	29.7192437851	Atom	
18.2546	38.173	-4853.77	0.158538	0.284745	0.945402	29.6729788264	Atom	
18.6357	38.8577	-4851.49	0.16912	0.288126	0.94254	29.6678146502	Atom	
20.4107	41.8816	-4841.6	0.0968203	0.252018	0.962867	29.6452698211	Atom	
22.7944	48.0862	-4817.9	0.105471	0.276348	0.955253	29.5923524716	Atom	
23.2773	49.3516	-4813.52	0.132013	0.309354	0.941739	29.5824965901	Atom	
33.1056	72.3829	-4743.41	0.110478	0.33906	0.934255	29.4222032355	Atom	
34.6502	77.1231	-4730.35	-0.0169786	0.325621	0.945348	29.3919719153	Atom	
34.6282	77.544	-4729.13	-0.295536	0.380112	0.876455	29.3891741725	Atom	
18.5955	98.1649	-4681.58	-0.277765	0.422895	0.862558	29.2717600305	Atom	
14.2237	104.821	-4668	-0.29896	0.423405	0.855191	29.2375861496	Atom	
12.7449	106.915	-4663.77	-0.693553	0.2042	0.690859	29.2268362419	Atom	
-21.7278	117.065	-4629.43	-0.711599	0.191168	0.676078	29.1187831091	Atom	
-23.4251	117.521	-4627.82	-0.715827	0.201517	0.668568	29.1135824964	Atom	
-38.3033	121.709	-4613.92	-0.898318	0.0869926	0.430647	29.0682585521	Atom	
-70.6035	124.837	-4598.44	-0.903489	0.171805	0.392671	28.989752503	Atom	
-77.144	126.081	-4595.6	-0.911854	0.134212	0.387956	28.9739127165	Atom	
-97.6523	129.1	-4586.87	-0.892345	0.217379	0.395558	28.9246793862	Atom	
-107.217	131.43	-4582.63	-0.892408	0.222449	0.392586	28.9011846068	Atom	
-108.142	131.66	-4582.23	-0.895428	0.212815	0.391048	28.8989108202	Atom	
-116.199	133.575	-4578.71	-0.897594	0.224644	0.37929	28.8791731383	Atom	
-138.277	139.101	-4569.38	-0.888028	0.26665	0.374571	28.8251894511	Atom	
-151.287	143.007	-4563.89	-0.86856	0.325591	0.373624	28.7929866069	Atom	
-189.568	157.357	-4547.42	-0.853538	0.357041	0.379467	28.6960247294	Atom	
-217.054	168.855	-4535.2	-0.884612	0.330427	0.329058	28.6249875176	Atom	
-230.574	173.905	-4530.17	-0.922133	0.285883	0.260656	28.591206838	Atom	
-250.867	180.196	-4524.44	-0.920204	0.288269	0.264811	28.5425205115	Atom	
-270.216	186.258	-4518.87	-0.912759	0.274611	0.302423	28.4959389408	Atom	
-289.211	191.972	-4512.58	-0.961782	0.0521909	0.268796	28.4497754799	Atom	
-300.661	192.594	-4509.38	-0.960884	0.0668952	0.268751	28.4233327763	Atom	
-323.186	194.162	-4503.08	-0.952429	0.104738	0.286198	28.3712262905	Atom	
-332.847	195.224	-4500.17	-0.947398	0.162667	0.275637	28.3486466417	Atom	
-366.96	201.081	-4490.25	-0.9519	0.152223	0.265923	28.2684453227	Atom	
-370.275	201.612	-4489.32	-0.967376	0.143441	0.208827	28.2606695921	Atom	
-375.183	202.339	-4488.26	-0.973995	0.0934254	0.206412	28.2493411858	Atom	
-395.202	204.26	-4484.02	-0.970987	0.0918438	0.220793	28.203432299	Atom	
-397.703	204.496	-4483.45	-0.988014	0.107512	0.110769	28.1976714826	Atom	
-410.251	205.862	-4482.04	-0.995523	0.0123094	0.0937184	28.1692613662	Atom	
-411.631	205.879	-4481.91	-0.985865	-0.0600619	0.156404	28.1661580816	Atom	
-419.057	205.426	-4480.74	-0.989377	-0.0887891	0.115105	28.1492940129	Atom	
-432.977	204.177	-4479.12	-0.977589	-0.169325	0.125092	28.1177792934	Atom	
-440.637	202.85	-4478.14	-0.958269	-0.211186	0.192667	28.1002128515	Atom	
-494.797	190.914	-4467.25	-0.982896	-0.183328	0.0175129	27.9734368638	Atom	
-521.044	186.019	-4466.78	-0.98163	-0.180992	0.0603662	27.9133206236	Atom	
-560.063	178.825	-4464.38	-0.984167	-0.164472	0.0660676	27.8236868437	Atom	
-577.175	175.965	-4463.23	-0.992048	-0.120954	0.0348097	27.7843756226	Atom	
-619.109	170.852	-4461.76	-0.999642	-0.024681	-0.0103051	27.6887057486	Atom	
-625.629	170.691	-4461.83	-0.99998	0.00517387	0.00358992	27.6739019108	Atom	
-627.953	170.703	-4461.82	-0.998933	0.0351108	0.0300013	27.6686257049	Atom	
-637.635	171.043	-4461.53	-0.997006	0.0748338	-0.019447	27.646614262	Atom	
-678.369	174.101	-4462.32	-0.998055	0.059877	0.0173413	27.5537774319	Atom	
-687.324	174.638	-4462.17	-0.998613	0.0522679	0.00636151	27.533334646	Atom	
-703.677	175.494	-4462.06	-0.99803	0.058759	0.0219871	27.4960002209	Atom	
-713.266	176.059	-4461.85	-0.996325	0.0767982	0.0379325	27.4740749272	Atom	
-727.531	177.158	-4461.31	-0.982814	0.184523	0.00522412	27.4413772234	Atom	
-756.99	182.689	-4461.15	-0.98141	0.191027	0.018539	27.3728622268	Atom	
-763.431	183.943	-4461.03	-0.96955	0.193097	0.150622	27.3578314572	Atom	
-767.881	184.829	-4460.34	-0.967373	0.195558	0.161081	27.347314545	Atom	
-779.489	187.176	-4458.41	-0.968498	0.214923	0.125774	27.3198100271	Atom	
-797.44	191.159	-4456.08	-0.966836	0.21533	0.137336	27.2772926874	Atom	
-827.682	197.895	-4451.78	-0.975967	0.187065	0.111784	27.2054517301	Atom	
-843.055	200.841	-4450.02	-0.978807	0.141993	0.147563	27.1691999129	Atom	
-856.65	202.813	-4447.97	-0.978922	0.0539816	0.196972	27.1371984421	Atom	
-866.262	203.343	-4446.04	-0.973947	0.0584472	0.219116	27.1145553792	Atom	
-871.973	203.686	-4444.75	-0.970714	0.0558561	0.233656	27.1010219882	Atom	
-888.021	204.61	-4440.89	-0.97081	0.100287	0.217876	27.0628565703	Atom	
-894.854	205.315	-4439.35	-0.965404	0.062059	0.253264	27.0465895552	Atom	
-895.852	205.38	-4439.09	-0.95348	0.0431953	0.298346	27.0441988865	Atom	
-909.795	206.011	-4434.73	-0.945605	0.0201822	0.324691	27.0103837374	Atom	
-916.753	206.16	-4432.34	-0.957188	0.00482932	0.289428	26.9933506301	Atom	
-916.817	206.16	-4432.32	-0.95769	0.013447	0.287488	26.9931959301	Atom	
-923.009	206.247	-4430.46	-0.941687	0.0217645	0.335786	26.9782230059	Atom	
-951.217	206.899	-4420.4	-0.946807	-0.00477424	0.321767	26.9088180296	Atom	
-963.67	206.836	-4416.17	-0.951072	-0.0246469	0.307984	26.878282167	Atom	
-976.433	206.505	-4412.04	-0.945384	-0.0569233	0.32095	26.8470984261	Atom	
-1012.4	204.339	-4399.83	-0.815054	-0.104039	0.569968	26.758597215	Atom	
-1027.49	202.414	-4389.28	-0.81512	-0.00600985	0.579261	26.7154268087	Atom	
-1050.15	202.247	-4373.18	-0.81906	-0.125246	0.55987	26.6505338929	Atom	
-1050.82	202.144	-4372.72	-0.813852	-0.121344	0.568261	26.6486131488	Atom	
-1062.33	200.427	-4364.68	-0.837654	-0.0827344	0.5399	26.615510616	Atom	
-1065.77	200.088	-4362.46	-0.842773	-0.0666348	0.534129	26.6059064507	Atom	
-1105.82	196.921	-4337.08	-0.913855	-0.0910486	0.3957	26.4945823324	Atom	
-1113.79	196.127	-4333.63	-0.900102	-0.0865629	0.426993	26.4740823246	Atom	
-1123.59	195.184	-4328.98	-0.889112	-0.0815697	0.450363	26.4484570876	Atom	
-1128.3	194.752	-4326.6	-0.891463	-0.102595	0.441324	26.4360104833	Atom	
-1134.86	193.997	-4323.35	-0.926643	-0.146709	0.346134	26.4186805222	Atom	
-1163.71	189.429	-4312.57	-0.852643	-0.267398	0.448885	26.3453207694	Atom	
-1188.65	181.607	-4299.44	-0.820124	-0.365533	0.440207	26.2762585974	Atom	
-1189.36	181.29	-4299.06	-0.829045	-0.384055	0.406432	26.2742083785	Atom	
-1193.18	179.521	-4297.18	-0.802618	-0.397142	0.445063	26.2633071618	Atom	
-1210.45	170.978	-4287.61	-0.808405	-0.484764	0.333894	26.2123917202	Atom	
-1217.69	166.633	-4284.62	-0.79027	-0.492597	0.364446	26.1911471513	Atom	
-1242.82	150.973	-4273.03	-0.785148	-0.437474	0.43836	26.1157370996	Atom	
-1251.42	146.178	-4268.23	-0.755369	-0.480379	0.445707	26.0896782079	Atom	
-1263.44	138.534	-4261.14	-0.733413	-0.482209	0.479144	26.0518169673	Atom	
-1278.03	128.946	-4251.61	-0.732414	-0.515966	0.444241	26.0044524574	Atom	
-1278.57	128.563	-4251.28	-0.692508	-0.536253	0.482561	26.0026811295	Atom	
-1282.3	125.672	-4248.68	-0.698285	-0.532396	0.47849	25.9898230246	Atom	
-1294.33	116.5	-4240.43	-0.728733	-0.506973	0.460355	25.948704825	Atom	
-1299.64	112.808	-4237.08	-0.723309	-0.513126	0.462087	25.9313026656	Atom	
-1319.25	98.8982	-4224.55	-0.709881	-0.543067	0.448495	25.8664917745	Atom	
-1328.63	91.7181	-4218.62	-0.832167	-0.553757	-0.0291715	25.834818745	Atom	
-1333.11	88.7422	-4218.78	-0.832682	-0.550166	-0.0629151	25.8219319899	Atom	
-1339.42	84.5729	-4219.26	-0.821067	-0.567841	-0.058364	25.8037528937	Atom	
-1344.27	81.2141	-4219.6	-0.95302	-0.210452	-0.217858	25.7895552656	Atom	
-1346.46	80.7301	-4220.1	-0.950398	-0.207408	-0.231788	25.7840334898	Atom	
-1364.86	76.7145	-4224.59	-0.935584	-0.32252	-0.14375	25.7375350714	Atom	
-1367.79	75.7065	-4225.04	-0.934397	-0.324487	-0.147007	25.7300175158	Atom	
-1385.24	69.6469	-4227.79	-0.930247	-0.342299	-0.132179	25.685093123	Atom	
-1387.72	68.734	-4228.14	-0.80798	-0.586141	-0.0600609	25.6786684662	Atom	
-1398.25	61.0941	-4228.92	-0.775281	-0.631363	-0.0179147	25.6472629892	Atom	
-1404.43	56.0632	-4229.06	-0.780783	-0.624728	-0.00960736	25.6280448136	Atom	
-1405.02	55.5928	-4229.07	-0.780055	-0.625695	-0.00449883	25.6262275979	Atom	
-1421.71	42.2041	-4229.17	-0.80149	-0.596031	0.0485955	25.5745855894	Atom	
-1437.3	30.6063	-4228.22	-0.813086	-0.578909	0.0612809	25.5275499395	Atom	
-1464.89	10.9654	-4226.14	-0.790236	-0.608708	0.0707171	25.4454191723	Atom	
-1470.51	6.63345	-4225.64	-0.356634	-0.85478	-0.377044	25.4281475122	Atom	
-1470.7	6.18797	-4225.84	-0.326469	-0.858037	-0.396474	25.4268819924	Atom	
-1485.05	-31.5255	-4243.26	-0.348446	-0.869408	-0.350307	25.3201477324	Atom	
-1485.81	-33.4258	-4244.03	-0.327149	-0.880742	-0.342442	25.3148223813	Atom	
-1486.47	-35.2071	-4244.72	-0.35637	-0.852915	-0.381492	25.3098936847	Atom	
-1486.97	-36.3898	-4245.25	-0.366723	-0.841821	-0.396046	25.3065140257	Atom	
-1496.71	-58.7553	-4255.77	-0.120087	-0.913304	-0.389172	25.2417545125	Atom	
-1497.41	-64.0651	-4258.04	-0.0924744	-0.925032	-0.368462	25.2275545698	Atom	
-1497.7	-67.0003	-4259.2	-0.105517	-0.929744	-0.352764	25.2198009713	Atom	
-1497.89	-68.6662	-4259.84	-0.0180605	-0.943476	-0.330949	25.215421534	Atom	
-1498.11	-80.1276	-4263.86	-0.040573	-0.916177	-0.398716	25.1857260745	Atom	
-1498.26	-83.6023	-4265.37	-0.0167156	-0.927336	-0.373857	25.1764464974	Atom	
-1498.7	-107.704	-4275.09	0.00628162	-0.911437	-0.411393	25.1128368978	Atom	
-1498.64	-116.026	-4278.84	-0.0377435	-0.905375	-0.422932	25.0904451546	Atom	
-1499.7	-141.489	-4290.74	0.023522	-0.915905	-0.400705	25.0214244016	Atom	
-1499.29	-157.525	-4297.75	-0.0697668	-0.9228	-0.37891	24.9783644836	Atom	
-1501.31	-184.209	-4308.71	-0.033488	-0.919457	-0.391763	24.9071473112	Atom	
-1502.18	-208.036	-4318.86	-0.0254027	-0.9234	-0.382998	24.8431813941	Atom	
-1502.43	-217.172	-4322.65	-0.230991	-0.916801	-0.325758	24.8187100759	Atom	
-1505.35	-228.757	-4326.77	-0.0896882	-0.856791	-0.507804	24.7874306511	Atom	
-1508.4	-257.974	-4344.08	-0.313702	-0.798635	-0.513588	24.7029388941	Atom	
-1510.39	-263.03	-4347.33	-0.222198	-0.833216	-0.506339	24.6872089999	Atom	
-1515.71	-282.963	-4359.45	-0.208821	-0.836201	-0.507112	24.6277435539	Atom	
-1519	-296.156	-4367.45	-0.315731	-0.812991	-0.489243	24.5884498761	Atom	
-1524.08	-309.223	-4375.31	-0.30583	-0.778071	-0.548702	24.5483680006	Atom	
-1529.59	-323.249	-4385.2	-0.973162	-0.190737	0.128746	24.503361201	Atom	
-1548.15	-326.887	-4382.75	-0.984017	-0.152383	0.0921418	24.4556578241	Atom	
-1558.75	-328.528	-4381.75	-0.985204	-0.128644	0.113242	24.4286964569	Atom	
-1589.61	-332.558	-4378.21	-0.992719	-0.0547303	0.107301	24.3501811073	Atom	
-1617.04	-334.07	-4375.24	-0.981093	-0.0253288	0.191874	24.2807427431	Atom	
-1646.3	-334.825	-4369.52	-0.97833	0.0542045	0.199828	24.2056371897	Atom	
-1659.49	-334.094	-4366.83	-0.982189	0.0402129	0.183542	24.1715838382	Atom	
-1660.5	-334.053	-4366.64	-0.96357	0.148293	0.222582	24.1689990001	Atom	
-1661.4	-333.914	-4366.43	-0.969185	0.123879	0.212917	24.1666262145	Atom	
-1687.36	-330.596	-4360.73	-0.985008	0.167519	-0.0411935	24.0989227835	Atom	
-1692.44	-329.733	-4360.94	-0.992808	0.119676	0.00314341	24.0858623801	Atom	
-1698.43	-329.01	-4360.92	-0.976685	0.204606	-0.0649789	24.0705645228	Atom	
-1698.83	-328.926	-4360.95	-0.977165	0.211013	-0.0249479	24.069521845	Atom	
-1715.58	-325.309	-4361.37	-0.969906	0.24031	-0.0391544	24.0260512765	Atom	
-1718.88	-324.49	-4361.51	-0.973115	0.229597	-0.0182065	24.0173963053	Atom	
-1730.44	-321.765	-4361.72	-0.9719	0.235012	0.0134173	23.9872419874	Atom	
-1746.59	-317.859	-4361.5	-0.971831	0.235645	0.00400773	23.9449820365	Atom	
-1759.09	-314.828	-4361.45	-0.996995	-0.0158174	-0.0758299	23.9122298004	Atom	
-1768.17	-314.972	-4362.14	-0.999478	-0.0243684	-0.0212071	23.8890129367	Atom	
-1776.16	-315.167	-4362.31	-0.997628	0.0685997	0.00567399	23.8686099995	Atom	
-1781.13	-314.826	-4362.28	-0.990916	0.128759	0.038806	23.8559041422	Atom	
-1786.04	-314.187	-4362.09	-0.989959	0.123044	0.0695784	23.8432273216	Atom	
-1793.63	-313.244	-4361.56	-0.986275	0.137135	0.0919509	23.8236616363	Atom	
-1822.42	-309.241	-4358.87	-0.987627	0.133204	0.0827589	23.7490300974	Atom	
-1834.74	-307.579	-4357.84	-0.982848	0.170489	0.0703042	23.7170376161	Atom	
-1856.52	-303.801	-4356.28	-0.980698	0.185519	0.0617587	23.6601869503	Atom	
-1871.96	-300.88	-4355.31	-0.975211	0.206662	0.0790856	23.6197151692	Atom	
-1884.53	-298.216	-4354.29	-0.978916	0.200867	0.0371029	23.5865352327	Atom	
-1900.71	-294.897	-4353.68	-0.983058	0.183293	-0.000333677	23.5439543196	Atom	
-1901.39	-294.771	-4353.68	-0.982086	0.185683	-0.0320757	23.5421762558	Atom	
-1908.95	-293.34	-4353.92	-0.982483	0.185107	-0.0215169	23.5222980658	Atom	
-1923.57	-290.585	-4354.24	-0.971479	0.225337	0.0738301	23.4838607069	Atom	
-1941.03	-286.537	-4352.92	-0.962677	0.261661	0.0691784	23.4374070361	Atom	
-1970.14	-278.625	-4350.83	-0.827103	0.378263	-0.415714	23.3590913958	Atom	
-1971.47	-278.016	-4351.49	-0.838437	0.398839	-0.371418	23.3549119807	Atom	
-1981.75	-273.127	-4356.05	-0.859777	0.3869	-0.333305	23.3230784799	Atom	
-1988.2	-270.221	-4358.55	-0.821203	0.475152	-0.316	23.3035510918	Atom	
-1992.31	-267.847	-4360.13	-0.803645	0.487274	-0.341641	23.2905546045	Atom	
-2011.36	-256.296	-4368.23	-0.85415	0.439552	-0.277887	23.2288529976	Atom	
-2014.8	-254.526	-4369.35	-0.831004	0.493429	-0.256826	23.2183525455	Atom	
-2024.08	-249.014	-4372.22	-0.734622	0.61236	-0.292139	23.1892075893	Atom	
-2037.09	-238.168	-4377.39	-0.733781	0.615957	-0.286638	23.1429523493	Atom	
-2042.92	-233.272	-4379.67	-0.70136	0.655068	-0.281035	23.1221579418	Atom	
-2068.74	-209.158	-4390.01	-0.737473	0.614264	-0.280736	23.0258004931	Atom	
-2071.47	-206.888	-4391.05	-0.786544	0.552576	-0.275696	23.0160965263	Atom	
-2088.92	-194.625	-4397.17	-0.784198	0.566757	-0.252627	22.9577928944	Atom	
-2097.62	-188.342	-4399.97	-0.803468	0.534897	-0.261387	22.9286092849	Atom	
-2107.56	-181.725	-4403.2	-0.815946	0.541166	-0.203399	22.8960140668	Atom	
-2136.2	-162.725	-4410.35	-0.829761	0.501432	-0.245077	22.803400004	Atom	
-2142.84	-158.717	-4412.3	-0.825091	0.524114	-0.21102	22.7822427227	Atom	
-2163.84	-145.376	-4417.68	-0.81462	0.53052	-0.234397	22.7148343067	Atom	
-2188.66	-129.211	-4424.82	-0.783649	0.578546	-0.226227	22.6339484614	Atom	
-2210.18	-113.323	-4431.03	-0.75258	0.527426	-0.394264	22.5608491524	Atom	
-2224.37	-103.378	-4438.46	-0.763768	0.505195	-0.401792	22.5105262016	Atom	
-2235.16	-96.2412	-4444.14	-0.870447	0.116435	-0.478293	22.4727577543	Atom	
-2237.53	-95.9243	-4445.44	-0.940174	0.00861878	-0.340587	22.4654738824	Atom	
-2254.63	-95.7676	-4451.64	-0.932281	0.0613745	-0.35649	22.4167669244	Atom	
-2256.52	-95.6431	-4452.36	-0.945863	0.0586182	-0.319227	22.4113275856	Atom	
-2259.68	-95.4473	-4453.43	-0.952619	0.113275	-0.282286	22.4023667211	Atom	
-2264.23	-94.9057	-4454.78	-0.970938	0.0983724	-0.218179	22.389534702	Atom	
-2295.71	-91.7168	-4461.85	-0.97786	0.041973	-0.205007	22.3025039481	Atom	
-2311.77	-91.0272	-4465.22	-0.978658	0.0550755	-0.197976	22.2582588294	Atom	
-2312.74	-90.9729	-4465.41	-0.998549	-0.000693255	-0.0538506	22.2555958981	Atom	
-2316.75	-90.9756	-4465.63	-0.999372	0.0311158	-0.0169588	22.2447757742	Atom	
-2320.88	-90.847	-4465.7	-0.992862	0.00191292	-0.119251	22.2336215079	Atom	
-2346.29	-90.7981	-4468.75	-0.992323	-0.00787568	-0.123425	22.1645212891	Atom	
-2365.6	-90.9513	-4471.15	-0.994394	-0.0177365	-0.104242	22.1118750106	Atom	
-2401.95	-91.5997	-4474.96	-0.990445	0.0331408	-0.133867	22.0127484728	Atom	
-2416.79	-91.1031	-4476.97	-0.988902	0.139564	-0.0509354	21.9719767071	Atom	
-2421.37	-90.4577	-4477.2	-0.996984	0.0645867	-0.0430318	21.9593757942	Atom	
-2458.9	-88.026	-4478.83	-0.997685	0.0507318	-0.0452841	21.856739894	Atom	
-2459.9	-87.9752	-4478.87	-0.996443	0.062911	-0.0560736	21.8539976154	Atom	
-2463.06	-87.7759	-4479.05	-0.993806	0.104516	-0.0377717	21.8453312788	Atom	
-2477.36	-86.2715	-4479.59	-0.993531	0.11003	-0.028092	21.8059311408	Atom	
-2482.79	-85.6701	-4479.75	-0.996166	0.0874349	-0.0027585	21.7909486947	Atom	
-2490.87	-84.9612	-4479.77	-0.991477	0.0954966	0.0886211	21.7687116472	Atom	
-2527.18	-81.4641	-4476.52	-0.990186	0.108513	0.0880709	21.6681963426	Atom	
-2556.65	-78.2348	-4473.9	-0.982343	0.140061	0.124039	21.5862170709	Atom	
-2578.41	-75.1318	-4471.15	-0.966178	0.214883	0.142567	21.5250030722	Atom	
-2592.16	-72.0729	-4469.12	-0.974887	0.178761	0.132815	21.4855838566	Atom	
-2596.73	-71.2351	-4468.5	-0.972777	0.201232	0.114935	21.4725859465	Atom	
-2597.2	-71.1376	-4468.45	-0.970126	0.181686	0.160763	21.4712428717	Atom	
-2610.49	-68.6499	-4466.24	-0.973037	0.163798	0.162385	21.4332513279	Atom	
-2612.68	-68.2813	-4465.88	-0.99803	-0.0468248	0.041751	21.426999996	Atom	
-2658.17	-70.416	-4463.98	-0.999721	0.0218876	0.00887734	21.3003049526	Atom	
-2724.87	-68.9559	-4463.38	-0.989985	0.134471	0.0429701	21.1140466096	Atom	
-2794.85	-59.4504	-4460.35	-0.996286	0.0783526	0.03572	20.9153175097	Atom	
-2822.77	-57.2541	-4459.34	-0.99777	-0.025592	0.0616397	20.8359293204	Atom	
-2826.57	-57.3515	-4459.11	-0.997485	0.0625448	0.0333375	20.8251264688	Atom	
-2833.58	-56.912	-4458.88	-0.99724	0.0685472	0.028534	20.8051587448	Atom	
-2854.37	-55.4828	-4458.28	-0.996316	0.0776951	0.0363141	20.7458625017	Atom	
-2861.21	-54.9496	-4458.03	-0.997347	0.055546	0.0470566	20.7262988959	Atom	
-2890.65	-53.3098	-4456.64	-0.998866	0.0476187	-0.00015187	20.6420928804	Atom	
-2902.11	-52.7636	-4456.64	-0.999132	0.0399079	-0.0119331	20.6092668171	Atom	
-2902.66	-52.7415	-4456.65	-0.997949	0.0311421	-0.0559294	20.6076861734	Atom	
-2906.45	-52.6231	-4456.86	-0.997846	-0.0629401	-0.0184705	20.5967906849	Atom	
-2909.68	-52.8267	-4456.92	-0.995521	-0.0942442	0.00742031	20.5875192295	Atom	
-2911	-52.9515	-4456.91	-0.99765	-0.0662203	0.0175869	20.5837210344	Atom	
-2935.21	-54.5585	-4456.49	-0.993326	-0.114454	-0.0142513	20.5141252712	Atom	
-2940.72	-55.1934	-4456.57	-0.993392	-0.113644	-0.0160384	20.4981730416	Atom	
-2942.66	-55.416	-4456.6	-0.99331	-0.0975117	-0.0618569	20.4925369682	Atom	
-2954.15	-56.544	-4457.31	-0.994002	-0.0587854	-0.0922238	20.4592472143	Atom	
-2969.87	-57.4735	-4458.77	-0.991366	-0.0481036	-0.121982	20.4136848311	Atom	
-2970.95	-57.526	-4458.9	-0.931537	-0.208732	-0.297775	20.4105317695	Atom	
-2982.83	-60.1866	-4462.7	-0.835273	-0.0427498	-0.548171	20.3737332295	Atom	
-3004.28	-61.2845	-4476.78	-0.841548	-0.0238749	-0.539655	20.2994908193	Atom	
-3007.45	-61.3745	-4478.81	-0.858392	-0.0197665	-0.512614	20.2885608831	Atom	
-3013.76	-61.5198	-4482.58	-0.774928	-0.0440844	-0.630511	20.2672374116	Atom	
-3016.11	-61.6535	-4484.49	-0.815709	-0.0593878	-0.575406	20.2584336978	Atom	
-3021.58	-62.0517	-4488.35	-0.814022	0.0642861	-0.577265	20.2389635939	Atom	
-3030.6	-61.3397	-4494.74	-0.280226	-0.0103294	-0.959879	20.2067797508	Atom	
-3033	-61.4282	-4502.96	-0.332221	0.257158	-0.907468	20.1818648601	Atom	
-3052.24	-46.5306	-4555.53	-0.312505	0.345157	-0.88499	20.013139216	Atom	
-3052.55	-46.1951	-4556.39	-0.287392	0.31906	-0.903109	20.010289712	Atom	
-3052.81	-45.9029	-4557.22	-0.227533	0.40219	-0.886832	20.007604711	Atom	
-3053.87	-44.0248	-4561.36	-0.247668	0.170218	-0.953775	19.9939115014	Atom	
-3056.66	-42.1052	-4572.12	-0.251862	0.172688	-0.952231	19.9608244118	Atom	
-3057.8	-41.3258	-4576.42	-0.258424	0.157778	-0.95306	19.9475670987	Atom	
-3059.6	-40.2295	-4583.04	-0.232066	0.167355	-0.958195	19.9271441141	Atom	
-3061	-39.2195	-4588.82	-0.208132	0.157634	-0.965315	19.9093912521	Atom	
-3062.28	-38.2478	-4594.77	-0.214496	0.161205	-0.96333	19.8912459011	Atom	
-3068.38	-33.6607	-4622.18	-0.190953	0.186625	-0.963695	19.8074262878	Atom	
-3068.55	-33.5019	-4623	-0.181975	0.19683	-0.963402	19.8049109002	Atom	
-3083.23	-17.6142	-4700.77	-0.156273	0.213302	-0.964407	19.5663298561	Atom	
-3084.24	-16.2448	-4706.96	-0.182622	0.205881	-0.961386	19.5471748806	Atom	
-3087.98	-12.0266	-4726.66	-0.134974	0.191512	-0.972165	19.485992626	Atom	
-3088.16	-11.773	-4727.94	-0.160448	0.202091	-0.966134	19.4820290662	Atom	
-3088.6	-11.2141	-4730.62	-0.214109	0.17941	-0.960192	19.4737488198	Atom	
-3099.04	-2.46816	-4777.42	-0.218256	0.186349	-0.957935	19.32775374	Atom	
-3103.16	1.05363	-4795.53	-0.191727	0.161757	-0.968026	19.2708201312	Atom	
-3106.8	4.12499	-4813.91	-0.325241	-0.132889	-0.936247	19.2134881899	Atom	
-3113.32	1.46138	-4832.67	-0.207163	-0.596363	-0.775523	19.1528254528	Atom	
-3119.29	-15.7253	-4855.02	-0.232334	-0.646797	-0.726413	19.0653894902	Atom	
-3123.26	-26.7738	-4867.43	0.0595638	-0.470138	-0.880581	19.013378404	Atom	
-3123.04	-28.5025	-4870.67	0.0448512	-0.459009	-0.887299	19.0021588661	Atom	
-3122.04	-38.7649	-4890.51	0.0150938	-0.4057	-0.913882	18.9339077774	Atom	
-3121.86	-43.6258	-4901.46	0.0268855	-0.414524	-0.909641	18.8972288667	Atom	
-3121.58	-47.9177	-4910.88	0.0271045	-0.407329	-0.912879	18.8654858008	Atom	
-3121.4	-50.7092	-4917.13	0.188348	-0.442416	-0.876809	18.844446606	Atom	
-3117.46	-59.9635	-4935.47	0.149256	-0.487113	-0.86049	18.7801761531	Atom	
-3115.47	-66.4313	-4946.9	0.32664	-0.311875	-0.892211	18.7392703336	Atom	
-3112.73	-69.0523	-4954.4	0.160444	-0.47794	-0.863615	18.7133355706	Atom	
-3111.49	-72.7571	-4961.09	0.195762	-0.506604	-0.83966	18.6893882498	Atom	
-3110.61	-75.0319	-4964.86	0.0109599	-0.600342	-0.799668	18.6755025904	Atom	
-3110.59	-76.0658	-4966.24	0.0255355	-0.623801	-0.781166	18.6701737657	Atom	
-3110.57	-76.5227	-4966.81	0.0730257	-0.65668	-0.750625	18.667906939	Atom	
-3110.33	-78.6254	-4969.21	0.0597579	-0.666571	-0.743042	18.6579961238	Atom	
-3109.49	-88.0623	-4979.73	0.121242	-0.693258	-0.710419	18.6141583096	Atom	
-3107.8	-97.7164	-4989.63	0.179414	-0.697563	-0.693698	18.5709593534	Atom	
-3105.12	-108.148	-5000	0.179414	-0.697563	-0.693698	18.5244837313	Region	
"-----------------------------------------------------------------"
"Trajectory"	187

"NbCollisions"	225
"Zmax"	0
"Display"	256

"Collisions"

"X"	"Y"	"Z"	"Rx"	"Ry"	"Rz"	"Energy"	"CollisionType"	
0.111883	-0.11874	-5000	6.01641e-006	-1.37949e-006	1	30	Region	
0.112005	-0.118768	-4979.72	0.0247142	0.0349688	0.999083	29.9568144993	Atom	
0.311778	0.163895	-4971.64	0.0442127	0.0279129	0.998632	29.9395845703	Atom	
0.620701	0.358928	-4964.66	0.0476065	0.0440165	0.997896	29.9246841756	Atom	
5.08581	4.48731	-4871.07	0.122549	0.271433	0.954624	29.7245909263	Atom	
6.43341	7.47211	-4860.57	0.161225	0.312662	0.936082	29.7010053646	Atom	
8.54748	11.5719	-4848.3	0.0256895	0.165963	0.985797	29.6728634419	Atom	
8.94956	14.1695	-4832.87	0.014203	0.156006	0.987654	29.639246856	Atom	
9.23276	17.2802	-4813.17	0.096513	0.379534	0.92013	29.596381441	Atom	
9.35573	17.7637	-4812	0.0932529	0.375428	0.922148	29.5936391871	Atom	
9.66287	19.0003	-4808.96	0.0711139	0.353775	0.932623	29.5865499756	Atom	
9.74524	19.41	-4807.88	0.0570797	0.366469	0.928678	29.5840563582	Atom	
10.0568	21.4102	-4802.82	0.0846692	0.454675	0.886624	29.5723059058	Atom	
10.2194	22.2834	-4801.11	0.0504234	0.46417	0.88431	29.5681696303	Atom	
11.1188	30.5626	-4785.34	0.055365	0.472987	0.879328	29.5297516415	Atom	
11.6716	35.2857	-4776.56	0.0489149	0.489685	0.870526	29.5082216201	Atom	
12.634	44.9197	-4759.43	0.0563795	0.57321	0.817467	29.4657778414	Atom	
13.2592	51.2766	-4750.37	0.00583697	0.706374	0.707815	29.4418250652	Atom	
13.2664	52.1456	-4749.5	-0.0205746	0.725299	0.688126	29.4391661546	Atom	
12.6918	72.4004	-4730.28	-0.0135426	0.728404	0.685014	29.3788063736	Atom	
12.5173	81.7899	-4721.45	-0.00380113	0.73269	0.680552	29.3508990328	Atom	
12.4243	99.7171	-4704.8	-0.00651084	0.726532	0.687101	29.2978877138	Atom	
12.3352	109.649	-4695.4	-0.0651236	0.746516	0.662172	29.268227149	Atom	
10.1216	135.024	-4672.9	-0.10717	0.722939	0.68255	29.1944161134	Atom	
9.94796	136.195	-4671.79	-0.076997	0.724697	0.684753	29.1908904599	Atom	
6.81942	165.641	-4643.97	-0.0922132	0.652052	0.752545	29.1024727643	Atom	
6.61957	167.054	-4642.34	-0.0891253	0.643977	0.759835	29.0977453704	Atom	
6.39834	168.653	-4640.45	0.731294	0.627139	-0.268153	29.092330061	Atom	
45.3742	202.078	-4654.74	0.744115	0.610281	-0.271755	28.9760391977	Atom	
51.924	207.449	-4657.13	0.7299	0.616451	-0.295356	28.9567720436	Atom	
54.0129	209.214	-4657.98	0.613129	0.729582	-0.302956	28.9505042833	Atom	
61.2143	217.783	-4661.54	0.608025	0.722487	-0.329117	28.9247768821	Atom	
72.1655	230.796	-4667.47	0.539092	0.765709	-0.350813	28.8852963141	Atom	
84.7187	248.626	-4675.63	0.546832	0.76267	-0.345412	28.8341982096	Atom	
87.1077	251.958	-4677.14	0.538706	0.766763	-0.349098	28.8245977255	Atom	
102.19	273.425	-4686.92	0.569213	0.692225	-0.443646	28.7630578012	Atom	
120.458	295.641	-4701.16	0.57175	0.719337	-0.394532	28.6923929551	Atom	
126.063	302.692	-4705.02	0.476	0.831152	-0.287421	28.6707672266	Atom	
141.74	330.066	-4714.49	0.620015	-0.759791	0.195702	28.5980650074	Atom	
165.591	300.838	-4706.96	0.605918	-0.773587	0.185546	28.5129735765	Atom	
166.926	299.133	-4706.55	0.614447	-0.76519	0.192196	28.5080889933	Atom	
180.372	282.389	-4702.35	0.60369	-0.759042	0.243748	28.4595643126	Atom	
183.652	278.265	-4701.02	0.644742	-0.716859	0.265368	28.4474993114	Atom	
201.263	258.683	-4693.77	0.527361	-0.785642	0.323506	28.3868250347	Atom	
223.707	225.248	-4680.01	0.484435	-0.798825	0.356654	28.2921324126	Atom	
224.265	224.328	-4679.59	0.491945	-0.793163	0.359002	28.2895626982	Atom	
233.971	208.678	-4672.51	0.423098	-0.795744	0.433335	28.2455396318	Atom	
238.254	200.622	-4668.12	0.457951	-0.7936	0.4006	28.2229250164	Atom	
238.799	199.679	-4667.65	0.459566	-0.826344	0.325508	28.2202674512	Atom	
243.952	190.413	-4664	0.459661	-0.823137	0.333403	28.1952000872	Atom	
247.641	183.806	-4661.32	0.50083	-0.792412	0.348214	28.1772453794	Atom	
250.894	178.66	-4659.06	0.535941	-0.810147	0.237549	28.1627101539	Atom	
251.275	178.084	-4658.89	0.525947	-0.815943	0.240034	28.1611187801	Atom	
266.649	154.233	-4651.88	0.549619	-0.799972	0.240755	28.0956614398	Atom	
274.17	143.287	-4648.58	0.441626	-0.826181	0.349845	28.0649658619	Atom	
274.323	143	-4648.46	0.403251	-0.835521	0.37322	28.0641875231	Atom	
281.966	127.164	-4641.39	0.513124	-0.751348	0.414945	28.0216290601	Atom	
283.182	125.383	-4640.4	0.506506	-0.74752	0.429726	28.0162997873	Atom	
298.965	102.091	-4627.01	0.482149	-0.76844	0.420751	27.9462415337	Atom	
310.448	83.7893	-4616.99	0.508663	-0.793706	0.333605	27.892584451	Atom	
333.098	48.446	-4602.14	0.562277	-0.769118	0.303813	27.7921099013	Atom	
333.219	48.2809	-4602.07	0.512753	-0.802315	0.305573	27.7916241756	Atom	
343.528	32.1495	-4595.93	0.505835	-0.798801	0.32565	27.7461265908	Atom	
349.793	22.2564	-4591.89	0.501838	-0.792039	0.34761	27.7180644757	Atom	
355.85	12.6965	-4587.7	0.52273	-0.787101	0.327454	27.6906939773	Atom	
356.923	11.0807	-4587.03	0.423154	-0.85422	0.302075	27.6860350989	Atom	
368.789	-12.8725	-4578.56	0.341354	-0.907277	0.245614	27.6223893028	Atom	
369.763	-15.4618	-4577.85	0.414449	-0.897546	0.150479	27.6158995668	Atom	
369.951	-15.8692	-4577.79	0.371056	-0.903127	0.216052	27.6148672931	Atom	
386.88	-57.0733	-4567.93	0.432365	-0.86953	0.238701	27.5111009085	Atom	
391.294	-65.949	-4565.49	0.458939	-0.849239	0.26109	27.4878156668	Atom	
399.272	-80.7119	-4560.95	0.448524	-0.856898	0.254072	27.4481331416	Atom	
424.982	-129.831	-4546.39	0.439429	-0.862669	0.25041	27.3171313068	Atom	
428.477	-136.693	-4544.4	0.376726	-0.872748	0.310466	27.2988837794	Atom	
451.613	-190.289	-4525.33	0.388418	-0.865873	0.315269	27.1579266277	Atom	
463.091	-215.877	-4516.02	0.332259	-0.866795	0.371848	27.0898193594	Atom	
488.173	-281.312	-4487.94	0.292066	-0.889099	0.352421	26.9154821201	Atom	
490.13	-287.268	-4485.58	0.245787	-0.922407	0.297916	26.8999341189	Atom	
494.087	-302.121	-4480.79	0.236787	-0.926626	0.292054	26.8625391378	Atom	
499.334	-322.651	-4474.32	0.235895	-0.921207	0.309404	26.8110286925	Atom	
500.935	-328.905	-4472.22	0.233028	-0.927373	0.292705	26.795223487	Atom	
505.46	-346.912	-4466.53	0.244669	-0.926225	0.286783	26.7499898327	Atom	
507.048	-352.923	-4464.67	0.292216	-0.93142	0.21695	26.7348511566	Atom	
516.123	-381.85	-4457.93	0.251667	-0.956544	0.147267	26.6623740413	Atom	
520.666	-399.116	-4455.27	0.29648	-0.947285	0.121452	26.6201600353	Atom	
525.022	-413.034	-4453.49	0.371025	-0.908059	0.194344	26.5857559674	Atom	
536.816	-441.9	-4447.31	0.351477	-0.917406	0.186629	26.5112414668	Atom	
537.66	-444.102	-4446.86	0.318188	-0.940311	0.120712	26.5056010862	Atom	
541.16	-454.447	-4445.54	0.382581	-0.910029	0.159621	26.4797524398	Atom	
541.43	-455.089	-4445.42	0.391028	-0.9032	0.176993	26.4780931236	Atom	
543.774	-460.502	-4444.36	0.362421	-0.915721	0.173511	26.4639983706	Atom	
551.156	-479.153	-4440.83	0.23139	-0.955016	0.185483	26.416081061	Atom	
553.573	-489.132	-4438.89	0.161854	-0.982817	0.0887372	26.3914634941	Atom	
554.604	-495.39	-4438.33	0.115702	-0.971307	0.207787	26.3764504024	Atom	
556.726	-513.204	-4434.52	0.0733462	-0.976169	0.204243	26.3331910676	Atom	
557.039	-517.369	-4433.64	0.122329	-0.972992	0.19576	26.3231120833	Atom	
557.137	-518.151	-4433.49	0.122202	-0.974186	0.189809	26.3212137462	Atom	
560.015	-541.093	-4429.02	0.128753	-0.977965	0.164337	26.265570658	Atom	
560.886	-547.709	-4427.9	0.139818	-0.976467	0.164203	26.2495620307	Atom	
561.875	-554.616	-4426.74	0.16295	-0.975755	0.146117	26.232811421	Atom	
566.715	-583.6	-4422.4	0.15292	-0.983961	0.091845	26.1624412291	Atom	
569.808	-603.501	-4420.55	0.160997	-0.983242	0.0855339	26.1144252594	Atom	
572.758	-621.516	-4418.98	0.479193	-0.875203	0.066282	26.0708620915	Atom	
581.488	-637.46	-4417.77	0.499865	-0.862768	0.0759373	26.0274927434	Atom	
591.878	-655.394	-4416.19	0.500691	-0.861641	0.08297	25.9779410953	Atom	
596.561	-663.453	-4415.42	0.497733	-0.862947	0.0870883	25.9556087219	Atom	
597.669	-665.373	-4415.22	0.482992	-0.870858	0.0912424	25.9502944176	Atom	
602.304	-673.731	-4414.35	0.491971	-0.868001	0.0673664	25.927360158	Atom	
615.349	-696.746	-4412.56	0.432614	-0.879115	0.200006	25.8639592188	Atom	
622.605	-711.491	-4409.21	0.456278	-0.863469	0.215018	25.8237758913	Atom	
687.563	-834.418	-4378.59	0.456631	-0.868661	0.192134	25.4822798361	Atom	
696.192	-850.835	-4374.96	0.460771	-0.870047	0.175238	25.4364670087	Atom	
705.34	-868.107	-4371.48	0.46752	-0.866387	0.175495	25.3882715446	Atom	
721.958	-898.904	-4365.25	0.431181	-0.883842	0.181399	25.3018496854	Atom	
729.724	-914.823	-4361.98	0.424855	-0.902159	0.0748822	25.2579418466	Atom	
732.853	-921.467	-4361.43	0.40719	-0.906853	0.108692	25.2399635243	Atom	
747.712	-954.559	-4357.46	0.414634	-0.893635	0.171743	25.1508301014	Atom	
755.374	-971.072	-4354.29	0.397377	-0.904401	0.155406	25.1055685536	Atom	
757.032	-974.846	-4353.64	0.348273	-0.920731	0.175955	25.0953317201	Atom	
761.647	-987.048	-4351.31	0.448068	-0.893068	0.0407882	25.0628135899	Atom	
764.158	-992.052	-4351.08	0.424972	-0.904228	0.0420747	25.0490501519	Atom	
780.188	-1026.16	-4349.49	0.443365	-0.895524	0.0382724	24.9563620379	Atom	
784.326	-1034.52	-4349.14	0.44176	-0.896381	0.0367304	24.9333600766	Atom	
816.129	-1099.05	-4346.49	0.469099	-0.881806	0.048631	24.7558027367	Atom	
822.964	-1111.9	-4345.78	0.515188	-0.856648	0.0271339	24.7196643431	Atom	
826.042	-1117.02	-4345.62	0.514427	-0.84782	0.12871	24.7048281903	Atom	
828.229	-1120.62	-4345.07	0.520095	-0.846515	0.113638	24.6942688229	Atom	
830.409	-1124.17	-4344.6	0.891775	-0.189464	-0.410902	24.683853337	Atom	
841.388	-1126.5	-4349.66	0.889758	-0.122993	-0.43955	24.6532455937	Atom	
852.247	-1128	-4355.02	0.900431	-0.0612545	-0.430664	24.622874122	Atom	
885.358	-1130.25	-4370.86	0.887977	-0.0608523	-0.455844	24.5312792735	Atom	
888.562	-1130.47	-4372.5	0.888713	-0.0399215	-0.456722	24.5222644044	Atom	
898.435	-1130.92	-4377.58	0.909223	-0.0748437	-0.409526	24.4945051427	Atom	
900.322	-1131.07	-4378.43	0.908736	-0.082091	-0.409218	24.4893141456	Atom	
903.121	-1131.33	-4379.69	0.903516	-0.111038	-0.413919	24.4816063213	Atom	
927.596	-1134.33	-4390.9	0.885266	-0.123929	-0.44827	24.413825406	Atom	
930.872	-1134.79	-4392.56	0.875002	-0.164447	-0.455333	24.4045449456	Atom	
933.07	-1135.2	-4393.7	0.867702	-0.231658	-0.439805	24.3982444335	Atom	
940.798	-1137.27	-4397.62	0.857892	-0.219626	-0.464527	24.3758985129	Atom	
958.399	-1141.77	-4407.15	0.714635	-0.00198211	-0.699495	24.3243842231	Atom	
961.496	-1141.78	-4410.18	0.745196	-0.0191666	-0.66657	24.313484878	Atom	
981.011	-1142.28	-4427.64	0.698911	-0.0453158	-0.713772	24.2475999119	Atom	
1012.82	-1144.35	-4460.12	0.689214	-0.0467603	-0.723048	24.1328549165	Atom	
1013.53	-1144.4	-4460.86	0.673464	-0.051714	-0.737409	24.1302532064	Atom	
1018.14	-1144.75	-4465.91	0.667595	-0.0439232	-0.743228	24.112917864	Atom	
1031.07	-1145.6	-4480.31	0.662781	-0.0728258	-0.745264	24.0638605103	Atom	
1035.32	-1146.07	-4485.09	0.672231	-0.102457	-0.733217	24.0475896583	Atom	
1076.25	-1152.3	-4529.73	0.691332	-0.199559	-0.694432	23.8930885473	Atom	
1084.2	-1154.6	-4537.71	0.728643	-0.193789	-0.656906	23.8637649772	Atom	
1113.22	-1162.32	-4563.88	0.72955	-0.186676	-0.657957	23.7620572858	Atom	
1132.8	-1167.33	-4581.54	0.761771	-0.208704	-0.613308	23.6932900467	Atom	
1142.42	-1169.96	-4589.29	0.747808	-0.255288	-0.612872	23.6608635925	Atom	
1151.66	-1173.12	-4596.85	0.72835	-0.294317	-0.618776	23.6291229623	Atom	
1155.63	-1174.72	-4600.23	0.754494	-0.302316	-0.582532	23.6150971343	Atom	
1179.02	-1184.1	-4618.29	0.746665	-0.325892	-0.579901	23.5352663828	Atom	
1191.22	-1189.42	-4627.76	0.726067	-0.377447	-0.57477	23.4931063442	Atom	
1207.16	-1197.7	-4640.38	0.703348	-0.410747	-0.580162	23.4363590576	Atom	
1223.07	-1207	-4653.51	0.722271	-0.393394	-0.568828	23.3777631329	Atom	
1228.94	-1210.19	-4658.13	0.740228	-0.359476	-0.568189	23.3566871166	Atom	
1241.82	-1216.45	-4668.02	0.762232	-0.274019	-0.586443	23.3114839424	Atom	
1258.73	-1222.53	-4681.02	0.777108	-0.253223	-0.576178	23.2538005722	Atom	
1277.21	-1228.55	-4694.73	0.793372	-0.133934	-0.59382	23.1918204413	Atom	
1281.28	-1229.24	-4697.78	0.789813	-0.148989	-0.594977	23.1784099488	Atom	
1292.72	-1231.4	-4706.39	0.856491	-0.217484	-0.468107	23.1405703936	Atom	
1315.58	-1237.2	-4718.88	0.871335	-0.247448	-0.423727	23.0707712353	Atom	
1323.05	-1239.32	-4722.52	0.858911	-0.206922	-0.468461	23.0482815537	Atom	
1335.7	-1242.37	-4729.41	0.86794	-0.217922	-0.446306	23.0096443967	Atom	
1340.08	-1243.47	-4731.67	0.757075	-0.005331	-0.653306	22.9963775948	Atom	
1370.05	-1243.68	-4757.53	0.795738	0.00130073	-0.605639	22.8922902906	Atom	
1377.36	-1243.67	-4763.1	0.807383	-0.0536672	-0.587582	22.8680527197	Atom	
1380.26	-1243.86	-4765.21	0.81745	-0.0572007	-0.573153	22.8585858704	Atom	
1409.09	-1245.88	-4785.42	0.836667	-0.041587	-0.546131	22.7654403597	Atom	
1419.6	-1246.4	-4792.28	0.922965	-0.0136138	-0.384644	22.7321430759	Atom	
1439.21	-1246.69	-4800.45	0.908654	-0.0832295	-0.409172	22.6757670041	Atom	
1439.45	-1246.71	-4800.56	0.847107	-0.153554	-0.508755	22.6750678914	Atom	
1462.8	-1250.94	-4814.59	0.867691	-0.192431	-0.458348	22.6017926534	Atom	
1464.1	-1251.23	-4815.27	0.88723	-4.24665e-005	-0.461328	22.5978078606	Atom	
1490.24	-1251.23	-4828.86	0.882381	-0.101016	-0.459565	22.5192858648	Atom	
1516.37	-1254.22	-4842.47	0.887289	-0.171994	-0.427945	22.4401239546	Atom	
1521.3	-1255.18	-4844.85	0.886343	-0.0668112	-0.458184	22.425238634	Atom	
1528.52	-1255.72	-4848.58	0.873358	-0.0446227	-0.48503	22.4033903255	Atom	
1548.21	-1256.73	-4859.52	0.861316	-0.0429906	-0.506247	22.3429036563	Atom	
1566.5	-1257.64	-4870.27	0.842086	-0.103447	-0.529329	22.2858022476	Atom	
1576.84	-1258.91	-4876.77	0.847003	-0.0785303	-0.525755	22.2527053244	Atom	
1599.48	-1261.01	-4890.82	0.859966	-0.0949612	-0.501439	22.1805924824	Atom	
1614.44	-1262.66	-4899.54	0.873431	-0.0927875	-0.478025	22.133552974	Atom	
1618.58	-1263.1	-4901.81	0.876543	-0.0528346	-0.478415	22.1207029232	Atom	
1624.2	-1263.44	-4904.88	0.902306	-0.0593125	-0.426997	22.1033170936	Atom	
1641.93	-1264.61	-4913.27	0.922021	-0.0734647	-0.380107	22.0500419705	Atom	
1708.47	-1269.91	-4940.7	0.925645	-0.0943758	-0.366436	21.8539474976	Atom	
1710.45	-1270.11	-4941.48	0.919333	-0.0769479	-0.385883	21.8480720118	Atom	
1713.78	-1270.39	-4942.88	0.920797	-0.0682818	-0.384019	21.8381697936	Atom	
1719.47	-1270.81	-4945.25	0.926776	-0.166971	-0.336464	21.8212491718	Atom	
1720.01	-1270.91	-4945.45	0.819407	-0.158958	-0.550731	21.819642297	Atom	
1732.2	-1273.27	-4953.64	0.815911	-0.178095	-0.550065	21.7789017846	Atom	
1756.24	-1278.52	-4969.84	0.810527	-0.171574	-0.560007	21.6980716297	Atom	
1761.31	-1279.59	-4973.35	0.78679	-0.169229	-0.593567	21.6808441362	Atom	
1773.91	-1282.3	-4982.85	0.783981	-0.235887	-0.574222	21.6367652758	Atom	
1789.63	-1287.03	-4994.37	0.764064	-0.299088	-0.571623	21.5814594867	Atom	
1795.67	-1289.4	-4998.89	0.807277	-0.160444	-0.567945	21.5595927362	Atom	
1797.25	-1289.71	-5000	0.807277	-0.160444	-0.567945	21.5541899332	Region	
"-----------------------------------------------------------------"
"Trajectory"	197

"NbCollisions"	207
"Zmax"	0
"Display"	256

"Collisions"

"X"	"Y"	"Z"	"Rx"	"Ry"	"Rz"	"Energy"	"CollisionType"	
0.410718	-0.214314	-5000	7.18662e-006	-5.18001e-006	1	30	Region	
0.41109	-0.214582	-4948.21	0.0105147	0.00603148	0.999927	29.8897346745	Atom	
0.473453	-0.17881	-4942.28	0.0313816	0.0226887	0.99925	29.8770699397	Atom	
0.811782	0.065799	-4931.51	0.0118787	0.0482967	0.998762	29.8540405054	Atom	
0.859521	0.259898	-4927.49	-0.0036047	0.0909312	0.995851	29.8454505417	Atom	
0.807593	1.5698	-4913.15	-0.000322386	0.11144	0.993771	29.8146532287	Atom	
0.801973	3.51265	-4895.82	0.000290041	0.0860421	0.996291	29.7773504771	Atom	
0.809499	5.74534	-4869.97	-0.0411911	0.165568	0.985338	29.7217732038	Atom	
0.386321	7.44632	-4859.85	-0.0184253	0.179063	0.983665	29.6997365347	Atom	
0.307779	8.20961	-4855.65	-0.102402	0.14495	0.984126	29.6905876547	Atom	
-2.6268	12.3635	-4827.45	-0.0887014	0.141368	0.985975	29.6290661639	Atom	
-3.82766	14.2774	-4814.1	-0.0775141	0.173794	0.981727	29.5999542245	Atom	
-5.38263	17.7638	-4794.41	-0.0641859	0.174239	0.982609	29.5567834431	Atom	
-6.35148	20.3938	-4779.58	-0.0536663	0.145152	0.987953	29.524261741	Atom	
-8.52407	26.27	-4739.58	-0.0433153	0.0899761	0.995002	29.4369620707	Atom	
-9.37498	28.0376	-4720.03	-0.054561	0.0963104	0.993855	29.3944998197	Atom	
-9.66414	28.548	-4714.77	-0.0683158	0.0904913	0.993551	29.3830306548	Atom	
-11.5729	31.0764	-4687.01	-0.0670446	0.122455	0.990207	29.322546913	Atom	
-11.8724	31.6233	-4682.58	-0.0449908	0.139531	0.989195	29.3128637372	Atom	
-12.6215	33.9468	-4666.11	-0.150688	0.126218	0.980491	29.2767484848	Atom	
-13.0013	34.2649	-4663.64	-0.16986	0.120546	0.978068	29.2712767384	Atom	
-24.7535	42.6051	-4595.97	-0.122671	0.0168196	0.992305	29.1210507478	Atom	
-24.9854	42.6369	-4594.09	-0.140512	0.0114057	0.990013	29.1169282992	Atom	
-26.4795	42.7582	-4583.57	-0.122379	0.0367845	0.991802	29.0937438017	Atom	
-26.5598	42.7824	-4582.92	-0.14238	0.0460564	0.98874	29.0923113657	Atom	
-35.1467	45.56	-4523.29	-0.182979	0.0348519	0.982499	28.960719656	Atom	
-39.5252	46.394	-4499.78	-0.201056	0.0605551	0.977706	28.9083194083	Atom	
-40.5159	46.6924	-4494.96	-0.0478324	-0.0958484	0.994246	28.8975130177	Atom	
-42.493	42.7306	-4453.86	-0.0448361	-0.0968283	0.994291	28.8068415743	Atom	
-42.743	42.1907	-4448.32	-0.0687624	-0.111071	0.991431	28.7945793425	Atom	
-43.0994	41.6151	-4443.18	-0.0734311	-0.12376	0.989591	28.7831779123	Atom	
-43.1565	41.5188	-4442.41	-0.0857218	-0.125333	0.988404	28.7814671194	Atom	
-43.9096	40.4177	-4433.73	-0.185103	-0.233634	0.954543	28.7621325425	Atom	
-45.3415	38.6103	-4426.34	-0.186241	-0.240382	0.952644	28.74509895	Atom	
-46.515	37.0958	-4420.34	-0.154165	-0.220796	0.963059	28.7312193022	Atom	
-49.9496	32.1767	-4398.89	-0.148879	-0.208178	0.966694	28.6821218681	Atom	
-52.5823	28.4954	-4381.79	-0.127988	-0.214289	0.968349	28.6430987433	Atom	
-55.8258	23.0647	-4357.25	-0.127683	-0.234024	0.96381	28.5871119136	Atom	
-61.2101	13.196	-4316.61	-0.110885	-0.173876	0.978505	28.493807803	Atom	
-61.243	13.1445	-4316.32	-0.136427	-0.190754	0.972112	28.4931495949	Atom	
-63.2079	10.3972	-4302.32	-0.135856	-0.209785	0.968263	28.461199525	Atom	
-64.0142	9.15203	-4296.57	-0.104717	-0.216935	0.970553	28.448020585	Atom	
-66.7911	3.39945	-4270.83	-0.0388225	-0.255762	0.96596	28.3891192371	Atom	
-66.9001	2.68153	-4268.12	-0.00206163	-0.217533	0.976051	28.3828739712	Atom	
-66.907	1.95193	-4264.85	0.031248	-0.196767	0.979952	28.3754104802	Atom	
-65.939	-4.14309	-4234.49	0.037893	-0.181868	0.982593	28.3064660067	Atom	
-65.08	-8.26609	-4212.22	-0.0474743	-0.184919	0.981606	28.2559099364	Atom	
-66.1909	-12.5934	-4189.25	-0.0373526	-0.18142	0.982696	28.203650045	Atom	
-66.3387	-13.311	-4185.36	-0.0794142	-0.151197	0.985309	28.1948028895	Atom	
-67.2705	-15.085	-4173.8	-0.0395925	-0.185233	0.981897	28.1685550112	Atom	
-68.2896	-19.8532	-4148.52	-0.039696	-0.181993	0.982498	28.1109264896	Atom	
-68.8082	-22.2304	-4135.69	-0.00629931	-0.18089	0.983483	28.0816354117	Atom	
-68.8588	-23.6851	-4127.78	-0.0134561	-0.181119	0.983369	28.0635872433	Atom	
-69.1487	-27.5872	-4106.59	-0.0105571	-0.17193	0.985053	28.0152109421	Atom	
-69.2101	-28.5876	-4100.86	0.0716477	-0.228639	0.970871	28.0021289127	Atom	
-68.5403	-30.7251	-4091.79	0.0845973	-0.200107	0.976115	27.9811000739	Atom	
-67.5474	-33.0738	-4080.33	0.0791113	-0.220062	0.972273	27.9546832017	Atom	
-64.8191	-40.6629	-4046.8	0.0878227	-0.207753	0.974231	27.8770072116	Atom	
-64.2386	-42.0361	-4040.36	0.0955564	-0.309226	0.946176	27.862086614	Atom	
-62.0094	-49.2499	-4018.29	0.0845917	-0.363623	0.927697	27.8094029954	Atom	
-60.4194	-56.0848	-4000.85	0.0650297	-0.381839	0.921938	27.7668901488	Atom	
-58.207	-69.0757	-3969.48	0.0870925	-0.384808	0.918878	27.6898485756	Atom	
-58.1894	-69.1534	-3969.3	-0.779012	-0.524076	-0.344216	27.68939009	Atom	
-69.7165	-76.9082	-3974.39	-0.820756	-0.564756	-0.0860851	27.655807622	Atom	
-121.739	-112.704	-3979.85	-0.829465	-0.553382	-0.0758641	27.5118183283	Atom	
-122.107	-112.95	-3979.88	-0.770969	-0.630469	-0.0900852	27.5108059789	Atom	
-140.993	-128.394	-3982.09	-0.74878	-0.65735	-0.084964	27.4549246308	Atom	
-148.659	-135.124	-3982.96	-0.719342	-0.693803	0.0344111	27.4315322295	Atom	
-150.497	-136.897	-3982.87	-0.71181	-0.701829	0.0276068	27.4256874259	Atom	
-180.441	-166.421	-3981.71	-0.731556	-0.670723	0.122299	27.3294879603	Atom	
-185.303	-170.879	-3980.9	-0.760884	-0.638407	0.11615	27.3142465684	Atom	
-247.781	-223.3	-3971.36	-0.766978	-0.637073	0.0766954	27.1258580601	Atom	
-259.61	-233.125	-3970.18	-0.757188	-0.650809	0.0558084	27.0902784428	Atom	
-261.163	-234.46	-3970.06	-0.770349	-0.637402	0.0167665	27.0855428155	Atom	
-269.839	-241.639	-3969.87	-0.767238	-0.640312	0.036707	27.059529372	Atom	
-281.408	-251.294	-3969.32	-0.766545	-0.637415	0.0781728	27.0246765872	Atom	
-292.934	-260.879	-3968.14	-0.934921	0.268994	0.231443	26.9898845986	Atom	
-297.163	-259.662	-3967.1	-0.9168	0.294038	0.270221	26.9794084897	Atom	
-299.352	-258.96	-3966.45	-0.928465	0.249956	0.274728	26.9738772262	Atom	
-328.55	-251.1	-3957.81	-0.917646	0.255132	0.304684	26.9010062629	Atom	
-372.484	-238.885	-3943.22	-0.935528	0.264013	0.234703	26.7898240446	Atom	
-409.735	-228.372	-3933.88	-0.999537	0.0271665	-0.013716	26.697052257	Atom	
-412.597	-228.294	-3933.92	-0.999225	-0.0389544	-0.00570406	26.6903646205	Atom	
-419.217	-228.552	-3933.96	-0.995435	0.0552664	-0.0778159	26.6748816824	Atom	
-443.675	-227.194	-3935.87	-0.99302	0.0788551	-0.0877052	26.6174398492	Atom	
-445.04	-227.086	-3935.99	-0.995613	0.0579991	-0.0734271	26.6142230282	Atom	
-487.086	-224.637	-3939.09	-0.995045	0.0472431	-0.0874885	26.5153141726	Atom	
-490.514	-224.474	-3939.39	-0.992988	0.0571922	-0.103462	26.5072211535	Atom	
-515.74	-223.021	-3942.02	-0.993134	-0.0518847	-0.104842	26.4475318905	Atom	
-525.081	-223.509	-3943	-0.983751	-0.109251	-0.142469	26.4253932927	Atom	
-532.364	-224.318	-3944.06	-0.98541	-0.0926639	-0.142761	26.4079552229	Atom	
-537.682	-224.818	-3944.83	-0.970681	-0.109605	-0.213928	26.3952378095	Atom	
-540.904	-225.182	-3945.54	-0.966115	-0.20635	-0.155052	26.3874139391	Atom	
-541.831	-225.38	-3945.69	-0.966007	0.0639678	-0.250477	26.3851509093	Atom	
-549.482	-224.873	-3947.67	-0.911862	-0.0371738	-0.408809	26.3664735267	Atom	
-559.188	-225.269	-3952.02	-0.941064	-0.0124248	-0.338	26.3413575587	Atom	
-590.521	-225.682	-3963.28	-0.936986	-0.0276514	-0.34827	26.2627377926	Atom	
-602.14	-226.025	-3967.6	-0.929261	0.00752678	-0.369348	26.2333864787	Atom	
-628.986	-225.808	-3978.27	-0.933123	-0.0166352	-0.359173	26.1649473122	Atom	
-636.687	-225.945	-3981.23	-0.899679	0.0146382	-0.436306	26.1453560409	Atom	
-654.716	-225.652	-3989.97	-0.90083	0.00266144	-0.434164	26.0977559373	Atom	
-655.091	-225.651	-3990.16	-0.899209	0.084282	-0.429326	26.0967655057	Atom	
-657.253	-225.448	-3991.19	-0.906019	0.0621887	-0.418643	26.0910467644	Atom	
-670.124	-224.565	-3997.13	-0.861471	-0.0481764	-0.505516	26.0572451782	Atom	
-671.032	-224.615	-3997.67	-0.861728	-0.0225503	-0.506868	26.0547349472	Atom	
-694.045	-225.218	-4011.2	-0.858514	-0.00138775	-0.512787	25.9911252337	Atom	
-702.778	-225.232	-4016.42	-0.848484	-0.0015361	-0.529219	25.9668509072	Atom	
-708.802	-225.243	-4020.18	-0.86014	-0.0272585	-0.509329	25.9498928531	Atom	
-744.394	-226.371	-4041.25	-0.850519	-0.0270522	-0.525249	25.8510194909	Atom	
-753.87	-226.672	-4047.1	-0.837006	0.0478498	-0.545098	25.8243161389	Atom	
-764.931	-226.04	-4054.31	-0.843035	0.104536	-0.527602	25.7926175003	Atom	
-790.726	-222.841	-4070.45	-0.812758	0.0172536	-0.582346	25.7191481632	Atom	
-834.487	-221.912	-4101.81	-0.761307	0.00486487	-0.648373	25.5895772702	Atom	
-840.028	-221.877	-4106.53	-0.587412	0.254291	-0.768299	25.5719931723	Atom	
-852.261	-216.581	-4122.53	-0.584069	0.278882	-0.762291	25.5216495504	Atom	
-877.916	-204.331	-4156.01	-0.626903	0.216029	-0.748548	25.4152984631	Atom	
-882.088	-202.894	-4160.99	-0.626267	0.218074	-0.748487	25.3991344073	Atom	
-889.544	-200.297	-4169.9	-0.535403	0.314393	-0.783901	25.3701986313	Atom	
-899.624	-194.378	-4184.66	-0.517983	0.311908	-0.796497	25.3243966715	Atom	
-900.624	-193.776	-4186.2	-0.499267	0.27708	-0.82095	25.3196928808	Atom	
-903.291	-192.296	-4190.58	-0.494977	0.326198	-0.805352	25.3066786314	Atom	
-912.25	-186.391	-4205.16	-0.499808	0.302489	-0.811599	25.2625581117	Atom	
-914.203	-185.21	-4208.33	-0.467345	0.291729	-0.834555	25.2530237639	Atom	
-919.341	-182.002	-4217.51	0.0408246	0.370548	-0.927916	25.2261801634	Atom	
-918.308	-172.625	-4240.99	0.084593	0.355094	-0.930995	25.1643405499	Atom	
-912.243	-147.168	-4307.73	0.0614964	0.250631	-0.966128	24.9888128308	Atom	
-911.532	-144.268	-4318.91	0.346472	0.108108	-0.93181	24.9603275264	Atom	
-905.599	-142.417	-4334.87	0.346043	0.11473	-0.931177	24.9181299077	Atom	
-894.454	-138.722	-4364.86	0.292132	0.106827	-0.950393	24.8386576284	Atom	
-891.312	-137.573	-4375.08	0.326365	0.101088	-0.939823	24.8120523954	Atom	
-890.17	-137.219	-4378.37	0.348806	0.0610764	-0.935203	24.8033932765	Atom	
-889.024	-137.019	-4381.44	0.348021	0.0673061	-0.935068	24.7952532299	Atom	
-878.854	-135.052	-4408.76	0.250283	0.115935	-0.961206	24.7228686819	Atom	
-878.665	-134.964	-4409.49	0.227773	0.0894315	-0.969599	24.7209864699	Atom	
-876.827	-134.243	-4417.31	0.209862	0.102824	-0.972309	24.7009533206	Atom	
-871.253	-131.512	-4443.14	0.190143	0.0911952	-0.977512	24.6349618865	Atom	
-866.64	-129.299	-4466.86	0.176963	0.106702	-0.978417	24.5745459653	Atom	
-863.727	-127.543	-4482.96	0.219125	0.144868	-0.964882	24.5334833924	Atom	
-862.428	-126.684	-4488.68	0.217432	0.165839	-0.961884	24.518675982	Atom	
-860.582	-125.276	-4496.85	0.217958	0.166653	-0.961624	24.497456205	Atom	
-852.224	-118.886	-4533.72	0.219593	0.149771	-0.964027	24.4015593686	Atom	
-847.093	-115.386	-4556.25	0.402313	0.194027	-0.894705	24.3429392919	Atom	
-836.997	-110.517	-4578.7	0.443876	0.330087	-0.833076	24.2798598146	Atom	
-834.308	-108.517	-4583.75	0.454734	0.308416	-0.835522	24.2646035037	Atom	
-831.862	-106.858	-4588.24	0.46921	0.283568	-0.83632	24.251050158	Atom	
-827.22	-104.053	-4596.52	0.444133	0.172363	-0.879225	24.2261057708	Atom	
-814.239	-99.0149	-4622.21	0.511942	0.10253	-0.852879	24.1523627785	Atom	
-803.777	-96.9196	-4639.64	0.456111	0.121638	-0.881571	24.1006783334	Atom	
-801.284	-96.2549	-4644.46	0.445959	0.0958697	-0.889904	24.0868339147	Atom	
-798.113	-95.5731	-4650.79	0.427922	0.113136	-0.896707	24.0688081826	Atom	
-794.774	-94.6903	-4657.79	0.341994	0.161194	-0.925774	24.0490200472	Atom	
-785.394	-90.2695	-4683.18	0.346893	0.179112	-0.920643	23.97942172	Atom	
-784.145	-89.6243	-4686.49	0.216665	0.0685742	-0.973835	23.9702596724	Atom	
-778.068	-87.7009	-4713.81	0.181995	0.0890956	-0.979255	23.8988974013	Atom	
-775.362	-86.376	-4728.37	0.146781	0.0725506	-0.986505	23.8609731613	Atom	
-774.878	-86.1371	-4731.62	0.146157	0.113795	-0.982695	23.8525614889	Atom	
-774.276	-85.668	-4735.67	0.155983	0.0914969	-0.983513	23.8420325663	Atom	
-773.235	-85.0576	-4742.23	0.105405	0.0898489	-0.990362	23.824987448	Atom	
-772.933	-84.8001	-4745.07	0.0798496	0.124743	-0.988971	23.8176600149	Atom	
-769.19	-78.9532	-4791.42	0.0927985	0.141957	-0.985513	23.6978033116	Atom	
-766.574	-74.9504	-4819.21	0.0843309	0.116623	-0.989589	23.6254096594	Atom	
-764.293	-71.797	-4845.97	0.123167	0.144625	-0.981791	23.5558236505	Atom	
-763.593	-70.9742	-4851.55	0.135328	0.136524	-0.98135	23.5411482472	Atom	
-762.946	-70.322	-4856.24	0.226395	-0.222385	-0.948309	23.5288179455	Atom	
-760.067	-73.1497	-4868.3	0.152621	-0.407338	-0.900434	23.4959881853	Atom	
-759.864	-73.693	-4869.5	0.260801	-0.284181	-0.922618	23.4925403017	Atom	
-754.333	-79.7199	-4889.07	0.255246	-0.281854	-0.924883	23.4377174126	Atom	
-752.741	-81.477	-4894.83	0.248329	-0.271408	-0.929877	23.4215719797	Atom	
-751.736	-82.5759	-4898.6	0.248067	-0.265059	-0.931776	23.4110805978	Atom	
-744.424	-90.3883	-4926.06	0.214264	-0.266759	-0.939644	23.3346795303	Atom	
-742.552	-92.7193	-4934.27	0.207123	-0.268124	-0.940856	23.3119710515	Atom	
-742.429	-92.8789	-4934.83	0.207227	-0.258976	-0.943392	23.3104226645	Atom	
-742.409	-92.904	-4934.92	0.184457	-0.267865	-0.945634	23.3101709558	Atom	
-739.637	-96.9288	-4949.13	0.19009	-0.258821	-0.947036	23.2710898464	Atom	
-737.263	-100.161	-4960.96	0.0503339	-0.264926	-0.962954	23.2385648679	Atom	
-737.263	-100.165	-4960.97	-0.00896607	-0.538327	-0.842688	23.238527938	Atom	
-737.293	-101.979	-4963.81	-0.0213567	-0.601639	-0.798482	23.2297427912	Atom	
-737.488	-107.486	-4971.12	-0.0231398	-0.608313	-0.79336	23.2058692671	Atom	
-737.603	-110.513	-4975.07	0.133335	-0.63492	-0.760985	23.1928809443	Atom	
-737.403	-111.469	-4976.22	0.136921	-0.640964	-0.75526	23.1889504203	Atom	
-733.212	-131.087	-4999.33	0.137763	-0.653031	-0.744696	23.1090136612	Atom	
-733.088	-131.673	-5000	0.137763	-0.653031	-0.744696	23.1066652383	Region	
"##################################################################"
