"================================================================="
"WinCasino 3.3.0.4"
"================================================================="
"Sample Info : "
=================================================================
"Name"		Box_0
"Type"		2
"Region Name"		Undefined
"Rotation (x, y, z)"		(0, 0, 0)
"Scale (x, y, z)"		(20000, 20000, 10000)
"Color (x, y, z)"		(0.964844, 0, 0)
=================================================================
"Regions Info : "
=================================================================
"Name"		GaN	Box_0 Outside (vacuum)
"Region ID"		1	2
"Nb Elements"	
"substrate"		0	0
"Rho"		3.64134	0
"Energy Intensity"	
"Avg Plasmon Energy"		0	0
"Avg Atomic Nb"	
"User Density"		0	0
"User Composition"		0	0
"Work Function"		0	0
"Checked"		1	0
"Moller init"		-1.#IND	1.#INF
"Color"		(0.501961, 0.501961, 0.752941)	(0.313, 0.313, 1)
"Composition"		GaN	
=================================================================
"Element Info : "
=================================================================
"Name"		Ga	N
"Region"		GaN	GaN
"Region ID"		1	1
"Z"		31	7
"FWt"		0.832709	0.167291
"Atomic Fraction"		0.5	0.5
"SigmaTElas"		0.00224068	0.000327866
"Repetition"		1	1
"Rho"		5.91	1.251
"Atomic Weight"		69.72	14.0067
"J"		0.333181	0.0805
"K_Gauvin"		0.833444	0.788796
"K_Monsel"		0.854599	0.845178
"ef"		1	1
"kf"		7e+007	7e+007
"ep"		13.8	15
"Secondary Minimum Energy"	
"Plasmon Energy"	
"Work Function"	
"NVE"	
"Int_PRZ"		(0, 0, 0)	(0, 0, 0)
"Int_PRZ_ABS"		(0, 0, 0)	(0, 0, 0)
=================================================================
"================================================================="
"initial energy"	30
"-----------------------------------------------------------------"
"================================================================="
"Scan Point"	0
"================================================================="
"X"	0
"Y"	0
"Initial Energy"	30
"RkoMax"	16019.3
"-----------------------------------------------------------------"
"Scan Point 0 Results : "

"BackScattering Coefficient"	0.2763
"nb backscattered"	2763
"nb backscattered sensor"	0
"nb transmitted"	0
"nb transmitted sensor"	0
"-----------------------------------------------------------------"

"##################################################################"
"Scan Point"	0	" Trajectories : "
"##################################################################"
"-----------------------------------------------------------------"
"Trajectory"	7

"NbCollisions"	253
"Zmax"	0
"Display"	256

"Collisions"

"X"	"Y"	"Z"	"Rx"	"Ry"	"Rz"	"Energy"	"CollisionType"	
0.0287258	0.297024	-5000	4.27488e-006	5.85531e-006	1	30	Region	
0.028829	0.297165	-4975.85	0.0139417	0.00205624	0.999901	29.9485839778	Atom	
0.719356	0.39901	-4926.33	-0.00716821	-0.010565	0.999918	29.8429861531	Atom	
0.53522	0.127619	-4900.64	-0.0103643	-0.0060577	0.999928	29.7880647108	Atom	
0.527763	0.123261	-4899.92	-0.0370674	-0.0142793	0.999211	29.7865240798	Atom	
0.00854136	-0.0767571	-4885.92	-0.0183409	-0.0326697	0.999298	29.7565301964	Atom	
-0.183382	-0.41862	-4875.47	-0.039095	0.704097	0.709026	29.7341054242	Atom	
-0.701948	8.92072	-4866.06	-0.0689314	0.730667	0.679245	29.7056630452	Atom	
-0.803928	10.0017	-4865.06	-0.0424251	0.731384	0.680645	29.7024882971	Atom	
-1.432	20.8293	-4854.98	-0.065123	0.723441	0.687308	29.6707168305	Atom	
-2.43596	31.9821	-4844.39	-0.084938	0.697379	0.711652	29.6376034926	Atom	
-4.20226	46.4842	-4829.59	-0.160666	0.66981	0.724942	29.5928969228	Atom	
-6.64626	56.6732	-4818.56	-0.170315	0.641056	0.748358	29.5601545343	Atom	
-8.56952	63.9122	-4810.11	-0.234985	0.646173	0.726114	29.5358268237	Atom	
-10.0856	68.0813	-4805.42	-0.352434	0.63489	0.687535	29.521917833	Atom	
-17.4955	81.4297	-4790.97	-0.365382	0.640306	0.675651	29.4765764001	Atom	
-33.4458	109.382	-4761.47	-0.321643	0.651791	0.686815	29.3823181588	Atom	
-47.5306	137.923	-4731.4	-0.289472	0.66343	0.689976	29.2875238334	Atom	
-51.5381	147.108	-4721.85	-0.295051	0.661372	0.689588	29.2574772231	Atom	
-52.2939	148.802	-4720.08	-0.295264	0.663255	0.687686	29.2519134363	Atom	
-64.3267	175.832	-4692.05	-0.267275	0.674464	0.688231	29.1633802956	Atom	
-73.8303	199.814	-4667.58	-0.209016	0.712793	0.669506	29.0859473519	Atom	
-82.0579	227.872	-4641.23	-0.218684	0.718294	0.660478	29.0000441266	Atom	
-82.3937	228.975	-4640.21	-0.149039	0.758653	0.634218	28.9966851048	Atom	
-85.4962	244.768	-4627.01	0.0187589	0.687966	0.7255	28.9511448506	Atom	
-85.2261	254.671	-4616.57	-0.00124301	0.664392	0.747384	28.9196142907	Atom	
-85.2597	272.593	-4596.41	0.0141319	0.745389	0.66648	28.8604766741	Atom	
-85.1946	276.026	-4593.34	0.0439393	0.695295	0.71738	28.8503630772	Atom	
-84.6972	283.896	-4585.22	0.00443931	0.60247	0.798129	28.8254999841	Atom	
-84.6151	295.037	-4570.46	0.0368179	0.549281	0.834826	28.7848525976	Atom	
-83.7262	308.299	-4550.3	0.0950029	0.528089	0.843858	28.7317228651	Atom	
-80.7404	324.896	-4523.78	0.116255	0.481375	0.868771	28.6624636272	Atom	
-77.4116	338.68	-4498.91	0.154192	0.45484	0.877123	28.5992418706	Atom	
-75.2906	344.936	-4486.84	0.238308	0.545986	0.803186	28.5688157352	Atom	
-65.4395	367.506	-4453.64	0.238797	0.55567	0.796371	28.477305655	Atom	
-56.3762	388.596	-4423.41	0.330396	0.506859	0.796199	28.3930698793	Atom	
-54.7914	391.027	-4419.59	0.289204	0.541129	0.789645	28.3823989668	Atom	
-50.5888	398.891	-4408.12	0.280223	0.543235	0.791436	28.3500619844	Atom	
-47.8148	404.268	-4400.28	0.274414	0.692473	0.667216	28.3280129425	Atom	
-46.1971	408.351	-4396.35	0.186306	0.750679	0.633854	28.3148740717	Atom	
-42.6761	422.538	-4384.37	0.188831	0.796293	0.574683	28.2727386156	Atom	
-38.4713	440.269	-4371.57	0.195628	0.78893	0.582511	28.2230333429	Atom	
-36.928	446.493	-4366.98	0.196463	0.795664	0.572993	28.2053990157	Atom	
-30.5914	472.156	-4348.5	0.0988937	0.760607	0.641637	28.1332664543	Atom	
-29.5791	479.941	-4341.93	0.053846	0.790804	0.609697	28.1103277132	Atom	
-27.3768	512.284	-4316.99	0.0947921	0.780986	0.617313	28.0186144954	Atom	
-25.9132	524.343	-4307.46	0.092234	0.785702	0.611691	27.9839001406	Atom	
-25.4256	528.497	-4304.23	-0.111389	0.776066	0.620736	27.972001788	Atom	
-26.3113	534.668	-4299.29	-0.163666	0.759163	0.629988	27.9541000808	Atom	
-32.7483	564.526	-4274.52	-0.15779	0.758666	0.632082	27.8655134451	Atom	
-36.5833	582.965	-4259.15	-0.156878	0.763986	0.625871	27.8106308357	Atom	
-45.943	628.546	-4221.81	0.149252	0.830858	0.536095	27.6756966075	Atom	
-45.7796	629.455	-4221.23	0.221566	0.822738	0.52346	27.6732114574	Atom	
-44.21	635.284	-4217.52	0.319283	0.79188	0.520562	27.6571258752	Atom	
-26.4511	679.329	-4188.56	0.345652	0.806016	0.480482	27.5307757588	Atom	
-17.9369	699.183	-4176.73	0.304257	0.80284	0.512714	27.4746161398	Atom	
-9.84224	720.542	-4163.09	0.281778	0.815529	0.505483	27.4138611353	Atom	
-8.47428	724.502	-4160.63	0.309061	0.816995	0.486827	27.4027552087	Atom	
-1.25568	743.584	-4149.26	0.272645	0.820073	0.503136	27.3493065418	Atom	
3.52506	757.964	-4140.44	0.208991	0.826967	0.521966	27.3091183312	Atom	
7.55919	773.926	-4130.36	0.23332	0.80783	0.541269	27.2648256842	Atom	
17.5054	808.364	-4107.29	0.212159	0.792232	0.572152	27.1668820416	Atom	
17.9464	810.01	-4106.1	0.266368	0.753462	0.601118	27.1620931193	Atom	
25.5381	831.485	-4088.97	0.388102	0.661502	0.64171	27.0964130448	Atom	
26.0092	832.288	-4088.19	0.40382	0.679589	0.612444	27.0936104459	Atom	
32.0891	842.519	-4078.97	0.362552	0.666712	0.651192	27.0588450226	Atom	
34.6215	847.176	-4074.42	0.367214	0.64053	0.674444	27.0426992107	Atom	
37.3466	851.93	-4069.42	0.358491	0.647873	0.672119	27.0255377972	Atom	
43.2012	862.51	-4058.44	0.409119	0.620419	0.669105	26.987751912	Atom	
49.9553	872.753	-4047.39	0.441692	0.599363	0.667587	26.9495126142	Atom	
50.2732	873.184	-4046.91	0.426958	0.653465	0.625052	26.9478432933	Atom	
59.4169	887.179	-4033.53	0.42212	0.655921	0.625766	26.8981792939	Atom	
68.1735	900.785	-4020.55	0.41697	0.682671	0.60008	26.8500027511	Atom	
68.9395	902.039	-4019.44	0.514802	0.731056	0.447812	26.845729759	Atom	
73.6484	908.726	-4015.35	0.53563	0.717353	0.445538	26.8244538851	Atom	
101.325	945.793	-3992.33	0.54223	0.711652	0.446698	26.7041909074	Atom	
106.313	952.339	-3988.22	0.515439	0.726912	0.453786	26.6827032752	Atom	
115.311	965.029	-3980.29	0.600595	0.670593	0.435421	26.6418994751	Atom	
125.353	976.241	-3973.01	0.59235	0.668682	0.449427	26.6027746235	Atom	
164.344	1020.26	-3943.43	0.5801	0.672914	0.458989	26.4485572224	Atom	
170.776	1027.72	-3938.34	0.644097	0.680769	0.348845	26.4224577361	Atom	
183.955	1041.65	-3931.2	0.655133	0.676853	0.335663	26.3742608822	Atom	
215.386	1074.12	-3915.1	0.651269	0.674059	0.348559	26.2610858567	Atom	
226.705	1085.84	-3909.04	0.629332	0.653787	0.420122	26.2199461975	Atom	
238.506	1098.09	-3901.16	0.639743	0.649464	0.411006	26.175507855	Atom	
246.635	1106.35	-3895.94	0.577179	0.695147	0.428525	26.1453514674	Atom	
257.526	1119.46	-3887.86	0.736828	0.598755	0.313971	26.1005314759	Atom	
273.284	1132.27	-3881.14	0.718785	0.622453	0.309677	26.0496621719	Atom	
293.72	1149.97	-3872.34	0.709905	0.62339	0.327748	25.9819336634	Atom	
300.202	1155.66	-3869.34	0.674114	0.650803	0.349323	25.9601341967	Atom	
321.759	1176.47	-3858.17	0.571929	0.746722	0.339565	25.8837465601	Atom	
323.692	1178.99	-3857.03	0.678252	0.696059	0.235534	25.8756550899	Atom	
339.474	1195.19	-3851.54	0.738674	0.673414	-0.0295719	25.8199272405	Atom	
355.882	1210.15	-3852.2	0.72126	0.69079	-0.0509166	25.7666372759	Atom	
363.079	1217.04	-3852.71	0.783711	0.60907	-0.121781	25.7426615658	Atom	
368.3	1221.1	-3853.52	0.803829	0.588838	-0.0844336	25.7266416082	Atom	
371.183	1223.21	-3853.82	0.809523	0.57446	-0.121112	25.7180124227	Atom	
382.257	1231.07	-3855.48	0.800629	0.5798	-0.151079	25.6850911733	Atom	
394.594	1240	-3857.81	0.791678	0.570712	-0.218022	25.6479690331	Atom	
420.916	1258.98	-3865.06	0.588758	0.691591	-0.418409	25.5677832252	Atom	
433.449	1273.7	-3873.96	0.558816	0.715821	-0.418719	25.5163168501	Atom	
434.18	1274.64	-3874.51	0.574908	0.702563	-0.419388	25.5131488188	Atom	
437.06	1278.16	-3876.61	0.579514	0.682423	-0.445492	25.5010170216	Atom	
448.871	1292.07	-3885.69	0.555676	0.67382	-0.487023	25.4516385605	Atom	
450.412	1293.93	-3887.04	0.552367	0.672785	-0.492191	25.4449089228	Atom	
473.766	1322.38	-3907.85	0.533764	0.647891	-0.543446	25.3422973531	Atom	
492.808	1345.49	-3927.24	0.509038	0.65559	-0.557747	25.2554351174	Atom	
501.606	1356.82	-3936.88	0.450991	0.681441	-0.576407	25.2132360367	Atom	
510.929	1370.91	-3948.8	0.513201	0.506806	-0.692656	25.1627014458	Atom	
513.366	1373.32	-3952.09	0.47759	0.526751	-0.703165	25.1510744881	Atom	
527.719	1389.15	-3973.22	0.486129	0.537697	-0.688884	25.0774644822	Atom	
528.792	1390.33	-3974.74	0.429733	0.504821	-0.748656	25.0720437658	Atom	
537.858	1400.99	-3990.53	0.423043	0.478804	-0.769274	25.0202380979	Atom	
569.651	1436.97	-4048.35	0.541136	0.498874	-0.676976	24.8353975665	Atom	
570.285	1437.55	-4049.14	0.569969	0.494298	-0.656357	24.8325006919	Atom	
571.099	1438.26	-4050.08	0.572853	0.4886	-0.658111	24.8289674692	Atom	
571.27	1438.4	-4050.27	0.554992	0.466794	-0.68854	24.8282279634	Atom	
572.177	1439.17	-4051.4	0.562276	0.443704	-0.697834	24.8241844004	Atom	
587.062	1450.91	-4069.87	0.564655	0.457672	-0.686805	24.7586675856	Atom	
602.694	1463.58	-4088.88	0.721918	0.444468	-0.53036	24.6900087001	Atom	
605.435	1465.27	-4090.9	0.752885	0.394776	-0.526608	24.6805701795	Atom	
609.127	1467.21	-4093.48	0.760881	0.432904	-0.483379	24.6683792161	Atom	
630.266	1479.23	-4106.91	0.72701	0.423207	-0.540695	24.599275246	Atom	
639.069	1484.36	-4113.46	0.708415	0.440364	-0.551568	24.5690910577	Atom	
640.346	1485.15	-4114.45	0.559215	0.545949	-0.623874	24.5645941613	Atom	
642.12	1486.88	-4116.43	0.568135	0.540245	-0.620772	24.5566797453	Atom	
647.299	1491.81	-4122.09	0.513496	0.573025	-0.638721	24.5339250335	Atom	
649.761	1494.56	-4125.15	0.462748	0.548222	-0.696647	24.5219465952	Atom	
650.721	1495.69	-4126.6	0.454934	0.568056	-0.685819	24.5167607033	Atom	
658.5	1505.41	-4138.32	0.461699	0.568427	-0.680974	24.4740231332	Atom	
660.892	1508.35	-4141.85	0.477354	0.573135	-0.66607	24.4610578738	Atom	
661.431	1509	-4142.6	0.591261	0.50058	-0.632322	24.4582303526	Atom	
690.125	1533.29	-4173.29	0.615773	0.474367	-0.629126	24.3367055216	Atom	
704.055	1544.02	-4187.52	0.637655	0.465247	-0.613956	24.2798338168	Atom	
741.319	1571.21	-4223.4	0.538675	0.574772	-0.616008	24.1326458426	Atom	
746.242	1576.46	-4229.03	0.526268	0.595153	-0.607318	24.1095173227	Atom	
773.278	1607.04	-4260.23	0.502729	0.609151	-0.61335	23.9794013299	Atom	
781.821	1617.39	-4270.65	0.534267	0.584017	-0.611133	23.9361826719	Atom	
788.749	1624.96	-4278.58	0.578736	0.625238	-0.523585	23.9031508935	Atom	
791.066	1627.47	-4280.67	0.567812	0.631259	-0.5283	23.8929439254	Atom	
797.578	1634.71	-4286.73	0.524445	0.647725	-0.552639	23.8636883183	Atom	
825.189	1668.81	-4315.83	0.559122	0.645504	-0.520295	23.7292623515	Atom	
826.707	1670.56	-4317.24	0.553741	0.651963	-0.517991	23.7222996	Atom	
827.637	1671.66	-4318.11	0.475974	0.680649	-0.556924	23.7179917172	Atom	
836.083	1683.73	-4327.99	0.456075	0.693346	-0.557913	23.6724636756	Atom	
836.16	1683.85	-4328.09	0.492579	0.644928	-0.584323	23.6720309354	Atom	
840.544	1689.59	-4333.29	0.440643	0.697438	-0.565167	23.6491627721	Atom	
842.723	1693.04	-4336.08	0.436667	0.651853	-0.620008	23.6364455964	Atom	
844.478	1695.66	-4338.57	0.395367	0.70077	-0.593807	23.626108617	Atom	
844.815	1696.26	-4339.08	0.322483	0.754102	-0.572132	23.6239128435	Atom	
849.12	1706.32	-4346.72	0.286325	0.753369	-0.591991	23.5895584518	Atom	
854.19	1719.66	-4357.2	0.255088	0.739932	-0.622439	23.5439277031	Atom	
858.362	1731.77	-4367.38	0.262931	0.735862	-0.623999	23.5017230503	Atom	
859.638	1735.34	-4370.41	0.236376	0.698243	-0.67571	23.4891799717	Atom	
862.801	1744.68	-4379.45	0.232503	0.696691	-0.678649	23.4545931722	Atom	
864.508	1749.8	-4384.43	0.208844	0.692785	-0.690242	23.4355852794	Atom	
866.672	1756.97	-4391.59	0.157439	0.695579	-0.700987	23.4087532403	Atom	
873.217	1785.89	-4420.73	0.105067	-0.673717	-0.731483	23.3009861325	Atom	
873.46	1784.33	-4422.42	0.205297	-0.635321	-0.744459	23.2949609299	Atom	
873.866	1783.07	-4423.89	0.140948	-0.696266	-0.703809	23.2898171646	Atom	
874.1	1781.91	-4425.06	0.0789654	-0.77814	-0.623108	23.285481676	Atom	
874.931	1773.73	-4431.62	0.0987686	-0.778641	-0.619647	23.2581073779	Atom	
875.552	1768.83	-4435.52	0.0836736	-0.78284	-0.616572	23.2417103491	Atom	
877.217	1753.26	-4447.78	0.0757442	-0.774162	-0.628439	23.1898514847	Atom	
877.326	1752.14	-4448.69	0.0568821	-0.769005	-0.636707	23.1860887363	Atom	
877.906	1744.3	-4455.18	0.154989	-0.767673	-0.621817	23.1594638659	Atom	
880.205	1732.91	-4464.4	0.197291	-0.75797	-0.621737	23.1206747193	Atom	
880.576	1731.49	-4465.57	0.185057	-0.746495	-0.639139	23.115755702	Atom	
885.674	1710.92	-4483.18	0.20536	-0.70363	-0.680244	23.0436296952	Atom	
889.281	1698.57	-4495.13	0.190319	-0.694067	-0.694298	22.9975279693	Atom	
893.368	1683.66	-4510.03	0.208695	-0.759794	-0.61576	22.9410856397	Atom	
896.342	1672.84	-4518.81	0.286388	-0.758929	-0.584815	22.9035501571	Atom	
903.408	1654.11	-4533.24	0.0795016	-0.736366	-0.671897	22.8384818085	Atom	
905.016	1639.21	-4546.83	0.0843241	-0.750662	-0.655283	22.7850058901	Atom	
905.447	1635.38	-4550.18	0.0881752	-0.751545	-0.653762	22.7714880531	Atom	
905.47	1635.18	-4550.35	0.0737279	-0.750927	-0.656257	22.7707747651	Atom	
906.467	1625.03	-4559.22	0.0575034	-0.746461	-0.66294	22.7349584922	Atom	
906.636	1622.84	-4561.17	0.0253062	-0.748713	-0.662411	22.7271816738	Atom	
906.867	1615.99	-4567.22	0.0390203	-0.747699	-0.66289	22.702921348	Atom	
907.575	1602.42	-4579.25	0.0040439	-0.721499	-0.692403	22.6547278183	Atom	
907.681	1583.48	-4597.43	0.0367273	-0.734557	-0.677552	22.5848985762	Atom	
907.852	1580.07	-4600.58	0.0186994	-0.706019	-0.707946	22.5725090983	Atom	
907.865	1579.56	-4601.09	0.0399593	-0.720572	-0.692227	22.5705683086	Atom	
908.427	1569.43	-4610.82	0.0410042	-0.726738	-0.68569	22.533083192	Atom	
910.672	1529.63	-4648.37	0.0560875	-0.735151	-0.675579	22.3867949182	Atom	
913.043	1498.57	-4676.92	0.0394346	-0.759064	-0.649821	22.2733171337	Atom	
913.775	1484.47	-4688.98	0.0640656	-0.694482	-0.716652	22.2232734131	Atom	
913.835	1483.82	-4689.66	0.0341244	-0.723282	-0.689709	22.220740677	Atom	
914.108	1478.03	-4695.18	-0.059359	-0.735793	-0.6746	22.1991258287	Atom	
914.003	1476.73	-4696.37	-0.10437	-0.743967	-0.660015	22.1943345247	Atom	
910.915	1454.72	-4715.9	-0.102584	-0.731501	-0.674079	22.1143560785	Atom	
910.505	1451.8	-4718.59	-0.0895165	-0.745287	-0.660707	22.1035265125	Atom	
907.77	1429.02	-4738.78	-0.0500842	-0.816718	-0.574859	22.0206456319	Atom	
907.625	1426.67	-4740.44	-0.067716	-0.815984	-0.574094	22.012808653	Atom	
907.194	1421.47	-4744.1	-0.0697901	-0.815471	-0.574575	21.9954744235	Atom	
907.159	1421.06	-4744.39	-0.0521526	-0.81277	-0.580246	21.9940965561	Atom	
906.529	1411.24	-4751.39	0.00482972	-0.827091	-0.562047	21.961215318	Atom	
906.531	1410.81	-4751.69	0.0464245	-0.818469	-0.572672	21.9597782726	Atom	
907.524	1393.3	-4763.94	0.147731	-0.743541	-0.652167	21.9014647531	Atom	
909.131	1385.21	-4771.03	0.151322	-0.687316	-0.710422	21.8717631107	Atom	
910.656	1378.28	-4778.19	0.172587	-0.690525	-0.702417	21.8441944585	Atom	
914.528	1362.79	-4793.95	-0.0662218	-0.855766	-0.513107	21.7827793353	Atom	
914.402	1361.17	-4794.93	-0.0456204	-0.853303	-0.519415	21.7775643714	Atom	
913.092	1336.65	-4809.85	-0.0150589	-0.798196	-0.60221	21.6987257274	Atom	
912.898	1326.39	-4817.59	-0.0340645	-0.806878	-0.589735	21.6633707789	Atom	
912.042	1306.11	-4832.42	-0.0122642	-0.807266	-0.590061	21.5941022039	Atom	
911.93	1298.75	-4837.8	-0.0165048	-0.80409	-0.594279	21.5689138811	Atom	
911.806	1292.71	-4842.26	0.00504793	-0.791398	-0.61128	21.5481571839	Atom	
911.831	1288.76	-4845.31	0.139308	-0.745889	-0.651339	21.5343367683	Atom	
914.466	1274.65	-4857.63	0.178578	-0.70329	-0.688108	21.4819777662	Atom	
915.161	1271.91	-4860.31	0.161053	-0.728667	-0.665662	21.4711902141	Atom	
917.48	1261.42	-4869.9	0.175809	-0.686	-0.706042	21.4312271258	Atom	
921.43	1246.01	-4885.76	0.0626665	-0.651177	-0.756334	21.3688055625	Atom	
922.236	1237.63	-4895.49	0.0927242	-0.634607	-0.767253	21.332983248	Atom	
928.466	1194.99	-4947.04	0.105452	-0.643156	-0.758439	21.1456054767	Atom	
928.785	1193.05	-4949.33	0.0867227	-0.625612	-0.775299	21.1371267268	Atom	
928.874	1192.4	-4950.13	0.00218574	-0.666483	-0.745517	21.1342267898	Atom	
928.987	1158.08	-4988.53	-0.473998	-0.879809	0.0355211	20.9895386324	Atom	
924.147	1149.09	-4988.16	-0.425789	-0.904812	-0.00436301	20.9606980656	Atom	
924.102	1149	-4988.16	-0.417039	-0.908763	-0.0151018	20.9604031823	Atom	
923.763	1148.26	-4988.18	-0.422096	-0.848253	-0.319845	20.9581028041	Atom	
920.455	1141.61	-4990.68	-0.389884	-0.838578	-0.380498	20.9359381929	Atom	
918.386	1137.16	-4992.7	-0.432	-0.82784	-0.357852	20.9209255351	Atom	
918.005	1136.43	-4993.02	-0.634315	-0.63785	-0.436797	20.9184246921	Atom	
915.255	1133.66	-4994.91	-0.724525	-0.519326	-0.453172	20.9061487474	Atom	
912.83	1131.93	-4996.43	-0.714878	-0.490557	-0.498301	20.8966656235	Atom	
907.705	1128.41	-5000	-0.714878	-0.490557	-0.498301	20.8763485405	Region	
"-----------------------------------------------------------------"
"Trajectory"	19

"NbCollisions"	611
"Zmax"	0
"Display"	256

"Collisions"

"X"	"Y"	"Z"	"Rx"	"Ry"	"Rz"	"Energy"	"CollisionType"	
0.256635	-0.0647379	-5000	2.34772e-007	3.06727e-006	1	30	Region	
0.256644	-0.0646168	-4960.51	0.0317298	0.0267849	0.999138	29.9159193051	Atom	
1.17363	0.70946	-4931.63	0.0121324	-0.0124313	0.999849	29.8542509036	Atom	
2.10111	-0.240871	-4855.2	0.138831	-0.0150905	0.990201	29.6908548036	Atom	
2.28368	-0.260716	-4853.9	0.112698	-0.733763	0.669993	29.6880316913	Atom	
4.97615	-17.7911	-4837.89	0.117014	-0.732714	0.670401	29.6367390314	Atom	
10.176	-50.3514	-4808.1	0.262286	-0.761979	0.59211	29.5412015258	Atom	
11.082	-52.9834	-4806.05	0.25959	-0.771352	0.581058	29.5337563162	Atom	
13.1494	-59.1265	-4801.43	0.22806	-0.762449	0.605525	29.5165867959	Atom	
16.2375	-69.4508	-4793.23	0.226291	-0.753041	0.617837	29.4873804549	Atom	
18.2539	-76.1609	-4787.72	0.126887	-0.740233	0.660269	29.4681458495	Atom	
21.6297	-95.8546	-4770.15	0.107793	-0.732692	0.671969	29.4106873287	Atom	
22.6305	-102.657	-4763.92	0.0875839	-0.741894	0.664772	29.3906053313	Atom	
23.1052	-106.679	-4760.31	-0.0834274	-0.774371	0.627208	29.3788733307	Atom	
22.966	-107.971	-4759.27	-0.0756294	-0.787012	0.612285	29.3752604423	Atom	
21.9471	-118.574	-4751.02	-0.122149	-0.780416	0.613214	29.3460897422	Atom	
21.0686	-124.187	-4746.61	-0.236872	-0.772708	0.588909	29.3305053054	Atom	
7.96698	-166.926	-4714.03	-0.247418	-0.769319	0.58901	29.2106027384	Atom	
7.28128	-169.058	-4712.4	-0.222963	-0.754406	0.617381	29.2045751958	Atom	
3.03951	-183.41	-4700.66	-0.225356	-0.744689	0.628215	29.1631920335	Atom	
2.60305	-184.853	-4699.44	-0.251407	-0.749289	0.612667	29.1589743732	Atom	
-0.855224	-195.16	-4691.01	-0.242121	-0.764362	0.597601	29.1290150322	Atom	
-3.41017	-203.225	-4684.71	-0.275788	-0.756949	0.592427	29.106013657	Atom	
-13.5288	-230.998	-4662.97	-0.271915	-0.710505	0.649034	29.0259885577	Atom	
-17.1162	-240.372	-4654.41	-0.332298	-0.661219	0.672582	28.9971497502	Atom	
-18.8422	-243.806	-4650.91	-0.340579	-0.662133	0.667522	28.9857866506	Atom	
-34.9853	-275.19	-4619.27	-0.377345	-0.674203	0.634871	28.8820622727	Atom	
-40.3108	-284.706	-4610.31	-0.32312	-0.661197	0.677061	28.851089678	Atom	
-42.0431	-288.25	-4606.68	-0.412075	-0.583088	0.700145	28.839313888	Atom	
-58.181	-311.086	-4579.26	-0.404715	-0.586127	0.701898	28.7532670231	Atom	
-62.1217	-316.793	-4572.43	-0.467266	-0.578289	0.668764	28.7318220865	Atom	
-62.8796	-317.731	-4571.34	-0.461898	-0.594325	0.658352	28.7282474136	Atom	
-65.8344	-321.533	-4567.13	-0.48393	-0.631753	0.605558	28.7141484477	Atom	
-67.6871	-323.951	-4564.81	-0.475727	-0.623665	0.620263	28.7057075147	Atom	
-74.1875	-332.473	-4556.34	-0.486636	-0.638488	0.596253	28.6755738279	Atom	
-88.1947	-350.851	-4539.18	-0.622764	-0.687619	0.37329	28.6120430512	Atom	
-89.3998	-352.182	-4538.45	-0.622669	-0.668241	0.407109	28.6077645059	Atom	
-95.1052	-358.305	-4534.72	-0.583653	-0.658345	0.475322	28.5875022696	Atom	
-119.792	-386.151	-4514.62	-0.552481	-0.659958	0.509137	28.4939162133	Atom	
-132.186	-400.955	-4503.2	-0.753022	-0.322073	0.573783	28.4441526903	Atom	
-140.488	-404.506	-4496.87	-0.748168	-0.31345	0.584803	28.4196607616	Atom	
-143.192	-405.639	-4494.76	-0.759348	-0.329697	0.560972	28.4116252251	Atom	
-152.342	-409.612	-4488	-0.759604	-0.323993	0.563942	28.3848337865	Atom	
-155.361	-410.9	-4485.76	-0.776265	-0.204629	0.596271	28.3759893399	Atom	
-157.628	-411.497	-4484.02	-0.741346	-0.197974	0.641259	28.369489122	Atom	
-170.93	-415.049	-4472.51	-0.694685	-0.32293	0.642751	28.3295463754	Atom	
-195.607	-426.521	-4449.68	-0.693862	-0.340612	0.63446	28.2503798234	Atom	
-202.657	-429.982	-4443.23	-0.704154	-0.310952	0.638339	28.2276844217	Atom	
-208.122	-432.395	-4438.28	-0.679698	-0.264713	0.68406	28.2103380408	Atom	
-209.717	-433.016	-4436.67	-0.700768	-0.221558	0.678113	28.2050911715	Atom	
-215.206	-434.752	-4431.36	-0.679523	-0.266557	0.683517	28.1875743994	Atom	
-217.863	-435.794	-4428.69	-0.641446	-0.192802	0.742545	28.1788238913	Atom	
-226.18	-438.294	-4419.06	-0.655694	-0.290358	0.696963	28.1498055605	Atom	
-232.995	-441.312	-4411.82	-0.577738	-0.350064	0.737343	28.126524513	Atom	
-239.385	-445.184	-4403.66	-0.593917	-0.365546	0.716686	28.1017326295	Atom	
-275.368	-467.33	-4360.24	-0.600275	-0.39031	0.698088	27.965841453	Atom	
-309.857	-489.756	-4320.13	-0.641372	-0.266938	0.719295	27.8364701365	Atom	
-311.219	-490.323	-4318.6	-0.597276	-0.202312	0.7761	27.8316706974	Atom	
-311.38	-490.377	-4318.39	-0.594632	-0.200044	0.778714	27.831061681	Atom	
-318.126	-492.647	-4309.56	-0.59841	-0.227276	0.768278	27.805420386	Atom	
-332.602	-498.145	-4290.97	-0.595842	-0.283668	0.751335	27.7506986093	Atom	
-341.727	-502.489	-4279.47	-0.654658	-0.287069	0.699295	27.7160030446	Atom	
-360.531	-510.735	-4259.38	-0.662199	-0.274717	0.697154	27.6508644531	Atom	
-363.866	-512.118	-4255.87	-0.787773	0.118216	0.604515	27.6394225873	Atom	
-385.745	-508.835	-4239.08	-0.937342	-0.0178476	0.347953	27.5763015461	Atom	
-390.635	-508.928	-4237.27	-0.93776	-0.0343791	0.345579	27.5644208982	Atom	
-406.745	-509.519	-4231.33	-0.934916	-0.0378809	0.352841	27.5252921972	Atom	
-434.489	-510.643	-4220.86	-0.919045	-0.14269	0.367418	27.4576254413	Atom	
-437.729	-511.146	-4219.56	-0.907957	-0.149339	0.391551	27.4495698594	Atom	
-444.262	-512.22	-4216.75	-0.913672	-0.14331	0.38035	27.4331263949	Atom	
-449.889	-513.103	-4214.4	-0.90199	-0.188484	0.388443	27.4190471019	Atom	
-466.501	-516.574	-4207.25	-0.912129	-0.225717	0.342159	27.3769197	Atom	
-469.58	-517.336	-4206.1	-0.91478	-0.197867	0.352174	27.3691898956	Atom	
-502.086	-524.367	-4193.58	-0.912839	-0.193136	0.359755	27.2877949728	Atom	
-505.886	-525.171	-4192.08	-0.765714	-0.414473	0.491826	27.2782374232	Atom	
-532.563	-539.611	-4174.95	-0.766601	-0.353848	0.53583	27.1982221034	Atom	
-565.07	-554.616	-4152.23	-0.762164	-0.34386	0.548513	27.10060727	Atom	
-566.648	-555.328	-4151.09	-0.761161	-0.357138	0.541374	27.0958255324	Atom	
-581.178	-562.145	-4140.76	-0.820145	-0.338276	0.461445	27.0517506798	Atom	
-585.681	-564.003	-4138.22	-0.911326	-0.21892	0.348652	27.0390564811	Atom	
-604.942	-568.63	-4130.85	-0.916624	-0.197911	0.347321	26.9901750942	Atom	
-613.957	-570.576	-4127.44	-0.919334	-0.178535	0.350643	26.967394419	Atom	
-620.42	-571.831	-4124.97	-0.971572	-0.162383	0.172279	26.9511017986	Atom	
-628.414	-573.167	-4123.56	-0.959571	-0.158954	0.232289	26.9320233484	Atom	
-628.824	-573.235	-4123.46	-0.950679	-0.165667	0.262229	26.9310309941	Atom	
-642.735	-575.659	-4119.62	-0.934538	-0.214955	0.283606	26.8970814929	Atom	
-654.185	-578.293	-4116.14	-0.948021	-0.154894	0.277962	26.8686255421	Atom	
-669.111	-580.732	-4111.77	-0.949597	-0.156164	0.271808	26.8320292177	Atom	
-720.623	-589.203	-4097.02	-0.950989	-0.155408	0.267336	26.7058004833	Atom	
-750.732	-594.123	-4088.56	-0.971161	-0.110434	0.211309	26.6318499511	Atom	
-761.044	-595.296	-4086.32	-0.993287	-0.0220392	0.113553	26.6069953326	Atom	
-767.32	-595.435	-4085.6	-0.98851	-0.0416773	0.145297	26.5921924417	Atom	
-771.733	-595.621	-4084.95	-0.970561	-0.194699	0.141785	26.5817307073	Atom	
-774.698	-596.216	-4084.52	-0.972725	-0.161573	0.166434	26.5745691188	Atom	
-789.454	-598.667	-4081.99	-0.967574	-0.142665	0.208442	26.5389990581	Atom	
-791.359	-598.948	-4081.58	-0.96105	-0.133941	0.24175	26.5343756143	Atom	
-804.739	-600.813	-4078.22	-0.957627	-0.19906	0.208146	26.5016918365	Atom	
-814.968	-602.939	-4075.99	-0.942762	-0.255794	0.213939	26.4765912317	Atom	
-846.951	-611.617	-4068.74	-0.953468	-0.228015	0.197249	26.3968075685	Atom	
-857.799	-614.211	-4066.49	-0.958853	-0.220417	0.178931	26.3699873348	Atom	
-862.189	-615.22	-4065.67	-0.946769	-0.292785	0.133811	26.3591862433	Atom	
-868.75	-617.249	-4064.74	-0.936907	-0.349384	-0.0116736	26.3428312156	Atom	
-875.208	-619.657	-4064.82	-0.942293	-0.327597	-0.0690198	26.3265562982	Atom	
-877.486	-620.449	-4064.99	-0.949076	-0.311078	-0.0498487	26.3208443742	Atom	
-915.461	-632.897	-4066.99	-0.962582	-0.248067	-0.109077	26.226303435	Atom	
-938.829	-638.919	-4069.63	-0.95536	-0.266593	-0.127338	26.1687803522	Atom	
-942.996	-640.081	-4070.19	-0.916128	-0.353195	-0.189638	26.1584271239	Atom	
-949.753	-642.686	-4071.59	-0.923185	-0.339822	-0.179582	26.1409168064	Atom	
-967.229	-649.119	-4074.99	-0.84079	-0.537205	-0.0669561	26.0959445258	Atom	
-971.626	-651.929	-4075.34	-0.863022	-0.46936	0.186801	26.0835023606	Atom	
-985.003	-659.204	-4072.44	-0.867618	-0.46144	0.185235	26.0466173429	Atom	
-987.926	-660.758	-4071.82	-0.887866	-0.40335	0.221367	26.0385895278	Atom	
-1030.03	-679.884	-4061.32	-0.873072	-0.434933	0.220405	25.9255923151	Atom	
-1033.75	-681.738	-4060.38	-0.877998	-0.429514	0.211275	25.9153980414	Atom	
-1049.26	-689.328	-4056.65	-0.803722	-0.594988	-0.00460181	25.8731275709	Atom	
-1062.65	-699.238	-4056.73	-0.569183	-0.822114	-0.0126306	25.8332343643	Atom	
-1066.52	-704.823	-4056.81	-0.621179	-0.78188	-0.0529203	25.8169440985	Atom	
-1069.45	-708.516	-4057.06	-0.677824	-0.734457	-0.0335784	25.8056129654	Atom	
-1108.64	-750.978	-4059	-0.432128	-0.898892	-0.0725162	25.6668544735	Atom	
-1130.29	-796.01	-4062.64	-0.464651	-0.876884	-0.12318	25.5461006575	Atom	
-1145.23	-824.215	-4066.6	-0.435854	-0.891714	-0.121972	25.4682815746	Atom	
-1148.75	-831.405	-4067.58	-0.530909	-0.836227	-0.13733	25.4487254619	Atom	
-1162.4	-852.915	-4071.11	-0.521214	-0.837951	-0.161782	25.3863048083	Atom	
-1169.51	-864.334	-4073.32	-0.525656	-0.831265	-0.180786	25.3531719103	Atom	
-1173.77	-871.07	-4074.78	-0.527263	-0.830672	-0.178823	25.3334480171	Atom	
-1195.09	-904.665	-4082.02	-0.50266	-0.843339	-0.190033	25.2349517915	Atom	
-1204.93	-921.181	-4085.74	-0.390011	-0.875266	-0.286009	25.1871066036	Atom	
-1219.21	-953.228	-4096.21	-0.395214	-0.882685	-0.25431	25.0975242532	Atom	
-1231.21	-980.027	-4103.93	-0.338223	-0.908854	-0.244109	25.0230334992	Atom	
-1246.12	-1020.09	-4114.69	-0.385077	-0.894285	-0.227971	24.9146226533	Atom	
-1246.63	-1021.28	-4114.99	-0.484708	-0.84542	-0.22433	24.9113536147	Atom	
-1260.16	-1044.87	-4121.25	-0.414901	-0.883687	-0.216689	24.8424609189	Atom	
-1264.77	-1054.69	-4123.66	-0.412183	-0.884409	-0.218921	24.814974773	Atom	
-1267.27	-1060.05	-4124.99	-0.216847	-0.886642	-0.408465	24.7999856998	Atom	
-1275.27	-1092.78	-4140.07	-0.219736	-0.88005	-0.420985	24.7085478892	Atom	
-1276.43	-1097.41	-4142.28	-0.141927	-0.836472	-0.529311	24.6954830658	Atom	
-1278.1	-1107.24	-4148.5	-0.123854	-0.82171	-0.556285	24.6662848583	Atom	
-1278.64	-1110.84	-4150.94	-0.16565	-0.828842	-0.534398	24.6553805414	Atom	
-1284.82	-1141.74	-4170.86	-0.166517	-0.837047	-0.521176	24.5626074362	Atom	
-1289.16	-1163.57	-4184.45	-0.196266	-0.853041	-0.483529	24.4975425182	Atom	
-1291.03	-1171.69	-4189.06	-0.20702	-0.858576	-0.46903	24.4737161248	Atom	
-1293.57	-1182.26	-4194.83	-0.297673	-0.763661	-0.572899	24.4429179445	Atom	
-1294.45	-1184.5	-4196.51	-0.321601	-0.764009	-0.559342	24.4355546764	Atom	
-1305.24	-1210.14	-4215.28	-0.278111	-0.781929	-0.55789	24.3514550649	Atom	
-1316.18	-1240.9	-4237.23	-0.272564	-0.789472	-0.549947	24.2525956057	Atom	
-1316.62	-1242.18	-4238.12	-0.235536	-0.706551	-0.667314	24.2485282752	Atom	
-1321.18	-1255.86	-4251.04	-0.238161	-0.706175	-0.666781	24.1997076967	Atom	
-1328.16	-1276.55	-4270.57	-0.239058	-0.653072	-0.718574	24.1257349824	Atom	
-1328.29	-1276.89	-4270.95	-0.210101	-0.675268	-0.707015	24.1243957254	Atom	
-1331.02	-1285.69	-4280.16	0.380931	-0.914909	-0.13354	24.0914184722	Atom	
-1328.05	-1292.82	-4281.21	0.410337	-0.903864	-0.121055	24.0716555516	Atom	
-1321.11	-1308.11	-4283.25	0.458835	-0.880338	-0.120314	24.0287742254	Atom	
-1320.55	-1309.18	-4283.4	0.540085	-0.841611	0.000374778	24.0256699873	Atom	
-1319.6	-1310.67	-4283.4	0.602117	-0.792038	0.100655	24.021170382	Atom	
-1318.58	-1312.01	-4283.23	0.607943	-0.783861	0.126362	24.0168840843	Atom	
-1314.08	-1317.81	-4282.3	0.549028	-0.821093	0.156124	23.9980941102	Atom	
-1312.66	-1319.94	-4281.89	0.544989	-0.824877	0.150218	23.9915057005	Atom	
-1310.66	-1322.97	-4281.34	0.544402	-0.782281	0.302758	23.982148134	Atom	
-1299.7	-1338.71	-4275.25	0.543942	-0.780894	0.307135	23.930979144	Atom	
-1299.26	-1339.34	-4275	0.570047	-0.77878	0.261818	23.9289218756	Atom	
-1295.68	-1344.24	-4273.35	0.562626	-0.762281	0.31997	23.9128922547	Atom	
-1289.3	-1352.88	-4269.72	0.577267	-0.749777	0.323415	23.8840019204	Atom	
-1283.23	-1360.77	-4266.32	0.557575	-0.767202	0.317035	23.8571698939	Atom	
-1254.53	-1400.26	-4250	0.519605	-0.805465	0.285022	23.7256990587	Atom	
-1247.21	-1411.6	-4245.99	0.5289	-0.791709	0.305715	23.6895817957	Atom	
-1244.93	-1415.02	-4244.67	0.518337	-0.800182	0.301721	23.678493496	Atom	
-1243.1	-1417.84	-4243.61	0.51076	-0.812897	0.279862	23.6694382074	Atom	
-1233.44	-1433.21	-4238.32	0.481503	-0.828483	0.285957	23.6208649718	Atom	
-1220.82	-1454.93	-4230.82	0.513443	-0.782031	0.353276	23.5533712493	Atom	
-1220.02	-1456.14	-4230.27	0.469644	-0.809131	0.353187	23.549376344	Atom	
-1218.23	-1459.23	-4228.92	0.453683	-0.741014	0.495045	23.5395356571	Atom	
-1215.89	-1463.06	-4226.37	0.516497	-0.709783	0.478997	23.526203865	Atom	
-1213.79	-1465.94	-4224.42	0.479393	-0.726127	0.492872	23.5157100765	Atom	
-1212.95	-1467.21	-4223.56	0.413684	-0.681656	0.603499	23.5111796502	Atom	
-1207.37	-1476.41	-4215.41	0.404107	-0.6846	0.606647	23.4763209373	Atom	
-1205.86	-1478.96	-4213.16	0.458105	-0.714991	0.528137	23.4667036936	Atom	
-1177.32	-1523.51	-4180.25	0.475824	-0.774598	0.416641	23.3054757153	Atom	
-1173.74	-1529.33	-4177.12	0.468942	-0.771972	0.42913	23.2859327574	Atom	
-1170.02	-1535.45	-4173.71	0.605537	-0.707971	0.363457	23.2652909589	Atom	
-1166.56	-1539.5	-4171.63	0.678172	-0.652615	0.3379	23.2503977684	Atom	
-1162.73	-1543.18	-4169.73	0.679835	-0.662262	0.315014	23.2356880197	Atom	
-1151.72	-1553.91	-4164.62	0.694319	-0.673913	0.252514	23.1934444927	Atom	
-1138.48	-1566.77	-4159.81	0.711588	-0.648744	0.269766	23.1436450064	Atom	
-1101.63	-1600.36	-4145.84	0.721725	-0.638517	0.267225	23.0082061563	Atom	
-1086.25	-1613.97	-4140.14	0.720045	-0.640999	0.265812	22.9521924682	Atom	
-1084.47	-1615.55	-4139.49	0.737676	-0.631599	0.238571	22.9456801427	Atom	
-1074.98	-1623.68	-4136.42	0.749822	-0.621709	0.226373	22.9117979955	Atom	
-1067.1	-1630.21	-4134.04	0.708681	-0.669667	0.222073	22.8841096881	Atom	
-1060.07	-1636.85	-4131.84	0.656715	-0.652876	0.377463	22.8579335803	Atom	
-1029.3	-1667.44	-4114.15	0.63876	-0.698374	0.322891	22.7341720283	Atom	
-1003.78	-1695.34	-4101.25	0.67165	-0.67955	0.295124	22.6281877112	Atom	
-1001.82	-1697.33	-4100.39	0.669305	-0.710373	0.21772	22.6204003565	Atom	
-997.224	-1702.21	-4098.89	0.668906	-0.704986	0.235711	22.6021146434	Atom	
-995.346	-1704.19	-4098.23	0.60718	-0.776779	0.167176	22.5946327584	Atom	
-985.221	-1717.14	-4095.44	0.62116	-0.765104	0.169635	22.5501806588	Atom	
-979.684	-1723.96	-4093.93	0.695432	-0.699601	0.164112	22.5263818219	Atom	
-970.245	-1733.46	-4091.7	0.744971	-0.648677	0.155681	22.4901152796	Atom	
-969.151	-1734.41	-4091.47	0.732687	-0.667569	0.13237	22.4861863248	Atom	
-968.131	-1735.34	-4091.29	0.72459	-0.670255	0.160401	22.4824631461	Atom	
-961.105	-1741.84	-4089.74	0.738063	-0.63911	0.216337	22.4565155066	Atom	
-959.222	-1743.47	-4089.18	0.791486	-0.545454	0.275735	22.4496789348	Atom	
-942.311	-1755.12	-4083.29	0.795368	-0.53994	0.275416	22.3924381989	Atom	
-937.061	-1758.69	-4081.47	0.801114	-0.522217	0.292413	22.3747157089	Atom	
-936.285	-1759.19	-4081.19	0.792473	-0.526383	0.308071	22.3721158398	Atom	
-923.355	-1767.78	-4076.16	0.795906	-0.525645	0.300385	22.3282838678	Atom	
-910.445	-1776.31	-4071.29	0.793203	-0.512391	0.329067	22.2846407849	Atom	
-885.547	-1792.39	-4060.96	0.740107	-0.609148	0.28492	22.2000553564	Atom	
-872.056	-1803.49	-4055.77	0.707937	-0.620489	0.337371	22.1507848706	Atom	
-871.637	-1803.86	-4055.57	0.698901	-0.636295	0.326598	22.1491845013	Atom	
-862.368	-1812.3	-4051.24	0.674888	-0.641585	0.364547	22.113274412	Atom	
-836.76	-1836.64	-4037.41	0.676723	-0.626254	0.387106	22.0104031653	Atom	
-830.084	-1842.82	-4033.59	0.691752	-0.62474	0.362187	21.9835573857	Atom	
-828.217	-1844.51	-4032.61	0.676669	-0.637343	0.368663	21.9762066356	Atom	
-812.933	-1858.9	-4024.28	0.698709	-0.5774	0.422391	21.9146706518	Atom	
-799.597	-1869.92	-4016.22	0.657024	-0.632095	0.410824	21.8625547006	Atom	
-780.047	-1888.73	-4004	0.601828	-0.638107	0.480231	21.7811569063	Atom	
-777.314	-1891.63	-4001.82	0.610538	-0.632629	0.476469	21.7686992479	Atom	
-763.924	-1905.51	-3991.37	0.562476	-0.694004	0.449421	21.708501156	Atom	
-761.798	-1908.13	-3989.67	0.497191	-0.758086	0.422027	21.6981027054	Atom	
-760.564	-1910.01	-3988.62	0.414043	-0.815056	0.405281	21.6912746067	Atom	
-757.551	-1915.94	-3985.67	0.479234	-0.589312	0.650419	21.6712424447	Atom	
-751.02	-1923.97	-3976.81	0.469838	-0.59552	0.651619	21.6337092893	Atom	
-743.183	-1933.91	-3965.94	0.437162	-0.667783	0.602458	21.5876997549	Atom	
-738.908	-1940.44	-3960.05	0.514593	-0.688015	0.511693	21.560682149	Atom	
-730.859	-1951.2	-3952.04	0.552342	-0.67431	0.490128	21.5174258743	Atom	
-722.602	-1961.28	-3944.72	0.533127	-0.80425	-0.262599	21.4760148698	Atom	
-714.851	-1972.97	-3948.53	0.516103	-0.808823	-0.281857	21.4356823536	Atom	
-714.373	-1973.72	-3948.79	0.523288	-0.813263	-0.254505	21.433112837	Atom	
-712.026	-1977.37	-3949.94	0.541234	-0.753914	-0.372397	21.4206501537	Atom	
-702.257	-1990.97	-3956.66	0.545945	-0.732163	-0.407286	21.370477165	Atom	
-682.739	-2017.15	-3971.22	0.618758	-0.715144	-0.325126	21.2709166556	Atom	
-669.763	-2032.15	-3978.04	0.474341	-0.790781	-0.386866	21.2123001867	Atom	
-666.768	-2037.14	-3980.48	0.474187	-0.786171	-0.396335	21.1946103266	Atom	
-666.656	-2037.33	-3980.57	0.504784	-0.76682	-0.39646	21.1939507473	Atom	
-659.085	-2048.83	-3986.52	0.406865	-0.829201	-0.383258	21.1519103141	Atom	
-654.886	-2057.39	-3990.47	0.495035	-0.75797	-0.42476	21.122935703	Atom	
-654.143	-2058.52	-3991.11	0.487259	-0.762328	-0.425952	21.1187160244	Atom	
-625.094	-2103.97	-4016.51	0.48967	-0.739697	-0.461596	20.9511418543	Atom	
-618.216	-2114.36	-4022.99	0.498984	-0.700832	-0.509753	20.9114118159	Atom	
-602.868	-2135.92	-4038.67	0.512717	-0.684407	-0.51837	20.8242816495	Atom	
-596.562	-2144.33	-4045.04	0.489896	-0.661115	-0.568268	20.7893298016	Atom	
-592.978	-2149.17	-4049.2	0.499923	-0.666127	-0.55349	20.7685106857	Atom	
-587.31	-2156.72	-4055.48	0.510871	-0.647683	-0.565259	20.7362237832	Atom	
-583.949	-2160.99	-4059.2	0.562222	-0.644201	-0.518567	20.7174617433	Atom	
-582.899	-2162.19	-4060.16	0.545059	-0.659125	-0.518136	20.7121330998	Atom	
-568.469	-2179.64	-4073.88	0.484081	-0.610443	-0.626917	20.6365776977	Atom	
-566.066	-2182.67	-4076.99	0.417516	-0.708406	-0.569071	20.6223667317	Atom	
-560.643	-2191.87	-4084.39	0.400962	-0.721624	-0.564348	20.5851696936	Atom	
-543.914	-2221.98	-4107.93	0.390881	-0.750534	-0.532833	20.4655209351	Atom	
-543.329	-2223.1	-4108.73	0.376361	-0.751392	-0.541998	20.4612086983	Atom	
-542.999	-2223.76	-4109.2	0.347009	-0.754379	-0.557223	20.4586878649	Atom	
-537.841	-2234.97	-4117.49	0.674802	-0.469688	-0.569241	20.4158559353	Atom	
-535.455	-2236.63	-4119.5	0.693445	-0.453182	-0.560142	20.4056486487	Atom	
-522.999	-2244.77	-4129.56	0.681883	-0.469514	-0.560885	20.3537814532	Atom	
-515.336	-2250.05	-4135.86	0.661953	-0.511304	-0.548076	20.3212696338	Atom	
-500.296	-2261.67	-4148.32	0.672078	-0.470078	-0.572134	20.2554479619	Atom	
-474.635	-2279.61	-4170.16	0.692147	-0.455812	-0.559614	20.1445595289	Atom	
-468.979	-2283.34	-4174.73	0.704887	-0.5376	-0.462732	20.1207257451	Atom	
-460.314	-2289.95	-4180.42	0.707555	-0.44169	-0.551611	20.0848379495	Atom	
-459.856	-2290.23	-4180.78	0.746762	-0.588206	-0.310419	20.0829472643	Atom	
-439.459	-2306.3	-4189.26	0.848988	-0.513685	-0.123881	20.0030894146	Atom	
-432.402	-2310.57	-4190.29	0.857495	-0.502537	-0.110267	19.9787082489	Atom	
-424.621	-2315.13	-4191.29	0.838467	-0.533247	-0.112337	19.9520732932	Atom	
-423.895	-2315.59	-4191.39	0.845302	-0.52834	-0.0795057	19.9495286483	Atom	
-422.292	-2316.59	-4191.54	0.840841	-0.527433	-0.121657	19.943952353	Atom	
-418.452	-2319	-4192.09	0.900201	-0.421642	-0.108888	19.9305281148	Atom	
-413.637	-2321.26	-4192.67	0.897574	-0.418747	-0.137886	19.9147963188	Atom	
-400.793	-2327.25	-4194.65	0.899928	-0.431575	-0.0622264	19.8726831804	Atom	
-396.13	-2329.49	-4194.97	0.913904	-0.39581	-0.0900722	19.8574105259	Atom	
-389.612	-2332.31	-4195.61	0.80133	-0.502181	-0.32509	19.836372369	Atom	
-382.288	-2336.9	-4198.58	0.801072	-0.508355	-0.316006	19.8093922083	Atom	
-381.791	-2337.21	-4198.78	0.816238	-0.476971	-0.325967	19.8075593442	Atom	
-362.231	-2348.64	-4206.59	0.800976	-0.504568	-0.322255	19.7367342601	Atom	
-360.537	-2349.71	-4207.27	0.808331	-0.488772	-0.328181	19.7304685771	Atom	
-340.627	-2361.75	-4215.36	0.80809	-0.518957	-0.278699	19.6574500112	Atom	
-333.258	-2366.48	-4217.9	-0.631024	0.749826	0.198921	19.6303389464	Atom	
-337.929	-2360.93	-4216.42	-0.628051	0.722291	0.289564	19.6083061797	Atom	
-353.421	-2343.12	-4209.28	-0.637361	0.69919	0.32389	19.5348313632	Atom	
-388.825	-2304.28	-4191.29	-0.635457	0.698978	0.328061	19.3688766996	Atom	
-400.729	-2291.18	-4185.15	-0.434376	0.744554	0.506909	19.3125338661	Atom	
-423.62	-2251.95	-4158.43	-0.423106	0.761025	0.491754	19.153680911	Atom	
-438.613	-2224.98	-4141.01	-0.447107	0.760638	0.470664	19.0461775622	Atom	
-439.128	-2224.1	-4140.46	-0.418477	0.793129	0.44252	19.0426664627	Atom	
-452.29	-2199.16	-4126.55	-0.408018	0.752307	0.517258	18.9468138983	Atom	
-454.565	-2194.96	-4123.66	-0.38807	0.769411	0.507355	18.9297481653	Atom	
-455.655	-2192.8	-4122.24	-0.332537	0.751423	0.569896	18.9211494463	Atom	
-457.826	-2187.9	-4118.52	-0.294651	0.770337	0.565475	18.9011580913	Atom	
-459.049	-2184.7	-4116.17	-0.289009	0.705772	0.646807	18.8884319589	Atom	
-459.183	-2184.37	-4115.87	-0.286287	0.718304	0.634097	18.8870136703	Atom	
-462.489	-2176.08	-4108.55	-0.250417	0.726331	0.640105	18.8515904086	Atom	
-466.74	-2163.75	-4097.68	-0.143871	0.738815	0.658371	18.799449865	Atom	
-471.144	-2141.13	-4077.53	-0.0211385	0.740604	0.671609	18.7052237235	Atom	
-471.166	-2140.37	-4076.84	0.0383541	0.72565	0.686994	18.7020338304	Atom	
-471.076	-2138.68	-4075.24	0.0731719	0.746965	0.660825	18.6948377907	Atom	
-470.957	-2137.46	-4074.16	0.0932879	0.733774	0.672958	18.6898000509	Atom	
-470.768	-2135.98	-4072.8	0.108511	0.734504	0.669872	18.6835453042	Atom	
-469.974	-2130.6	-4067.9	0.131722	0.743377	0.655774	18.6609153058	Atom	
-469.801	-2129.62	-4067.03	0.0882989	0.715427	0.693086	18.6568283218	Atom	
-469.179	-2124.59	-4062.15	0.0726368	0.717189	0.693083	18.6350375803	Atom	
-468.152	-2114.44	-4052.35	0.103129	0.700528	0.706134	18.5912005224	Atom	
-465.891	-2099.08	-4036.87	0.0172963	0.686067	0.727333	18.5231207621	Atom	
-465.641	-2089.16	-4026.35	-0.0677485	0.681119	0.729032	18.4780839727	Atom	
-465.754	-2088.02	-4025.13	-0.208369	0.640892	0.73881	18.4728640265	Atom	
-465.984	-2087.31	-4024.32	-0.260098	0.607569	0.750473	18.4694202033	Atom	
-470.141	-2077.6	-4012.32	-0.328259	0.671487	0.664342	18.4195407562	Atom	
-476.632	-2064.33	-3999.18	-0.190549	0.967023	0.168992	18.3576949943	Atom	
-480.431	-2045.05	-3995.82	-0.0997872	0.927743	0.359633	18.295177898	Atom	
-480.49	-2044.5	-3995.6	-0.0978279	0.933427	0.345171	18.2933202962	Atom	
-480.738	-2042.13	-3994.73	-0.100485	0.935633	0.338369	18.2853337371	Atom	
-480.759	-2041.93	-3994.65	-0.049358	0.957616	0.283786	18.2846724124	Atom	
-481.116	-2035.01	-3992.6	-0.0583029	0.961815	0.267418	18.2619231122	Atom	
-482.588	-2010.73	-3985.85	-0.0322036	0.970288	0.239801	18.1824521464	Atom	
-482.694	-2007.53	-3985.06	-0.0374077	0.970075	0.239905	18.1720485216	Atom	
-485.334	-1939.06	-3968.13	-0.104766	0.978167	0.17948	17.948960095	Atom	
-485.57	-1936.86	-3967.73	-0.051095	0.983057	0.176035	17.9417848862	Atom	
-485.778	-1932.86	-3967.01	-0.0559241	0.987335	0.148468	17.9287818938	Atom	
-487.641	-1899.97	-3962.06	0.0223338	0.988554	0.149203	17.8223714718	Atom	
-487.024	-1872.67	-3957.94	0.0283342	0.98477	0.171538	17.7337807802	Atom	
-486.783	-1864.28	-3956.48	0.0132339	0.974252	0.225074	17.7063393089	Atom	
-486.767	-1863.13	-3956.22	-0.0653733	0.987683	0.142157	17.7025225928	Atom	
-487.417	-1853.31	-3954.8	-0.0579888	0.990811	0.122189	17.6704697827	Atom	
-488.343	-1837.5	-3952.85	-0.0875432	0.993264	0.0759169	17.6189182922	Atom	
-489.272	-1826.96	-3952.05	-0.00645755	0.996822	0.0793959	17.584559001	Atom	
-489.315	-1820.22	-3951.51	0.0440348	0.989917	0.134628	17.5626479523	Atom	
-488.981	-1812.7	-3950.49	0.0299151	0.989972	0.13806	17.5379784722	Atom	
-488.699	-1803.37	-3949.19	-0.0740222	0.960022	0.26996	17.5073531159	Atom	
-489.014	-1799.28	-3948.04	-0.372316	0.925017	0.07566	17.4934936766	Atom	
-491.882	-1792.15	-3947.45	-0.401705	0.902456	0.155584	17.4684165471	Atom	
-492.244	-1791.34	-3947.31	-0.408422	0.868756	0.280098	17.4654821498	Atom	
-492.726	-1790.31	-3946.98	-0.490197	0.848632	0.198823	17.4616318337	Atom	
-509.905	-1760.57	-3940.01	-0.47567	0.86535	0.15782	17.3473869325	Atom	
-536.974	-1711.33	-3931.03	-0.624108	0.755014	0.201107	17.1609210413	Atom	
-537.097	-1711.18	-3930.99	-0.652706	0.729286	0.205225	17.160267996	Atom	
-552.188	-1694.32	-3926.25	-0.784409	0.391067	-0.481424	17.0838738359	Atom	
-560.683	-1690.08	-3931.46	-0.794875	0.388895	-0.465763	17.0479661818	Atom	
-561.589	-1689.64	-3931.99	-0.822985	0.40013	-0.403227	17.0441799715	Atom	
-562.739	-1689.08	-3932.56	-0.818175	0.394685	-0.418107	17.039536528	Atom	
-563.722	-1688.61	-3933.06	-0.824497	0.406828	-0.393314	17.0355466898	Atom	
-587.969	-1676.64	-3944.63	-0.879037	0.369091	-0.301771	16.9378234889	Atom	
-595.397	-1673.52	-3947.18	-0.88179	0.379469	-0.280089	16.9096189105	Atom	
-602.48	-1670.48	-3949.43	-0.881143	0.393593	-0.262052	16.8827735567	Atom	
-603.075	-1670.21	-3949.6	-0.879565	0.390626	-0.271618	16.8805113941	Atom	
-620.122	-1662.64	-3954.87	-0.855132	0.430299	-0.289121	16.8156527699	Atom	
-622.78	-1661.3	-3955.77	-0.86137	0.408889	-0.301417	16.8052193063	Atom	
-662.884	-1642.26	-3969.8	-0.650924	0.463495	-0.601224	16.6488691285	Atom	
-691.073	-1622.19	-3995.84	-0.618514	0.435747	-0.653884	16.5023830741	Atom	
-701.674	-1614.72	-4007.04	-0.622481	0.447397	-0.642147	16.4440135707	Atom	
-703.978	-1613.07	-4009.42	-0.635821	-0.0282595	-0.771319	16.4313718103	Atom	
-709.862	-1613.33	-4016.56	-0.604241	0.0361369	-0.795982	16.3997504284	Atom	
-730.3	-1612.11	-4043.48	-0.418775	-0.241054	-0.875512	16.2839972336	Atom	
-730.765	-1612.37	-4044.45	-0.457192	-0.237401	-0.857098	16.2801769454	Atom	
-737.507	-1615.88	-4057.09	-0.451361	-0.237399	-0.860183	16.229423131	Atom	
-754.593	-1624.86	-4089.66	-0.227998	-0.236006	-0.944626	16.0988305855	Atom	
-754.92	-1625.2	-4091.01	-0.226994	-0.287758	-0.930413	16.0938560568	Atom	
-755.414	-1625.83	-4093.03	-0.156795	-0.309874	-0.93776	16.0862994381	Atom	
-756.08	-1627.14	-4097.02	-0.184386	-0.0924611	-0.978495	16.071552279	Atom	
-757.519	-1627.86	-4104.65	-0.254898	0.0010104	-0.966967	16.0444263939	Atom	
-764.31	-1627.84	-4130.41	-0.272273	-0.0366564	-0.961522	15.9517003855	Atom	
-764.382	-1627.85	-4130.67	-0.276192	-0.154018	-0.948681	15.9507710416	Atom	
-764.772	-1628.06	-4132.01	-0.300435	-0.131698	-0.944666	15.9458299883	Atom	
-769.947	-1630.33	-4148.28	-0.31489	-0.226706	-0.921656	15.8856030871	Atom	
-771.773	-1631.65	-4153.63	-0.239536	-0.176822	-0.95465	15.8652563348	Atom	
-772	-1631.81	-4154.53	-0.194959	-0.0358763	-0.980155	15.8619291347	Atom	
-775.024	-1632.37	-4169.73	-0.211593	-0.018749	-0.977178	15.8074709159	Atom	
-775.584	-1632.42	-4172.32	-0.295276	-0.0652571	-0.953181	15.7981558151	Atom	
-776.705	-1632.67	-4175.94	-0.258574	-0.124922	-0.95788	15.784782187	Atom	
-782.353	-1635.4	-4196.86	-0.21592	-0.144752	-0.965622	15.7077966395	Atom	
-782.585	-1635.55	-4197.9	-0.247552	-0.248914	-0.936355	15.7039945245	Atom	
-783.644	-1636.62	-4201.9	-0.267432	-0.262353	-0.927174	15.6888530494	Atom	
-784.544	-1637.5	-4205.02	-0.302871	-0.310708	-0.900961	15.6769381486	Atom	
-787.128	-1640.15	-4212.71	-0.309283	-0.320672	-0.895273	15.6467112933	Atom	
-793.976	-1647.25	-4232.53	-0.237988	-0.272811	-0.932167	15.5681450898	Atom	
-795.673	-1649.2	-4239.18	-0.269335	-0.231683	-0.934763	15.5427487957	Atom	
-795.928	-1649.42	-4240.06	-0.316216	-0.273761	-0.908329	15.5393640877	Atom	
-795.979	-1649.46	-4240.21	-0.361623	-0.223589	-0.905117	15.5387882298	Atom	
-800.735	-1652.4	-4252.11	-0.377044	-0.231253	-0.896861	15.4918746831	Atom	
-801.163	-1652.66	-4253.13	-0.428022	-0.227856	-0.874574	15.4878169589	Atom	
-809.768	-1657.24	-4270.72	-0.444738	-0.258609	-0.857513	15.4159138947	Atom	
-815.9	-1660.81	-4282.54	-0.332835	-0.274771	-0.902065	15.3664228965	Atom	
-829.407	-1671.96	-4319.14	-0.330514	-0.282102	-0.900655	15.2204114274	Atom	
-834.015	-1675.89	-4331.7	-0.315282	-0.187337	-0.930324	15.1698764951	Atom	
-834.862	-1676.4	-4334.2	-0.203616	-0.0710251	-0.976471	15.160110129	Atom	
-836.891	-1677.1	-4343.93	-0.195434	-0.0376766	-0.979993	15.1238833971	Atom	
-837.698	-1677.26	-4347.98	-0.219957	0.0762583	-0.972524	15.1088359819	Atom	
-839.098	-1676.77	-4354.17	-0.200897	0.0700555	-0.977104	15.0856328543	Atom	
-839.133	-1676.76	-4354.34	-0.257463	-0.0168952	-0.96614	15.0850053799	Atom	
-842.923	-1677.01	-4368.56	-0.469417	0.085242	-0.878852	15.0312859312	Atom	
-844.977	-1676.64	-4372.41	-0.404055	-0.422786	-0.811167	15.0152701924	Atom	
-849.689	-1681.57	-4381.86	-0.409153	-0.445329	-0.796414	14.9725606587	Atom	
-858.05	-1690.67	-4398.14	-0.299172	-0.596956	-0.744406	14.897547494	Atom	
-860.878	-1696.31	-4405.18	-0.299507	-0.59515	-0.745716	14.8627110037	Atom	
-865.456	-1705.41	-4416.57	-0.354089	-0.558675	-0.750002	14.8062951082	Atom	
-876.659	-1723.08	-4440.3	-0.35461	-0.565749	-0.744432	14.6891616604	Atom	
-881.458	-1730.74	-4450.38	-0.395305	-0.627659	-0.670655	14.6387511719	Atom	
-882.274	-1732.04	-4451.76	-0.202092	-0.649861	-0.732693	14.6310404049	Atom	
-885.389	-1742.05	-4463.06	-0.169581	-0.614858	-0.77019	14.5734467697	Atom	
-887.7	-1750.43	-4473.55	-0.182987	-0.676563	-0.713287	14.5223833094	Atom	
-893.023	-1770.11	-4494.3	-0.240097	-0.635057	-0.734204	14.4130821732	Atom	
-894.361	-1773.65	-4498.39	-0.245554	-0.649235	-0.719859	14.3920210538	Atom	
-899.169	-1786.36	-4512.49	0.0104344	-0.683515	-0.729862	14.3179396269	Atom	
-898.975	-1799.04	-4526.03	-0.0293212	-0.69942	-0.714109	14.2474721175	Atom	
-899.066	-1801.21	-4528.24	-0.0720083	-0.716944	-0.693402	14.2356412139	Atom	
-899.301	-1803.56	-4530.51	0.0434314	-0.551268	-0.833197	14.2231771254	Atom	
-898.819	-1809.68	-4539.76	0.0834464	-0.51057	-0.855777	14.1807855264	Atom	
-895.931	-1827.35	-4569.37	0.103427	-0.532625	-0.840008	14.0483567882	Atom	
-893.29	-1840.94	-4590.82	0.10101	-0.548702	-0.829894	13.9499473702	Atom	
-891.977	-1848.08	-4601.61	0.14063	-0.522331	-0.841067	13.8995688336	Atom	
-891.166	-1851.09	-4606.46	0.219654	-0.485716	-0.846069	13.8771572739	Atom	
-889.132	-1855.59	-4614.3	0.259406	-0.497862	-0.827551	13.841136473	Atom	
-885.085	-1863.36	-4627.21	0.244734	-0.467037	-0.849695	13.7803091683	Atom	
-884.501	-1864.47	-4629.24	0.724114	-0.546322	-0.42094	13.7709795589	Atom	
-880.694	-1867.34	-4631.45	0.765694	-0.472605	-0.4363	13.7504035148	Atom	
-849.8	-1886.41	-4649.05	0.814753	-0.532466	-0.229472	13.5923308319	Atom	
-845.554	-1889.19	-4650.25	0.826462	-0.533954	-0.178476	13.5717320024	Atom	
-837.177	-1894.6	-4652.06	0.808236	-0.52168	-0.273139	13.53162155	Atom	
-833.095	-1897.23	-4653.44	0.829067	-0.494377	-0.261228	13.511591416	Atom	
-827.336	-1900.67	-4655.25	0.775848	-0.589255	-0.225476	13.4840091158	Atom	
-814.139	-1910.69	-4659.09	0.774068	-0.592088	-0.224166	13.4163635567	Atom	
-798.737	-1922.47	-4663.55	0.750213	-0.606884	-0.262434	13.3369326832	Atom	
-790.417	-1929.2	-4666.46	0.84895	-0.512988	-0.126993	13.2924615665	Atom	
-777.242	-1937.16	-4668.43	0.840799	-0.536133	-0.074956	13.2300696675	Atom	
-776.123	-1937.88	-4668.53	0.818826	-0.57295	0.0353997	13.2246989996	Atom	
-765.115	-1945.58	-4668.05	0.845756	-0.532998	0.0246819	13.1704372642	Atom	
-759.353	-1949.21	-4667.88	0.940131	-0.340621	0.0114291	13.1428575719	Atom	
-757.005	-1950.06	-4667.85	0.951697	-0.290621	-0.0990528	13.1327272839	Atom	
-755.012	-1950.67	-4668.06	0.954388	-0.261817	-0.14351	13.1242312103	Atom	
-740.006	-1954.79	-4670.32	0.955157	-0.276047	-0.107113	13.0604048542	Atom	
-727.789	-1958.32	-4671.69	0.957075	-0.283618	-0.0597313	13.0082868402	Atom	
-726.799	-1958.61	-4671.75	0.976252	-0.21173	-0.0458432	13.004057109	Atom	
-723.67	-1959.29	-4671.9	0.91487	-0.0831734	-0.395088	12.9909573263	Atom	
-700.073	-1961.43	-4682.09	0.899876	-0.0136644	-0.435931	12.885432495	Atom	
-691.521	-1961.56	-4686.23	0.899429	-0.0468216	-0.434552	12.8463102108	Atom	
-680.967	-1962.11	-4691.33	0.910109	-0.025628	-0.413576	12.7978953223	Atom	
-665.878	-1962.54	-4698.19	0.914545	-0.00457299	-0.404457	12.729292843	Atom	
-657.293	-1962.58	-4701.98	0.909187	-0.0189672	-0.415957	12.6902877408	Atom	
-654.626	-1962.64	-4703.2	0.934085	0.00392301	-0.357029	12.6780700238	Atom	
-643.463	-1962.59	-4707.47	0.915324	0.0716086	-0.3963	12.628266478	Atom	
-641.971	-1962.47	-4708.12	0.584243	-0.811454	0.0142039	12.6214531632	Atom	
-632.533	-1975.58	-4707.89	0.516539	-0.829201	-0.213571	12.5538997497	Atom	
-628.993	-1981.26	-4709.35	0.466365	-0.841362	-0.273156	12.5251231988	Atom	
-600.522	-2032.63	-4726.03	0.493543	-0.825769	-0.272986	12.2683364017	Atom	
-599.301	-2034.67	-4726.7	0.557191	-0.796089	-0.236179	12.2577661247	Atom	
-583.848	-2056.75	-4733.25	0.485493	-0.754142	0.442229	12.1391927103	Atom	
-575.51	-2069.7	-4725.66	0.555501	-0.813394	0.172652	12.0652238003	Atom	
-565.022	-2085.06	-4722.4	0.462851	-0.845143	0.267397	11.9835210896	Atom	
-549.392	-2113.6	-4713.37	0.369579	-0.89624	0.245284	11.836648836	Atom	
-548.026	-2116.91	-4712.46	0.252617	-0.914416	0.316271	11.8204224057	Atom	
-547.58	-2118.52	-4711.9	0.268731	-0.920093	0.28498	11.8126800268	Atom	
-542.679	-2135.31	-4706.71	-0.304961	-0.873758	0.378874	11.7324776274	Atom	
-549.986	-2156.24	-4697.63	-0.505866	-0.811054	0.293752	11.6265833986	Atom	
-563.096	-2177.26	-4690.01	-0.499218	-0.8031	0.325288	11.5112595702	Atom	
-568.84	-2186.5	-4686.27	-0.531493	-0.788164	0.310344	11.4596749298	Atom	
-572.461	-2191.87	-4684.16	-0.6021	-0.792641	0.0958992	11.4290270011	Atom	
-574.739	-2194.87	-4683.79	-0.538716	-0.836144	0.103193	11.4119689497	Atom	
-579.776	-2202.69	-4682.83	-0.582373	-0.807874	0.0904561	11.3697791176	Atom	
-582.654	-2206.68	-4682.38	-0.799042	-0.601067	-0.0158081	11.3474135548	Atom	
-583.604	-2207.4	-4682.4	-0.804703	-0.593353	0.0196218	11.3420280899	Atom	
-586.583	-2209.59	-4682.33	-0.580012	-0.75583	-0.303821	11.3252404694	Atom	
-587.346	-2210.59	-4682.73	-0.508276	-0.790368	-0.342015	11.3192741591	Atom	
-596.953	-2225.53	-4689.19	-0.504489	-0.843194	-0.185782	11.2334504603	Atom	
-602.519	-2234.83	-4691.24	-0.496438	-0.850454	-0.174007	11.1830667795	Atom	
-603.096	-2235.82	-4691.44	-0.495423	-0.85041	-0.177082	11.17774633	Atom	
-603.587	-2236.66	-4691.62	-0.411221	-0.904876	-0.10999	11.1732049535	Atom	
-610.696	-2252.3	-4693.52	-0.402256	-0.915513	-0.0050749	11.093934755	Atom	
-614.592	-2261.17	-4693.57	-0.42066	-0.877263	0.231203	11.049287711	Atom	
-615.926	-2263.95	-4692.84	-0.477771	-0.810602	0.338615	11.0346215945	Atom	
-619.715	-2270.38	-4690.15	-0.490699	-0.803435	0.337206	10.997920708	Atom	
-620.261	-2271.27	-4689.78	-0.498699	-0.807707	0.314499	10.9927588025	Atom	
-628.433	-2284.51	-4684.62	-0.431358	-0.892757	0.13006	10.9167002255	Atom	
-628.538	-2284.73	-4684.59	-0.438473	-0.888333	0.136402	10.9155589183	Atom	
-632.215	-2292.18	-4683.45	-0.509173	-0.833763	0.213502	10.8764339622	Atom	
-632.261	-2292.25	-4683.43	-0.429591	-0.894406	0.124456	10.8760117393	Atom	
-641.475	-2311.44	-4680.76	-0.401097	-0.90703	0.12813	10.7756513046	Atom	
-641.906	-2312.41	-4680.62	-0.373536	-0.918061	0.132795	10.770587116	Atom	
-643.775	-2317	-4679.96	-0.376113	-0.921113	0.100453	10.7470102423	Atom	
-645.862	-2322.12	-4679.4	-0.40822	-0.910662	0.0636413	10.7208162095	Atom	
-648.032	-2326.96	-4679.06	-0.613871	-0.756335	-0.226096	10.6956736504	Atom	
-649.214	-2328.41	-4679.5	-0.559011	-0.773014	-0.299926	10.6865492219	Atom	
-649.809	-2329.24	-4679.82	-0.525971	-0.777646	-0.344416	10.6815029841	Atom	
-667.184	-2354.92	-4691.19	-0.487161	-0.820293	-0.299656	10.5248325618	Atom	
-669.971	-2359.62	-4692.91	-0.479028	-0.8014	-0.358177	10.4974006285	Atom	
-677.365	-2371.99	-4698.44	-0.494063	-0.807181	-0.32305	10.4232344562	Atom	
-685.991	-2386.08	-4704.08	-0.477225	-0.822676	-0.308968	10.3388955132	Atom	
-690.448	-2393.76	-4706.96	-0.49768	-0.833467	-0.240097	10.2935076565	Atom	
-692.49	-2397.18	-4707.95	-0.516512	-0.816488	-0.257998	10.2735012891	Atom	
-694.153	-2399.81	-4708.78	-0.443935	-0.81888	-0.363809	10.2577835101	Atom	
-696.081	-2403.37	-4710.36	-0.46459	-0.81052	-0.35667	10.2365477886	Atom	
-707.291	-2422.93	-4718.96	-0.439233	-0.823405	-0.359274	10.1184080515	Atom	
-707.72	-2423.73	-4719.32	-0.426265	-0.847495	-0.316308	10.1135875834	Atom	
-712.939	-2434.11	-4723.19	-0.454005	-0.83242	-0.317736	10.05310535	Atom	
-717.248	-2442.01	-4726.2	-0.433896	-0.827158	-0.357133	10.006001433	Atom	
-719.138	-2445.61	-4727.76	-0.39986	-0.829502	-0.389921	9.98430698678	Atom	
-721.02	-2449.51	-4729.59	-0.308385	-0.773057	-0.55433	9.96083525389	Atom	
-722.813	-2454.01	-4732.82	-0.323113	-0.765496	-0.556429	9.93178260085	Atom	
-723.194	-2454.91	-4733.47	-0.40359	-0.763617	-0.503989	9.92586744296	Atom	
-723.224	-2454.97	-4733.51	-0.411866	-0.767058	-0.491924	9.92549952767	Atom	
-724.298	-2456.97	-4734.79	-0.364945	-0.777996	-0.511407	9.91242920394	Atom	
-724.869	-2458.19	-4735.59	-0.331425	-0.803011	-0.495308	9.9045844082	Atom	
-726.561	-2462.29	-4738.12	-0.35889	-0.724022	-0.589059	9.87896511265	Atom	
-729.423	-2468.06	-4742.82	-0.434761	-0.712544	-0.550694	9.83887904605	Atom	
-731.137	-2470.87	-4744.99	-0.445647	-0.697717	-0.560883	9.81899812426	Atom	
-731.224	-2471	-4745.1	-0.465949	-0.71243	-0.524724	9.81801071279	Atom	
-731.666	-2471.68	-4745.6	-0.607269	-0.502248	-0.615606	9.8132190589	Atom	
-743.404	-2481.39	-4757.5	-0.636447	-0.500984	-0.586473	9.71554869533	Atom	
-746.869	-2484.12	-4760.69	-0.888754	-0.432366	-0.152236	9.68783811958	Atom	
-759.194	-2490.11	-4762.8	-0.818886	-0.56625	-0.093736	9.61709659763	Atom	
-763.965	-2493.41	-4763.35	-0.8383	-0.543282	-0.0457932	9.58720935387	Atom	
-772.367	-2498.86	-4763.81	-0.811827	-0.583209	-0.0283548	9.53568408073	Atom	
-783.472	-2506.83	-4764.19	-0.838111	-0.5444	-0.0346172	9.46507398162	Atom	
-787.151	-2509.22	-4764.35	-0.839386	-0.543026	-0.0235374	9.44228893577	Atom	
-793.495	-2513.33	-4764.52	-0.917911	-0.391775	-0.0628635	9.40299026346	Atom	
-797.506	-2515.04	-4764.8	-0.91766	-0.394829	-0.0448352	9.38019995658	Atom	
-813.576	-2521.95	-4765.58	-0.897484	-0.44041	-0.0237021	9.28869900048	Atom	
-837.157	-2533.52	-4766.21	-0.866432	-0.467622	-0.175003	9.15040857737	Atom	
-839.245	-2534.65	-4766.63	-0.862827	-0.48929	-0.126985	9.13758450005	Atom	
-846.011	-2538.49	-4767.62	-0.841996	-0.463498	-0.276067	9.09581063838	Atom	
-855.593	-2543.76	-4770.77	-0.855944	-0.386403	-0.343588	9.03497297134	Atom	
-876.188	-2553.06	-4779.03	-0.693662	-0.603898	-0.392606	8.90571124714	Atom	
-879.105	-2555.6	-4780.68	-0.633699	-0.595005	-0.494364	8.88287550621	Atom	
-887.727	-2563.7	-4787.41	-0.619048	-0.549588	-0.56101	8.80886105894	Atom	
-890.8	-2566.42	-4790.2	-0.641209	-0.539264	-0.545935	8.78169077507	Atom	
-893.334	-2568.56	-4792.35	-0.593549	-0.580228	-0.557705	8.76000448192	Atom	
-895.557	-2570.73	-4794.44	-0.582048	-0.574525	-0.575449	8.73942486567	Atom	
-899.697	-2574.81	-4798.53	-0.336708	-0.596358	-0.728687	8.70025625043	Atom	
-903.025	-2580.71	-4805.74	-0.37176	-0.581624	-0.723539	8.64566385517	Atom	
-905.724	-2584.93	-4810.99	-0.660823	-0.388626	-0.642093	8.60536254221	Atom	
-907.103	-2585.74	-4812.33	-0.688127	-0.413013	-0.596575	8.5937443021	Atom	
-909.952	-2587.45	-4814.8	-0.619111	-0.384985	-0.684462	8.5706683384	Atom	
-913.574	-2589.7	-4818.8	-0.72736	-0.341895	-0.595025	8.53798747516	Atom	
-913.651	-2589.74	-4818.87	-0.7211	-0.335639	-0.606103	8.53739704112	Atom	
-922.768	-2593.98	-4826.53	-0.696399	-0.319731	-0.642496	8.46656950789	Atom	
-927.95	-2596.36	-4831.31	-0.728912	-0.322085	-0.604109	8.42463747995	Atom	
-929.604	-2597.09	-4832.68	-0.745403	-0.297824	-0.596385	8.41179650164	Atom	
-935.355	-2599.39	-4837.28	-0.783989	-0.293979	-0.546752	8.36810405204	Atom	
-936.993	-2600.01	-4838.43	-0.773426	-0.466643	-0.429018	8.35622796421	Atom	
-937.51	-2600.32	-4838.71	-0.794579	-0.351932	-0.494761	8.35242512256	Atom	
-947.088	-2604.56	-4844.68	-0.793603	-0.305735	-0.526042	8.28380522044	Atom	
-955.992	-2607.99	-4850.58	-0.76269	-0.413866	-0.49701	8.21955292915	Atom	
-957.095	-2608.59	-4851.3	-0.769509	-0.373139	-0.518289	8.21122151249	Atom	
-972.794	-2616.2	-4861.87	-0.706242	-0.399036	-0.5848	8.09362298277	Atom	
-975.132	-2617.52	-4863.81	-0.645079	-0.600463	-0.472564	8.07434072194	Atom	
-982.461	-2624.34	-4869.18	-0.692073	-0.604539	-0.39442	8.00804014646	Atom	
-984.933	-2626.51	-4870.58	-0.7241	-0.575747	-0.37973	7.98706138962	Atom	
-985.48	-2626.94	-4870.87	-0.70462	-0.6079	-0.366017	7.98261776086	Atom	
-986.687	-2627.98	-4871.5	-0.463308	-0.798978	-0.383379	7.97253978987	Atom	
-991.209	-2635.78	-4875.24	-0.442912	-0.801955	-0.40087	7.91505199179	Atom	
-991.212	-2635.78	-4875.24	-0.393749	-0.831398	-0.392096	7.91501481024	Atom	
-992.223	-2637.92	-4876.25	-0.323895	-0.90567	-0.273595	7.89980577757	Atom	
-993.982	-2642.84	-4877.74	-0.422347	-0.712297	-0.560585	7.86761043786	Atom	
-994.745	-2644.12	-4878.75	-0.443704	-0.728666	-0.521701	7.85686656926	Atom	
-995.086	-2644.68	-4879.15	-0.514048	-0.718698	-0.468218	7.85229048748	Atom	
-999.546	-2650.92	-4883.21	-0.538615	-0.70374	-0.463297	7.80061728107	Atom	
-1000.16	-2651.72	-4883.74	-0.340374	-0.571363	-0.746786	7.79382584944	Atom	
-1006.16	-2661.8	-4896.91	-0.347659	-0.511096	-0.786075	7.68818192344	Atom	
-1006.96	-2662.97	-4898.72	-0.385144	-0.462553	-0.798567	7.67426137476	Atom	
-1011.58	-2668.52	-4908.29	-0.49589	-0.399744	-0.770907	7.60166625736	Atom	
-1017.67	-2673.42	-4917.76	-0.459082	-0.484167	-0.744867	7.52680334712	Atom	
-1017.85	-2673.62	-4918.05	0.356531	-0.645225	-0.6757	7.5243570024	Atom	
-1017.46	-2674.31	-4918.78	0.373425	-0.634541	-0.676691	7.51774038424	Atom	
-1013.71	-2680.69	-4925.58	0.498458	-0.665139	-0.555995	7.45596344189	Atom	
-1013.56	-2680.89	-4925.75	0.573722	-0.648148	-0.500747	7.45404066178	Atom	
-1005.04	-2690.52	-4933.19	0.604919	-0.628605	-0.488804	7.36220779863	Atom	
-1004.93	-2690.63	-4933.28	0.646928	-0.609197	-0.458654	7.36104924981	Atom	
-1004.06	-2691.45	-4933.89	0.888325	-0.364486	-0.279336	7.35271030048	Atom	
-997.313	-2694.22	-4936.01	0.897491	-0.337392	-0.284037	7.30522991307	Atom	
-991.566	-2696.38	-4937.83	0.891171	-0.325995	-0.315503	7.26502813728	Atom	
-983.228	-2699.43	-4940.78	0.857342	-0.399325	-0.324814	7.20606108484	Atom	
-981.919	-2700.04	-4941.28	0.920956	0.139479	-0.363848	7.19637851014	Atom	
-981.205	-2699.93	-4941.56	0.925074	0.117895	-0.361025	7.19145613626	Atom	
-980.066	-2699.78	-4942	0.924767	0.208411	-0.318389	7.18364274533	Atom	
-979.749	-2699.71	-4942.11	0.920638	0.182194	-0.345298	7.18146065004	Atom	
-962.535	-2696.31	-4948.57	0.804585	-0.349211	-0.480306	7.06261967663	Atom	
-961.762	-2696.64	-4949.03	0.789563	-0.377289	-0.483987	7.0564394114	Atom	
-960.862	-2697.07	-4949.58	0.782647	-0.399457	-0.477386	7.04910128795	Atom	
-952.736	-2701.22	-4954.54	0.56798	-0.631739	-0.527546	6.98221051813	Atom	
-949.776	-2704.51	-4957.29	0.462211	-0.688947	-0.558313	6.94840476949	Atom	
-946.413	-2709.52	-4961.35	0.50717	-0.70013	-0.50259	6.90104036616	Atom	
-939.671	-2718.83	-4968.03	0.474533	-0.737639	-0.480321	6.81407763495	Atom	
-936.455	-2723.83	-4971.29	0.536531	-0.706665	-0.461259	6.76933656638	Atom	
-936.125	-2724.26	-4971.57	0.735542	-0.33622	-0.588161	6.76525431831	Atom	
-932.383	-2725.97	-4974.56	0.767665	-0.36025	-0.530009	6.73149936311	Atom	
-931.645	-2726.32	-4975.07	0.736255	-0.391679	-0.55183	6.72509279027	Atom	
-916.339	-2734.46	-4986.54	0.779652	-0.331421	-0.531323	6.58653913067	Atom	
-909.488	-2737.38	-4991.21	0.739468	-0.28262	-0.610994	6.52708941305	Atom	
-903.977	-2739.48	-4995.77	0.699202	-0.278676	-0.658374	6.47634266354	Atom	
-903.888	-2739.52	-4995.85	0.733013	-0.252092	-0.631777	6.47546818761	Atom	
-901.627	-2740.3	-4997.8	0.491398	-0.126571	-0.861689	6.45434680062	Atom	
-900.373	-2740.62	-5000	0.491398	-0.126571	-0.861689	6.43681671018	Region	
"-----------------------------------------------------------------"
"Trajectory"	21

"NbCollisions"	254
"Zmax"	0
"Display"	256

"Collisions"

"X"	"Y"	"Z"	"Rx"	"Ry"	"Rz"	"Energy"	"CollisionType"	
0.112683	0.137707	-5000	-3.40321e-006	1.31688e-006	1	30	Region	
0.112512	0.137773	-4949.88	-0.660139	-0.135411	0.738837	29.8932793273	Atom	
-18.3475	-3.64885	-4929.21	-0.634156	-0.0673196	0.770269	29.8335718622	Atom	
-31.8355	-5.08068	-4912.83	-0.64243	-0.0795178	0.762208	29.7880861592	Atom	
-52.8227	-7.6784	-4887.93	-0.708996	-0.0920672	0.699177	29.7181372606	Atom	
-68.3006	-9.6883	-4872.67	-0.721465	-0.136698	0.678824	29.6713056599	Atom	
-107.035	-17.0275	-4836.22	-0.724938	-0.182487	0.664201	29.5559868306	Atom	
-108.896	-17.4958	-4834.52	-0.731899	-0.179362	0.657384	29.5504574065	Atom	
-108.998	-17.5208	-4834.43	-0.717181	-0.152507	0.679995	29.5501568409	Atom	
-140.355	-24.1889	-4804.69	-0.726459	-0.151363	0.670333	29.4559364307	Atom	
-192.642	-35.0832	-4756.45	-0.722012	-0.150223	0.675375	29.300440742	Atom	
-201.467	-36.9194	-4748.19	-0.775513	-0.131871	0.617405	29.2739224517	Atom	
-203.686	-37.2967	-4746.43	-0.793202	-0.143918	0.591708	29.2677095061	Atom	
-237.384	-43.4109	-4721.29	-0.793491	-0.110744	0.598421	29.1754566069	Atom	
-264.108	-47.1406	-4701.13	-0.80166	-0.0963734	0.58996	29.1021393696	Atom	
-274.019	-48.3321	-4693.84	-0.767088	-0.227459	0.599865	29.0751702083	Atom	
-302.409	-56.7503	-4671.64	-0.760539	-0.223427	0.60964	28.9943797193	Atom	
-316.53	-60.8988	-4660.32	-0.754857	-0.215592	0.619444	28.9537566678	Atom	
-326.874	-63.8531	-4651.83	-0.742212	-0.228969	0.629837	28.923743956	Atom	
-335.795	-66.6051	-4644.26	-0.707324	-0.222158	0.671073	28.8973970184	Atom	
-342.87	-68.8273	-4637.55	-0.744104	-0.184199	0.642168	28.8754543541	Atom	
-348.47	-70.2135	-4632.72	-0.722979	-0.163398	0.671269	28.8589354186	Atom	
-351.278	-70.8481	-4630.11	-0.714653	-0.171581	0.678108	28.8504069055	Atom	
-360.447	-73.0495	-4621.41	-0.717083	-0.125265	0.685639	28.8222262531	Atom	
-371.44	-74.9699	-4610.9	-0.721999	-0.10937	0.683195	28.7885255986	Atom	
-385.618	-77.1176	-4597.48	-0.828273	-0.0606519	0.557033	28.7453187066	Atom	
-400.589	-78.2139	-4587.41	-0.84035	-0.0329633	0.541041	28.7055006783	Atom	
-411.114	-78.6267	-4580.64	-0.837898	-0.0548479	0.543064	28.6778805504	Atom	
-427.838	-79.7215	-4569.8	-0.873831	-0.14436	0.464305	28.6338296308	Atom	
-428.258	-79.7909	-4569.57	-0.876242	-0.146615	0.459026	28.6327665272	Atom	
-465.314	-85.9912	-4550.16	-0.845539	-0.162856	0.50847	28.5393158217	Atom	
-484.61	-89.7076	-4538.56	-0.839449	-0.163452	0.518274	28.4887554912	Atom	
-586.315	-109.511	-4475.77	-0.848259	-0.0948188	0.521025	28.2199438946	Atom	
-586.705	-109.555	-4475.53	-0.865771	-0.133397	0.482335	28.2189165438	Atom	
-616.864	-114.201	-4458.72	-0.871087	-0.107148	0.479297	28.1410411626	Atom	
-617.539	-114.285	-4458.35	-0.89249	-0.0951535	0.440916	28.1393042142	Atom	
-620.65	-114.616	-4456.82	-0.895127	-0.0901178	0.436607	28.131496273	Atom	
-626.538	-115.209	-4453.94	-0.920381	-0.0734235	0.384066	28.1167546821	Atom	
-629.946	-115.481	-4452.52	-0.953682	-0.036527	0.29859	28.1084526533	Atom	
-637.6	-115.774	-4450.13	-0.954109	-0.0250111	0.298415	28.0904525665	Atom	
-641.571	-115.878	-4448.88	-0.983881	-0.0347434	0.175416	28.0811143895	Atom	
-647.978	-116.104	-4447.74	-0.979571	-0.0145003	0.200573	28.0665007694	Atom	
-652.495	-116.171	-4446.82	-0.979761	-0.0078326	0.200016	28.0561472605	Atom	
-659.293	-116.226	-4445.43	-0.942267	0.0595187	0.329529	28.0405654898	Atom	
-685.375	-114.578	-4436.31	-0.936126	0.0664361	0.345331	27.9783698832	Atom	
-734.275	-111.108	-4418.27	-0.81767	0.347145	0.459245	27.8607932136	Atom	
-751	-104.007	-4408.88	-0.817169	0.350672	0.457453	27.8146003912	Atom	
-751.497	-103.794	-4408.6	-0.802677	0.398357	0.443871	27.8132230557	Atom	
-758.59	-100.274	-4404.67	-0.83708	0.332321	0.43458	27.7932412031	Atom	
-761.007	-99.3142	-4403.42	-0.825065	0.419462	0.378577	27.7867069112	Atom	
-797.81	-80.6034	-4386.53	-0.837739	0.398603	0.37324	27.6857530757	Atom	
-801.433	-78.8795	-4384.92	-0.847815	0.377932	0.37199	27.675936914	Atom	
-806.497	-76.6222	-4382.7	-0.846968	0.399531	0.350741	27.6623766238	Atom	
-815.563	-72.3457	-4378.94	-0.859104	0.396812	0.323234	27.6380649543	Atom	
-823.99	-68.4533	-4375.77	-0.861563	0.410067	0.299257	27.6157697244	Atom	
-825.51	-67.7299	-4375.24	-0.870514	0.396055	0.29214	27.6117578537	Atom	
-847.391	-57.7747	-4367.9	-0.876214	0.380401	0.295877	27.5545835521	Atom	
-858.348	-53.0179	-4364.2	-0.887856	0.370747	0.272503	27.5260935882	Atom	
-862.923	-51.1074	-4362.8	-0.902353	0.364346	0.230242	27.5143438931	Atom	
-894.064	-38.5337	-4354.85	-0.906485	0.348962	0.23772	27.4356255213	Atom	
-901.794	-35.5578	-4352.82	-0.897067	0.353236	0.265509	27.4161297532	Atom	
-914.277	-30.6422	-4349.13	-0.898583	0.363293	0.246103	27.384297257	Atom	
-937.68	-21.1808	-4342.72	-0.893589	0.369754	0.254523	27.3246679305	Atom	
-955.267	-13.9034	-4337.71	-0.887405	0.362829	0.284371	27.2795261541	Atom	
-965.818	-9.58961	-4334.33	-0.936336	0.257513	0.238667	27.2522214803	Atom	
-966.573	-9.38201	-4334.14	-0.944184	0.210052	0.253763	27.2503685421	Atom	
-972.21	-8.12787	-4332.62	-0.943193	0.209029	0.258253	27.2366448111	Atom	
-1008.05	-0.184986	-4322.81	-0.966782	0.185124	0.176245	27.1492676701	Atom	
-1009.49	0.0915006	-4322.54	-0.967085	0.222827	0.122859	27.1458245944	Atom	
-1010.14	0.239675	-4322.46	-0.964086	0.234665	0.124382	27.1442914463	Atom	
-1024.89	3.8298	-4320.56	-0.952689	0.268526	0.142397	27.1090170751	Atom	
-1025.89	4.11362	-4320.41	-0.976168	0.167227	0.138316	27.1065775178	Atom	
-1034.52	5.59056	-4319.19	-0.978838	0.153289	0.135567	27.086191368	Atom	
-1039.26	6.33429	-4318.53	-0.976696	0.182483	0.112977	27.0749856246	Atom	
-1042.91	7.01596	-4318.11	-0.984291	0.171956	0.0400332	27.0663552244	Atom	
-1043.46	7.11221	-4318.09	-0.990283	0.135932	0.0293724	27.0650617122	Atom	
-1082.39	12.455	-4316.93	-0.983343	0.141518	0.114054	26.9742272409	Atom	
-1082.88	12.5264	-4316.87	-0.965599	0.241725	0.0958578	26.9730585148	Atom	
-1083.14	12.5919	-4316.85	-0.96714	0.23839	0.0883735	26.9724305852	Atom	
-1097.01	16.0108	-4315.58	-0.958501	0.232784	0.164585	26.9391952101	Atom	
-1101.4	17.0753	-4314.83	-0.940308	0.320684	0.113945	26.9285883492	Atom	
-1113.77	21.294	-4313.33	-0.960349	0.0776701	0.267763	26.8980634475	Atom	
-1134.61	22.98	-4307.52	-0.968012	0.165829	0.188291	26.8476505967	Atom	
-1163.25	27.8853	-4301.95	-0.960431	0.197601	0.19628	26.778850101	Atom	
-1171.74	29.6332	-4300.21	-0.955123	0.170369	0.242312	26.7582340006	Atom	
-1247.79	43.1978	-4280.92	-0.949882	0.188497	0.249386	26.5725587672	Atom	
-1272.7	48.142	-4274.38	-0.950219	-0.0631217	0.305123	26.5110500642	Atom	
-1326.78	44.5497	-4257.01	-0.961449	-0.0592998	0.268511	26.3773502446	Atom	
-1371.95	41.7642	-4244.4	-0.948424	-0.146635	0.281053	26.2665492443	Atom	
-1376.13	41.118	-4243.16	-0.929411	-0.141499	0.340843	26.2561206927	Atom	
-1380.16	40.504	-4241.68	-0.905358	-0.0775034	0.417517	26.2458476124	Atom	
-1382.07	40.3403	-4240.8	-0.914316	-0.0819336	0.396628	26.2408454772	Atom	
-1382.91	40.2649	-4240.43	-0.896672	-0.0712501	0.436924	26.2386679003	Atom	
-1385.1	40.0907	-4239.37	-0.888098	-0.0864236	0.451456	26.2328756179	Atom	
-1390.61	39.5552	-4236.57	-0.871781	-0.16457	0.461427	26.2181954945	Atom	
-1402.31	37.3461	-4230.37	-0.871404	-0.150017	0.467064	26.1863811745	Atom	
-1407.6	36.4359	-4227.54	-0.792171	-0.152488	0.590942	26.1719872533	Atom	
-1410.05	35.963	-4225.71	-0.791949	-0.175921	0.584696	26.1646268132	Atom	
-1418.26	34.1399	-4219.65	-0.7774	-0.157115	0.609068	26.140024882	Atom	
-1429.74	31.8189	-4210.65	-0.796093	-0.0782157	0.600099	26.1049296368	Atom	
-1440.63	30.7495	-4202.45	-0.823929	0.050261	0.564459	26.0724122176	Atom	
-1447.79	31.1863	-4197.54	-0.758063	0.0586821	0.649536	26.0517208841	Atom	
-1451.48	31.4722	-4194.38	-0.754032	0.054145	0.654603	26.0401183519	Atom	
-1458.92	32.0063	-4187.92	-0.803453	0.143459	0.577826	26.0166112591	Atom	
-1469.94	33.9733	-4180	-0.811334	0.136094	0.568521	25.983913752	Atom	
-1512.51	41.1151	-4150.16	-0.786127	0.226734	0.574974	25.8586506312	Atom	
-1537.73	48.3871	-4131.72	-0.619493	0.173274	0.76564	25.7817983843	Atom	
-1557.76	53.989	-4106.97	-0.553789	0.252357	0.793495	25.7041472758	Atom	
-1562.32	56.0685	-4100.43	-0.675923	0.233222	0.699096	25.6843081436	Atom	
-1566.69	57.5774	-4095.91	-0.667483	0.293325	0.684417	25.6687216911	Atom	
-1587.85	66.8761	-4074.21	-0.626563	0.0712005	0.776111	25.592315887	Atom	
-1602.11	68.4963	-4056.55	-0.633899	0.0856468	0.768659	25.5373382116	Atom	
-1609.8	69.5356	-4047.22	-0.606159	0.0735506	0.791935	25.5079735624	Atom	
-1616.66	70.3679	-4038.26	-0.624621	0.0745779	0.777359	25.4805624229	Atom	
-1621.52	70.9486	-4032.21	-0.627971	0.0648106	0.775533	25.4616867246	Atom	
-1624.89	71.2958	-4028.05	-0.647548	0.289302	0.704972	25.448689977	Atom	
-1627.91	72.6441	-4024.77	-0.653604	0.281502	0.702537	25.4373804416	Atom	
-1632.87	74.781	-4019.43	-0.653353	0.279146	0.70371	25.418952174	Atom	
-1642.45	78.8739	-4009.12	-0.654656	0.280947	0.70178	25.3833384747	Atom	
-1643.24	79.2129	-4008.27	-0.65798	0.260154	0.70667	25.3804041788	Atom	
-1648.24	81.1904	-4002.9	-0.653282	0.741145	0.154679	25.3619187095	Atom	
-1650.62	83.8912	-4002.33	-0.561705	0.794793	0.229765	25.3530517539	Atom	
-1661.35	99.0784	-3997.94	-0.509147	0.831673	0.221564	25.3065426353	Atom	
-1666.9	108.137	-3995.53	-0.522122	0.825114	0.215814	25.2799932243	Atom	
-1673.2	118.089	-3992.93	-0.406521	0.906033	0.117666	25.2505682255	Atom	
-1675.12	122.376	-3992.37	-0.402456	0.910607	0.0939416	25.2390162848	Atom	
-1681.04	135.775	-3990.99	-0.458595	0.888628	0.00557762	25.2030741881	Atom	
-1684.58	142.627	-3990.94	-0.361796	0.932245	0.00477476	25.1842171272	Atom	
-1685.87	145.943	-3990.93	-0.357671	0.933836	0.00472693	25.175513698	Atom	
-1694.04	167.298	-3990.82	-0.322318	0.945619	0.0437779	25.1195434965	Atom	
-1694.81	169.535	-3990.72	-0.335241	0.94109	0.0443098	25.1137432106	Atom	
-1698.74	180.588	-3990.2	-0.376689	0.920543	-0.103471	25.0849429029	Atom	
-1706.6	199.795	-3992.35	-0.400055	0.909323	-0.114399	25.03372845	Atom	
-1712.18	212.461	-3993.95	-0.400314	0.90828	-0.121557	24.9994850719	Atom	
-1716.54	222.358	-3995.27	-0.398075	0.910408	-0.112666	24.9726660926	Atom	
-1722.16	235.206	-3996.86	-0.411366	0.889393	-0.199394	24.9379037359	Atom	
-1730.18	252.55	-4000.75	-0.448566	0.867708	-0.214174	24.8898152651	Atom	
-1732.54	257.121	-4001.88	-0.479713	0.870269	-0.111837	24.8768037038	Atom	
-1776.91	337.611	-4012.22	-0.478328	0.834809	-0.272575	24.6482877691	Atom	
-1782.34	347.097	-4015.32	-0.437861	0.845666	-0.305166	24.6200079893	Atom	
-1786.67	355.443	-4018.33	-0.598706	0.741573	-0.30269	24.5954213287	Atom	
-1810.35	384.783	-4030.31	-0.680234	0.637109	-0.362455	24.4967828885	Atom	
-1828.28	401.577	-4039.86	-0.691885	0.618582	-0.372361	24.4308588903	Atom	
-1832.05	404.948	-4041.89	-0.675019	0.650091	-0.3489	24.4172018107	Atom	
-1855.17	427.213	-4053.84	-0.685848	0.669058	-0.28631	24.3313236061	Atom	
-1857.42	429.4	-4054.78	-0.70858	0.625726	-0.326161	24.3231025752	Atom	
-1866.9	437.773	-4059.14	-0.705807	0.64838	-0.285377	24.2894474227	Atom	
-1872.42	442.851	-4061.38	-0.704461	0.642726	-0.30106	24.2697272953	Atom	
-1885.29	454.585	-4066.87	-0.710376	0.641412	-0.289752	24.2237308152	Atom	
-1885.9	455.136	-4067.12	-0.7284	0.624098	-0.282728	24.2215621439	Atom	
-1889.03	457.821	-4068.34	-0.737224	0.596405	-0.317492	24.2107053271	Atom	
-1917.46	480.822	-4080.58	-0.731805	0.522477	-0.437584	24.1133548846	Atom	
-1921.49	483.698	-4082.99	-0.749116	0.485714	-0.450453	24.0994147971	Atom	
-1921.97	484.012	-4083.28	-0.761464	0.484429	-0.430699	24.0977776281	Atom	
-1980.95	521.53	-4116.64	-0.697745	0.525757	-0.486551	23.9015509345	Atom	
-1990.34	528.609	-4123.19	-0.72343	0.486603	-0.489762	23.8672141654	Atom	
-1993.37	530.648	-4125.24	-0.758043	0.396913	-0.517523	23.8565179812	Atom	
-2004.05	536.235	-4132.53	-0.821582	0.35566	-0.445543	23.820564341	Atom	
-2005.44	536.84	-4133.28	-0.837895	0.302785	-0.454152	23.8162198744	Atom	
-2018.91	541.706	-4140.58	-0.836751	0.375437	-0.398615	23.7751224796	Atom	
-2026.28	545.015	-4144.1	-0.845151	0.375673	-0.380249	23.7525513521	Atom	
-2029.41	546.407	-4145.51	-0.858425	0.335636	-0.387885	23.7430548235	Atom	
-2035.67	548.852	-4148.33	-0.884905	0.319058	-0.339332	23.7243782956	Atom	
-2048.5	553.479	-4153.25	-0.879994	0.333296	-0.338414	23.6871834528	Atom	
-2051.03	554.436	-4154.22	-0.859093	0.339158	-0.383317	23.6798037527	Atom	
-2073.01	563.114	-4164.03	-0.866478	0.309381	-0.39179	23.6140797034	Atom	
-2077.2	564.611	-4165.93	-0.869931	0.307198	-0.38581	23.6016197834	Atom	
-2089.24	568.861	-4171.26	-0.865073	0.311101	-0.393528	23.5659865142	Atom	
-2112.42	577.197	-4181.81	-0.863623	0.324442	-0.385865	23.4968874627	Atom	
-2126.01	582.303	-4187.88	-0.860016	0.345925	-0.375111	23.4562101291	Atom	
-2139.13	587.581	-4193.61	-0.912178	0.274886	-0.303923	23.4167242362	Atom	
-2147.15	589.998	-4196.28	-0.948652	0.273687	-0.158602	23.3939353027	Atom	
-2154.33	592.069	-4197.48	-0.947634	0.26725	-0.174833	23.3743116282	Atom	
-2158.03	593.112	-4198.16	-0.943386	0.282881	-0.173209	23.364185585	Atom	
-2170.92	596.977	-4200.53	-0.942124	0.3113	-0.124476	23.3287072282	Atom	
-2186.73	602.203	-4202.62	-0.863266	0.445558	-0.237169	23.2850734278	Atom	
-2187.51	602.605	-4202.83	-0.85359	0.464678	-0.235497	23.2827247916	Atom	
-2189.38	603.623	-4203.35	-0.829999	0.490454	-0.265624	23.2770226383	Atom	
-2206.69	613.853	-4208.89	-0.80414	0.53759	-0.253684	23.2227093909	Atom	
-2215.21	619.545	-4211.57	-0.795872	0.546222	-0.261207	23.1950887369	Atom	
-2220.03	622.856	-4213.16	-0.802019	0.545185	-0.244007	23.1792618947	Atom	
-2226.87	627.505	-4215.24	-0.844464	0.520053	-0.128159	23.1569802589	Atom	
-2229.69	629.242	-4215.67	-0.810361	0.548846	-0.205143	23.1482486305	Atom	
-2236.02	633.531	-4217.27	-0.814762	0.531475	-0.231728	23.1278135793	Atom	
-2246.16	640.142	-4220.15	-0.790861	0.564028	-0.237512	23.0952576433	Atom	
-2247.96	641.426	-4220.69	-0.778728	0.52184	-0.348233	23.0892947979	Atom	
-2331.81	697.618	-4258.19	-0.790238	0.49201	-0.365307	22.8071121823	Atom	
-2334.62	699.363	-4259.49	-0.758691	0.342224	-0.55432	22.7977251439	Atom	
-2336.25	700.099	-4260.68	-0.772529	0.263215	-0.577855	22.7920372515	Atom	
-2343	702.401	-4265.73	-0.787694	0.270332	-0.553587	22.7688841907	Atom	
-2351.52	705.324	-4271.72	-0.810753	0.314776	-0.493555	22.7402308598	Atom	
-2351.83	705.443	-4271.9	-0.810879	0.306545	-0.498503	22.7392303309	Atom	
-2358.88	708.111	-4276.24	-0.824571	0.286574	-0.487809	22.7161455228	Atom	
-2394.13	720.36	-4297.09	-0.402784	-0.0246677	-0.914962	22.6026895696	Atom	
-2399.58	720.026	-4309.48	-0.360755	-0.0176357	-0.932494	22.5666128047	Atom	
-2402.9	719.864	-4318.06	-0.273054	-0.130554	-0.953099	22.5420705389	Atom	
-2408.12	717.368	-4336.27	-0.347022	-0.082652	-0.934208	22.4910277245	Atom	
-2420.4	714.442	-4369.35	-0.388522	-0.101363	-0.915847	22.3963186918	Atom	
-2421.28	714.215	-4371.4	-0.363454	-0.220082	-0.905243	22.3902868464	Atom	
-2428.28	709.972	-4388.85	-0.287836	-0.367885	-0.884201	22.338535512	Atom	
-2444.22	689.601	-4437.81	-0.300772	-0.371355	-0.878426	22.1896022419	Atom	
-2451.25	680.923	-4458.34	-0.206188	-0.392627	-0.896287	22.12641692	Atom	
-2455.54	672.759	-4476.98	-0.162267	-0.405387	-0.899628	22.0700711559	Atom	
-2456.09	671.392	-4480.01	-0.357163	-0.37388	-0.855949	22.0609116772	Atom	
-2462.23	664.959	-4494.74	-0.340339	-0.296077	-0.892473	22.014178221	Atom	
-2462.34	664.86	-4495.04	-0.302733	-0.37466	-0.876346	22.0132661627	Atom	
-2467.74	658.177	-4510.67	-0.347827	-0.158113	-0.92413	21.9647368124	Atom	
-2470.7	656.831	-4518.54	-0.312691	-0.123019	-0.941855	21.9415385742	Atom	
-2487.84	650.089	-4570.15	-0.318609	-0.164268	-0.933544	21.7920394661	Atom	
-2504.32	641.592	-4618.45	-0.257387	-0.126135	-0.958041	21.6501755925	Atom	
-2504.84	641.341	-4620.35	0.162395	-0.224486	-0.960851	21.6446916288	Atom	
-2496.18	629.375	-4671.57	0.142133	-0.119001	-0.982668	21.4977199559	Atom	
-2495.55	628.846	-4675.94	0.141906	-0.112747	-0.983438	21.4853954895	Atom	
-2494.51	628.019	-4683.15	0.132803	-0.0987515	-0.986211	21.465063106	Atom	
-2494.06	627.69	-4686.44	-0.146698	0.0639181	-0.987114	21.4558079065	Atom	
-2495.91	628.494	-4698.86	-0.0856247	0.084422	-0.992744	21.4208698608	Atom	
-2497.4	629.965	-4716.16	-0.122701	0.00334988	-0.992438	21.3724344369	Atom	
-2500.81	630.058	-4743.71	-0.164927	0.0326901	-0.985764	21.2951282695	Atom	
-2504.51	630.793	-4765.87	-0.212202	0.048581	-0.976017	21.2323607351	Atom	
-2505.16	630.94	-4768.82	-0.204224	0.00957649	-0.978877	21.2239046349	Atom	
-2510.07	631.17	-4792.37	-0.185383	-0.00750057	-0.982638	21.156533735	Atom	
-2511.13	631.127	-4798	-0.170877	0.038458	-0.984542	21.1404478041	Atom	
-2512.13	631.351	-4803.75	-0.177081	0.0510605	-0.982871	21.1240567896	Atom	
-2512.33	631.409	-4804.85	-0.176322	0.0547264	-0.98281	21.1209115673	Atom	
-2513.19	631.675	-4809.63	-0.206709	0.0486502	-0.977192	21.1072331769	Atom	
-2527.3	634.996	-4876.35	-0.218253	0.00139637	-0.975891	20.9152450992	Atom	
-2528.97	635.007	-4883.83	-0.235159	-0.0334125	-0.971382	20.8935169881	Atom	
-2534.98	634.153	-4908.65	-0.246895	-0.166251	-0.954675	20.8210882473	Atom	
-2536.65	633.03	-4915.1	-0.275251	-0.0419526	-0.960456	20.8018833946	Atom	
-2542.76	632.099	-4936.41	-0.266724	-0.0457034	-0.962689	20.7387885721	Atom	
-2548.71	631.079	-4957.9	-0.295607	-0.0162722	-0.955171	20.6751484398	Atom	
-2561.74	630.362	-5000	-0.295607	-0.0162722	-0.955171	20.5491731987	Region	
"-----------------------------------------------------------------"
"Trajectory"	23

"NbCollisions"	120
"Zmax"	0
"Display"	256

"Collisions"

"X"	"Y"	"Z"	"Rx"	"Ry"	"Rz"	"Energy"	"CollisionType"	
0.148208	-0.0575362	-5000	5.30395e-006	2.9926e-008	1	30	Region	
0.148436	-0.0575349	-4956.95	0.0189138	0.00651165	0.9998	29.9083386392	Atom	
0.227243	-0.0304033	-4952.78	-0.00260991	0.0339615	0.99942	29.8994457972	Atom	
0.221231	0.0478295	-4950.48	0.0138063	0.000140349	0.999905	29.8945281034	Atom	
0.46971	0.0503554	-4932.48	0.107969	-0.0905553	0.990021	29.8561017706	Atom	
6.6964	-5.17205	-4875.39	0.0593489	-0.219308	0.973849	29.7328425889	Atom	
7.08677	-6.61456	-4868.98	0.0587403	-0.221134	0.973473	29.7187379322	Atom	
7.62037	-8.62338	-4860.14	0.0378435	-0.170329	0.98466	29.6992508945	Atom	
8.19433	-11.2067	-4845.21	0.0725782	-0.138734	0.987667	29.6666989154	Atom	
9.48909	-13.6816	-4827.59	0.0510176	-0.141118	0.988677	29.6283767431	Atom	
9.49894	-13.7089	-4827.4	0.0785655	-0.0540561	0.995442	29.6279614674	Atom	
10.813	-14.613	-4810.75	0.0681347	-0.0522052	0.996309	29.5919949555	Atom	
13.102	-16.3669	-4777.27	0.108575	-0.0302705	0.993627	29.5196794113	Atom	
15.434	-17.017	-4755.93	0.182013	-0.0549486	0.98176	29.4733576057	Atom	
15.9588	-17.1755	-4753.1	0.148992	-0.00265154	0.988835	29.4671315111	Atom	
19.2936	-17.2348	-4730.97	0.161601	0.084177	0.98326	29.4187912472	Atom	
24.0629	-14.7505	-4701.95	0.104383	0.0599858	0.992727	29.3549659847	Atom	
24.8082	-14.3222	-4694.86	0.096333	0.0827892	0.9919	29.3394984668	Atom	
25.1057	-14.0665	-4691.8	-0.0456496	0.053027	0.997549	29.3328058236	Atom	
19.3372	-7.36584	-4565.75	-0.0530328	0.0366046	0.997922	29.0588925426	Atom	
18.5176	-6.80011	-4550.32	0.778685	0.571388	0.259165	29.0251393322	Atom	
40.6869	9.46739	-4542.94	0.776399	0.571886	0.26486	28.9629046578	Atom	
48.2791	15.0598	-4540.35	0.782571	0.567649	0.25565	28.9414919214	Atom	
58.6129	22.5555	-4536.98	0.725252	0.660814	0.193221	28.9125602127	Atom	
89.4222	50.6275	-4528.77	0.73003	0.65325	0.200803	28.8194104372	Atom	
103.199	62.9553	-4524.98	0.709372	0.678983	0.189139	28.777923556	Atom	
130.186	88.7866	-4517.79	0.699265	0.699583	0.147014	28.6941916759	Atom	
157.118	115.73	-4512.12	0.643061	0.744177	0.180758	28.6092289995	Atom	
168.132	128.477	-4509.03	0.658845	0.739773	0.136596	28.5713541849	Atom	
194.693	158.3	-4503.52	0.655275	0.740961	0.146943	28.4821148348	Atom	
199.323	163.536	-4502.48	0.636628	0.757401	0.145081	28.4664346689	Atom	
214.15	181.175	-4499.1	0.643051	0.747093	0.168336	28.4147296565	Atom	
222.009	190.305	-4497.05	0.653167	0.734418	0.184399	28.3875602857	Atom	
233.843	203.612	-4493.71	0.657809	0.707984	0.256994	28.3472459681	Atom	
236	205.933	-4492.86	0.701145	0.659383	0.271309	28.3399435671	Atom	
239.547	209.269	-4491.49	0.706035	0.655686	0.267563	28.328670526	Atom	
245.016	214.348	-4489.42	0.722778	0.672613	0.158697	28.3114068699	Atom	
272.285	239.724	-4483.43	0.745424	0.651128	0.142742	28.2272851439	Atom	
274.893	242.003	-4482.93	0.706084	0.698438	0.116746	28.2194634508	Atom	
292.46	259.379	-4480.03	0.694273	0.709643	0.119966	28.1638450274	Atom	
329.559	297.299	-4473.62	0.714035	0.695642	0.0789723	28.0441999665	Atom	
352.421	319.573	-4471.09	0.699361	0.710391	0.0789893	27.9722660733	Atom	
354.593	321.779	-4470.84	0.77416	0.632857	-0.0129793	27.9652756996	Atom	
358.556	325.019	-4470.91	0.776748	0.628795	0.0357659	27.9537472125	Atom	
369.445	333.833	-4470.41	0.789501	0.612501	0.0391205	27.9221720491	Atom	
380.949	342.758	-4469.84	0.790155	0.611631	0.0395333	27.889323076	Atom	
391.274	350.751	-4469.32	0.806265	0.59132	0.016679	27.8598346612	Atom	
434.298	382.304	-4468.43	0.859291	0.510957	-0.023284	27.7393196321	Atom	
458.554	396.728	-4469.09	0.866818	0.497089	-0.0391157	27.6753450429	Atom	
467.313	401.751	-4469.48	0.927924	0.370597	-0.0401806	27.6524033518	Atom	
484.56	408.639	-4470.23	0.906765	0.123708	-0.403079	27.6101769624	Atom	
490.928	409.508	-4473.06	0.852861	0.0911707	-0.514117	27.5942013165	Atom	
499.07	410.378	-4477.97	0.852252	0.104706	-0.512546	27.5724762801	Atom	
500.107	410.505	-4478.59	0.857402	0.11661	-0.501262	27.5697048912	Atom	
524.337	413.801	-4492.76	0.838742	0.113468	-0.532576	27.5053470136	Atom	
537.299	415.554	-4500.99	0.826146	0.156663	-0.541239	27.4700861444	Atom	
561.279	420.102	-4516.7	0.82688	0.161499	-0.53869	27.4037922297	Atom	
592.57	426.213	-4537.08	0.76423	0.0034837	-0.644934	27.3171983537	Atom	
610.471	426.295	-4552.19	0.776185	0.00603143	-0.630476	27.2634645806	Atom	
660.591	426.684	-4592.9	0.775776	-0.00911768	-0.630942	27.1150987338	Atom	
665.432	426.627	-4596.84	0.789471	-0.171224	-0.589421	27.1006969885	Atom	
671.669	425.275	-4601.5	0.800416	-0.166263	-0.575926	27.0824605956	Atom	
693.542	420.731	-4617.23	0.797281	-0.153066	-0.583878	27.0193374151	Atom	
703.059	418.904	-4624.2	0.806511	-0.143652	-0.573502	26.9917144477	Atom	
705.551	418.46	-4625.98	0.818896	-0.0962255	-0.565818	26.984559155	Atom	
720.982	416.647	-4636.64	0.820886	-0.0578562	-0.568153	26.9409077586	Atom	
727.718	416.172	-4641.3	0.822258	-0.0237812	-0.568618	26.9218737729	Atom	
739.536	415.83	-4649.47	0.785498	0.0375443	-0.617725	26.8885168172	Atom	
746.955	416.185	-4655.31	0.782411	0.0304542	-0.622017	26.8665775532	Atom	
752.322	416.394	-4659.57	0.560084	0.134856	-0.817386	26.8506296241	Atom	
803.814	428.792	-4734.72	0.5629	0.210928	-0.799158	26.6368184562	Atom	
809.095	430.771	-4742.22	0.488864	0.434389	-0.756517	26.614857165	Atom	
818.767	439.365	-4757.19	0.442647	0.702516	-0.557257	26.568520779	Atom	
823.443	446.786	-4763.07	0.44489	0.680241	-0.582533	26.5437476514	Atom	
823.657	447.113	-4763.35	0.351905	0.61542	-0.705281	26.54261959	Atom	
823.822	447.402	-4763.68	0.345447	0.539639	-0.767761	26.5415178226	Atom	
830.296	457.515	-4778.07	0.352883	0.612594	-0.707249	26.4975305528	Atom	
847.491	487.366	-4812.53	0.329096	0.619924	-0.712314	26.3830072633	Atom	
853.232	498.18	-4824.96	0.370867	0.664564	-0.648701	26.3418659172	Atom	
856.338	503.744	-4830.39	0.357692	0.64346	-0.676768	26.3220960917	Atom	
869.371	527.191	-4855.05	0.35444	0.64697	-0.675131	26.2360031071	Atom	
870.353	528.982	-4856.92	0.349965	0.586718	-0.730264	26.2294454126	Atom	
873.761	534.697	-4864.03	0.307359	0.59555	-0.742193	26.2063689135	Atom	
873.96	535.082	-4864.51	0.305963	0.612524	-0.728835	26.2048355639	Atom	
877.095	541.357	-4871.98	0.284332	0.578134	-0.764798	26.1805432951	Atom	
879.307	545.856	-4877.93	0.261532	0.629523	-0.731643	26.1620805902	Atom	
880.566	548.885	-4881.45	0.266461	0.621546	-0.736668	26.1506564394	Atom	
880.959	549.803	-4882.54	0.208054	0.605206	-0.768401	26.1471475223	Atom	
889.974	576.028	-4915.84	0.217038	0.592415	-0.775848	26.0442265882	Atom	
894.156	587.441	-4930.78	0.20489	0.597783	-0.775033	25.9983245769	Atom	
894.459	588.326	-4931.93	0.214965	0.586972	-0.780547	25.9947933688	Atom	
897.758	597.333	-4943.91	0.225882	0.620051	-0.751341	25.958176124	Atom	
905.648	618.992	-4970.15	0.223153	0.645419	-0.730505	25.8747288518	Atom	
905.722	619.205	-4970.4	0.168151	0.628548	-0.759376	25.8739369323	Atom	
912.277	643.709	-5000	0.168151	0.628548	-0.759376	25.7805664113	Region	
"-----------------------------------------------------------------"
"Trajectory"	29

"NbCollisions"	70
"Zmax"	0
"Display"	256

"Collisions"

"X"	"Y"	"Z"	"Rx"	"Ry"	"Rz"	"Energy"	"CollisionType"	
0.312646	-0.0392241	-5000	5.75652e-006	3.63664e-006	1	30	Region	
0.312658	-0.0392162	-4997.83	0.0964176	0.229053	0.968627	29.995382457	Atom	
2.91147	6.13462	-4971.72	0.0295854	0.236375	0.971211	29.9379883289	Atom	
3.56122	11.3258	-4950.39	0.196117	0.219786	0.955632	29.8911521089	Atom	
5.53491	13.5377	-4940.78	0.208389	0.218289	0.953375	29.8696629068	Atom	
10.0998	18.3195	-4919.89	0.296761	0.205808	0.93251	29.8228615262	Atom	
21.6235	26.3113	-4883.68	0.51226	0.193163	0.836826	29.739793636	Atom	
55.4728	39.0752	-4828.39	0.549513	0.214347	0.807521	29.598124492	Atom	
56.9859	39.6654	-4826.16	0.511723	0.217583	0.831142	29.5921985501	Atom	
58.7379	40.4104	-4823.32	0.494293	0.250597	0.832391	29.5848292975	Atom	
60.4786	41.2929	-4820.38	0.479835	0.279964	0.831492	29.57724761	Atom	
61.1633	41.6924	-4819.2	0.517102	0.247095	0.819481	29.5741746845	Atom	
62.6463	42.401	-4816.85	0.504708	0.243856	0.828133	29.5679986131	Atom	
67.7383	44.8613	-4808.49	0.51069	0.254762	0.821153	29.5462681444	Atom	
69.4816	45.7309	-4805.69	0.47012	0.241626	0.848884	29.5389111163	Atom	
103.8	63.3694	-4743.72	0.406839	0.273282	0.871665	29.3815558863	Atom	
108.762	66.7027	-4733.09	0.404941	0.297131	0.864717	29.3551509123	Atom	
118.567	73.897	-4712.15	0.365125	0.317868	0.875011	29.3026983237	Atom	
124.658	79.1996	-4697.56	0.375718	0.345387	0.859968	29.2665080419	Atom	
126.524	80.9154	-4693.28	0.413651	0.27792	0.86698	29.2557205278	Atom	
127.701	81.7057	-4690.82	0.320352	0.0248665	-0.946972	29.2495434088	Atom	
132.537	82.0811	-4705.11	0.381929	0.0431731	-0.923183	29.2167460675	Atom	
140.137	82.9403	-4723.49	0.337032	0.117898	-0.934082	29.1734722364	Atom	
141.205	83.3138	-4726.45	0.300364	0.145378	-0.942681	29.1665741852	Atom	
143.527	84.4374	-4733.73	0.293204	0.0975377	-0.951061	29.1497444747	Atom	
147.5	85.7592	-4746.62	0.393434	0.0630993	-0.917185	29.1202218325	Atom	
147.881	85.8204	-4747.51	0.372636	0.0692896	-0.925387	29.118109238	Atom	
151.047	86.409	-4755.37	0.370738	0.0642163	-0.926515	29.099587772	Atom	
152.697	86.6949	-4759.5	0.507018	0.0871691	-0.857516	29.0898739633	Atom	
153.81	86.8861	-4761.38	0.517645	0.0842021	-0.851442	29.0850872449	Atom	
163.096	88.3966	-4776.65	0.548391	0.134389	-0.825352	29.0459381195	Atom	
164.237	88.6762	-4778.37	0.650545	0.0294287	-0.758897	29.0413924177	Atom	
184.855	89.6089	-4802.42	0.648705	0.00183679	-0.761037	28.9721424491	Atom	
191.148	89.6267	-4809.8	0.814641	-0.00948621	-0.579888	28.9509060742	Atom	
195.973	89.5706	-4813.24	0.799231	-0.00810342	-0.600969	28.9379323616	Atom	
227.636	89.2495	-4837.05	0.75094	0.169471	-0.638255	28.8511217957	Atom	
237.555	91.4879	-4845.48	0.772109	0.128188	-0.622427	28.8221103662	Atom	
279.011	98.3707	-4878.9	0.777097	0.0402662	-0.628092	28.7040830424	Atom	
291.48	99.0167	-4888.97	0.782247	-0.0738604	-0.618574	28.6686961905	Atom	
300.861	98.131	-4896.39	0.748961	-0.282564	-0.599346	28.6422222182	Atom	
303.878	96.9927	-4898.81	0.754103	-0.250631	-0.607052	28.6333228421	Atom	
326.601	89.4405	-4917.1	0.748225	-0.25856	-0.610988	28.5667367885	Atom	
384.124	69.5625	-4964.07	0.766881	-0.251423	-0.590492	28.3965355591	Atom	
385.993	68.9498	-4965.51	0.76013	-0.274023	-0.589164	28.3911143551	Atom	
430.492	52.9082	-5000	0.76013	-0.274023	-0.589164	28.2608743745	Region	
"-----------------------------------------------------------------"
"Trajectory"	33

"NbCollisions"	92
"Zmax"	0
"Display"	256

"Collisions"

"X"	"Y"	"Z"	"Rx"	"Ry"	"Rz"	"Energy"	"CollisionType"	
-0.0100148	0.407184	-5000	-1.71258e-006	5.27064e-006	1	30	Region	
-0.0100278	0.407224	-4992.46	0.0472368	0.0976761	0.994097	29.9839380668	Atom	
0.198742	0.838918	-4988.06	0.0541191	0.122507	0.990991	29.9745241698	Atom	
1.24568	3.20882	-4968.89	0.0355854	0.161778	0.986185	29.9333087894	Atom	
1.41423	3.97508	-4964.22	0.15791	0.195464	0.967914	29.9232064762	Atom	
3.97268	7.14198	-4948.54	0.355348	0.681094	0.640187	29.888640275	Atom	
9.73224	18.1813	-4938.16	0.354167	0.685255	0.636389	29.8540287683	Atom	
31.2051	59.7278	-4899.58	0.35972	0.673924	0.645313	29.7244396328	Atom	
37.2618	71.0748	-4888.71	0.394719	0.699264	0.596009	29.6883266075	Atom	
52.9999	98.9557	-4864.95	0.400539	0.691733	0.600894	29.6027250004	Atom	
72.9745	133.452	-4834.98	0.17942	0.69659	0.694673	29.495412608	Atom	
75.7061	144.057	-4824.41	0.17164	0.69206	0.701136	29.4625567555	Atom	
75.7366	144.18	-4824.28	0.272347	0.659192	0.700923	29.4621720774	Atom	
86.3974	169.984	-4796.85	0.311052	0.669019	0.675026	29.3776186117	Atom	
87.0499	171.387	-4795.43	0.229922	0.605187	0.762158	29.373077157	Atom	
87.534	172.661	-4793.82	0.135663	-0.746558	0.651342	29.3685178891	Atom	
95.094	131.058	-4757.53	0.208861	-0.684521	0.698433	29.2478393141	Atom	
99.0384	118.131	-4744.34	0.246754	-0.716914	0.652033	29.206806944	Atom	
102.156	109.073	-4736.1	0.278889	-0.717329	0.638483	29.1793254222	Atom	
102.502	108.182	-4735.31	0.286684	-0.738671	0.610063	29.1766218351	Atom	
102.724	107.612	-4734.84	0.245934	-0.735437	0.631386	29.1749416249	Atom	
105.676	98.7819	-4727.25	0.253946	-0.723005	0.642476	29.1488039015	Atom	
105.828	98.3512	-4726.87	0.390108	-0.731475	0.559249	29.1475060078	Atom	
113.327	84.2895	-4716.12	0.383405	-0.737543	0.555906	29.105624516	Atom	
131.771	48.8098	-4689.38	0.436569	-0.71273	0.549021	29.0007002854	Atom	
148.341	21.7577	-4668.54	0.419869	-0.709501	0.565967	28.9176750616	Atom	
152.112	15.385	-4663.46	0.401892	-0.702788	0.587002	28.8979825648	Atom	
156.698	7.36688	-4656.76	-0.917355	-0.380786	0.116024	28.8729556028	Atom	
155.118	6.71107	-4656.56	-0.924543	-0.371611	0.0844189	28.8691750258	Atom	
135.434	-1.20074	-4654.76	-0.92185	-0.379421	0.0789486	28.8224343813	Atom	
129.466	-3.65691	-4654.25	-0.884599	-0.4488	0.126742	28.808204365	Atom	
111.619	-12.7115	-4651.69	-0.828124	-0.54717	0.121721	28.7638376899	Atom	
86.6282	-29.2239	-4648.02	-0.877032	-0.463174	0.127612	28.6973933146	Atom	
84.0651	-30.5775	-4647.65	-0.848414	-0.512341	0.13304	28.6909467877	Atom	
78.4437	-33.9722	-4646.77	-0.869689	-0.482383	0.104632	28.6763287424	Atom	
78.0745	-34.177	-4646.72	-0.899903	-0.436069	-0.00423319	28.6753917598	Atom	
65.517	-40.262	-4646.78	-0.8895	-0.456902	0.00546841	28.6445922153	Atom	
65.1042	-40.474	-4646.78	-0.851766	-0.521399	-0.0513551	28.6435671099	Atom	
59.1436	-44.1228	-4647.14	-0.868631	-0.457103	-0.191148	28.6281075249	Atom	
48.1729	-49.8959	-4649.55	-0.874859	-0.414686	-0.250315	28.6001944594	Atom	
45.3103	-51.2528	-4650.37	-0.860314	-0.44162	-0.254621	28.5929573642	Atom	
8.94895	-69.9179	-4661.13	-0.498059	-0.738658	-0.454226	28.4994562154	Atom	
5.91196	-74.422	-4663.9	-0.454826	-0.748909	-0.481942	28.4859314291	Atom	
-6.28623	-94.5074	-4676.83	-0.34256	-0.786428	-0.513988	28.426422597	Atom	
-12.5564	-108.902	-4686.24	-0.439368	-0.659536	-0.609892	28.385741269	Atom	
-19.3025	-119.029	-4695.6	-0.485521	-0.60927	-0.626945	28.3515767174	Atom	
-23.3131	-124.061	-4700.78	-0.462885	-0.627044	-0.626541	28.3331785379	Atom	
-28.7268	-131.395	-4708.11	-0.458638	-0.637786	-0.618773	28.3071163317	Atom	
-29.8696	-132.984	-4709.65	-0.449342	-0.719331	-0.529769	28.3015596814	Atom	
-30.1753	-133.474	-4710.01	-0.4395	-0.719811	-0.537319	28.3000425654	Atom	
-33.3902	-138.739	-4713.94	-0.385448	-0.653273	-0.651662	28.2837269273	Atom	
-33.8755	-139.561	-4714.76	-0.279346	-0.36378	-0.888611	28.2809176289	Atom	
-36.2983	-142.717	-4722.47	-0.293694	-0.364382	-0.883725	28.2615617901	Atom	
-36.7851	-143.32	-4723.93	-0.247991	-0.36266	-0.89832	28.2578609487	Atom	
-40.8052	-149.199	-4738.49	-0.325817	-0.42413	-0.84496	28.2216604951	Atom	
-46.6408	-156.796	-4753.63	-0.33902	-0.453648	-0.824177	28.1816227036	Atom	
-48.5946	-159.41	-4758.38	-0.254081	-0.416007	-0.873144	28.1687255561	Atom	
-49.5471	-160.97	-4761.65	-0.175018	-0.420837	-0.890093	28.1603332768	Atom	
-50.9227	-164.278	-4768.65	-0.165332	-0.290722	-0.942415	28.1427328284	Atom	
-52.0001	-166.172	-4774.79	-0.135769	-0.247235	-0.959396	28.1281331861	Atom	
-52.6449	-167.346	-4779.35	-0.146245	-0.281382	-0.948386	28.1174891704	Atom	
-55.2119	-172.285	-4795.99	-0.143631	-0.29222	-0.945504	28.0781361019	Atom	
-57.8903	-177.735	-4813.62	-0.128613	-0.25665	-0.957909	28.0362806195	Atom	
-67.5039	-196.919	-4885.23	-0.123891	-0.215875	-0.968529	27.8683104561	Atom	
-67.5929	-197.074	-4885.92	-0.144326	-0.217172	-0.965405	27.86668792	Atom	
-67.7497	-197.31	-4886.97	-0.140972	-0.261234	-0.954926	27.8642348999	Atom	
-68.0801	-197.922	-4889.21	-0.167647	-0.246339	-0.954574	27.8589425776	Atom	
-70.3047	-201.191	-4901.87	0.106383	-0.239173	-0.965132	27.8289735001	Atom	
-62.8921	-217.856	-4969.12	0.0943879	-0.238989	-0.966424	27.6714679275	Atom	
-59.8765	-225.491	-5000	0.0943879	-0.238989	-0.966424	27.5989217625	Region	
"-----------------------------------------------------------------"
"Trajectory"	35

"NbCollisions"	395
"Zmax"	0
"Display"	256

"Collisions"

"X"	"Y"	"Z"	"Rx"	"Ry"	"Rz"	"Energy"	"CollisionType"	
0.0356898	0.0585011	-5000	-3.83123e-007	-4.24418e-006	1	30	Region	
0.035683	0.0584257	-4982.22	-0.0102882	0.0277282	0.999563	29.9621455274	Atom	
-0.384346	1.19047	-4941.41	-0.0261265	-0.0100865	0.999608	29.8751346965	Atom	
-0.516695	1.13937	-4936.35	0.924571	0.00784604	0.380929	29.8643133903	Atom	
12.9817	1.25392	-4930.79	0.921374	0.0259225	0.387812	29.833116825	Atom	
25.0243	1.59273	-4925.72	0.427816	-0.694437	0.578559	29.8051647256	Atom	
32.4435	-10.4502	-4915.68	0.439423	-0.668404	0.600119	29.7680493889	Atom	
38.1847	-19.1831	-4907.84	0.795389	-0.599089	0.091919	29.7400592706	Atom	
53.2734	-30.5479	-4906.1	0.797872	-0.597442	0.0803884	29.6993886243	Atom	
57.3106	-33.571	-4905.69	0.812043	-0.572986	0.110782	29.6885284198	Atom	
68.6483	-41.571	-4904.15	0.789502	-0.599665	0.13072	29.6585535052	Atom	
69.3894	-42.1339	-4904.02	0.794357	-0.595576	0.119521	29.6565366596	Atom	
73.0337	-44.8662	-4903.48	0.794362	-0.595841	0.118162	29.6466787819	Atom	
81.7793	-51.4262	-4902.17	0.806899	-0.584192	0.0873735	29.6230156092	Atom	
96.0729	-61.7747	-4900.63	0.810414	-0.581273	0.0731538	29.5849178278	Atom	
104.947	-68.1396	-4899.83	0.807314	-0.583679	0.0869614	29.5613437093	Atom	
185.951	-126.705	-4891.1	0.805065	-0.588379	0.0753634	29.3451891989	Atom	
188.982	-128.92	-4890.82	0.793915	-0.60217	0.0842081	29.3370310473	Atom	
191.442	-130.785	-4890.56	0.739976	-0.636321	0.218016	29.3303162715	Atom	
199.347	-137.584	-4888.23	0.759214	-0.615542	0.211429	29.3071562612	Atom	
217.397	-152.218	-4883.2	0.756526	-0.621589	0.203215	29.2555856453	Atom	
220.575	-154.829	-4882.35	0.75685	-0.609986	0.234723	29.2464620216	Atom	
230.044	-162.46	-4879.41	0.744898	-0.629229	0.221805	29.2192784642	Atom	
247.845	-177.498	-4874.11	0.729488	-0.62646	0.274584	29.1673156803	Atom	
265.641	-192.78	-4867.41	0.709603	-0.652719	0.26537	29.1141957541	Atom	
269.48	-196.311	-4865.98	0.664468	-0.717177	0.210094	29.1024012423	Atom	
270.884	-197.827	-4865.53	0.672	-0.712811	0.200791	29.0977896583	Atom	
288.694	-216.718	-4860.21	0.556056	-0.822869	0.116995	29.0399733265	Atom	
295.881	-227.355	-4858.7	0.56899	-0.80895	0.147818	29.0117280767	Atom	
299.659	-232.726	-4857.72	0.542228	-0.821957	0.174286	28.9972093946	Atom	
302.892	-237.626	-4856.68	0.610172	-0.753558	0.244625	28.9841666748	Atom	
309.801	-246.159	-4853.91	0.613888	-0.746727	0.256007	28.9593867074	Atom	
324.689	-264.268	-4847.7	0.659894	-0.704921	0.260051	28.906278768	Atom	
324.898	-264.491	-4847.62	0.684593	-0.704813	0.185934	28.905584611	Atom	
328.79	-268.498	-4846.56	0.678998	-0.730789	0.0700679	28.8931162698	Atom	
339.435	-279.956	-4845.46	0.678626	-0.731375	0.0675115	28.8587192733	Atom	
340.819	-281.447	-4845.32	0.586783	-0.801198	0.11733	28.8542411309	Atom	
347.962	-291.2	-4843.89	0.621673	-0.777911	0.0915252	28.8275050954	Atom	
382.236	-334.087	-4838.85	0.606663	-0.790401	0.085006	28.7063331144	Atom	
394.507	-350.076	-4837.13	0.629732	-0.761856	0.151699	28.6617246873	Atom	
407.068	-365.272	-4834.1	0.687118	-0.71172	0.146023	28.6176822388	Atom	
407.539	-365.759	-4834	0.69313	-0.706548	0.142695	28.6161694038	Atom	
410.717	-368.999	-4833.35	0.483014	-0.857616	-0.176616	28.6060327931	Atom	
413.869	-374.595	-4834.5	0.471007	-0.864265	-0.176631	28.5916014953	Atom	
415.405	-377.415	-4835.08	0.462667	-0.874979	-0.142659	28.5843850219	Atom	
418.334	-382.953	-4835.98	0.411866	-0.89796	-0.155028	28.5703782988	Atom	
421.16	-389.115	-4837.04	0.388408	-0.910265	-0.14338	28.5551871429	Atom	
428.762	-406.93	-4839.85	0.382187	-0.91725	-0.112186	28.5118466379	Atom	
438.569	-430.467	-4842.73	0.27929	-0.950958	-0.132948	28.4549504319	Atom	
439.267	-432.844	-4843.06	0.340597	-0.928843	-0.145754	28.4493995908	Atom	
441.542	-439.05	-4844.04	-0.0334397	-0.998865	-0.0339221	28.4345593817	Atom	
441.237	-448.171	-4844.35	0.279011	-0.959764	-0.0317162	28.4142688559	Atom	
448.127	-471.872	-4845.13	0.27912	-0.960187	0.0115334	28.3593642707	Atom	
457.491	-504.084	-4844.74	0.103406	-0.983595	-0.147809	28.2846643542	Atom	
458.529	-513.955	-4846.23	0.0917665	-0.985778	-0.140787	28.2622691741	Atom	
458.935	-518.321	-4846.85	0.107142	-0.985241	-0.133494	28.2523806306	Atom	
459.169	-520.476	-4847.14	0.115474	-0.983743	-0.137534	28.2474962705	Atom	
461.451	-539.91	-4849.86	0.121627	-0.980219	-0.156135	28.2033679784	Atom	
464.951	-568.119	-4854.35	0.0299974	-0.999542	0.00399963	28.1390043298	Atom	
465.25	-578.078	-4854.31	-0.0777864	-0.931748	0.354675	28.1166797442	Atom	
465.073	-580.197	-4853.5	-0.155136	-0.914427	0.373839	28.1115791947	Atom	
459.923	-610.55	-4841.1	-0.146026	-0.885544	0.441009	28.0371493822	Atom	
453.182	-651.432	-4820.74	-0.157516	-0.886335	0.43543	27.9334094119	Atom	
452.408	-655.786	-4818.6	-0.136678	-0.895888	0.422735	27.9223374094	Atom	
452.045	-658.169	-4817.47	-0.164483	-0.881187	0.443233	27.9163410848	Atom	
447.065	-684.846	-4804.05	-0.267298	-0.95785	0.105239	27.8480795695	Atom	
438.844	-714.305	-4800.82	-0.180846	-0.931256	0.316317	27.7785968871	Atom	
433.769	-740.442	-4791.94	-0.186127	-0.933342	0.306968	27.7150628171	Atom	
433.659	-740.992	-4791.76	-0.171363	-0.893386	0.415328	27.7137266667	Atom	
429.869	-760.749	-4782.57	-0.0552722	-0.910017	0.410869	27.6635700761	Atom	
428.887	-776.914	-4775.27	0.077586	-0.850249	0.520631	27.6232259577	Atom	
429.412	-782.662	-4771.76	0.0632806	-0.820541	0.568074	27.6078552068	Atom	
429.841	-788.224	-4767.9	0.0646981	-0.81778	0.571883	27.5924348604	Atom	
430.308	-794.125	-4763.78	0.171956	-0.798885	0.576381	27.5760125544	Atom	
434.811	-815.046	-4748.68	0.138825	-0.878628	0.456881	27.5163840986	Atom	
435.916	-822.042	-4745.05	0.081359	-0.90178	0.424469	27.4982234857	Atom	
443.597	-907.179	-4704.97	0.0106506	-0.904466	0.426413	27.2827746312	Atom	
443.766	-921.528	-4698.21	0.0154422	-0.893886	0.448028	27.2463438796	Atom	
444.237	-948.788	-4684.54	0.0214467	-0.891411	0.452688	27.1762413239	Atom	
444.357	-953.776	-4682.01	-0.0197839	-0.878659	0.47704	27.1633513979	Atom	
443.953	-971.71	-4672.27	-0.033921	-0.875085	0.48278	27.1163153528	Atom	
443.507	-983.216	-4665.93	-0.266041	-0.781017	0.565008	27.0859769471	Atom	
434.308	-1010.22	-4646.39	-0.25067	-0.77494	0.5802	27.0061110699	Atom	
428.98	-1026.69	-4634.06	-0.243338	-0.763392	0.598346	26.9569082025	Atom	
425.181	-1038.61	-4624.72	-0.247929	-0.766463	0.592508	26.9207119804	Atom	
421.422	-1050.23	-4615.73	-0.354899	-0.770515	0.529484	26.8855233937	Atom	
420.108	-1053.09	-4613.77	-0.343914	-0.811121	0.473081	26.8769216208	Atom	
413.88	-1067.77	-4605.2	-0.358287	-0.807214	0.46908	26.8348365231	Atom	
407.413	-1082.34	-4596.74	-0.31699	-0.826184	0.465765	26.7928413231	Atom	
397.703	-1107.65	-4582.47	-0.362646	-0.819892	0.443018	26.721482464	Atom	
396.622	-1110.1	-4581.15	-0.371693	-0.83136	0.413141	26.7145223762	Atom	
396.605	-1110.13	-4581.13	-0.404193	-0.799083	0.445078	26.71441572	Atom	
392.335	-1118.58	-4576.43	-0.415983	-0.788944	0.452245	26.6897438537	Atom	
389.837	-1123.31	-4573.71	-0.447388	-0.776566	0.44361	26.6757122939	Atom	
379.371	-1141.48	-4563.34	-0.463352	-0.76951	0.439499	26.6210230898	Atom	
353.413	-1184.59	-4538.71	-0.468656	-0.764963	0.441806	26.4898463966	Atom	
352.771	-1185.64	-4538.11	-0.500852	-0.740601	0.447949	26.4866223585	Atom	
328.033	-1222.22	-4515.98	-0.481513	-0.778625	0.402354	26.3705033795	Atom	
324.719	-1227.58	-4513.22	-0.467925	-0.785644	0.404735	26.3542656867	Atom	
323.255	-1230.03	-4511.95	-0.435976	-0.802208	0.407906	26.3468821452	Atom	
322.984	-1230.53	-4511.69	-0.0431162	-0.920589	0.388145	26.345411663	Atom	
322.867	-1233.03	-4510.64	0.0289391	-0.937352	0.347179	26.339014547	Atom	
323.534	-1254.62	-4502.64	0.021517	-0.943015	0.332053	26.2846078714	Atom	
323.906	-1270.93	-4496.9	0.30479	-0.88775	0.344969	26.2437036669	Atom	
324.429	-1272.46	-4496.31	0.236109	-0.901056	0.3638	26.2396360814	Atom	
325.344	-1275.94	-4494.9	0.248353	-0.88908	0.384522	26.2304645647	Atom	
331.254	-1297.1	-4485.75	0.28253	-0.914649	0.289125	26.1740818527	Atom	
331.452	-1297.75	-4485.55	0.306166	-0.9183	0.250974	26.172414317	Atom	
339.488	-1321.85	-4478.96	0.170701	-0.880301	0.442642	26.1101190974	Atom	
341.633	-1332.91	-4473.4	0.172096	-0.894645	0.412302	26.0802521641	Atom	
343.354	-1341.85	-4469.28	0.133665	-0.890918	0.434049	26.0564491641	Atom	
343.55	-1343.16	-4468.64	0.155667	-0.906081	0.393426	26.0529452664	Atom	
346.47	-1360.16	-4461.26	0.17178	-0.916375	0.361592	26.0082743632	Atom	
351.19	-1385.34	-4451.32	0.169131	-0.912116	0.373415	25.942727885	Atom	
354.808	-1404.85	-4443.34	0.127184	-0.909189	0.396485	25.8916106447	Atom	
358.194	-1429.05	-4432.78	0.132077	-0.917991	0.373964	25.8278748576	Atom	
358.996	-1434.63	-4430.51	0.121415	-0.904152	0.409595	25.8133082951	Atom	
362.665	-1461.95	-4418.13	0.0853148	-0.911816	0.401638	25.7408018024	Atom	
367.443	-1513.02	-4395.64	0.172063	-0.903041	0.393587	25.6061186773	Atom	
367.513	-1513.38	-4395.48	0.142927	-0.916998	0.372406	25.6051360933	Atom	
369.194	-1524.17	-4391.1	0.135274	-0.921975	0.362855	25.5767377666	Atom	
373.081	-1550.66	-4380.67	0.126945	-0.921653	0.366663	25.5072833888	Atom	
377.277	-1581.13	-4368.55	0.139505	-0.928384	0.344444	25.4272128261	Atom	
383.301	-1621.21	-4353.68	0.119994	-0.931656	0.342957	25.3223562348	Atom	
383.528	-1622.98	-4353.03	0.136127	-0.934847	0.327918	25.3177478395	Atom	
385.676	-1637.73	-4347.86	0.102847	-0.959718	0.261465	25.2793061814	Atom	
386.889	-1649.05	-4344.77	0.0486279	-0.970032	0.238063	25.2505208744	Atom	
387.64	-1664.03	-4341.09	0.00680471	-0.963883	0.266241	25.2128031081	Atom	
387.67	-1668.32	-4339.91	-0.0364555	-0.958891	0.281423	25.2019357451	Atom	
387.333	-1677.2	-4337.3	0.0680155	-0.955614	0.286662	25.1792960794	Atom	
393.094	-1758.14	-4313.02	0.0729755	-0.952917	0.294319	24.9719928005	Atom	
395.748	-1792.8	-4302.32	0.0760784	-0.954022	0.289921	24.882412313	Atom	
398.332	-1825.2	-4292.47	0.0791059	-0.944681	0.318309	24.7985168408	Atom	
398.523	-1827.47	-4291.71	0.0557912	-0.971004	0.232463	24.7925488193	Atom	
399.218	-1839.58	-4288.81	0.026998	-0.951864	0.305328	24.7616629903	Atom	
399.358	-1844.5	-4287.23	0.278557	-0.898393	0.339552	24.7488457948	Atom	
400.081	-1846.83	-4286.35	0.244926	-0.907909	0.340166	24.7424019947	Atom	
404.037	-1861.5	-4280.85	0.191214	-0.924042	0.331034	24.7023276473	Atom	
406.311	-1872.49	-4276.92	0.187506	-0.935689	0.298878	24.6727759271	Atom	
406.507	-1873.46	-4276.6	0.209624	-0.928451	0.306654	24.6701849994	Atom	
409.983	-1888.86	-4271.52	0.204506	-0.92425	0.322396	24.6289389635	Atom	
412.26	-1899.15	-4267.93	0.162226	-0.9165	0.365663	24.6012109069	Atom	
415.604	-1918.04	-4260.39	0.225349	-0.915952	0.33204	24.5498376102	Atom	
421.536	-1942.15	-4251.65	0.22782	-0.910381	0.345404	24.4841066852	Atom	
422.689	-1946.76	-4249.9	0.244125	-0.914301	0.323197	24.4714512379	Atom	
435.182	-1993.55	-4233.36	0.243571	-0.91597	0.318862	24.3433546294	Atom	
436.287	-1997.7	-4231.92	0.240264	-0.917177	0.317898	24.3319560969	Atom	
437.783	-2003.42	-4229.94	0.210706	-0.920258	0.329739	24.3162910094	Atom	
438.207	-2005.27	-4229.28	0.228782	-0.927139	0.296771	24.3112333767	Atom	
444.277	-2029.87	-4221.4	0.183436	-0.949659	0.253967	24.2444786767	Atom	
447.357	-2045.81	-4217.14	0.178597	-0.949847	0.256697	24.2021413407	Atom	
450.416	-2062.08	-4212.74	-0.352813	-0.914593	0.197593	24.1588954828	Atom	
449.41	-2064.68	-4212.18	-0.389997	-0.903568	0.177389	24.1516905377	Atom	
444.865	-2075.22	-4210.11	-0.33354	-0.910918	0.242858	24.1222111921	Atom	
429.703	-2116.62	-4199.07	-0.367067	-0.904881	0.215528	24.0071321553	Atom	
428.769	-2118.93	-4198.52	-0.319474	-0.915494	0.244554	24.0006624441	Atom	
421.407	-2140.02	-4192.89	-0.269959	-0.951894	0.14498	23.94209138	Atom	
413.56	-2167.69	-4188.67	-0.27617	-0.952191	0.130627	23.8680729207	Atom	
410.853	-2177.02	-4187.39	-0.272324	-0.953347	0.130263	23.8430477107	Atom	
407.594	-2188.43	-4185.83	-0.303958	-0.939868	0.155748	23.8124733925	Atom	
405.65	-2194.44	-4184.84	-0.217924	-0.953597	0.207754	23.7961162355	Atom	
405.426	-2195.42	-4184.62	-0.239625	-0.944103	0.226383	23.7934840185	Atom	
399.458	-2218.94	-4178.99	-0.231901	-0.961389	0.148166	23.7297442065	Atom	
388.349	-2264.99	-4171.89	-0.220399	-0.961829	0.162203	23.6068843621	Atom	
386.152	-2274.58	-4170.27	-0.147425	-0.98435	0.0965431	23.5812150246	Atom	
375.735	-2344.13	-4163.45	-0.189475	-0.97868	0.0792759	23.399107217	Atom	
374.577	-2350.11	-4162.96	-0.210304	-0.975456	0.0652485	23.3832579131	Atom	
372.005	-2362.04	-4162.17	-0.390319	-0.919231	0.0516336	23.3515308517	Atom	
365.065	-2378.39	-4161.25	-0.374711	-0.926151	0.0428475	23.3053493114	Atom	
359.933	-2391.07	-4160.66	-0.391198	-0.919022	0.0486077	23.2697195111	Atom	
359.137	-2392.94	-4160.56	-0.401865	-0.905908	0.133545	23.2644210864	Atom	
350.465	-2412.49	-4157.68	-0.395034	-0.908959	0.133196	23.2082035126	Atom	
350.357	-2412.74	-4157.64	-0.420028	-0.899095	0.12331	23.2074882771	Atom	
345.39	-2423.37	-4156.19	-0.383011	-0.906843	0.175892	23.1766252478	Atom	
345.069	-2424.13	-4156.04	-0.400267	-0.905555	0.140555	23.1744346234	Atom	
334.986	-2446.94	-4152.5	-0.452841	-0.880379	0.140956	23.1086143148	Atom	
310.555	-2494.44	-4144.89	-0.401406	-0.909629	0.106994	22.9673285831	Atom	
304.412	-2508.36	-4143.26	-0.381264	-0.915994	0.124875	22.9270547898	Atom	
292.834	-2536.18	-4139.46	-0.381895	-0.918019	0.10676	22.8470366683	Atom	
274.072	-2581.28	-4134.22	-0.415039	-0.903997	0.102626	22.7172187304	Atom	
258.484	-2615.23	-4130.36	-0.471955	-0.879505	0.0610754	22.6175261512	Atom	
257.22	-2617.59	-4130.2	-0.40798	-0.906995	0.104461	22.6103970055	Atom	
255.303	-2621.85	-4129.71	-0.400818	-0.910467	0.101954	22.597873882	Atom	
248.568	-2637.15	-4128	-0.514729	-0.850004	0.112013	22.5530925782	Atom	
242.047	-2647.92	-4126.58	-0.52997	-0.841478	0.105105	22.5192698286	Atom	
239.614	-2651.78	-4126.1	-0.515824	-0.852019	0.0893821	22.5070008986	Atom	
230.645	-2666.59	-4124.54	-0.485348	-0.866115	0.11951	22.4605101624	Atom	
229.592	-2668.47	-4124.28	-0.483343	-0.868926	0.10652	22.4546993955	Atom	
215.967	-2692.97	-4121.28	-0.528812	-0.845172	0.077729	22.3791901542	Atom	
214.322	-2695.6	-4121.04	-0.538184	-0.837507	0.0945502	22.3708355487	Atom	
205.66	-2709.08	-4119.52	-0.474875	-0.867596	0.147552	22.3275993318	Atom	
183.734	-2749.14	-4112.7	-0.551827	-0.827616	0.102654	22.2033621826	Atom	
170.749	-2768.61	-4110.29	-0.56322	-0.82626	0.00879412	22.1397718993	Atom	
169.82	-2769.97	-4110.27	-0.635657	-0.757667	0.147921	22.1353035064	Atom	
169.166	-2770.75	-4110.12	-0.641574	-0.746103	0.178081	22.1325161378	Atom	
154.447	-2787.87	-4106.04	-0.650975	-0.735749	0.186828	22.0703620201	Atom	
150.27	-2792.59	-4104.84	-0.673634	-0.713947	0.191042	22.0529375487	Atom	
144.253	-2798.97	-4103.13	-0.731696	-0.669283	0.129153	22.0286712149	Atom	
128.611	-2813.27	-4100.37	-0.740779	-0.657916	0.135621	21.9705366173	Atom	
109.88	-2829.91	-4096.94	-0.73472	-0.66753	0.12079	21.9016365274	Atom	
102.296	-2836.8	-4095.69	-0.739186	-0.66492	0.107171	21.873438155	Atom	
100.935	-2838.03	-4095.5	-0.750571	-0.649196	0.123234	21.8684026742	Atom	
92.2077	-2845.57	-4094.06	-0.707535	-0.687588	-0.163147	21.8366030116	Atom	
90.4544	-2847.28	-4094.47	-0.768021	-0.547548	-0.332168	21.8298176947	Atom	
73.0234	-2859.7	-4102.01	-0.757995	-0.536285	-0.37127	21.7676593811	Atom	
54.8762	-2872.54	-4110.89	-0.786388	-0.513957	-0.342697	21.701943643	Atom	
43.728	-2879.83	-4115.75	-0.835103	-0.442407	-0.326924	21.6629385999	Atom	
42.15	-2880.67	-4116.37	-0.833775	-0.451569	-0.317655	21.6577322161	Atom	
38.1672	-2882.82	-4117.89	-0.848621	-0.437094	-0.297979	21.6445680928	Atom	
35.7053	-2884.09	-4118.75	-0.857812	-0.410568	-0.309179	21.6365695383	Atom	
28.6122	-2887.49	-4121.31	-0.867689	-0.441668	-0.228135	21.6137646229	Atom	
19.7185	-2892.01	-4123.65	-0.923957	-0.332391	-0.189259	21.5854725635	Atom	
14.8479	-2893.77	-4124.64	-0.927316	-0.327203	-0.181725	21.5709073718	Atom	
8.94299	-2895.85	-4125.8	-0.881268	-0.427064	-0.202441	21.5533036247	Atom	
-10.1776	-2905.11	-4130.19	-0.71348	-0.576727	-0.397909	21.4932843319	Atom	
-20.1455	-2913.17	-4135.75	-0.716133	-0.593529	-0.367255	21.4545521362	Atom	
-22.6247	-2915.23	-4137.02	-0.6847	-0.675602	-0.273402	21.4449408768	Atom	
-40.7361	-2933.1	-4144.26	-0.175982	-0.46836	-0.865834	21.3714782644	Atom	
-41.6268	-2935.47	-4148.64	-0.136915	-0.381151	-0.914318	21.3573832091	Atom	
-43.4374	-2940.51	-4160.73	-0.175737	-0.374345	-0.910485	21.3205373301	Atom	
-44.772	-2943.35	-4167.64	-0.16549	-0.372675	-0.913086	21.2993502478	Atom	
-45.7209	-2945.49	-4172.88	-0.332859	-0.472183	-0.81624	21.2833402247	Atom	
-52.8916	-2955.66	-4190.46	-0.353411	-0.432712	-0.829374	21.2231541356	Atom	
-60.7963	-2965.34	-4209.01	-0.450824	-0.341488	-0.824708	21.1605270323	Atom	
-64.8287	-2968.39	-4216.39	-0.292671	-0.110914	-0.949759	21.1354244206	Atom	
-65.457	-2968.63	-4218.43	-0.258376	-0.161217	-0.952497	21.129393	Atom	
-71.8782	-2972.64	-4242.1	-0.222313	-0.132446	-0.965937	21.0595655847	Atom	
-72.1263	-2972.79	-4243.18	-0.137416	-0.152328	-0.97873	21.0564210191	Atom	
-72.4636	-2973.16	-4245.58	-0.127681	-0.14648	-0.980939	21.0495069069	Atom	
-72.4902	-2973.19	-4245.79	-0.118115	-0.113517	-0.98649	21.0489195522	Atom	
-75.6861	-2976.26	-4272.48	-0.106852	-0.100148	-0.989218	20.972666111	Atom	
-76.0049	-2976.56	-4275.43	-0.100059	-0.136846	-0.985526	20.9642350332	Atom	
-77.2113	-2978.21	-4287.31	-0.0666365	-0.123494	-0.990105	20.9301496316	Atom	
-77.4395	-2978.63	-4290.7	-0.0267877	-0.132889	-0.990769	20.9204538868	Atom	
-78.0065	-2981.45	-4311.67	0.0251143	-0.168211	-0.985431	20.8605159092	Atom	
-77.7183	-2983.38	-4322.98	-0.0318996	-0.211379	-0.976883	20.8279436271	Atom	
-77.9836	-2985.13	-4331.11	-0.0297843	-0.203086	-0.978708	20.8043117337	Atom	
-78.4873	-2988.57	-4347.66	-0.0179952	-0.275054	-0.96126	20.7562144977	Atom	
-79.044	-2997.08	-4377.4	-0.0272676	-0.255868	-0.966327	20.6680648349	Atom	
-79.7865	-3004.05	-4403.71	-0.0739617	-0.240923	-0.967722	20.5902260694	Atom	
-80.5559	-3006.55	-4413.78	-0.113567	-0.197578	-0.973686	20.5603985508	Atom	
-80.7651	-3006.92	-4415.57	-0.0859629	-0.329789	-0.940133	20.5551105844	Atom	
-86.6168	-3029.37	-4479.57	-0.0755667	-0.30456	-0.949491	20.3596724377	Atom	
-86.6233	-3029.39	-4479.65	-0.0948836	-0.304168	-0.947881	20.359422573	Atom	
-87.2553	-3031.42	-4485.96	-0.0891034	-0.282622	-0.955084	20.3401542419	Atom	
-90.861	-3042.85	-4524.61	-0.144487	-0.296593	-0.944011	20.2230165817	Atom	
-92.0922	-3045.38	-4532.66	-0.149261	-0.272919	-0.950387	20.198237095	Atom	
-92.0947	-3045.39	-4532.67	-0.189627	-0.312138	-0.93092	20.1981886339	Atom	
-95.7837	-3051.46	-4550.78	-0.615064	-0.264231	-0.742885	20.1415636871	Atom	
-96.0126	-3051.56	-4551.06	-0.659735	-0.299894	-0.689067	20.1404782728	Atom	
-99.0647	-3052.94	-4554.25	-0.588998	-0.258725	-0.765599	20.1269828439	Atom	
-99.2637	-3053.03	-4554.51	-0.582319	-0.317462	-0.748413	20.1259968481	Atom	
-110.917	-3059.38	-4569.48	-0.626852	-0.320777	-0.710041	20.0675843739	Atom	
-119.774	-3063.92	-4579.52	-0.635619	-0.374588	-0.675035	20.026252204	Atom	
-146.486	-3079.66	-4607.88	-0.764173	-0.307965	-0.566742	19.9031116774	Atom	
-166.961	-3087.91	-4623.07	-0.7479	-0.315983	-0.583782	19.8242217996	Atom	
-168.247	-3088.45	-4624.07	-0.728024	-0.33857	-0.596114	19.8191406593	Atom	
-185.917	-3096.67	-4638.54	-0.730476	-0.31239	-0.607304	19.747443275	Atom	
-200.56	-3102.93	-4650.72	-0.711736	-0.315898	-0.627407	19.688057806	Atom	
-204.626	-3104.74	-4654.3	-0.729611	-0.264632	-0.630585	19.6710940893	Atom	
-207.649	-3105.83	-4656.91	-0.75616	-0.21949	-0.61648	19.6587832584	Atom	
-211.299	-3106.89	-4659.89	-0.726867	-0.271211	-0.630959	19.6444354148	Atom	
-229.465	-3113.67	-4675.66	-0.711389	-0.361099	-0.602937	19.5700928724	Atom	
-233.097	-3115.52	-4678.73	-0.798461	-0.265178	-0.5405	19.5548631885	Atom	
-237.699	-3117.04	-4681.85	-0.80406	-0.42886	-0.411784	19.5376574052	Atom	
-247.479	-3122.26	-4686.86	-0.793746	-0.429893	-0.430301	19.5013230394	Atom	
-253.136	-3125.32	-4689.93	-0.71092	-0.505196	-0.489254	19.4800007753	Atom	
-259.234	-3129.66	-4694.12	-0.750019	-0.476081	-0.45915	19.4543172618	Atom	
-265.292	-3133.5	-4697.83	-0.755599	-0.455561	-0.470674	19.4301091469	Atom	
-276.567	-3140.3	-4704.85	-0.775303	-0.418708	-0.472852	19.3853400422	Atom	
-288.172	-3146.57	-4711.93	-0.80024	-0.416048	-0.43188	19.3403523275	Atom	
-290.559	-3147.81	-4713.22	-0.725756	-0.0723723	-0.684135	19.3313728698	Atom	
-324.159	-3151.16	-4744.89	-0.792412	-0.576564	-0.19914	19.1919252977	Atom	
-335.084	-3159.11	-4747.64	-0.782366	-0.614888	-0.0990792	19.1501609508	Atom	
-345.41	-3167.23	-4748.95	-0.782308	-0.614984	-0.0989374	19.1101126592	Atom	
-346.762	-3168.29	-4749.12	-0.787648	-0.615984	-0.0131907	19.1048596931	Atom	
-355.388	-3175.03	-4749.26	-0.759481	-0.649927	-0.0279975	19.0715680211	Atom	
-360.809	-3179.67	-4749.46	-0.715298	-0.698611	-0.0170906	19.04984107	Atom	
-368.635	-3187.32	-4749.65	-0.718322	-0.695588	0.0130919	19.0165070332	Atom	
-376.872	-3195.29	-4749.5	-0.722324	-0.691225	0.0213494	18.9815239944	Atom	
-385.377	-3203.43	-4749.25	-0.725817	-0.68781	0.0102859	18.9455506761	Atom	
-401.495	-3218.7	-4749.02	-0.717199	-0.696836	-0.00678736	18.8776038789	Atom	
-402.29	-3219.48	-4749.03	-0.729833	-0.682397	-0.0409693	18.8741991802	Atom	
-407.268	-3224.13	-4749.31	-0.739547	-0.671796	-0.0419655	18.8532685229	Atom	
-412.49	-3228.88	-4749.6	-0.751809	-0.658361	-0.036653	18.8315815509	Atom	
-420.507	-3235.9	-4749.99	-0.727086	-0.68585	-0.0309072	18.7987999585	Atom	
-443.83	-3257.9	-4750.98	-0.675294	-0.736462	0.0400139	18.700054686	Atom	
-448.306	-3262.78	-4750.72	-0.624408	-0.781098	-0.000750993	18.6795655023	Atom	
-463.406	-3281.67	-4750.74	-0.604927	-0.794128	0.0585212	18.6047534588	Atom	
-473.946	-3295.5	-4749.72	-0.598121	-0.800076	0.0461402	18.5506838814	Atom	
-486.969	-3312.92	-4748.71	-0.512863	-0.858133	-0.024083	18.4829614785	Atom	
-488.597	-3315.65	-4748.79	-0.554898	-0.831884	0.00761669	18.4730559022	Atom	
-492.578	-3321.62	-4748.73	-0.618916	-0.785453	0.00278643	18.4506715796	Atom	
-495.225	-3324.98	-4748.72	-0.534775	-0.844807	-0.0178167	18.4373110745	Atom	
-501.36	-3334.67	-4748.93	-0.552192	-0.833446	-0.0212352	18.4014609136	Atom	
-519.818	-3362.53	-4749.64	-0.442784	-0.896327	-0.0232348	18.2968342228	Atom	
-525.383	-3373.79	-4749.93	-0.398987	-0.915429	-0.052903	18.2573190466	Atom	
-527.685	-3379.07	-4750.23	-0.414354	-0.903718	-0.107728	18.2391529276	Atom	
-535.728	-3396.62	-4752.33	-0.420364	-0.896846	-0.137702	18.1779741038	Atom	
-536.642	-3398.56	-4752.62	-0.401801	-0.909739	-0.104552	18.1711079052	Atom	
-539.795	-3405.7	-4753.45	-0.388797	-0.915458	-0.103796	18.1463014008	Atom	
-550.447	-3430.79	-4756.29	-0.312115	-0.942691	-0.117977	18.0596136077	Atom	
-551.044	-3432.59	-4756.51	-0.31675	-0.942247	-0.108808	18.0535408637	Atom	
-570.816	-3491.41	-4763.31	-0.408763	-0.88822	-0.209708	17.8552384836	Atom	
-584.97	-3522.16	-4770.57	-0.448173	-0.852411	-0.269327	17.7442945872	Atom	
-585.632	-3523.42	-4770.97	-0.451267	-0.860391	-0.236824	17.7395396047	Atom	
-595.222	-3541.71	-4776	-0.456269	-0.860495	-0.226643	17.671101441	Atom	
-600.641	-3551.92	-4778.69	-0.364869	-0.917726	-0.157003	17.6327425835	Atom	
-604.489	-3561.6	-4780.35	-0.538358	-0.813055	-0.221612	17.5986241226	Atom	
-607.849	-3566.68	-4781.73	-0.589337	-0.783441	-0.197237	17.5783981401	Atom	
-648.327	-3620.49	-4795.28	-0.579084	-0.781324	-0.232796	17.3556431141	Atom	
-671.137	-3651.26	-4804.45	-0.710404	-0.455296	-0.536686	17.2266254968	Atom	
-676.983	-3655.01	-4808.86	-0.724941	-0.454788	-0.517328	17.1995162623	Atom	
-697.193	-3667.69	-4823.28	-0.720563	-0.560777	-0.40782	17.1075628613	Atom	
-698.758	-3668.91	-4824.17	-0.704516	-0.577418	-0.412609	17.1003698745	Atom	
-700.053	-3669.97	-4824.93	-0.701138	-0.635778	-0.322787	17.0942767804	Atom	
-716.823	-3685.18	-4832.65	-0.692218	-0.65075	-0.312023	17.015007305	Atom	
-722.522	-3690.53	-4835.22	-0.711337	-0.60763	-0.353251	16.9876254789	Atom	
-729.773	-3696.73	-4838.82	-0.723766	-0.553047	-0.412677	16.9536783126	Atom	
-735.62	-3701.19	-4842.15	-0.718641	-0.549624	-0.425991	16.9267356345	Atom	
-754.366	-3715.53	-4853.27	-0.751377	-0.543824	-0.373748	16.839621461	Atom	
-758.21	-3718.31	-4855.18	-0.726697	-0.563209	-0.393329	16.8224687452	Atom	
-758.691	-3718.69	-4855.44	-0.686358	-0.587332	-0.428899	16.8202498832	Atom	
-759.829	-3719.66	-4856.15	-0.609112	-0.682405	-0.404112	16.8146867887	Atom	
-762.866	-3723.06	-4858.16	-0.678546	-0.625171	-0.385664	16.797950358	Atom	
-764.763	-3724.81	-4859.24	-0.687108	-0.631358	-0.359541	16.788557756	Atom	
-770.739	-3730.3	-4862.37	-0.837559	-0.475856	-0.268432	16.7593293119	Atom	
-779.098	-3735.05	-4865.05	-0.544716	-0.602889	-0.582932	16.7257410571	Atom	
-780.998	-3737.15	-4867.08	-0.503702	-0.670309	-0.54495	16.7139885931	Atom	
-793.383	-3753.63	-4880.48	-0.359446	-0.901797	-0.239919	16.6310669105	Atom	
-795.311	-3758.47	-4881.77	-0.290851	-0.918647	-0.267382	16.6129085799	Atom	
-795.928	-3760.42	-4882.33	-0.254115	-0.934668	-0.248637	16.605722429	Atom	
-796.094	-3761.03	-4882.5	-0.238064	-0.940497	-0.242469	16.603509556	Atom	
-806.541	-3802.3	-4893.14	-0.237155	-0.942134	-0.236942	16.4547619057	Atom	
-809.22	-3812.94	-4895.81	-0.292031	-0.926432	-0.237575	16.4162060912	Atom	
-825.851	-3865.71	-4909.34	-0.301618	-0.923888	-0.235495	16.2214587587	Atom	
-827.247	-3869.98	-4910.43	-0.284635	-0.941404	-0.180945	16.2054865984	Atom	
-833.499	-3890.66	-4914.41	-0.385165	-0.914429	-0.124365	16.1296353337	Atom	
-833.913	-3891.64	-4914.54	-0.36868	-0.923267	-0.107952	16.1259044449	Atom	
-846.955	-3924.3	-4918.36	-0.295816	-0.946923	-0.12582	16.0032613554	Atom	
-847.09	-3924.73	-4918.42	-0.335721	-0.936661	-0.0997842	16.0016731203	Atom	
-854.76	-3946.13	-4920.7	-0.177836	-0.97132	-0.157836	15.9219898942	Atom	
-857.098	-3958.9	-4922.77	-0.321597	-0.928021	-0.188022	15.8759765497	Atom	
-857.612	-3960.39	-4923.07	-0.307793	-0.933895	-0.181942	15.8703608831	Atom	
-863.352	-3977.8	-4926.47	-0.315957	-0.933058	-0.171969	15.8049080898	Atom	
-865.268	-3983.46	-4927.51	-0.233416	-0.94998	-0.207498	15.7835621884	Atom	
-868.073	-3994.87	-4930	-0.21501	-0.939145	-0.267912	15.7412020112	Atom	
-873.808	-4019.93	-4937.15	-0.159653	-0.966496	-0.20099	15.6469830387	Atom	
-875.619	-4030.89	-4939.43	-0.210879	-0.961695	-0.175139	15.606739245	Atom	
-877.775	-4040.72	-4941.22	-0.22495	-0.961074	-0.160419	15.5703917691	Atom	
-878.413	-4043.44	-4941.67	-0.147305	-0.954474	-0.259386	15.5602947761	Atom	
-880.142	-4054.65	-4944.72	-0.13677	-0.923843	-0.357504	15.5184589967	Atom	
-880.842	-4059.38	-4946.55	-0.0888913	-0.946425	-0.310447	15.5001942081	Atom	
-886.042	-4114.74	-4964.71	-0.235893	-0.914057	-0.32993	15.291090757	Atom	
-887.713	-4121.22	-4967.05	-0.231339	-0.910629	-0.3424	15.2655042604	Atom	
-889.926	-4129.93	-4970.32	-0.15967	-0.906225	-0.391487	15.2309114704	Atom	
-891.403	-4138.32	-4973.94	-0.154486	-0.900252	-0.407038	15.1973934343	Atom	
-891.997	-4141.78	-4975.51	-0.152575	-0.891264	-0.427048	15.1834378301	Atom	
-892.01	-4141.85	-4975.55	-0.134803	-0.964402	-0.227499	15.1831322234	Atom	
-892.054	-4142.17	-4975.62	-0.171225	-0.965513	-0.196128	15.1819435748	Atom	
-893.866	-4152.38	-4977.69	-0.21483	-0.955459	-0.202351	15.1435160486	Atom	
-894.065	-4153.27	-4977.88	-0.692715	-0.69983	-0.174311	15.1401508202	Atom	
-896.284	-4155.51	-4978.44	-0.682698	-0.706074	-0.188103	15.1284926047	Atom	
-897.097	-4156.35	-4978.66	-0.68083	-0.715083	-0.158512	15.1241538506	Atom	
-897.63	-4156.91	-4978.79	-0.606244	-0.778527	-0.16237	15.1213011513	Atom	
-902.095	-4162.64	-4979.98	-0.383675	-0.776175	-0.500346	15.0944743149	Atom	
-907.508	-4173.59	-4987.04	-0.416972	-0.709322	-0.568328	15.0430117711	Atom	
-908.253	-4174.86	-4988.06	-0.413547	-0.733812	-0.538979	15.0364706082	Atom	
-914.953	-4186.75	-4996.79	-0.311041	-0.759686	-0.571079	14.9772023395	Atom	
-916.701	-4191.02	-5000	-0.311041	-0.759686	-0.571079	14.9565799052	Region	
"-----------------------------------------------------------------"
"Trajectory"	39

"NbCollisions"	360
"Zmax"	0
"Display"	256

"Collisions"

"X"	"Y"	"Z"	"Rx"	"Ry"	"Rz"	"Energy"	"CollisionType"	
0.0871504	0.0389274	-5000	5.86986e-007	-1.62008e-006	1	30	Region	
0.0871748	0.03886	-4958.41	-0.274101	-0.031777	0.961176	29.9114525652	Atom	
-6.60866	-0.7374	-4934.93	-0.286249	-0.329817	0.899601	29.8593193619	Atom	
-11.1509	-5.97097	-4920.66	-0.286847	-0.327905	0.900109	29.8254075929	Atom	
-21.4208	-17.7109	-4888.43	-0.330159	-0.29274	0.897384	29.7488242704	Atom	
-24.2592	-20.2276	-4880.71	-0.233449	-0.428299	0.872962	29.7303970571	Atom	
-30.9172	-32.4427	-4855.82	-0.193565	-0.408141	0.892162	29.6692355911	Atom	
-31.9108	-34.5379	-4851.24	-0.227756	-0.416427	0.88018	29.6582089482	Atom	
-40.9611	-51.0852	-4816.26	-0.171852	-0.279895	0.944524	29.572828748	Atom	
-45.9669	-59.2382	-4788.75	-0.151886	-0.273047	0.949935	29.510096598	Atom	
-51.6436	-69.4433	-4753.25	0.743433	-0.283496	0.605754	29.4294692026	Atom	
-10.8193	-85.011	-4719.98	0.82682	-0.216257	0.519231	29.3107483861	Atom	
-6.80322	-86.0614	-4717.46	0.850147	-0.19253	0.490084	29.300213095	Atom	
-3.93145	-86.7118	-4715.8	0.812065	-0.239009	0.532376	29.2928843377	Atom	
-3.38094	-86.8738	-4715.44	0.826335	-0.261946	0.498553	29.2914132672	Atom	
0.382687	-88.0669	-4713.17	0.846374	0.0341967	0.531491	29.281529349	Atom	
46.6515	-86.1974	-4684.12	0.854855	-0.003058	0.518858	29.1628644906	Atom	
77.945	-86.3094	-4665.12	0.866938	-0.00195563	0.498412	29.0831452738	Atom	
83.1546	-86.3211	-4662.13	0.871195	0.0204866	0.49051	29.0700303424	Atom	
85.2827	-86.2711	-4660.93	0.880036	0.0370558	0.473459	29.0646972065	Atom	
90.0347	-86.071	-4658.37	0.86565	0.0489362	0.498252	29.0529062854	Atom	
124.492	-84.1231	-4638.54	0.866621	0.0227291	0.498448	28.9659599634	Atom	
145.606	-83.5693	-4626.4	0.831434	-0.0138007	0.555453	28.9126162445	Atom	
182.713	-84.1852	-4601.61	0.833612	-0.0385115	0.551006	28.8147538545	Atom	
218.307	-85.8296	-4578.08	0.82779	0.0114896	0.56092	28.7208731842	Atom	
237.503	-85.5632	-4565.07	0.85479	-0.0441941	0.517089	28.6697560248	Atom	
252.197	-86.3229	-4556.18	0.855042	-0.0521499	0.515929	28.6318069147	Atom	
266.664	-87.2053	-4547.45	0.889483	-0.0565526	0.453456	28.5944183625	Atom	
281.329	-88.1377	-4539.98	0.893229	-0.00612463	0.44956	28.5579450286	Atom	
296.463	-88.2414	-4532.36	0.907606	-0.19701	0.370726	28.5204273817	Atom	
303.512	-89.7716	-4529.48	0.902531	-0.209972	0.375964	28.5032101193	Atom	
328.209	-95.5172	-4519.19	0.698641	-0.0872351	0.710134	28.442523574	Atom	
330.747	-95.8341	-4516.61	0.68565	-0.115926	0.718641	28.4344524341	Atom	
334.473	-96.464	-4512.71	0.66861	-0.0985785	0.73705	28.4223785353	Atom	
343.347	-97.7724	-4502.93	0.267974	-0.236254	0.93401	28.3928762495	Atom	
344.497	-98.7868	-4498.92	0.261568	-0.269247	0.92687	28.3833246361	Atom	
346.626	-100.978	-4491.37	0.253031	-0.297644	0.920534	28.3652114882	Atom	
356.232	-112.278	-4456.43	0.247191	-0.272538	0.929849	28.2806901892	Atom	
359.322	-115.684	-4444.8	0.272654	-0.156651	0.949273	28.2527975341	Atom	
360.745	-116.502	-4439.85	0.210721	-0.246122	0.946055	28.2411381748	Atom	
362.322	-118.344	-4432.77	0.186815	-0.236084	0.953606	28.2244158613	Atom	
366.716	-123.897	-4410.34	0.195392	-0.186104	0.962906	28.1718421579	Atom	
373.094	-129.972	-4378.91	0.191427	-0.167204	0.96716	28.0987701712	Atom	
373.703	-130.503	-4375.83	0.222293	-0.159792	0.961796	28.0916423924	Atom	
377.463	-133.207	-4359.56	0.212675	-0.154893	0.964768	28.0536848187	Atom	
388.114	-140.964	-4311.25	0.312361	-0.183686	0.932035	27.941203037	Atom	
398.008	-146.782	-4281.73	0.376384	-0.276358	0.884286	27.869835357	Atom	
401.695	-149.489	-4273.06	0.321186	-0.215644	0.922137	27.8477137174	Atom	
403.604	-150.771	-4267.58	0.34711	-0.194847	0.91736	27.8342897371	Atom	
411.321	-155.102	-4247.19	0.38117	-0.184377	0.905933	27.7840445488	Atom	
417.214	-157.953	-4233.18	0.526859	0.151358	0.836368	27.7490502714	Atom	
420.991	-156.868	-4227.19	0.51332	0.0791789	0.854537	27.7328074369	Atom	
422.082	-156.7	-4225.37	0.514689	0.105633	0.850845	27.7279890943	Atom	
446.097	-151.771	-4185.67	0.519154	0.105379	0.848159	27.6222138975	Atom	
453.393	-150.29	-4173.75	0.49195	0.242635	0.83613	27.5902576929	Atom	
462.586	-145.756	-4158.12	0.515442	0.256806	0.817539	27.5477252024	Atom	
472.766	-140.684	-4141.98	0.473219	0.248161	0.845269	27.502719626	Atom	
476.986	-138.471	-4134.44	0.47866	0.294355	0.827188	27.4823731129	Atom	
477.32	-138.266	-4133.86	0.449688	0.388443	0.804296	27.480779315	Atom	
481.191	-134.922	-4126.94	0.173254	0.412349	0.8944	27.4611236542	Atom	
481.658	-133.809	-4124.53	0.710363	0.676012	-0.195939	27.4549601973	Atom	
499.538	-116.794	-4129.46	0.767892	0.608373	-0.20056	27.3974488847	Atom	
510.325	-108.248	-4132.28	0.739883	0.576215	-0.347204	27.3652984285	Atom	
515.343	-104.34	-4134.63	0.721837	0.600754	-0.343578	27.3497606663	Atom	
517.916	-102.198	-4135.86	0.753164	0.596062	-0.278306	27.3415920835	Atom	
524.786	-96.7616	-4138.39	0.783561	0.560744	-0.26758	27.3206819993	Atom	
540.433	-85.564	-4143.74	0.794708	0.522261	-0.309328	27.2748761717	Atom	
582.989	-57.5975	-4160.3	0.797646	0.508825	-0.323819	27.1518798296	Atom	
592.717	-51.3915	-4164.25	0.792719	0.473353	-0.384102	27.1237641987	Atom	
595.738	-49.5876	-4165.71	0.806944	0.489483	-0.330527	27.1149725708	Atom	
603.911	-44.63	-4169.06	0.820331	0.462243	-0.336732	27.0916001407	Atom	
607.8	-42.4389	-4170.66	0.764062	0.502382	-0.404749	27.0806538404	Atom	
613.428	-38.7384	-4173.64	0.774514	0.491771	-0.397856	27.0636390052	Atom	
617.427	-36.199	-4175.69	0.666555	0.520654	-0.533501	27.0517047491	Atom	
643.617	-15.742	-4196.66	0.674779	0.57275	-0.465436	26.9608664023	Atom	
643.98	-15.4334	-4196.91	0.94985	0.258869	-0.175418	26.959617305	Atom	
667.223	-9.09894	-4201.2	0.926469	0.317273	-0.20247	26.9028917248	Atom	
696.911	1.06787	-4207.69	0.932249	0.31864	-0.171405	26.8284817836	Atom	
716.111	7.63037	-4211.22	0.93999	0.297325	-0.167384	26.7805522571	Atom	
722.943	9.79121	-4212.43	0.852518	0.522367	0.018594	26.7636150385	Atom	
736.487	18.0906	-4212.14	0.836683	0.545239	-0.0517298	26.7265693718	Atom	
748.045	25.6223	-4212.85	0.823575	0.565492	-0.0440753	26.6943248254	Atom	
775.056	44.1687	-4214.3	0.813511	0.581481	-0.0089214	26.6176955728	Atom	
776.467	45.1775	-4214.31	0.811027	0.584966	-0.00699115	26.6136329489	Atom	
780.996	48.4442	-4214.35	0.81571	0.577146	-0.0389869	26.6005534744	Atom	
798.891	61.1054	-4215.21	0.852227	0.517909	0.0740206	26.5491532369	Atom	
805.847	65.333	-4214.6	0.881421	0.465193	0.081807	26.5299985104	Atom	
830.286	78.2311	-4212.34	0.881439	0.465329	0.0808312	26.4648980794	Atom	
877.487	103.15	-4208.01	0.887751	0.448305	0.104507	26.3389191221	Atom	
885.266	107.078	-4207.09	0.886055	0.46208	0.037271	26.3182271807	Atom	
896.071	112.712	-4206.64	0.882276	0.466983	0.0592953	26.2894130986	Atom	
903.219	116.496	-4206.16	0.847071	0.522185	0.0989628	26.2702512776	Atom	
914.726	123.59	-4204.81	0.842586	0.530057	0.0953303	26.2381044549	Atom	
923.51	129.115	-4203.82	0.912861	0.406832	0.0342259	26.2134133083	Atom	
933.366	133.508	-4203.45	0.921739	0.384683	0.0491529	26.1878191567	Atom	
934.955	134.171	-4203.36	0.922911	0.381359	0.0529238	26.1837294106	Atom	
940.603	136.505	-4203.04	0.914856	0.396486	0.0764021	26.1692090878	Atom	
998.66	161.666	-4198.19	0.922748	0.254156	0.289726	26.0185795325	Atom	
1006.17	163.735	-4195.83	0.931181	0.244982	0.269974	25.9991739539	Atom	
1013.54	165.674	-4193.7	0.942535	0.0971076	0.319685	25.9802901936	Atom	
1019.69	166.307	-4191.61	0.956557	0.0774123	0.281082	25.9647241721	Atom	
1020.91	166.406	-4191.25	0.952035	0.10154	0.288651	25.9616748385	Atom	
1054.63	170.002	-4181.03	0.945823	0.0924619	0.31124	25.8770648903	Atom	
1071.6	171.662	-4175.44	0.942354	0.135529	0.305944	25.8340868442	Atom	
1076.32	172.34	-4173.91	0.932998	0.192008	0.304379	25.8220788193	Atom	
1079.86	173.069	-4172.76	0.928135	0.224202	0.297151	25.8129761243	Atom	
1086.11	174.577	-4170.76	0.938001	0.208601	0.27684	25.7968299499	Atom	
1086.6	174.688	-4170.61	0.894853	0.171337	0.412166	25.7955590875	Atom	
1139.83	184.879	-4146.09	0.897699	0.137971	0.41845	25.652753433	Atom	
1144.7	185.628	-4143.83	0.913515	0.168262	0.370375	25.6396749855	Atom	
1166.25	189.596	-4135.09	0.915625	0.175492	0.36171	25.5827808614	Atom	
1173.38	190.963	-4132.27	0.901545	0.199788	0.383799	25.5639598894	Atom	
1175.79	191.498	-4131.24	0.91598	0.158913	0.368411	25.5574831694	Atom	
1188.74	193.744	-4126.04	0.928897	0.191985	0.316691	25.523298326	Atom	
1194.72	194.98	-4124	0.929504	0.185798	0.318592	25.507717108	Atom	
1250.04	206.038	-4105.04	0.891993	0.135567	0.431242	25.3635502507	Atom	
1259.7	207.507	-4100.37	0.885639	0.138921	0.443109	25.3371870702	Atom	
1260.55	207.64	-4099.94	0.886032	0.132118	0.444401	25.3348467153	Atom	
1267.86	208.729	-4096.28	0.894065	0.12308	0.430697	25.3147804189	Atom	
1268.77	208.855	-4095.84	0.923846	-0.0931713	0.371253	25.3122848584	Atom	
1288.71	206.844	-4087.83	0.933956	-0.0743129	0.349578	25.2596955259	Atom	
1307.68	205.335	-4080.72	0.987861	0.0154128	0.154571	25.2101006901	Atom	
1346.11	205.934	-4074.71	0.989316	0.0114783	0.145335	25.1149858219	Atom	
1347.17	205.946	-4074.55	0.992354	0.0176096	0.122162	25.1123705868	Atom	
1348.53	205.971	-4074.39	0.984195	-0.0305608	0.174429	25.1090124911	Atom	
1365.09	205.456	-4071.45	0.987605	-0.0121889	0.156486	25.0677492344	Atom	
1369.79	205.398	-4070.71	0.990508	-0.082222	-0.110151	25.0560411612	Atom	
1379.07	204.628	-4071.74	0.986455	-0.088935	-0.137829	25.0330382432	Atom	
1385.95	204.008	-4072.7	0.98875	-0.120095	-0.0891664	25.0158792725	Atom	
1400.14	202.284	-4073.98	0.991032	-0.132158	-0.0197485	24.9805783909	Atom	
1401.67	202.081	-4074.01	0.996526	-0.0712492	-0.0431107	24.9767828204	Atom	
1446.07	198.906	-4075.93	0.999078	-0.0418033	-0.00976101	24.8670487713	Atom	
1495.84	196.824	-4076.42	0.994746	-0.102233	0.00532897	24.7439200139	Atom	
1497.25	196.679	-4076.41	0.990523	-0.13734	-0.00157278	24.7404097851	Atom	
1508.66	195.097	-4076.43	0.987515	-0.138954	0.0742066	24.7118263899	Atom	
1537.41	191.052	-4074.27	0.989517	-0.135952	0.0487141	24.6395171241	Atom	
1583.59	184.706	-4071.99	0.988393	-0.150071	0.0236263	24.5233167918	Atom	
1586.3	184.296	-4071.93	0.982765	-0.16011	-0.0923981	24.5164825459	Atom	
1638.5	175.79	-4076.84	0.983476	-0.149357	-0.102314	24.3837066977	Atom	
1645.67	174.703	-4077.58	0.963695	-0.251305	-0.0902092	24.3654283445	Atom	
1660.58	170.812	-4078.98	0.952965	-0.256158	-0.161992	24.3265455036	Atom	
1663.71	169.973	-4079.51	0.949088	-0.265974	-0.168787	24.318307403	Atom	
1670.55	168.054	-4080.73	0.945226	-0.28538	-0.158449	24.3001586597	Atom	
1671.58	167.743	-4080.9	0.949765	-0.27287	-0.153258	24.2974179732	Atom	
1684.63	163.994	-4083.01	0.966554	-0.148695	-0.208955	24.2628315618	Atom	
1718.8	158.738	-4090.39	0.94685	-0.119337	-0.29872	24.173750017	Atom	
1741.31	155.9	-4097.49	0.950999	-0.159949	-0.264606	24.1136591073	Atom	
1744.7	155.33	-4098.44	0.946116	-0.17902	-0.269846	24.1046284015	Atom	
1750.41	154.251	-4100.07	0.938073	-0.22355	-0.264661	24.0893551749	Atom	
1805.66	141.085	-4115.65	0.953951	-0.166308	-0.249637	23.9400949628	Atom	
1813.96	139.637	-4117.82	0.944066	-0.151591	-0.292848	23.9179309974	Atom	
1821.34	138.453	-4120.11	0.957736	-0.0759185	-0.277448	23.8980110392	Atom	
1839.23	137.034	-4125.3	0.968508	-0.0195315	-0.248216	23.8503600423	Atom	
1848.09	136.856	-4127.57	0.968815	-0.0263928	-0.246376	23.827003875	Atom	
1856.56	136.625	-4129.72	0.948084	0.17278	-0.266991	23.8046370302	Atom	
1857.14	136.73	-4129.89	0.947389	0.231989	-0.220535	23.8030705287	Atom	
1889.13	144.562	-4137.33	0.94901	0.243693	-0.199983	23.7166992628	Atom	
1973.45	166.217	-4155.1	0.951863	0.239567	-0.19122	23.4887113267	Atom	
1979.92	167.843	-4156.4	0.992651	0.11414	-0.0401911	23.4711612362	Atom	
1988.54	168.835	-4156.75	0.986124	0.141541	-0.0867465	23.4486810307	Atom	
2000.3	170.522	-4157.78	0.992691	0.0562528	-0.106768	23.4178142812	Atom	
2056.08	173.683	-4163.78	0.987728	0.0697604	-0.139742	23.272188379	Atom	
2091.71	176.2	-4168.82	0.982736	0.0317658	-0.182268	23.1782509367	Atom	
2097.81	176.397	-4169.96	0.954008	0.141883	-0.264078	23.1620253629	Atom	
2101.32	176.918	-4170.93	0.95904	0.120142	-0.256529	23.1524245831	Atom	
2119.4	179.183	-4175.76	0.951229	0.181286	-0.249599	23.1031196272	Atom	
2125.92	180.425	-4177.47	0.966722	0.125672	-0.222835	23.0851789171	Atom	
2137.25	181.898	-4180.08	0.944247	0.10634	-0.311591	23.0544575945	Atom	
2156.74	184.094	-4186.52	0.940043	-0.0941265	-0.32781	23.0002837775	Atom	
2160.92	183.676	-4187.97	0.922614	-0.149976	-0.355373	22.9886044952	Atom	
2171.7	181.923	-4192.13	0.91212	-0.154782	-0.379578	22.9578718226	Atom	
2195.77	177.839	-4202.14	0.948995	-0.0230503	-0.314447	22.8884252674	Atom	
2199.36	177.752	-4203.33	0.944977	-0.00744095	-0.327053	22.8784293418	Atom	
2223.65	177.561	-4211.74	0.947357	-0.00841357	-0.320068	22.8105771412	Atom	
2231.13	177.494	-4214.27	0.959277	-0.0313245	-0.280724	22.7897008981	Atom	
2232.53	177.449	-4214.68	0.943063	-0.0952088	-0.318696	22.7858321186	Atom	
2237.44	176.953	-4216.33	0.940626	-0.0094289	-0.339313	22.7720537475	Atom	
2239.15	176.936	-4216.95	0.93665	-0.0182683	-0.34979	22.7672382866	Atom	
2272.47	176.286	-4229.39	0.943773	-0.0198469	-0.329999	22.6729725192	Atom	
2278	176.17	-4231.33	0.918775	0.111871	-0.3786	22.6574032356	Atom	
2298.85	178.709	-4239.92	0.917941	0.104197	-0.382789	22.5970365769	Atom	
2316.64	180.728	-4247.34	0.905272	0.133793	-0.403214	22.5453911289	Atom	
2328.65	182.503	-4252.69	0.875406	0.189703	-0.44461	22.5099572984	Atom	
2367.93	191.015	-4272.64	0.878947	0.197985	-0.433883	22.3899967428	Atom	
2384.14	194.667	-4280.64	0.846384	0.531738	-0.0298233	22.3404846226	Atom	
2395.45	201.773	-4281.04	0.832488	0.55233	-0.0435391	22.3045412611	Atom	
2396.06	202.176	-4281.07	0.756989	0.643917	-0.111081	22.3025749124	Atom	
2413.7	217.186	-4283.66	0.772945	0.586495	-0.242032	22.2398018188	Atom	
2414.13	217.51	-4283.79	0.730077	0.621539	-0.284037	22.2383091235	Atom	
2422.79	224.88	-4287.16	0.723647	0.631216	-0.279109	22.2063028022	Atom	
2428.01	229.432	-4289.17	0.690465	0.668741	-0.27576	22.1868183613	Atom	
2433.12	234.384	-4291.22	0.688446	0.687114	-0.232199	22.1667926583	Atom	
2442.14	243.385	-4294.26	0.62877	0.728356	-0.272298	22.1313476296	Atom	
2457.91	261.657	-4301.09	0.640134	0.71186	-0.288935	22.0633763267	Atom	
2458.41	262.216	-4301.32	0.721961	0.656313	-0.219149	22.0612455316	Atom	
2469.76	272.531	-4304.76	0.73997	0.644319	-0.193124	22.018554967	Atom	
2492.05	291.94	-4310.58	0.588252	0.781823	-0.206671	21.9366101084	Atom	
2496.51	297.862	-4312.14	0.64625	0.733929	-0.209066	21.9159457403	Atom	
2510.82	314.117	-4316.77	0.662101	0.723603	-0.194992	21.8554763312	Atom	
2519.77	323.904	-4319.41	0.595472	0.77486	-0.212144	21.8184673135	Atom	
2530.78	338.225	-4323.33	0.597313	0.76644	-0.236193	21.767829442	Atom	
2546.59	358.513	-4329.58	0.613328	0.734166	-0.291256	21.6951716139	Atom	
2559.49	373.953	-4335.71	0.605032	0.75553	-0.251218	21.6372923718	Atom	
2563.07	378.422	-4337.19	0.616395	0.749787	-0.240577	21.6209782114	Atom	
2585.4	405.581	-4345.91	0.525385	0.80687	-0.270057	21.5210243417	Atom	
2597.53	424.214	-4352.15	0.578223	0.755863	-0.307131	21.4570650611	Atom	
2599.01	426.149	-4352.93	0.608167	0.756727	-0.239787	21.4499591942	Atom	
2600.8	428.381	-4353.64	0.61902	0.752197	-0.225863	21.4417698727	Atom	
2609.05	438.408	-4356.65	0.614267	0.758185	-0.218707	21.404743353	Atom	
2623.74	456.538	-4361.88	0.609391	0.762409	-0.217658	21.338236411	Atom	
2630.46	464.938	-4364.28	0.626024	0.736614	-0.255916	21.3075167684	Atom	
2640.51	476.761	-4368.39	0.677188	0.708214	-0.199624	21.2627128732	Atom	
2644.43	480.868	-4369.54	0.680931	0.705907	-0.19501	21.2465017777	Atom	
2667.72	505.007	-4376.21	0.695525	0.700993	-0.15765	21.1508344195	Atom	
2675.66	513.014	-4378.01	0.724836	0.677796	-0.12331	21.1187690374	Atom	
2676.53	513.828	-4378.16	0.667866	0.729623	-0.146987	21.1153912524	Atom	
2706.18	546.217	-4384.68	0.615883	0.767755	-0.176753	20.9905965222	Atom	
2707.16	547.445	-4384.97	0.588588	0.794451	-0.149706	20.9860809805	Atom	
2721.82	567.23	-4388.7	0.578818	0.775477	-0.2522	20.9157321122	Atom	
2726.69	573.747	-4390.82	0.596821	0.794216	-0.114132	20.8919318046	Atom	
2732.84	581.94	-4391.99	0.62384	0.770819	-0.129082	20.8626874034	Atom	
2746.77	599.146	-4394.87	0.613295	0.77847	-0.13362	20.7993430137	Atom	
2769.4	627.868	-4399.8	0.602081	0.792005	-0.101125	20.6943915829	Atom	
2770.95	629.906	-4400.06	0.666801	0.743413	0.0520843	20.6870399127	Atom	
2791	652.26	-4398.5	0.695068	0.713452	0.0886934	20.6011440242	Atom	
2803.95	665.551	-4396.85	0.701954	0.709829	0.0583421	20.5477493248	Atom	
2806.92	668.558	-4396.6	0.762848	0.646536	0.00738786	20.5355846857	Atom	
2815.58	675.896	-4396.51	0.744591	0.667512	-0.00347994	20.5029739569	Atom	
2825.32	684.628	-4396.56	0.748291	0.662735	-0.0290226	20.4653423728	Atom	
2827.13	686.231	-4396.63	0.754459	0.653977	-0.0557315	20.4583737338	Atom	
2839	696.526	-4397.51	0.759658	0.646032	-0.0745799	20.4130135821	Atom	
2843.69	700.508	-4397.97	0.773712	0.630049	-0.066397	20.3952181839	Atom	
2856.48	710.926	-4399.07	0.792348	0.60956	-0.024944	20.3474540038	Atom	
2870.06	721.376	-4399.49	0.79234	0.609825	-0.0176254	20.2978407288	Atom	
2888.78	735.784	-4399.91	0.826917	0.562034	0.0180663	20.2293396219	Atom	
2926.67	761.531	-4399.08	0.830286	0.557174	-0.01348	20.0961587162	Atom	
2935.34	767.353	-4399.22	0.823634	0.566356	0.0294477	20.0656248868	Atom	
2942.82	772.494	-4398.96	0.747342	0.663799	-0.0291556	20.039071246	Atom	
2943.03	772.68	-4398.96	0.857714	0.506402	0.0887924	20.0382467518	Atom	
2957.48	781.215	-4397.47	0.85782	0.5048	0.0965477	19.9888891641	Atom	
2969.69	788.401	-4396.09	0.824055	0.554913	0.114038	19.947112648	Atom	
2973.98	791.291	-4395.5	0.559532	0.767503	0.312831	19.9318079446	Atom	
2988.67	811.433	-4387.29	0.557999	0.776844	0.291806	19.8546252425	Atom	
2990.38	813.81	-4386.4	0.670956	-0.700631	-0.242765	19.84559784	Atom	
2991.05	813.108	-4386.64	0.65968	-0.711555	-0.241893	19.8426425446	Atom	
2999.56	803.93	-4389.76	0.655939	-0.708578	-0.260118	19.8045735867	Atom	
3004.54	798.55	-4391.73	0.657332	-0.705198	-0.265727	19.7821318122	Atom	
3027.95	773.438	-4401.2	0.727978	-0.542344	-0.419417	19.6767823616	Atom	
3035.93	767.489	-4405.8	0.772057	-0.503389	-0.387979	19.6442006261	Atom	
3054.67	755.269	-4415.22	0.768898	-0.503618	-0.393911	19.5719876118	Atom	
3064.68	748.711	-4420.34	0.762305	-0.524455	-0.379259	19.5331450388	Atom	
3074.68	741.836	-4425.32	0.696399	-0.521997	-0.492491	19.4939758879	Atom	
3075.91	740.913	-4426.19	0.667497	-0.533415	-0.519534	19.4886861978	Atom	
3086.83	732.189	-4434.68	0.728726	-0.489808	-0.478588	19.4397326325	Atom	
3101.46	722.35	-4444.3	0.753774	-0.467963	-0.461341	19.3794916722	Atom	
3113.66	714.78	-4451.76	0.783679	-0.441278	-0.437174	19.3308636573	Atom	
3115.95	713.491	-4453.04	0.769818	-0.47816	-0.42278	19.3220629267	Atom	
3119.71	711.154	-4455.1	0.757215	-0.481141	-0.441734	19.3073330185	Atom	
3124.44	708.15	-4457.86	0.813638	-0.477013	-0.332344	19.2885131514	Atom	
3127.61	706.292	-4459.16	0.801276	-0.494871	-0.336244	19.2767608086	Atom	
3145.79	695.062	-4466.79	0.643045	-0.20728	-0.737243	19.2082557628	Atom	
3150.91	693.412	-4472.66	0.632271	-0.189687	-0.751167	19.184152615	Atom	
3152.82	692.839	-4474.92	0.684765	-0.125481	-0.71788	19.1750075483	Atom	
3172.45	689.241	-4495.51	0.677208	-0.0422048	-0.73458	19.0880970658	Atom	
3187.56	688.3	-4511.9	0.73395	0.00826481	-0.679153	19.0202276147	Atom	
3191.54	688.345	-4515.57	0.750119	0.0797097	-0.656482	19.0037072531	Atom	
3191.66	688.358	-4515.69	0.745895	0.108337	-0.657193	19.0031835538	Atom	
3196.9	689.119	-4520.3	0.752758	0.130737	-0.645185	18.9817509031	Atom	
3197.54	689.23	-4520.85	0.6423	0.228109	-0.731722	18.9791489724	Atom	
3204.47	691.69	-4528.74	0.645383	0.254088	-0.720361	18.9461973714	Atom	
3206.76	692.592	-4531.3	0.635225	0.277017	-0.720937	18.9353405881	Atom	
3211.63	694.716	-4536.83	0.90239	0.23971	-0.358094	18.9118710377	Atom	
3227.98	699.06	-4543.32	0.898128	0.245369	-0.364912	18.8563369962	Atom	
3230.17	699.659	-4544.21	0.528448	0.768114	0.361584	18.848847732	Atom	
3238.29	711.453	-4538.65	0.499157	0.765643	0.405751	18.8016788154	Atom	
3261.15	746.512	-4520.07	0.45382	0.739861	0.496642	18.6607343038	Atom	
3263.51	750.373	-4517.48	0.342431	0.835355	0.430027	18.6445785743	Atom	
3265.43	755.045	-4515.08	0.334855	0.834285	0.437997	18.6272501039	Atom	
3271.3	769.674	-4507.4	0.430023	0.819026	0.379837	18.5728839812	Atom	
3271.66	770.361	-4507.08	0.459867	0.817007	0.347882	18.5702797816	Atom	
3274.65	775.679	-4504.81	0.449736	0.841828	0.298433	18.5500502439	Atom	
3275.93	778.061	-4503.97	0.433699	0.833655	0.341943	18.5412496365	Atom	
3289.6	804.337	-4493.19	0.404225	0.82515	0.394626	18.4431734051	Atom	
3292.27	809.786	-4490.59	0.347734	0.818631	0.457083	18.4225410463	Atom	
3295.08	816.402	-4486.89	0.690487	-0.213538	-0.691107	18.3972681274	Atom	
3307.36	812.602	-4499.19	0.716744	-0.184975	-0.672356	18.3415628941	Atom	
3311.39	811.562	-4502.97	0.707881	-0.0933475	-0.700137	18.3239126926	Atom	
3320.7	810.335	-4512.17	0.72843	-0.0443976	-0.68368	18.2826474388	Atom	
3322.62	810.218	-4513.98	0.748261	-0.0564732	-0.660996	18.2743359636	Atom	
3329.66	809.686	-4520.2	0.749917	-0.0329837	-0.66071	18.2447149486	Atom	
3331.42	809.609	-4521.74	0.748019	-0.00952035	-0.663608	18.237359542	Atom	
3335.01	809.563	-4524.93	0.747256	0.0118032	-0.664431	18.2222137497	Atom	
3337.77	809.607	-4527.39	0.740914	-0.00908643	-0.671538	18.2105646641	Atom	
3338.22	809.601	-4527.79	0.741175	-0.105634	-0.662948	18.2086432021	Atom	
3344.34	808.729	-4533.27	0.707541	-0.173666	-0.685001	18.1825781172	Atom	
3347.25	808.016	-4536.08	0.716263	-0.184242	-0.673069	18.1696000822	Atom	
3361.22	804.422	-4549.21	0.762349	-0.195916	-0.616798	18.1079390402	Atom	
3363.84	803.75	-4551.33	0.733605	-0.215593	-0.644471	18.0970715081	Atom	
3376.74	799.957	-4562.67	0.726212	-0.189953	-0.660708	18.0412898553	Atom	
3382.24	798.519	-4567.67	0.579052	-0.535179	-0.615046	18.0172315521	Atom	
3411.83	771.169	-4599.1	0.556127	-0.544602	-0.627799	17.8546283563	Atom	
3416.93	766.173	-4604.86	0.621757	-0.519228	-0.586362	17.8252357517	Atom	
3421.09	762.7	-4608.78	0.496076	-0.46823	-0.731211	17.8037739581	Atom	
3433.17	751.302	-4626.58	0.495969	-0.465146	-0.733249	17.7256049345	Atom	
3450.74	734.825	-4652.55	0.399003	-0.41268	-0.818836	17.6114613425	Atom	
3455.81	729.575	-4662.97	0.439086	-0.350055	-0.827445	17.5702652155	Atom	
3467.35	720.379	-4684.71	0.386682	-0.329795	-0.861227	17.485035349	Atom	
3467.39	720.343	-4684.8	0.350556	-0.314305	-0.882226	17.4846794687	Atom	
3471.61	716.561	-4695.42	0.337311	-0.326522	-0.882952	17.445491909	Atom	
3473.26	714.961	-4699.75	0.408487	-0.359078	-0.839167	17.4295001648	Atom	
3484.82	704.803	-4723.49	0.459799	-0.325347	-0.826277	17.3371441752	Atom	
3485.84	704.079	-4725.32	0.433645	-0.31423	-0.844519	17.329856513	Atom	
3486.28	703.761	-4726.18	0.418327	-0.327657	-0.847138	17.3265343159	Atom	
3488.41	702.094	-4730.49	0.456189	-0.172425	-0.873019	17.3098452969	Atom	
3504.87	695.871	-4762	0.455543	-0.154932	-0.876628	17.1913928344	Atom	
3505.42	695.683	-4763.06	0.448846	-0.168166	-0.877643	17.1873890721	Atom	
3509.43	694.18	-4770.9	0.332521	-0.413149	-0.847784	17.1578956522	Atom	
3512.33	690.584	-4778.28	0.341735	-0.423906	-0.838762	17.129137032	Atom	
3512.37	690.531	-4778.39	0.383079	-0.455955	-0.80334	17.1287206967	Atom	
3520.5	680.853	-4795.44	0.401874	-0.462805	-0.790132	17.0584858208	Atom	
3555.62	640.415	-4864.48	0.399024	-0.446904	-0.80066	16.7684363669	Atom	
3559.57	635.991	-4872.4	0.406027	-0.40656	-0.818445	16.7351410076	Atom	
3562.78	632.778	-4878.87	0.349182	-0.425676	-0.834789	16.7085095541	Atom	
3567.87	626.571	-4891.04	0.370688	-0.421506	-0.827601	16.6593291861	Atom	
3569.36	624.871	-4894.38	0.263285	-0.33808	-0.903539	16.6456890382	Atom	
3569.94	624.124	-4896.38	0.211666	-0.334643	-0.918265	16.6382124011	Atom	
3573.02	619.265	-4909.71	0.244965	-0.345419	-0.905913	16.5890830613	Atom	
3573.9	618.015	-4912.99	0.200752	-0.331052	-0.92201	16.5768003404	Atom	
3574.22	617.498	-4914.43	0.167335	-0.313345	-0.93478	16.5715048405	Atom	
3575.58	614.943	-4922.05	0.166443	-0.232063	-0.958355	16.5438189657	Atom	
3575.78	614.664	-4923.2	0.118897	0.0199396	-0.992706	16.53973674	Atom	
3576.53	614.789	-4929.45	0.0810245	0.0211523	-0.996488	16.5183340351	Atom	
3578.1	615.2	-4948.79	0.0682678	-0.00568354	-0.997651	16.4522904192	Atom	
3578.29	615.185	-4951.49	0.106341	0.0833679	-0.990829	16.4430541582	Atom	
3580.29	616.755	-4970.15	0.11673	0.113235	-0.986687	16.3787370765	Atom	
3580.49	616.944	-4971.8	0.0842433	0.211155	-0.973815	16.3730073601	Atom	
3581.85	620.359	-4987.55	-0.155099	0.188781	-0.969694	16.317590969	Atom	
3579.86	622.783	-5000	-0.155099	0.188781	-0.969694	16.2734815701	Region	
"-----------------------------------------------------------------"
"Trajectory"	42

"NbCollisions"	132
"Zmax"	0
"Display"	256

"Collisions"

"X"	"Y"	"Z"	"Rx"	"Ry"	"Rz"	"Energy"	"CollisionType"	
-0.195049	-0.0155628	-5000	8.17634e-007	-3.22509e-006	1	30	Region	
-0.195045	-0.0155761	-4995.89	0.0430645	-0.0632648	0.997067	29.9912517916	Atom	
0.235973	-0.648773	-4985.91	0.0266852	-0.0191839	0.99946	29.9699373893	Atom	
0.628443	-0.930918	-4971.21	-0.0221816	-0.154589	0.98773	29.9385988664	Atom	
0.482048	-1.95118	-4964.69	0.0303052	-0.181219	0.982976	29.9245241975	Atom	
0.746919	-3.53505	-4956.1	0.0414153	-0.220547	0.974497	29.9058781714	Atom	
1.96462	-10.0196	-4927.45	0.346868	-0.303159	0.887568	29.8431206062	Atom	
3.38981	-11.2652	-4923.8	0.313688	-0.111619	0.942943	29.8343360091	Atom	
16.5804	-15.9588	-4884.15	0.28483	-0.0815768	0.9551	29.7444107968	Atom	
18.6544	-16.5528	-4877.2	0.296276	-0.069246	0.952589	29.7288008922	Atom	
22.6728	-17.492	-4864.28	0.272663	-0.0815109	0.95865	29.6997139552	Atom	
23.8106	-17.8321	-4860.28	0.37256	0.2232	0.900767	29.6907578779	Atom	
33.8098	-11.8417	-4836.1	0.353821	0.24029	0.90392	29.6331402453	Atom	
48.3471	-1.96899	-4798.96	0.333741	0.274904	0.90169	29.5447994076	Atom	
51.1181	0.313528	-4791.48	0.489806	0.401985	0.773626	29.526904506	Atom	
61.7145	9.01005	-4774.74	0.575468	0.528246	0.624334	29.4802555517	Atom	
69.6766	16.3187	-4766.1	0.569522	0.521195	0.63561	29.4503840692	Atom	
75.0625	21.2476	-4760.09	0.611422	0.523806	0.593119	29.4299500499	Atom	
83.0484	28.0892	-4752.34	0.633352	0.532293	0.56172	29.401712337	Atom	
93.1754	36.6003	-4743.36	0.606595	0.563053	0.561261	29.3671172668	Atom	
105.68	48.2069	-4731.79	0.602795	0.576087	0.552053	29.3224754237	Atom	
129.381	70.8585	-4710.09	0.566413	0.590146	0.575243	29.2372192896	Atom	
142.659	84.6924	-4696.6	0.561637	0.561443	0.607739	29.1862736737	Atom	
146.628	88.6597	-4692.31	0.548956	0.566613	0.614489	29.1708952961	Atom	
151.96	94.1639	-4686.34	0.66046	0.502437	0.557987	29.1497449048	Atom	
164.113	103.409	-4676.07	0.607845	0.586509	0.535287	29.1096595937	Atom	
176.579	115.438	-4665.09	0.57569	0.567812	0.588362	29.0649317064	Atom	
178.197	117.033	-4663.44	0.536133	0.589306	0.604384	29.0587969146	Atom	
222.433	165.656	-4613.57	0.532509	0.563725	0.631385	28.8785997938	Atom	
230.988	174.713	-4603.43	0.531752	0.565111	0.630784	28.8433380063	Atom	
248.153	192.955	-4583.07	0.537154	0.557886	0.632636	28.7724198549	Atom	
252.273	197.234	-4578.21	0.512501	0.551426	0.658234	28.7555367282	Atom	
257.689	203.061	-4571.26	0.3197	0.725814	0.609086	28.7322664655	Atom	
274.199	240.544	-4539.8	0.308691	0.765113	0.565077	28.6184596959	Atom	
275.912	244.791	-4536.67	0.303473	0.75801	0.577344	28.6061889906	Atom	
279.758	254.397	-4529.35	0.320804	0.752452	0.57524	28.5781650229	Atom	
282.679	261.249	-4524.11	0.335808	0.759587	0.557011	28.5580108896	Atom	
290.968	279.997	-4510.36	0.32166	0.788053	0.524888	28.503356134	Atom	
297.4	295.755	-4499.87	0.305851	0.793201	0.526581	28.459008931	Atom	
299.562	301.362	-4496.15	0.339407	0.798742	0.496804	28.4433114449	Atom	
304.598	313.213	-4488.77	0.318903	0.855847	0.407218	28.4103504212	Atom	
304.713	313.522	-4488.63	0.330291	0.840392	0.429709	28.4095476734	Atom	
316.175	342.687	-4473.71	0.320094	0.843595	0.431145	28.3323791684	Atom	
316.509	343.567	-4473.27	0.29648	0.861229	0.412776	28.3300550985	Atom	
318.648	349.779	-4470.29	0.264354	0.936202	0.231608	28.3139792606	Atom	
323.602	367.327	-4465.95	0.286079	0.93432	0.212613	28.2721888665	Atom	
325.096	372.205	-4464.84	0.0287273	0.989008	0.145043	28.2605341908	Atom	
325.945	401.421	-4460.55	0.0177898	0.988516	0.150063	28.1945719274	Atom	
326.616	438.709	-4454.89	0.0307801	0.976781	0.212015	28.1101841948	Atom	
326.943	449.079	-4452.64	0.0812745	0.988878	0.124557	28.0863775047	Atom	
327.321	453.678	-4452.06	0.0841525	0.991612	0.0981039	28.0759420817	Atom	
328.649	469.332	-4450.51	0.116553	0.987538	0.105755	28.0405062451	Atom	
329.086	473.032	-4450.12	0.107248	0.988356	-0.107937	28.0320876609	Atom	
332.716	506.484	-4453.77	0.0882399	0.991793	-0.0925239	27.9560219692	Atom	
333.974	520.626	-4455.09	0.0733032	0.995343	-0.0626076	27.9239065993	Atom	
334.331	525.474	-4455.39	0.111777	0.993547	-0.0192254	27.9129249414	Atom	
335.394	534.921	-4455.58	0.140538	0.989384	-0.0370041	27.8914835206	Atom	
336.894	545.483	-4455.97	0.135888	0.989996	-0.0379671	27.8673962722	Atom	
337.408	549.227	-4456.11	0.23628	0.971583	-0.0141021	27.8588572735	Atom	
346.696	587.42	-4456.67	0.220747	0.92756	-0.301502	27.7700726818	Atom	
348.897	596.669	-4459.68	0.276163	0.921252	-0.273915	27.7474940519	Atom	
352.34	608.155	-4463.09	0.455004	0.801203	-0.388644	27.7192461406	Atom	
357.318	616.92	-4467.34	0.46296	0.783106	-0.415226	27.6944396964	Atom	
361.044	623.223	-4470.68	0.253761	0.713688	-0.652882	27.676175354	Atom	
374.64	661.461	-4505.66	0.175543	0.710687	-0.681255	27.5545320861	Atom	
379.182	679.849	-4523.29	0.187484	0.714632	-0.673908	27.4955837638	Atom	
379.42	680.754	-4524.14	0.228068	0.723846	-0.651177	27.492693105	Atom	
386.4	702.909	-4544.08	0.104849	0.773221	-0.625409	27.4228345832	Atom	
389.313	724.389	-4561.45	0.191177	0.733784	-0.651929	27.3593008281	Atom	
390.132	727.533	-4564.24	0.173479	0.731456	-0.659452	27.3494821909	Atom	
390.291	728.205	-4564.85	0.185399	0.76166	-0.620888	27.3473760213	Atom	
392.009	735.26	-4570.6	0.355569	0.686408	-0.634361	27.3261475561	Atom	
393.522	738.182	-4573.3	0.381039	0.683516	-0.622587	27.3163838862	Atom	
420.648	786.841	-4617.62	0.394775	0.686578	-0.610543	27.1530660502	Atom	
425.848	795.884	-4625.66	0.384705	0.685182	-0.618488	27.1227048717	Atom	
431.923	806.704	-4635.43	0.401712	0.662445	-0.632293	27.0862720551	Atom	
446.446	830.654	-4658.29	0.423717	0.66304	-0.617124	27.0027712754	Atom	
447.442	832.212	-4659.74	0.189878	0.733216	-0.652948	26.9973289881	Atom	
453.598	855.982	-4680.91	0.171176	0.68375	-0.709355	26.9222602812	Atom	
456.015	865.637	-4690.92	0.138232	0.703428	-0.697195	26.8894879451	Atom	
456.204	866.597	-4691.88	0.251803	0.588314	-0.768429	26.8863174435	Atom	
456.935	868.305	-4694.11	0.101825	0.544847	-0.83233	26.8795742863	Atom	
462.943	900.456	-4743.22	0.0641607	0.556187	-0.828577	26.742455826	Atom	
463.957	909.245	-4756.32	0.279214	0.570036	-0.772722	26.7055838103	Atom	
466.691	914.826	-4763.88	0.505343	0.258272	-0.823361	26.6827176202	Atom	
469.68	916.354	-4768.75	0.486935	0.268772	-0.831057	26.6688912581	Atom	
471.6	917.414	-4772.03	0.474308	0.332	-0.815358	26.6596712777	Atom	
476.444	920.804	-4780.36	0.465316	0.344027	-0.815553	26.6357835929	Atom	
476.644	920.952	-4780.7	0.460216	0.312157	-0.83112	26.6347808296	Atom	
480.006	923.232	-4786.78	0.45665	0.313195	-0.832694	26.6176806321	Atom	
480.371	923.483	-4787.44	0.509666	0.327489	-0.795608	26.615809016	Atom	
484.125	925.895	-4793.3	0.627233	0.337677	-0.701822	26.5985597448	Atom	
492.31	930.302	-4802.46	0.618546	0.313665	-0.720427	26.5679796391	Atom	
496.05	932.198	-4806.82	0.60931	0.338648	-0.716979	26.5538006066	Atom	
518.269	944.547	-4832.96	0.566992	0.349358	-0.745969	26.4682398139	Atom	
556.092	967.852	-4882.72	0.491546	0.404643	-0.771134	26.3113235565	Atom	
558.229	969.611	-4886.08	0.489876	0.488691	-0.721944	26.3010462459	Atom	
581.998	993.323	-4921.11	0.511939	0.446004	-0.734166	26.1863347558	Atom	
582.151	993.456	-4921.33	0.552116	0.392228	-0.735748	26.1856253419	Atom	
600.197	1006.28	-4945.37	0.476744	0.405123	-0.780122	26.1080829838	Atom	
608.554	1013.38	-4959.05	0.512366	0.391	-0.764591	26.0663993363	Atom	
621.241	1023.06	-4977.98	0.577338	0.414191	-0.703652	26.0074399734	Atom	
621.664	1023.36	-4978.5	0.535111	0.429946	-0.727188	26.0056903084	Atom	
623.341	1024.71	-4980.78	0.59834	0.403371	-0.692301	25.9982144772	Atom	
624.756	1025.66	-4982.41	0.610544	0.408367	-0.678582	25.9925735813	Atom	
640.58	1036.25	-5000	0.610544	0.408367	-0.678582	25.9307239004	Region	
"-----------------------------------------------------------------"
"Trajectory"	45

"NbCollisions"	163
"Zmax"	0
"Display"	256

"Collisions"

"X"	"Y"	"Z"	"Rx"	"Ry"	"Rz"	"Energy"	"CollisionType"	
0.0380703	-0.494777	-5000	-6.20342e-007	-2.45376e-006	1	30	Region	
0.0380667	-0.494792	-4994.15	-0.0135606	-0.0172046	0.99976	29.9875539891	Atom	
-0.381752	-1.02742	-4963.2	-0.0198277	-0.0147317	0.999695	29.9216179239	Atom	
-1.36687	-1.75935	-4913.53	0.065782	-0.189888	0.9796	29.8156150332	Atom	
-0.986259	-2.85803	-4907.87	0.0121731	-0.154489	0.98792	29.8032354413	Atom	
-0.616562	-7.54987	-4877.86	0.0282706	-0.176575	0.983881	29.7382340237	Atom	
-0.417511	-8.79311	-4870.94	0.537032	-0.400878	0.742222	29.7231380115	Atom	
0.568431	-9.52909	-4869.57	0.541359	-0.387632	0.746104	29.7192001427	Atom	
0.956012	-9.80661	-4869.04	0.46721	-0.524336	0.71189	29.7176643471	Atom	
6.43694	-15.9577	-4860.69	0.442525	-0.514002	0.734829	29.6924982194	Atom	
8.99395	-18.9277	-4856.44	0.0356169	-0.84758	0.529471	29.680094237	Atom	
9.3169	-26.613	-4851.64	0.0164499	-0.862837	0.505215	29.6606231962	Atom	
9.39237	-30.5716	-4849.32	0.0712917	-0.899415	0.431243	29.650765936	Atom	
9.70174	-34.4747	-4847.45	0.0673081	-0.902693	0.424987	29.641439792	Atom	
10.6804	-47.5995	-4841.27	0.115333	-0.871665	0.476339	29.610184822	Atom	
12.0488	-57.9414	-4835.62	0.117525	-0.881052	0.458187	29.5846590745	Atom	
15.8606	-86.5177	-4820.76	0.115148	-0.882506	0.455987	29.5148304179	Atom	
21.0435	-126.24	-4800.24	0.123156	-0.881557	0.455731	29.4177433587	Atom	
21.1494	-126.998	-4799.84	0.170654	-0.89265	0.417196	29.4158834089	Atom	
26.3832	-154.375	-4787.05	0.154672	-0.903609	0.399459	29.3495531288	Atom	
30.9408	-181.001	-4775.28	0.145021	-0.904993	0.399945	29.2857097198	Atom	
31.7636	-186.135	-4773.01	0.1434	-0.922803	0.357591	29.2733959676	Atom	
32.8634	-193.212	-4770.27	0.13965	-0.926629	0.34908	29.256744	Atom	
38.3325	-229.502	-4756.6	0.273157	-0.913532	0.301404	29.1716753377	Atom	
42.843	-244.587	-4751.62	0.181553	-0.951999	0.246448	29.1357248567	Atom	
58.5541	-326.97	-4730.29	0.156886	-0.948102	0.276567	28.9471301241	Atom	
60.7236	-340.081	-4726.47	0.16446	-0.944706	0.283695	28.9168367313	Atom	
64.202	-360.062	-4720.47	0.155454	-0.949519	0.272484	28.8704655156	Atom	
66.5335	-374.303	-4716.38	0.179126	-0.94949	0.257649	28.8375397899	Atom	
67.7744	-380.881	-4714.6	0.197795	-0.942546	0.269228	28.8223180407	Atom	
69.5866	-389.516	-4712.13	0.20625	-0.93822	0.277856	28.8021787312	Atom	
74.1452	-410.253	-4705.99	0.451345	-0.876179	0.169112	28.753565909	Atom	
77.0819	-415.954	-4704.89	0.471753	-0.867067	0.160136	28.7392356414	Atom	
80.7574	-422.709	-4703.64	0.589549	-0.789408	0.171074	28.7220695172	Atom	
90.0295	-435.125	-4700.95	0.44151	-0.883771	0.154974	28.6874012619	Atom	
91.6689	-438.406	-4700.37	0.448456	-0.881208	0.149531	28.6792082411	Atom	
94.4647	-443.9	-4699.44	0.461489	-0.876459	0.137285	28.6654497582	Atom	
103.495	-461.05	-4696.75	0.457531	-0.879733	0.129365	28.6222485462	Atom	
115.691	-484.5	-4693.31	0.444982	-0.884563	0.139782	28.563326662	Atom	
116.952	-487.006	-4692.91	0.395728	-0.899755	0.183958	28.5570534044	Atom	
121.801	-498.033	-4690.66	0.420144	-0.885922	0.196523	28.5299148795	Atom	
135.855	-527.667	-4684.08	0.35486	-0.915926	0.187494	28.4557848978	Atom	
139.933	-538.192	-4681.93	0.370211	-0.911574	0.17882	28.4302677563	Atom	
149.781	-562.44	-4677.17	0.344801	-0.925413	0.157234	28.3711516962	Atom	
162.758	-597.271	-4671.25	0.334818	-0.932323	0.136642	28.2873683976	Atom	
165.51	-604.932	-4670.13	0.31514	-0.943003	0.106925	28.2690331953	Atom	
165.7	-605.501	-4670.07	0.277793	-0.95781	0.0736889	28.2676872058	Atom	
168.073	-613.684	-4669.44	0.277849	-0.959423	0.0480347	28.2486132582	Atom	
182.193	-662.439	-4667	0.23778	-0.958482	0.157396	28.1351032471	Atom	
187.2	-682.624	-4663.68	0.245555	-0.958157	0.147098	28.0879118831	Atom	
191.416	-699.073	-4661.16	0.178045	-0.978846	0.100802	28.0493911278	Atom	
197.612	-733.142	-4657.65	0.187962	-0.980305	0.0605921	27.971207494	Atom	
216.193	-830.05	-4651.66	0.201645	-0.976993	0.0694596	27.7486552855	Atom	
219.043	-843.857	-4650.68	0.19521	-0.978985	0.0590066	27.7166353664	Atom	
221.139	-854.367	-4650.04	0.204081	-0.975184	0.085833	27.6922899299	Atom	
224.065	-868.35	-4648.81	0.109884	-0.99386	-0.0129749	27.6597496427	Atom	
224.17	-869.303	-4648.82	0.123182	-0.992355	0.00758988	27.6575730093	Atom	
225.474	-879.807	-4648.74	0.11438	-0.993431	0.00351818	27.6335271469	Atom	
227.973	-901.507	-4648.67	0.171426	-0.984247	0.0432653	27.5838740072	Atom	
233.297	-932.078	-4647.32	0.158693	-0.986177	0.0476621	27.5131674589	Atom	
234.114	-937.15	-4647.08	0.164942	-0.986258	-0.00945532	27.5014347744	Atom	
235.974	-948.273	-4647.18	0.192458	-0.977089	0.0908734	27.4757008432	Atom	
236.85	-952.722	-4646.77	0.251384	-0.964327	0.0829416	27.4653041776	Atom	
244.163	-980.775	-4644.36	0.256119	-0.963394	0.0792208	27.3988530026	Atom	
249.035	-999.1	-4642.85	0.419865	-0.907582	-0.00288303	27.3553199487	Atom	
252.369	-1006.31	-4642.87	0.412766	-0.91054	0.0232641	27.3371235523	Atom	
269.711	-1044.56	-4641.9	0.421672	-0.906096	0.0344	27.2407939543	Atom	
289.99	-1088.14	-4640.24	0.408046	-0.911243	0.0559872	27.1302202271	Atom	
294.597	-1098.43	-4639.61	0.418482	-0.903907	0.0884557	27.1041804035	Atom	
296.539	-1102.62	-4639.2	0.511298	-0.859274	0.0149131	27.0934672501	Atom	
311.759	-1128.2	-4638.76	0.509941	-0.860179	-0.00723001	27.0247337605	Atom	
317.969	-1138.68	-4638.84	0.502869	-0.864281	-0.0118971	26.9965551107	Atom	
324.329	-1149.61	-4638.99	0.506832	-0.861995	-0.0092392	26.967266849	Atom	
324.514	-1149.92	-4639	0.523302	-0.852057	-0.012416	26.9664234074	Atom	
340.072	-1175.25	-4639.37	0.490808	-0.871126	-0.0157206	26.8975123373	Atom	
344.909	-1183.84	-4639.52	0.496697	-0.867806	0.0143327	26.874626542	Atom	
352.188	-1196.56	-4639.31	0.156491	-0.977272	-0.143001	26.8405663698	Atom	
360.783	-1250.23	-4647.16	0.110341	-0.974186	-0.196941	26.7128015427	Atom	
362.187	-1262.63	-4649.67	-0.0418187	-0.964615	-0.260323	26.6830714432	Atom	
361.322	-1282.59	-4655.06	-0.0578504	-0.949731	-0.307675	26.6347059645	Atom	
360.193	-1301.13	-4661.06	-0.0420201	-0.936765	-0.347428	26.5890240377	Atom	
359.073	-1326.1	-4670.33	-0.0786615	-0.907399	-0.412844	26.5265395849	Atom	
358.962	-1327.38	-4670.91	-0.0932129	-0.938645	-0.332048	26.52323202	Atom	
356.708	-1350.08	-4678.94	-0.106866	-0.944533	-0.310544	26.4664451722	Atom	
355.632	-1359.59	-4682.06	-0.150829	-0.946434	-0.285506	26.4427516693	Atom	
347.624	-1409.84	-4697.22	-0.22519	-0.939454	-0.258295	26.3177674298	Atom	
340.003	-1441.63	-4705.96	-0.27885	-0.92752	-0.248895	26.2377980925	Atom	
335.928	-1455.19	-4709.6	-0.328762	-0.902261	-0.279	26.2031800822	Atom	
335.831	-1455.45	-4709.68	-0.364748	-0.858747	-0.359879	26.2024820472	Atom	
317.28	-1499.13	-4727.99	-0.345058	-0.867012	-0.359479	26.0818810783	Atom	
313.919	-1507.57	-4731.49	-0.415901	-0.858092	-0.30117	26.0587050979	Atom	
302.849	-1530.41	-4739.5	-0.424412	-0.857997	-0.289337	25.9953100651	Atom	
301.416	-1533.31	-4740.48	-0.405724	-0.886949	-0.220703	25.9872573897	Atom	
293.578	-1550.44	-4744.74	-0.39495	-0.889941	-0.228079	25.9411452144	Atom	
293.549	-1550.51	-4744.76	-0.399334	-0.894062	-0.202944	25.9409704403	Atom	
289.542	-1559.48	-4746.8	-0.392837	-0.892127	-0.223134	25.9169855198	Atom	
267.77	-1608.92	-4759.16	-0.288965	-0.932744	-0.21561	25.784424409	Atom	
262.578	-1625.68	-4763.04	-0.281826	-0.921515	-0.267177	25.7412720025	Atom	
260.689	-1631.86	-4764.83	-0.273786	-0.908439	-0.31588	25.7251489084	Atom	
259.99	-1634.18	-4765.64	-0.273092	-0.901548	-0.335607	25.7190099953	Atom	
259.607	-1635.44	-4766.11	-0.326217	-0.883503	-0.336162	25.7156351056	Atom	
255.378	-1646.9	-4770.46	-0.356479	-0.857456	-0.37107	25.6844342389	Atom	
244.206	-1673.77	-4782.09	-0.361545	-0.843559	-0.397107	25.6089335263	Atom	
221.97	-1725.65	-4806.52	-0.331272	-0.864611	-0.377767	25.4604231955	Atom	
219.688	-1731.61	-4809.12	-0.331954	-0.860863	-0.385645	25.4437124788	Atom	
216.373	-1740.2	-4812.97	-0.329502	-0.865048	-0.378313	25.4194779398	Atom	
212.158	-1751.27	-4817.81	-0.367571	-0.814478	-0.448906	25.3884063025	Atom	
190.087	-1800.17	-4844.76	-0.351225	-0.820214	-0.451541	25.2424170318	Atom	
189.231	-1802.17	-4845.87	-0.344771	-0.80261	-0.486775	25.2364641154	Atom	
189.105	-1802.47	-4846.04	-0.37615	-0.803935	-0.460651	25.2355711269	Atom	
188.604	-1803.54	-4846.66	-0.384875	-0.814283	-0.434528	25.232319209	Atom	
182.42	-1816.62	-4853.64	-0.489345	-0.808682	-0.326457	25.1930636709	Atom	
175.896	-1827.4	-4857.99	-0.507723	-0.8055	-0.305593	25.1604529895	Atom	
173.752	-1830.8	-4859.28	-0.568338	-0.785641	-0.244459	25.1501113413	Atom	
169.533	-1836.64	-4861.1	-0.618218	-0.757735	-0.208912	25.1319270138	Atom	
150.494	-1859.97	-4867.53	-0.612241	-0.75828	-0.223993	25.0564469302	Atom	
142.199	-1870.24	-4870.56	-0.600766	-0.724308	-0.338317	25.0231641197	Atom	
131.609	-1883.01	-4876.53	-0.594945	-0.744073	-0.303968	24.9798092349	Atom	
125.344	-1890.85	-4879.73	-0.617598	-0.726236	-0.301917	24.9538770143	Atom	
119.69	-1897.5	-4882.49	-0.632085	-0.680618	-0.370442	24.9313129138	Atom	
108.669	-1909.36	-4888.95	-0.584553	-0.744948	-0.321481	24.8883096621	Atom	
94.2797	-1927.7	-4896.87	-0.602907	-0.730442	-0.32087	24.8275104354	Atom	
88.1136	-1935.17	-4900.15	-0.561999	-0.720769	-0.405771	24.8022014908	Atom	
87.0544	-1936.53	-4900.91	-0.499996	-0.762864	-0.40993	24.7975339792	Atom	
83.9118	-1941.32	-4903.49	-0.522693	-0.76153	-0.383228	24.7819652483	Atom	
76.9167	-1951.52	-4908.62	-0.522073	-0.777757	-0.350049	24.7487995936	Atom	
65.8666	-1967.98	-4916.03	-0.478948	-0.714861	-0.509493	24.6962902418	Atom	
60.8651	-1975.44	-4921.35	-0.464981	-0.707676	-0.531965	24.6703399642	Atom	
58.9178	-1978.41	-4923.57	-0.495669	-0.712224	-0.497041	24.6599239898	Atom	
31.7009	-2017.51	-4950.87	-0.599989	-0.634253	-0.487582	24.5233137004	Atom	
25.2964	-2024.29	-4956.07	-0.5878	-0.632169	-0.50483	24.4966396465	Atom	
17.4176	-2032.76	-4962.84	-0.605515	-0.615669	-0.504285	24.4631162535	Atom	
8.05629	-2042.28	-4970.63	-0.531694	-0.648116	-0.545203	24.4244082797	Atom	
4.38018	-2046.76	-4974.4	-0.521772	-0.660549	-0.539842	24.4070759336	Atom	
-5.68339	-2059.5	-4984.82	-0.531536	-0.666157	-0.523168	24.3586980919	Atom	
-19.6301	-2076.98	-4998.54	-0.531513	-0.693505	-0.486359	24.2927815614	Atom	
-21.2225	-2079.05	-5000	-0.531513	-0.693505	-0.486359	24.2852386283	Region	
"-----------------------------------------------------------------"
"Trajectory"	49

"NbCollisions"	237
"Zmax"	0
"Display"	256

"Collisions"

"X"	"Y"	"Z"	"Rx"	"Ry"	"Rz"	"Energy"	"CollisionType"	
0.0729739	-0.177506	-5000	2.41146e-006	1.34386e-006	1	30	Region	
0.0730188	-0.177481	-4981.37	-0.0105648	0.0180933	0.99978	29.9603267219	Atom	
-0.886262	1.46538	-4890.59	0.00705818	0.0765664	0.99704	29.7668015568	Atom	
-0.598672	4.58513	-4849.96	0.00551747	0.0319125	0.999475	29.6795079665	Atom	
-0.575377	4.71986	-4845.74	-0.0933654	0.280358	0.955344	29.6704413474	Atom	
-1.01396	6.03684	-4841.25	-0.0788431	0.270098	0.959599	29.660351371	Atom	
-2.97293	12.7478	-4817.41	-0.0652211	0.27623	0.958876	29.606967948	Atom	
-4.2245	18.0486	-4799.01	-0.0773992	0.224894	0.971304	29.5656788025	Atom	
-5.21504	20.9267	-4786.58	-0.179531	0.311369	0.933176	29.5381119639	Atom	
-7.39709	24.7111	-4775.24	-0.172377	0.26642	0.948318	29.5119122162	Atom	
-12.7156	32.9313	-4745.98	-0.133845	0.276117	0.951759	29.4453551033	Atom	
-14.2966	36.1927	-4734.74	-0.174072	0.268229	0.947498	29.4198293653	Atom	
-19.1551	43.6794	-4708.29	-0.171737	0.215957	0.961181	29.3594700577	Atom	
-20.4789	45.344	-4700.88	-0.157463	0.16727	0.973255	29.3427731052	Atom	
-31.9319	57.5103	-4630.09	-0.330326	0.0921035	0.939363	29.1851527966	Atom	
-42.1698	60.3649	-4600.98	-0.385174	0.138398	0.912407	29.1176990021	Atom	
-55.4257	65.1279	-4569.58	-0.407225	0.191762	0.89297	29.042659368	Atom	
-58.1931	66.4311	-4563.51	-0.410066	0.180105	0.894096	29.027811305	Atom	
-58.7034	66.6552	-4562.4	-0.440806	0.19262	0.876691	29.0250911216	Atom	
-65.9696	69.8303	-4547.95	-0.480721	0.168279	0.860575	28.9890582006	Atom	
-70.2153	71.3166	-4540.35	-0.483181	0.159408	0.860886	28.9697323956	Atom	
-87.74	77.0982	-4509.12	-0.423259	0.182087	0.887523	28.8903285429	Atom	
-96.7389	80.9696	-4490.25	-0.510678	0.17822	0.841098	28.8436797766	Atom	
-98.7617	81.6755	-4486.92	-0.53838	0.188908	0.821256	28.8349781239	Atom	
-102.599	83.0219	-4481.07	-0.492007	0.221652	0.841902	28.8193169718	Atom	
-103.188	83.2872	-4480.06	-0.558449	0.237882	0.794699	28.8166852769	Atom	
-103.774	83.5371	-4479.22	-0.53585	0.24344	0.808456	28.8143758387	Atom	
-105.572	84.3538	-4476.51	-0.526767	0.262489	0.808465	28.8069995109	Atom	
-107.525	85.3271	-4473.51	-0.500815	0.290769	0.815253	28.7988447758	Atom	
-107.859	85.5207	-4472.97	-0.469849	0.303707	0.828857	28.7973805205	Atom	
-124.911	96.5434	-4442.89	-0.427927	0.277646	0.860111	28.7175440702	Atom	
-128.733	99.0229	-4435.21	-0.361436	0.225452	0.90473	28.6978558703	Atom	
-142.006	107.302	-4401.98	-0.36855	0.194716	0.908986	28.6168498577	Atom	
-160.637	117.145	-4356.03	-0.363502	0.209102	0.907823	28.5050934399	Atom	
-178.768	127.575	-4310.75	-0.370824	0.287666	0.883028	28.3944788792	Atom	
-178.89	127.67	-4310.46	-0.336543	0.272552	0.901363	28.3937456942	Atom	
-187.29	134.473	-4287.96	-0.289113	0.260784	0.921089	28.3382213112	Atom	
-187.75	134.888	-4286.5	-0.328375	0.228177	0.916572	28.3346746082	Atom	
-197.435	141.617	-4259.47	-0.335625	0.244786	0.909635	28.2689563543	Atom	
-203.499	146.041	-4243.03	-0.362197	0.228902	0.903558	28.22861678	Atom	
-230.112	162.859	-4176.64	-0.364888	0.23012	0.902165	28.0644034062	Atom	
-242.974	170.971	-4144.84	-0.260808	0.207041	0.942928	27.9852528042	Atom	
-243.25	171.19	-4143.84	-0.248935	0.202904	0.947028	27.9828750928	Atom	
-245.274	172.84	-4136.14	-0.294838	0.106242	0.949623	27.9645758311	Atom	
-260.172	178.208	-4088.16	-0.281162	0.145325	0.948593	27.8507966584	Atom	
-267.367	181.927	-4063.88	-0.282432	0.141656	0.948771	27.7929882158	Atom	
-268.332	182.411	-4060.64	-0.314919	0.161026	0.935359	27.785258726	Atom	
-268.624	182.56	-4059.77	-0.318723	0.181967	0.930217	27.7831610271	Atom	
-275.198	186.314	-4040.59	-0.317907	0.169774	0.932798	27.7364697369	Atom	
-278.25	187.943	-4031.63	-0.302926	0.219444	0.927405	27.7147158632	Atom	
-282.514	191.032	-4018.58	-0.349235	0.159012	0.923445	27.6827936892	Atom	
-287.555	193.327	-4005.25	-0.36844	0.177359	0.912576	27.6500285336	Atom	
-294.415	196.63	-3988.26	-0.353588	0.220309	0.909087	27.6077197037	Atom	
-297.183	198.355	-3981.14	-0.506341	0.0890045	0.857728	27.5899112835	Atom	
-311.549	200.88	-3956.8	-0.463831	0.0612965	0.883801	27.5253354189	Atom	
-311.695	200.899	-3956.53	-0.488284	0.0102223	0.872625	27.5246204088	Atom	
-313.737	200.942	-3952.88	-0.436062	0.0959499	0.894787	27.51508471	Atom	
-323.034	202.987	-3933.8	-0.442964	0.0630711	0.894318	27.4664541978	Atom	
-324.681	203.222	-3930.48	-0.366593	0.239215	0.899103	27.457962828	Atom	
-326.607	204.479	-3925.75	-0.420601	0.29802	0.856901	27.4459543931	Atom	
-334.719	210.227	-3909.22	-0.442603	0.27746	0.852713	27.4018782398	Atom	
-339.848	213.442	-3899.34	-0.444855	0.247337	0.860772	27.3753588954	Atom	
-349.9	219.031	-3879.89	-0.454119	0.201749	0.867798	27.3236055024	Atom	
-351.6	219.786	-3876.64	-0.487493	0.175398	0.855328	27.3150221147	Atom	
-355.115	221.051	-3870.48	-0.498114	0.165437	0.851183	27.2984786591	Atom	
-364.692	224.232	-3854.11	-0.507566	0.135393	0.850908	27.2543498952	Atom	
-374.428	226.829	-3837.79	-0.601523	-0.798672	0.0171061	27.2102646458	Atom	
-374.933	226.158	-3837.78	-0.643815	-0.761977	0.0699593	27.2083310761	Atom	
-386.061	212.988	-3836.57	-0.64494	-0.761359	0.0662191	27.168555233	Atom	
-390.8	207.393	-3836.08	-0.639045	-0.769069	0.0124373	27.1516235458	Atom	
-394.311	203.168	-3836.01	-0.646273	-0.762831	0.0204897	27.1389591004	Atom	
-397.353	199.577	-3835.91	-0.808339	-0.585056	-0.0655584	27.1281034179	Atom	
-413.295	188.038	-3837.21	-0.814583	-0.569668	-0.109242	27.0826098568	Atom	
-413.866	187.639	-3837.28	-0.804605	-0.571778	-0.160254	27.0809907731	Atom	
-422.116	181.777	-3838.93	0.562155	-0.348482	-0.750028	27.0573075981	Atom	
-410.731	174.719	-3854.12	0.577879	-0.381216	-0.721616	27.0104931869	Atom	
-408.711	173.386	-3856.64	0.582782	-0.380921	-0.717819	27.0024019092	Atom	
-403.332	169.871	-3863.26	0.614649	-0.218207	-0.758019	26.9810342045	Atom	
-400.082	168.717	-3867.27	0.670281	-0.168756	-0.722665	26.9687820358	Atom	
-397.117	167.97	-3870.47	0.79528	-0.0221457	-0.605837	26.9585295912	Atom	
-388.741	167.737	-3876.85	0.797271	-0.00882843	-0.603557	26.9341150792	Atom	
-363.978	167.463	-3895.6	0.821603	-0.0152573	-0.569857	26.8620577895	Atom	
-350.335	167.21	-3905.06	0.829818	-0.0369503	-0.556809	26.8234531177	Atom	
-342.543	166.863	-3910.29	0.901715	0.12124	-0.414983	26.8015974369	Atom	
-325.797	169.114	-3917.99	0.908506	0.126176	-0.398366	26.7583435509	Atom	
-317.613	170.251	-3921.58	0.998639	0.0133582	-0.0504081	26.7373351396	Atom	
-298.947	170.501	-3922.53	0.998392	0.0163079	-0.054283	26.6937182622	Atom	
-273.327	170.919	-3923.92	0.997012	0.0156369	-0.0756446	26.6337616767	Atom	
-259.457	171.137	-3924.97	0.987971	0.0573626	-0.14361	26.6011975526	Atom	
-254.359	171.433	-3925.71	0.985215	0.0374458	-0.16718	26.5891078718	Atom	
-216.516	172.871	-3932.13	0.985115	0.0315809	-0.16897	26.4990814142	Atom	
-208.454	173.129	-3933.52	0.986842	0.0482157	-0.154329	26.4798468177	Atom	
-202.28	173.431	-3934.48	0.993414	0.0549374	-0.100554	26.4651354632	Atom	
-182.944	174.5	-3936.44	0.987931	-0.0713086	-0.137503	26.4193451833	Atom	
-168.077	173.427	-3938.51	0.987074	-0.0808865	-0.138357	26.3838961905	Atom	
-149.647	171.917	-3941.09	0.982001	-0.0109394	-0.188558	26.339863686	Atom	
-114.229	171.523	-3947.89	0.974237	-0.039189	-0.222095	26.254693879	Atom	
-93.4054	170.685	-3952.64	0.970124	-0.0949581	-0.223254	26.2040919257	Atom	
-79.7715	169.35	-3955.78	0.971748	-0.0885375	-0.218787	26.1707690683	Atom	
-77.5943	169.152	-3956.27	0.878985	0.0404455	-0.475132	26.1654514278	Atom	
-47.2814	170.547	-3972.65	0.87065	0.0518172	-0.489167	26.0835855013	Atom	
-5.95514	173.006	-3995.87	0.85357	0.117709	-0.507507	25.9706268898	Atom	
4.42451	174.438	-4002.04	0.883064	0.120715	-0.45346	25.941588376	Atom	
11.334	175.382	-4005.59	0.913421	0.154564	-0.376528	25.9228873132	Atom	
26.3652	177.926	-4011.79	0.92456	0.0985322	-0.368077	25.8835335267	Atom	
41.8791	179.579	-4017.96	0.912678	0.106444	-0.394573	25.8433569028	Atom	
44.2542	179.856	-4018.99	0.888826	0.181261	-0.420871	25.8371182964	Atom	
49.585	180.943	-4021.51	0.894876	0.194645	-0.401634	25.8227376174	Atom	
68.5764	185.074	-4030.04	0.903446	0.188388	-0.38509	25.7718291216	Atom	
77.3742	186.909	-4033.79	0.886579	0.155368	-0.435705	25.7484327677	Atom	
82.8146	187.862	-4036.46	0.911665	0.135715	-0.387877	25.7336789615	Atom	
85.3893	188.245	-4037.56	0.884498	0.252523	-0.392296	25.7268858491	Atom	
96.8048	191.504	-4042.62	0.889374	0.252914	-0.380851	25.6958348452	Atom	
106.139	194.159	-4046.62	0.909516	0.180668	-0.374351	25.6705595655	Atom	
113.848	195.69	-4049.79	0.905197	0.174214	-0.387644	25.6501338281	Atom	
114.697	195.854	-4050.15	0.932953	0.223827	-0.281958	25.6478697194	Atom	
174.783	210.269	-4068.31	0.924595	0.26141	-0.277108	25.4925431703	Atom	
191.633	215.033	-4073.36	0.92441	0.23741	-0.298502	25.4483779936	Atom	
192.762	215.323	-4073.73	0.941719	0.190627	-0.277175	25.4454147178	Atom	
221.635	221.168	-4082.23	0.934795	0.200251	-0.293356	25.3710056329	Atom	
251.742	227.617	-4091.67	0.911214	0.183127	-0.368991	25.2926604691	Atom	
267.435	230.771	-4098.03	0.903167	0.195399	-0.382243	25.2506627939	Atom	
268.12	230.919	-4098.32	0.906292	0.197543	-0.373647	25.2488106104	Atom	
275.624	232.555	-4101.41	0.82565	0.220602	-0.519266	25.2285925266	Atom	
285.957	235.316	-4107.91	0.949376	-0.159232	-0.270795	25.1980119628	Atom	
289.246	234.764	-4108.85	0.94536	-0.176779	-0.27394	25.1895387111	Atom	
290.293	234.568	-4109.15	0.937939	-0.204074	-0.2804	25.1868294439	Atom	
300.62	232.321	-4112.24	0.942246	-0.205792	-0.264237	25.1598920046	Atom	
317.895	228.548	-4117.08	0.927534	-0.307295	-0.21272	25.1149975037	Atom	
329.892	224.574	-4119.84	0.984302	-0.131933	-0.117233	25.0832791289	Atom	
380.323	217.814	-4125.84	0.985111	-0.114365	-0.128362	24.9575139301	Atom	
382.079	217.61	-4126.07	0.98779	-0.106956	-0.113278	24.9531219083	Atom	
400.886	215.574	-4128.23	0.986076	-0.0944096	-0.136899	24.9061940144	Atom	
422.4	213.514	-4131.21	0.987228	-0.0771812	-0.139369	24.8523389841	Atom	
434.297	212.584	-4132.89	0.978962	-0.0833844	-0.186226	24.822541965	Atom	
477.248	208.925	-4141.06	0.980682	-0.036777	-0.192119	24.7139522922	Atom	
482.265	208.737	-4142.05	0.965462	-0.187813	-0.180582	24.7012469686	Atom	
616.409	182.642	-4167.14	0.95638	-0.150985	-0.250081	24.3560266131	Atom	
644.422	178.22	-4174.46	0.95473	-0.134103	-0.265531	24.2824371633	Atom	
649.273	177.538	-4175.81	0.947058	-0.113655	-0.300273	24.2696396576	Atom	
664.019	175.768	-4180.49	0.932484	-0.153995	-0.32674	24.2304116027	Atom	
677.476	173.546	-4185.2	0.924701	-0.170635	-0.34031	24.1940052768	Atom	
682.146	172.684	-4186.92	0.892909	-0.156713	-0.422082	24.1812505075	Atom	
695.421	170.354	-4193.2	0.900915	-0.137917	-0.411499	24.1436829909	Atom	
700.117	169.636	-4195.34	0.86184	-0.154322	-0.483132	24.1304969989	Atom	
756.481	159.543	-4226.94	0.857024	-0.16042	-0.489668	23.9649754275	Atom	
761.546	158.595	-4229.83	0.829565	-0.323845	-0.454913	23.9499341455	Atom	
797.89	144.407	-4249.76	0.858785	-0.374517	-0.349608	23.8383944608	Atom	
851.569	120.997	-4271.61	0.8564	-0.36667	-0.363501	23.6786657512	Atom	
852.779	120.479	-4272.13	0.831906	-0.370947	-0.412712	23.6750356643	Atom	
896.644	100.92	-4293.89	0.831188	-0.377277	-0.408397	23.539562475	Atom	
907.343	96.0639	-4299.15	0.795586	-0.407898	-0.447954	23.5063410005	Atom	
927.745	85.6035	-4310.63	0.761176	-0.456166	-0.461003	23.4400795588	Atom	
944.856	75.3495	-4321	0.689858	-0.483547	-0.538775	23.3818696458	Atom	
977.659	52.3567	-4346.62	0.705671	-0.437321	-0.557475	23.258492229	Atom	
990.786	44.2216	-4356.99	0.584661	-0.395993	-0.708069	23.2100242169	Atom	
994.312	41.833	-4361.26	0.574657	-0.387511	-0.720836	23.1942824208	Atom	
1007.37	33.0286	-4377.63	0.635133	-0.305942	-0.709229	23.1349552027	Atom	
1028.18	23.0033	-4400.88	0.652665	-0.307112	-0.692611	23.0492165887	Atom	
1033.01	20.7332	-4405.99	0.66918	-0.2575	-0.69706	23.0298198063	Atom	
1037.61	18.9627	-4410.79	0.679656	-0.215758	-0.701082	23.0117657846	Atom	
1050.37	14.9121	-4423.95	0.714702	-0.311768	-0.6261	22.9624376292	Atom	
1056.85	12.0816	-4429.63	0.659018	-0.500368	-0.56154	22.9385425248	Atom	
1063.66	6.91126	-4435.44	0.659212	-0.5112	-0.551465	22.9113241255	Atom	
1064.5	6.2598	-4436.14	0.694853	-0.528039	-0.488215	22.9079641448	Atom	
1067.95	3.64171	-4438.56	0.705052	-0.511676	-0.491008	22.8948901905	Atom	
1083.16	-7.39969	-4449.15	0.610644	-0.602337	-0.514105	22.8379640852	Atom	
1095.44	-19.5106	-4459.49	0.737737	-0.525125	-0.42425	22.784818137	Atom	
1098.87	-21.9536	-4461.47	0.484224	-0.66363	-0.570194	22.7724984287	Atom	
1101.48	-25.524	-4464.53	0.35691	-0.634969	-0.68515	22.7582453535	Atom	
1103.51	-29.1405	-4468.44	0.251226	-0.768135	-0.588943	22.7431493961	Atom	
1108.79	-45.2762	-4480.81	0.323602	-0.654911	-0.682915	22.6874426085	Atom	
1111.61	-50.9876	-4486.76	0.334182	-0.611229	-0.717441	22.6642711971	Atom	
1117.16	-61.1408	-4498.68	0.329588	-0.611533	-0.719304	22.6200995402	Atom	
1119.83	-66.0831	-4504.49	0.316179	-0.656239	-0.685114	22.5985758033	Atom	
1138.8	-105.456	-4545.6	-0.0145139	-0.705514	-0.708548	22.4386684649	Atom	
1138.61	-114.451	-4554.63	-0.229742	-0.572137	-0.787323	22.4044948166	Atom	
1132.62	-129.359	-4575.15	-0.243056	-0.587322	-0.771995	22.3345745032	Atom	
1132.61	-129.402	-4575.2	-0.31226	-0.621917	-0.718132	22.3343771609	Atom	
1125.76	-143.039	-4590.95	-0.209425	-0.647348	-0.732859	22.2753929037	Atom	
1116.14	-172.787	-4624.63	-0.252321	-0.632747	-0.732096	22.151523003	Atom	
1114.88	-175.936	-4628.27	-0.261204	-0.631702	-0.72988	22.1380454188	Atom	
1112.66	-181.303	-4634.47	-0.327296	-0.615609	-0.71687	22.1150348051	Atom	
1106.95	-192.05	-4646.99	-0.16352	-0.565326	-0.808498	22.0677061942	Atom	
1102.28	-208.191	-4670.07	-0.169775	-0.59408	-0.786286	21.9901726	Atom	
1100.08	-215.88	-4680.25	-0.199661	-0.601514	-0.773509	21.9549292502	Atom	
1098.61	-220.3	-4685.93	0.106672	-0.553242	-0.826163	21.9348946733	Atom	
1105.2	-254.481	-4736.97	0.0800415	-0.536506	-0.840092	21.7663236226	Atom	
1105.31	-255.184	-4738.08	0.12398	-0.448827	-0.884977	21.7627244778	Atom	
1105.52	-255.961	-4739.61	0.164547	-0.482697	-0.86019	21.7579711876	Atom	
1109.47	-267.541	-4760.24	0.145126	-0.467571	-0.871961	21.6920981886	Atom	
1115.06	-285.543	-4793.82	0.132272	-0.448047	-0.884171	21.5861278351	Atom	
1115.82	-288.123	-4798.91	0.136367	-0.431304	-0.891841	21.5702187354	Atom	
1116.46	-290.138	-4803.07	0.17322	-0.395526	-0.901972	21.557301866	Atom	
1116.49	-290.212	-4803.24	0.165972	-0.427816	-0.888497	21.556785002	Atom	
1117.58	-293.01	-4809.05	0.155888	-0.469562	-0.869029	21.5386998971	Atom	
1120.42	-301.563	-4824.88	0.177308	-0.46518	-0.867277	21.488284455	Atom	
1125.46	-314.802	-4849.56	0.18744	-0.446948	-0.874702	21.4093667127	Atom	
1125.6	-315.141	-4850.23	0.247426	-0.513599	-0.821582	21.4072578997	Atom	
1129.07	-322.341	-4861.75	0.271993	-0.500096	-0.822146	21.3682702459	Atom	
1130.69	-325.314	-4866.63	0.295597	-0.484549	-0.823307	21.3517117847	Atom	
1135.89	-333.84	-4881.12	0.393495	-0.494874	-0.774765	21.3026770227	Atom	
1136.15	-334.166	-4881.63	0.422797	-0.350375	-0.835751	21.3008377174	Atom	
1136.3	-334.287	-4881.92	0.333653	-0.38258	-0.861573	21.2998750963	Atom	
1137.67	-335.868	-4885.48	0.322111	-0.379399	-0.867353	21.2883369032	Atom	
1140.88	-339.646	-4894.12	0.324696	-0.378602	-0.866737	21.2605233124	Atom	
1145.12	-344.589	-4905.43	0.294686	-0.359685	-0.885317	21.2240173715	Atom	
1147.94	-348.029	-4913.9	0.312459	-0.343045	-0.885827	21.1972362323	Atom	
1153.86	-354.528	-4930.68	0.266013	-0.47808	-0.837064	21.1441384215	Atom	
1154.48	-355.65	-4932.65	0.23993	-0.413806	-0.878179	21.1375490229	Atom	
1157.13	-360.22	-4942.34	0.200563	-0.391265	-0.898157	21.1065278341	Atom	
1158.25	-362.391	-4947.33	0.227807	-0.371747	-0.899949	21.0909277797	Atom	
1166.81	-376.362	-4981.15	0.225173	-0.367156	-0.902493	20.9851803598	Atom	
1171.24	-383.589	-4998.91	0.246741	-0.271893	-0.930158	20.9295782071	Atom	
1171.53	-383.906	-5000	0.246741	-0.271893	-0.930158	20.9262703172	Region	
"-----------------------------------------------------------------"
"Trajectory"	51

"NbCollisions"	228
"Zmax"	0
"Display"	256

"Collisions"

"X"	"Y"	"Z"	"Rx"	"Ry"	"Rz"	"Energy"	"CollisionType"	
0.116637	0.153613	-5000	4.14886e-006	-3.54552e-008	1	30	Region	
0.116642	0.153613	-4998.76	0.00655056	0.0166489	0.99984	29.9973555791	Atom	
0.20483	0.37775	-4985.3	-0.506446	0.144284	0.850114	29.9686903736	Atom	
-8.58732	2.88259	-4970.54	-0.438734	0.183676	0.879645	29.931697415	Atom	
-15.3565	5.71651	-4956.97	-0.453875	0.190988	0.870357	29.8987879047	Atom	
-23.7294	9.23979	-4940.91	-0.429398	0.119178	0.895217	29.8594049826	Atom	
-30.3296	11.0717	-4927.15	-0.428972	0.0536285	0.901725	29.8265560056	Atom	
-32.6318	11.3595	-4922.31	-0.459232	0.027962	0.887876	29.8150767026	Atom	
-35.833	11.5544	-4916.12	-0.46664	-0.0028191	0.884443	29.8001616121	Atom	
-37.4639	11.5445	-4913.03	-0.388606	0.0936315	0.916634	29.7926806721	Atom	
-40.7597	12.3386	-4905.26	-0.311146	0.00340334	0.950356	29.7745237373	Atom	
-48.3865	12.422	-4881.96	-0.336882	-0.00363366	0.94154	29.7220197191	Atom	
-49.9285	12.4054	-4877.65	0.391572	0.290307	0.873151	29.712202073	Atom	
-46.9027	14.6487	-4870.91	0.399468	0.286215	0.870923	29.6956229757	Atom	
-46.6489	14.8306	-4870.35	0.425363	0.287263	0.858222	29.694259011	Atom	
-37.0306	21.3261	-4850.95	0.45015	0.301197	0.840622	29.6457208504	Atom	
-21.8263	31.4993	-4822.55	0.506869	0.281416	0.814794	29.5731232928	Atom	
-12.1301	36.8827	-4806.97	0.52028	0.260856	0.813181	29.5319258147	Atom	
-5.89084	40.0109	-4797.21	0.545444	0.266216	0.794745	29.5060710282	Atom	
2.96832	44.3348	-4784.31	0.553829	0.35846	0.751518	29.4710287398	Atom	
5.21547	45.7893	-4781.26	0.575907	0.388792	0.719147	29.4622664426	Atom	
18.2238	54.5711	-4765.01	0.612205	0.413479	0.673974	29.4134762552	Atom	
38.0977	67.9938	-4743.13	0.61098	0.435216	0.66128	29.3432619387	Atom	
47.6402	74.7912	-4732.81	0.596322	0.418279	0.685159	29.3094162673	Atom	
52.2573	78.0298	-4727.5	0.596966	0.414302	0.687012	29.2926221209	Atom	
73.1818	92.5517	-4703.42	0.602541	0.382051	0.7007	29.2165596381	Atom	
77.9187	95.5552	-4697.91	0.603919	0.439564	0.66488	29.1994646021	Atom	
96.3087	108.94	-4677.67	0.581455	0.437611	0.685862	29.1332170333	Atom	
96.9518	109.424	-4676.91	0.555843	0.455675	0.695268	29.1308064086	Atom	
106.31	117.096	-4665.2	0.540884	0.442493	0.715293	29.0941090693	Atom	
117.223	126.024	-4650.77	0.525728	0.442089	0.726751	29.0500874745	Atom	
117.528	126.281	-4650.35	0.50014	0.429899	0.751696	29.0488201855	Atom	
120.977	129.245	-4645.16	0.502867	0.422605	0.754009	29.0337559927	Atom	
121.818	129.952	-4643.9	0.584875	0.426827	0.689739	29.0301038232	Atom	
122.688	130.587	-4642.88	0.574052	0.425589	0.699527	29.0268501828	Atom	
123.301	131.041	-4642.13	0.616746	0.554692	0.558516	29.0245158719	Atom	
130.626	137.629	-4635.5	0.615962	0.556423	0.557659	28.9985553578	Atom	
132.449	139.276	-4633.85	0.546287	0.620205	0.562953	28.9920786264	Atom	
132.59	139.436	-4633.7	0.554503	0.61955	0.555593	28.9915146858	Atom	
144.116	152.314	-4622.15	0.539584	0.639174	0.548001	28.9460369211	Atom	
155.057	165.274	-4611.04	0.498182	0.696474	0.516467	28.9016156647	Atom	
179.59	199.572	-4585.61	0.507354	0.708118	0.491081	28.7936019494	Atom	
197.725	224.883	-4568.05	0.489289	0.717825	0.495302	28.7149666391	Atom	
198.951	226.682	-4566.81	0.748808	0.474743	0.462499	28.7094423583	Atom	
232.947	248.235	-4545.82	0.827206	0.464078	0.3168	28.6093289958	Atom	
243.762	254.303	-4541.67	0.669096	0.476943	0.569944	28.5804203583	Atom	
261.839	267.189	-4526.28	0.664107	0.464579	0.585772	28.5206292663	Atom	
281.211	280.74	-4509.19	0.678646	0.429139	0.596053	28.4559682869	Atom	
293.488	288.503	-4498.41	0.76534	0.372292	0.525028	28.4157960759	Atom	
328.922	305.74	-4474.1	0.706037	0.418768	0.571091	28.312864784	Atom	
352.885	319.953	-4454.71	0.683307	0.424939	0.593733	28.2371893129	Atom	
394.045	345.55	-4418.95	0.607672	0.658054	0.444634	28.1025943774	Atom	
396.43	348.132	-4417.21	0.618354	0.61996	0.482999	28.0937938326	Atom	
429.367	381.155	-4391.48	0.6318	0.607941	0.480871	27.9742916303	Atom	
440.645	392.007	-4382.89	0.70217	0.650118	0.290351	27.9341080766	Atom	
458.386	408.433	-4375.56	0.759963	0.638962	0.119095	27.8771660867	Atom	
468.009	416.524	-4374.05	0.80497	0.589715	0.0652642	27.8485827812	Atom	
472.46	419.785	-4373.69	0.78513	0.618553	0.031049	27.8360903876	Atom	
529.606	464.806	-4371.43	0.784431	0.619303	0.0336267	27.6715968755	Atom	
560.5	489.197	-4370.1	0.782702	0.621422	0.0348229	27.5821684684	Atom	
580.802	505.315	-4369.2	0.883253	0.440165	-0.161613	27.52311921	Atom	
581.598	505.712	-4369.35	0.894778	0.41611	-0.16194	27.5210642348	Atom	
591.496	510.315	-4371.14	0.921345	0.34972	-0.169762	27.4958362317	Atom	
602.6	514.53	-4373.18	0.913366	0.362724	-0.184916	27.4683321005	Atom	
603.239	514.783	-4373.31	0.929401	0.2374	-0.282585	27.4667340296	Atom	
616.302	518.12	-4377.29	0.924641	0.244344	-0.292123	27.4346290149	Atom	
618.944	518.818	-4378.12	0.924605	0.171435	-0.340169	27.4280958896	Atom	
622.811	519.535	-4379.54	0.92342	0.18221	-0.337779	27.4185315957	Atom	
637.516	522.437	-4384.92	0.897638	-0.0661291	-0.435744	27.3821073154	Atom	
664.523	520.447	-4398.03	0.863501	-0.0306089	-0.503418	27.3132168394	Atom	
678.513	519.952	-4406.19	0.876802	-0.0244159	-0.480231	27.2760455922	Atom	
686.666	519.724	-4410.65	0.868374	-0.0362721	-0.494581	27.2546880594	Atom	
712.455	518.647	-4425.34	0.823639	0.239525	-0.514049	27.1864354249	Atom	
717.976	520.253	-4428.79	0.825653	0.276682	-0.491674	27.170998183	Atom	
747.995	530.312	-4446.66	0.828509	0.267684	-0.491852	27.0872355106	Atom	
752.347	531.719	-4449.25	0.807951	0.328017	-0.48951	27.0751023469	Atom	
756.948	533.587	-4452.04	0.809544	0.343612	-0.475993	27.0619465066	Atom	
776.442	541.861	-4463.5	0.807703	0.356714	-0.469436	27.0062918962	Atom	
781.86	544.253	-4466.65	0.802148	0.364909	-0.472652	26.9907638628	Atom	
828.538	565.488	-4494.15	0.940041	0.219662	-0.260907	26.8559877848	Atom	
867.221	574.527	-4504.89	0.948845	0.236529	-0.20916	26.7603001647	Atom	
885.465	579.075	-4508.91	0.971046	0.2168	-0.100333	26.7154627905	Atom	
900.588	582.451	-4510.47	0.973257	0.226483	-0.0384195	26.6790974171	Atom	
901.357	582.63	-4510.5	0.981835	0.0768261	0.173487	26.6772497308	Atom	
906.741	583.052	-4509.55	0.975903	0.057095	0.210604	26.6644317225	Atom	
925.142	584.128	-4505.58	0.969213	0.0664624	0.237083	26.620337192	Atom	
936.311	584.894	-4502.85	0.973129	0.049917	0.224785	26.5933524703	Atom	
937.927	584.977	-4502.47	0.961383	0.0762952	0.264426	26.5894598844	Atom	
950.011	585.936	-4499.15	0.945339	0.143203	0.292963	26.5600018447	Atom	
964.29	588.099	-4494.72	0.920074	0.151925	0.361084	26.5245664535	Atom	
1030.75	599.073	-4468.64	0.959167	0.0581102	0.276807	26.3549422833	Atom	
1107.24	603.707	-4446.57	0.980542	0.107757	0.164093	26.1667118853	Atom	
1132.5	606.483	-4442.34	0.973112	0.133148	0.187951	26.1055527207	Atom	
1150.43	608.936	-4438.88	0.975112	0.217467	0.0431714	26.0617462824	Atom	
1154.41	609.823	-4438.7	0.980283	0.18774	0.0616309	26.0520322789	Atom	
1228.58	624.028	-4434.04	0.983115	0.170969	0.0652291	25.8717976238	Atom	
1245.6	626.989	-4432.91	0.977679	0.210105	-0.000667693	25.8303223532	Atom	
1273.19	632.917	-4432.93	0.98755	0.15729	0.00239387	25.7626522293	Atom	
1288	635.277	-4432.89	0.989591	0.143465	0.0112694	25.7265928778	Atom	
1290.28	635.607	-4432.87	0.993301	0.114213	0.0175824	25.7210531047	Atom	
1321.61	639.21	-4432.31	0.981315	0.185143	0.0523705	25.6451510426	Atom	
1334.93	641.723	-4431.6	0.967415	0.251218	0.0315966	25.6124131609	Atom	
1344.11	644.107	-4431.3	0.963686	0.266169	0.0215137	25.5895010465	Atom	
1345.73	644.553	-4431.27	0.941416	0.303263	0.147536	25.5854534801	Atom	
1396.87	661.028	-4423.25	0.878408	0.464121	-0.113976	25.4541765764	Atom	
1432.19	679.686	-4427.83	0.864919	0.498842	-0.0554304	25.3566376412	Atom	
1434.52	681.033	-4427.98	0.913953	0.281289	-0.292516	25.3500662551	Atom	
1445.63	684.453	-4431.54	0.924637	0.282128	-0.255832	25.3204718812	Atom	
1464.11	690.092	-4436.65	0.926113	0.266636	-0.266871	25.271776643	Atom	
1464.88	690.314	-4436.87	0.925331	0.2545	-0.281054	25.2697434038	Atom	
1494.95	698.583	-4446.01	0.899389	0.334271	-0.281714	25.1904544412	Atom	
1508.04	703.449	-4450.11	0.92827	0.196574	-0.315711	25.1548383688	Atom	
1518.31	705.623	-4453.6	0.939297	0.172579	-0.296544	25.1277599362	Atom	
1563.54	713.934	-4467.88	0.942976	0.212349	-0.256327	25.0097120084	Atom	
1605.64	723.413	-4479.32	0.92059	0.267354	-0.284667	24.8998862866	Atom	
1621.57	728.042	-4484.25	0.683557	0.273438	-0.676744	24.857140585	Atom	
1647.52	738.422	-4509.94	0.702651	0.256888	-0.663544	24.7632879833	Atom	
1647.66	738.472	-4510.07	0.668695	0.329823	-0.666381	24.7628074776	Atom	
1648.74	739.007	-4511.15	0.68403	0.350598	-0.639675	24.7587853303	Atom	
1698.86	764.693	-4558.02	0.665445	0.367381	-0.64978	24.5770828524	Atom	
1702.39	766.645	-4561.47	0.626362	0.222599	-0.747075	24.5638285131	Atom	
1703.57	767.061	-4562.86	0.640655	0.242843	-0.728415	24.5591645497	Atom	
1720.33	773.417	-4581.93	0.436068	-0.674122	-0.596159	24.4938439646	Atom	
1724.36	767.19	-4587.43	0.358418	-0.801281	-0.479046	24.4707401782	Atom	
1730.69	753.046	-4595.89	0.424379	-0.807698	-0.4093	24.4265567581	Atom	
1733.03	748.581	-4598.15	0.389347	-0.821988	-0.415625	24.4127003944	Atom	
1748.75	715.406	-4614.93	0.392644	-0.812839	-0.43026	24.3114856856	Atom	
1760.47	691.126	-4627.78	0.400072	-0.819597	-0.410126	24.2363284486	Atom	
1769.59	672.446	-4637.13	0.444399	-0.803107	-0.396899	24.1788438926	Atom	
1781.76	650.452	-4648	0.437086	-0.819816	-0.369942	24.1096397604	Atom	
1794.38	626.787	-4658.67	0.429166	-0.805766	-0.408114	24.0365317349	Atom	
1803.16	610.295	-4667.03	0.416031	-0.812152	-0.409057	23.9845704398	Atom	
1808.68	599.528	-4672.45	0.396872	-0.830959	-0.389873	23.9508535528	Atom	
1808.83	599.212	-4672.6	0.381679	-0.82295	-0.420803	23.9498865533	Atom	
1813.75	588.605	-4678.02	0.393992	-0.815677	-0.423605	23.9170705548	Atom	
1814.48	587.102	-4678.8	0.507738	-0.805848	-0.304648	23.9123735912	Atom	
1816.3	584.211	-4679.9	0.509996	-0.837379	-0.196727	23.9032302694	Atom	
1823.61	572.209	-4682.72	0.687796	-0.724078	-0.0514684	23.8666804796	Atom	
1827.12	568.511	-4682.98	0.641686	-0.766541	-0.0255923	23.8536415541	Atom	
1840.81	552.153	-4683.52	0.672019	-0.740364	-0.0158853	23.7991393908	Atom	
1847.52	544.76	-4683.68	0.672003	-0.740509	-0.0076383	23.7735868788	Atom	
1855.17	536.33	-4683.77	0.693742	-0.719605	0.0298408	23.7444331517	Atom	
1862.6	528.627	-4683.45	0.670977	-0.740351	0.0408588	23.716993456	Atom	
1863.17	527.996	-4683.42	0.67326	-0.737865	0.0476975	23.7148085746	Atom	
1872.3	517.99	-4682.77	0.707513	-0.706086	0.029468	23.6800114142	Atom	
1882.53	507.78	-4682.34	0.727877	-0.685675	-0.00667297	23.6428660834	Atom	
1889.48	501.234	-4682.41	0.663116	-0.747916	0.0299738	23.6183136061	Atom	
1898.85	490.664	-4681.98	0.689535	-0.721817	0.0593475	23.5819333526	Atom	
1931.61	456.375	-4679.16	0.685342	-0.718375	0.119351	23.4595003599	Atom	
1943.27	444.152	-4677.13	0.658781	-0.750726	0.0491679	23.4154697642	Atom	
1945.27	441.872	-4676.98	0.667006	-0.742276	0.064258	23.4075968649	Atom	
1949.6	437.058	-4676.57	0.68155	-0.725926	0.0923083	23.3907826476	Atom	
1949.75	436.895	-4676.55	0.692577	-0.721344	-0.0011348	23.3902005203	Atom	
1950.06	436.571	-4676.55	0.762124	-0.647357	-0.00978437	23.389035508	Atom	
1962.6	425.922	-4676.71	0.764963	-0.644026	-0.00788176	23.346366544	Atom	
1971.79	418.185	-4676.8	0.786555	-0.612631	-0.0775568	23.3151570598	Atom	
1975.79	415.064	-4677.2	0.633629	-0.769966	-0.075283	23.3019099651	Atom	
1981.8	407.771	-4677.91	0.627533	-0.776768	-0.053233	23.2772642875	Atom	
1986.6	401.819	-4678.32	0.634737	-0.77229	-0.0259964	23.2573127492	Atom	
1995.49	391.011	-4678.68	0.749474	-0.661566	-0.0248851	23.2208486935	Atom	
1997.84	388.931	-4678.76	0.396916	-0.65756	-0.640369	23.212646969	Atom	
2003.57	379.443	-4688	0.35888	-0.665766	-0.654187	23.1749937476	Atom	
2011.85	364.087	-4703.09	0.342548	-0.670236	-0.658365	23.114727391	Atom	
2013.49	360.879	-4706.24	0.350316	-0.660268	-0.664323	23.1021934465	Atom	
2018.23	351.941	-4715.23	0.361026	-0.65923	-0.659603	23.0667355051	Atom	
2020.78	347.276	-4719.9	0.3749	-0.632758	-0.677545	23.0481747791	Atom	
2022.84	343.809	-4723.61	0.328284	-0.691118	-0.643883	23.0337980605	Atom	
2027.91	333.132	-4733.56	0.610909	-0.530514	-0.587661	22.9932378469	Atom	
2035.67	326.396	-4741.02	0.600146	-0.541923	-0.588341	22.9598533091	Atom	
2035.87	326.214	-4741.22	0.591982	-0.542678	-0.595867	22.9589678727	Atom	
2055.91	307.839	-4761.4	0.577645	-0.529547	-0.621213	22.869842775	Atom	
2058.09	305.841	-4763.74	0.511888	-0.557827	-0.653299	22.8598809624	Atom	
2066.41	296.777	-4774.35	0.478824	-0.566226	-0.670907	22.8169646969	Atom	
2066.57	296.589	-4774.58	0.424767	-0.561107	-0.710445	22.8160864697	Atom	
2067.73	295.062	-4776.51	0.431385	-0.560753	-0.706727	22.8088842317	Atom	
2077.05	282.946	-4791.78	0.502279	-0.571042	-0.649329	22.7517185029	Atom	
2084.72	274.219	-4801.7	0.520773	-0.516895	-0.679423	22.7112027724	Atom	
2089.41	269.566	-4807.82	0.516957	-0.562856	-0.644941	22.6873028149	Atom	
2092.77	265.906	-4812.01	0.552652	-0.548574	-0.62741	22.6700253036	Atom	
2093.85	264.837	-4813.24	0.540128	-0.563926	-0.6247	22.664844947	Atom	
2093.94	264.738	-4813.35	0.605538	-0.511968	-0.609272	22.6643778393	Atom	
2095.48	263.439	-4814.89	0.617986	-0.514804	-0.594197	22.6576313224	Atom	
2114.65	247.467	-4833.33	0.609906	-0.533886	-0.585646	22.5751081327	Atom	
2117.92	244.606	-4836.47	0.610617	-0.524097	-0.593691	22.5608137054	Atom	
2125.88	237.776	-4844.2	0.576237	-0.561669	-0.5937	22.526038194	Atom	
2146.92	217.267	-4865.88	0.591494	-0.555469	-0.584456	22.4284703754	Atom	
2153	211.558	-4871.89	0.590383	-0.552237	-0.588627	22.4009120102	Atom	
2163.93	201.337	-4882.78	0.477687	-0.601194	-0.640609	22.3512409098	Atom	
2165.78	198.999	-4885.27	0.480593	-0.590304	-0.648515	22.3407889975	Atom	
2170.01	193.812	-4890.97	0.513527	-0.575542	-0.636429	22.3171571747	Atom	
2170.18	193.617	-4891.19	0.490466	-0.618292	-0.614132	22.3162412589	Atom	
2173.91	188.914	-4895.86	0.484706	-0.607275	-0.629506	22.2957667295	Atom	
2185.06	174.951	-4910.33	0.487333	-0.586395	-0.64703	22.2338341301	Atom	
2187.12	172.462	-4913.08	0.460816	-0.619535	-0.635473	22.2223747359	Atom	
2187.54	171.903	-4913.65	0.18202	-0.792648	-0.581875	22.2199382913	Atom	
2190.97	156.96	-4924.62	0.237107	-0.781016	-0.577749	22.1690193652	Atom	
2192.82	150.887	-4929.12	0.268977	-0.770259	-0.578233	22.1479802005	Atom	
2193.89	147.805	-4931.43	0.305582	-0.789638	-0.532064	22.1371481033	Atom	
2196.45	141.204	-4935.88	0.368519	-0.736064	-0.567806	22.1145029453	Atom	
2198.7	136.709	-4939.35	0.352288	-0.741473	-0.571061	22.0979457457	Atom	
2228.65	73.6615	-4987.9	0.380438	-0.769865	-0.512421	21.8672924654	Atom	
2229.59	71.7552	-4989.17	0.374365	-0.79148	-0.483125	21.860520289	Atom	
2237.99	54.0149	-5000	0.374365	-0.79148	-0.483125	21.7992014022	Region	
"-----------------------------------------------------------------"
"Trajectory"	55

"NbCollisions"	151
"Zmax"	0
"Display"	256

"Collisions"

"X"	"Y"	"Z"	"Rx"	"Ry"	"Rz"	"Energy"	"CollisionType"	
-0.060887	0.0833342	-5000	-3.2085e-006	1.61716e-006	1	30	Region	
-0.0609287	0.0833553	-4987	0.000739822	0.0467622	0.998906	29.9723221467	Atom	
-0.0483409	0.878997	-4970	-0.0583411	0.110766	0.992133	29.9360695749	Atom	
-1.26886	3.19627	-4949.25	-0.0397288	0.11181	0.992935	29.8914521243	Atom	
-4.17481	11.3746	-4876.62	-0.039413	0.111171	0.993019	29.7352689655	Atom	
-6.05003	16.664	-4829.37	-0.000762043	0.0590529	0.998255	29.633249491	Atom	
-6.06751	18.0188	-4806.47	0.7008	0.689791	0.181843	29.5839220388	Atom	
3.73715	27.6694	-4803.93	0.700131	0.6765	0.228395	29.5538003358	Atom	
7.45597	31.2627	-4802.71	0.688924	0.683932	0.240041	29.5423552004	Atom	
56.5422	79.9933	-4785.61	0.679933	0.691028	0.245297	29.3887816327	Atom	
75.1433	98.8978	-4778.9	0.687282	0.684521	0.243051	29.3295702953	Atom	
90.8599	114.551	-4773.34	0.69003	0.669959	0.273888	29.279995979	Atom	
93.9284	117.531	-4772.13	0.752821	0.601076	0.26827	29.2703425063	Atom	
99.8479	122.257	-4770.02	0.735213	0.551655	0.393876	29.2532689992	Atom	
111.948	131.336	-4763.53	0.736309	0.535824	0.413209	29.2175147531	Atom	
128.106	143.094	-4754.47	0.738642	0.538626	0.405327	29.1697991212	Atom	
134.38	147.67	-4751.02	0.801345	0.49096	0.341767	29.1513032722	Atom	
146.246	154.939	-4745.96	0.80992	0.468596	0.352772	29.119046919	Atom	
171.329	169.452	-4735.04	0.822942	-0.56809	0.00642007	29.0515217443	Atom	
186.777	158.787	-4734.92	0.828682	-0.559637	-0.00961201	29.0105160166	Atom	
192.701	154.787	-4734.98	0.762536	-0.643074	-0.0706712	28.9948829414	Atom	
198.803	149.641	-4735.55	0.753278	-0.634562	-0.172926	28.9773756073	Atom	
200.512	148.201	-4735.94	0.737604	-0.655763	-0.160979	28.9724099548	Atom	
212.399	137.633	-4738.54	0.744971	-0.645079	-0.169974	28.9371300153	Atom	
212.914	137.187	-4738.65	0.811919	-0.582402	-0.0399381	28.9356156866	Atom	
216.678	134.487	-4738.84	0.797429	-0.598786	-0.0745787	28.9254551628	Atom	
227.852	126.097	-4739.88	0.778943	-0.625794	-0.0403558	28.8947413142	Atom	
274.99	88.2268	-4742.33	0.764486	-0.642766	-0.0491269	28.7619811673	Atom	
280.283	83.7762	-4742.67	0.750452	-0.659748	-0.0394231	28.7467351036	Atom	
281.465	82.7373	-4742.73	0.747781	-0.66224	-0.047554	28.7432660782	Atom	
294.398	71.284	-4743.55	0.760273	-0.648645	-0.0352695	28.7051649184	Atom	
302.666	64.2296	-4743.94	0.79867	-0.600774	-0.0345873	28.681180321	Atom	
322.614	49.224	-4744.8	0.876755	-0.479797	-0.0330975	28.6260594508	Atom	
327.578	46.5079	-4744.99	0.848292	-0.511153	-0.138288	28.6135473476	Atom	
335.524	41.7199	-4746.28	0.810049	-0.449974	-0.375957	28.5928367299	Atom	
347.565	35.0309	-4751.87	0.840713	-0.370141	-0.395218	28.5599508683	Atom	
352.469	32.872	-4754.18	0.757796	-0.371899	-0.53613	28.5470357957	Atom	
364.023	27.2018	-4762.35	0.736124	-0.329871	-0.591022	28.5132627959	Atom	
369.053	24.9474	-4766.39	0.760352	-0.3961	-0.514751	28.4981102968	Atom	
373.957	22.3929	-4769.71	0.74434	-0.409543	-0.527477	28.4838051724	Atom	
420.118	-3.00533	-4802.42	0.770851	-0.369929	-0.518595	28.3461909513	Atom	
427.187	-6.39786	-4807.18	0.773777	-0.391823	-0.497739	28.325762278	Atom	
427.766	-6.69108	-4807.55	0.776178	-0.393457	-0.492686	28.3240942683	Atom	
432.456	-9.06827	-4810.53	0.761061	-0.372287	-0.531214	28.3106272738	Atom	
438.598	-12.0727	-4814.81	0.847006	-0.219388	-0.484201	28.292632459	Atom	
446.789	-14.1943	-4819.5	0.855822	-0.22124	-0.467569	28.2710576647	Atom	
483.846	-23.7739	-4839.74	0.863227	-0.200109	-0.463461	28.174399419	Atom	
493.972	-26.1214	-4845.18	0.876459	-0.217299	-0.429651	28.1481406916	Atom	
502.302	-28.1866	-4849.26	0.877357	-0.205543	-0.433586	28.126851486	Atom	
513.604	-30.8342	-4854.85	0.93421	-0.256572	-0.247836	28.0979793617	Atom	
548.999	-40.5553	-4864.24	0.92489	-0.268584	-0.269148	28.0129869172	Atom	
550.197	-40.9031	-4864.58	0.976802	-0.105951	-0.186096	28.0100748423	Atom	
558.483	-41.8019	-4866.16	0.978664	-0.119021	-0.167482	27.9909982362	Atom	
570.506	-43.2641	-4868.22	0.96518	-0.21018	-0.155731	27.9633557593	Atom	
590.342	-47.5837	-4871.42	0.967514	-0.202341	-0.151575	27.917075977	Atom	
605.047	-50.6589	-4873.73	0.962927	-0.217271	-0.159891	27.8828070077	Atom	
613.443	-52.5533	-4875.12	0.959515	-0.238589	-0.149687	27.8631280534	Atom	
617.424	-53.5433	-4875.74	0.962692	-0.211618	-0.168649	27.8537574598	Atom	
639.824	-58.4673	-4879.66	0.981094	-0.159884	-0.109048	27.8011974971	Atom	
697.049	-67.7929	-4886.03	-0.712872	0.295896	0.635814	27.669244876	Atom	
690.155	-64.9313	-4879.88	-0.786226	0.0926307	0.610957	27.6472839125	Atom	
652.364	-60.4789	-4850.51	-0.788603	0.0798994	0.609689	27.5380642057	Atom	
634.25	-58.6437	-4836.51	-0.804341	0.0223974	0.593745	27.4857072087	Atom	
630.687	-58.5445	-4833.88	-0.819464	-0.0588596	0.570101	27.4755938435	Atom	
630.563	-58.5534	-4833.79	-0.827323	-0.0571606	0.55881	27.4752483968	Atom	
612.793	-59.7811	-4821.79	-0.84976	0.0413135	0.525548	27.4261997961	Atom	
604.075	-59.3573	-4816.39	-0.792512	-0.00176047	0.609854	27.4027370394	Atom	
592.102	-59.3839	-4807.18	-0.791605	0.00806528	0.61098	27.3681648311	Atom	
587.115	-59.333	-4803.33	-0.792469	0.141776	0.593205	27.3537349052	Atom	
574.296	-57.0396	-4793.74	-0.770758	0.119656	0.625792	27.3166635804	Atom	
561.78	-55.0966	-4783.57	-0.768156	0.137926	0.62523	27.279412281	Atom	
548.205	-52.6592	-4772.53	-0.726831	0.0183432	0.686572	27.2388269689	Atom	
488.563	-51.154	-4716.19	-0.722444	0.0273246	0.69089	27.0501482387	Atom	
487.825	-51.1261	-4715.48	-0.729467	-0.0313661	0.683296	27.0477856352	Atom	
454.528	-52.5578	-4684.29	-0.716852	-0.00919151	0.697164	26.9422434741	Atom	
450.781	-52.6059	-4680.65	-0.714993	-0.00602242	0.699106	26.9301197776	Atom	
443.409	-52.668	-4673.44	-0.831567	0.126533	0.54082	26.9061963579	Atom	
439.588	-52.0867	-4670.95	-0.854436	0.104139	0.509013	26.8955291934	Atom	
432.369	-51.2067	-4666.65	-0.862464	0.137996	0.486942	26.8759031861	Atom	
423.872	-49.8472	-4661.86	-0.873048	0.162296	0.459834	26.8530084456	Atom	
423.321	-49.7447	-4661.57	-0.773739	0.273116	0.571608	26.8515397608	Atom	
420.969	-48.9145	-4659.83	-0.805715	0.227633	0.546814	26.8444704846	Atom	
420.648	-48.8238	-4659.61	-0.959585	-0.264119	-0.0971466	26.8435437221	Atom	
417.874	-49.5872	-4659.89	-0.963546	-0.252853	-0.0874296	26.8368202197	Atom	
413.577	-50.715	-4660.28	-0.966488	-0.242686	-0.0836859	26.826443169	Atom	
400.652	-53.9604	-4661.4	-0.962432	-0.235689	-0.134819	26.7953192395	Atom	
386.378	-57.4559	-4663.4	-0.966088	-0.213907	-0.144629	26.7607706187	Atom	
337.686	-68.2371	-4670.69	-0.927827	-0.150784	-0.341176	26.6432390264	Atom	
336.742	-68.3905	-4671.04	-0.936967	-0.146539	-0.317205	26.6408581848	Atom	
331.439	-69.2198	-4672.83	-0.915666	-0.216621	-0.338572	26.6276146412	Atom	
318.595	-72.2583	-4677.58	-0.89838	-0.176681	-0.402117	26.5947754843	Atom	
253.459	-85.0685	-4706.74	-0.877051	-0.123633	-0.464216	26.4248660483	Atom	
249.724	-85.595	-4708.71	-0.874616	-0.128911	-0.467364	26.4148354887	Atom	
243.561	-86.5034	-4712.01	-0.85981	-0.149279	-0.488306	26.3982322426	Atom	
227.959	-89.2122	-4720.87	-0.864496	-0.16077	-0.476235	26.3554576579	Atom	
217.089	-91.2336	-4726.85	-0.860589	-0.11042	-0.497186	26.3257799444	Atom	
214.957	-91.5072	-4728.09	-0.854	-0.127392	-0.504435	26.3199262764	Atom	
211.963	-91.9538	-4729.86	-0.85219	-0.159063	-0.498469	26.3116437338	Atom	
210.241	-92.2752	-4730.86	-0.840596	-0.144799	-0.521949	26.3068679174	Atom	
203.766	-93.3906	-4734.88	-0.844486	-0.132168	-0.519014	26.2886596002	Atom	
199.364	-94.0796	-4737.59	-0.856397	-0.118961	-0.502426	26.2763306131	Atom	
195.821	-94.5716	-4739.67	-0.862001	-0.128253	-0.490413	26.2665444438	Atom	
189.441	-95.521	-4743.3	-0.86867	-0.103454	-0.484469	26.2490267102	Atom	
161.06	-98.901	-4759.13	-0.846557	-0.131472	-0.515807	26.1716637869	Atom	
134.266	-103.062	-4775.45	-0.845966	-0.118526	-0.519898	26.0965420926	Atom	
130.22	-103.629	-4777.94	-0.855978	-0.119279	-0.503064	26.0851649585	Atom	
124.98	-104.359	-4781.02	-0.808991	-0.187679	-0.557054	26.0705960443	Atom	
123.299	-104.749	-4782.17	-0.814632	-0.101836	-0.570967	26.0656498937	Atom	
118.199	-105.387	-4785.75	-0.809439	-0.0988436	-0.578825	26.0507440561	Atom	
110.159	-106.369	-4791.5	-0.834404	-0.100369	-0.541937	26.0270809573	Atom	
93.8948	-108.325	-4802.06	-0.822459	-0.081574	-0.562945	25.9806147784	Atom	
88.4517	-108.865	-4805.79	-0.797409	-0.102486	-0.594673	25.9648153269	Atom	
72.6647	-110.894	-4817.56	-0.794518	-0.0987784	-0.599153	25.9175296298	Atom	
63.2692	-112.062	-4824.65	-0.789259	-0.0966993	-0.606399	25.8892448124	Atom	
46.1503	-114.159	-4837.8	-0.78065	-0.0127503	-0.624838	25.8373202785	Atom	
42.6013	-114.217	-4840.64	-0.688213	-0.0374127	-0.724544	25.8264194673	Atom	
41.8522	-114.258	-4841.43	-0.599638	0.409852	-0.687355	25.8238087556	Atom	
28.6232	-105.216	-4856.59	-0.689411	0.245226	-0.681598	25.7708882251	Atom	
9.43905	-98.3921	-4875.56	-0.717433	0.241023	-0.653604	25.704029735	Atom	
8.8947	-98.2092	-4876.05	-0.719048	0.230928	-0.655471	25.7022029732	Atom	
-2.16291	-94.6579	-4886.13	-0.342492	0.0607686	-0.937553	25.6651763387	Atom	
-4.64343	-94.2178	-4892.92	-0.471634	0.0846254	-0.877725	25.6477182384	Atom	
-5.55674	-94.054	-4894.62	-0.550372	0.0662174	-0.83229	25.6430478384	Atom	
-26.065	-91.5865	-4925.64	-0.535947	0.0635515	-0.841856	25.5531653094	Atom	
-52.6844	-88.43	-4967.45	-0.504893	0.114634	-0.855536	25.433025469	Atom	
-60.4097	-86.6761	-4980.54	-0.478418	0.144272	-0.8662	25.3958767	Atom	
-63.2265	-85.8266	-4985.64	-0.272022	0.330023	-0.903929	25.3815652859	Atom	
-67.5475	-80.5843	-5000	-0.272022	0.330023	-0.903929	25.3429369329	Region	
"-----------------------------------------------------------------"
"Trajectory"	57

"NbCollisions"	35
"Zmax"	0
"Display"	256

"Collisions"

"X"	"Y"	"Z"	"Rx"	"Ry"	"Rz"	"Energy"	"CollisionType"	
0.134199	0.212892	-5000	2.11386e-006	2.65402e-006	1	30	Region	
0.1342	0.212894	-4999.42	-0.0124621	-0.0106269	0.999866	29.9987596105	Atom	
0.0208286	0.116217	-4990.32	-0.00722261	-0.053873	0.998522	29.9793898214	Atom	
-0.0468703	-0.388744	-4980.96	-0.0318414	-0.0331913	0.998942	29.9594224462	Atom	
-0.372682	-0.728369	-4970.74	0.770618	-0.62632	-0.117778	29.9376132387	Atom	
61.0595	-50.6574	-4980.13	0.740733	-0.65553	-0.146951	29.7676024454	Atom	
64.2158	-53.4507	-4980.76	0.7379	-0.654154	-0.166091	29.7584737401	Atom	
80.2631	-67.6767	-4984.37	0.734021	-0.652647	-0.187791	29.7118716933	Atom	
131.585	-113.309	-4997.5	0.753495	-0.577261	-0.314666	29.5618560949	Atom	
137.577	-117.899	-5000	0.753495	-0.577261	-0.314666	29.5447253382	Region	
"-----------------------------------------------------------------"
"Trajectory"	60

"NbCollisions"	205
"Zmax"	0
"Display"	256

"Collisions"

"X"	"Y"	"Z"	"Rx"	"Ry"	"Rz"	"Energy"	"CollisionType"	
0.328627	-0.0755164	-5000	2.24308e-006	-5.52341e-006	1	30	Region	
0.328798	-0.0759364	-4923.96	-0.00314586	-0.050764	0.998706	29.8380986462	Atom	
0.179506	-2.48502	-4876.56	0.00987807	-0.0162679	0.999819	29.7366213676	Atom	
0.391738	-2.83454	-4855.08	0.179273	-0.214362	0.960162	29.6905541179	Atom	
2.03682	-4.80162	-4846.27	0.139218	-0.206773	0.968434	29.670854239	Atom	
2.24343	-5.10848	-4844.83	0.106133	-0.170577	0.979612	29.6676666417	Atom	
4.36474	-8.51785	-4825.25	0.111024	-0.103643	0.988399	29.6247316841	Atom	
6.42479	-10.4409	-4806.91	0.095712	-0.251396	0.96314	29.5848272938	Atom	
10.4613	-21.0432	-4766.29	0.0927091	-0.254262	0.962682	29.4940314515	Atom	
10.9968	-22.5119	-4760.73	0.101147	-0.252107	0.962399	29.4815646509	Atom	
12.953	-27.3875	-4742.12	0.0968427	-0.255207	0.962024	29.4398121346	Atom	
14.6226	-31.7874	-4725.54	0.165413	-0.282759	0.944821	29.4025490543	Atom	
16.8903	-35.6639	-4712.58	0.0334744	-0.122048	0.99196	29.372887854	Atom	
17.4112	-37.5631	-4697.15	0.0361145	-0.120616	0.992042	29.3391935693	Atom	
20.5252	-47.9633	-4611.61	0.0524341	-0.157953	0.986054	29.1523164268	Atom	
21.6369	-51.3122	-4590.7	-0.0136795	-0.661643	0.749694	29.1061317552	Atom	
21.5477	-55.6269	-4585.81	-0.0578546	-0.560421	0.826184	29.0919082244	Atom	
19.946	-71.1418	-4562.94	0.0172883	-0.569567	0.821763	29.031502147	Atom	
20.1802	-78.8559	-4551.81	0.0484911	-0.570645	0.819764	29.0019010582	Atom	
20.2604	-79.8004	-4550.45	0.0641183	-0.576581	0.81452	28.9982808913	Atom	
21.6692	-92.469	-4532.56	0.0947119	-0.565317	0.819419	28.9502156346	Atom	
23.8244	-105.333	-4513.91	0.818824	-0.128151	0.559557	28.900371692	Atom	
44.2796	-108.534	-4499.93	0.869682	-0.150372	0.47015	28.8455758776	Atom	
44.3757	-108.551	-4499.88	0.856007	-0.186514	0.482146	28.8453332928	Atom	
64.7285	-112.985	-4488.42	0.861814	-0.167429	0.478795	28.7931006529	Atom	
72.5288	-114.501	-4484.08	0.847759	-0.215742	0.48452	28.773188638	Atom	
101.883	-121.971	-4467.31	0.850305	-0.213956	0.480837	28.6969711974	Atom	
112.226	-124.573	-4461.46	0.856101	-0.20792	0.47314	28.6701396727	Atom	
122.87	-127.159	-4455.57	0.856226	-0.461435	0.232283	28.6426926798	Atom	
138.852	-135.772	-4451.24	0.858139	-0.477687	0.188182	28.6014557249	Atom	
143.377	-138.29	-4450.25	0.857119	-0.464704	0.222255	28.5897947022	Atom	
153.203	-143.618	-4447.7	0.858766	-0.473459	0.19585	28.564430639	Atom	
198.004	-168.318	-4437.48	0.872134	-0.461475	0.16255	28.4489268976	Atom	
206.568	-172.849	-4435.88	0.88889	-0.433333	0.148649	28.4271157215	Atom	
208.996	-174.033	-4435.48	0.86799	-0.47243	0.152982	28.4210461582	Atom	
210.122	-174.646	-4435.28	0.836752	-0.258029	0.482978	28.4181610383	Atom	
252.801	-187.807	-4410.65	0.831389	-0.256176	0.493118	28.3047713471	Atom	
288.56	-198.825	-4389.44	0.811468	-0.315355	0.492008	28.2088496321	Atom	
297.179	-202.175	-4384.21	0.737023	-0.387465	0.553777	28.1850990584	Atom	
297.454	-202.319	-4384	0.770827	-0.411329	0.48645	28.1842645687	Atom	
302.066	-204.78	-4381.09	0.809555	-0.422837	0.407221	28.1708748677	Atom	
319.237	-213.749	-4372.46	0.797383	-0.447934	0.404395	28.1233936151	Atom	
326.681	-217.931	-4368.68	0.791619	-0.446952	0.41662	28.1024648787	Atom	
339.994	-225.447	-4361.67	0.776758	-0.498343	0.3851	28.0647447049	Atom	
369.991	-244.693	-4346.8	0.767033	-0.492402	0.411341	27.978033107	Atom	
381.953	-252.371	-4340.39	0.776782	-0.469009	0.420285	27.9429317015	Atom	
387.146	-255.507	-4337.58	0.710136	-0.601828	0.365391	27.9278687532	Atom	
400.343	-266.691	-4330.79	0.722401	-0.597177	0.348592	27.8859787124	Atom	
403.987	-269.703	-4329.03	0.743847	-0.543675	0.388727	27.8745951376	Atom	
414.224	-277.185	-4323.68	0.69759	-0.570303	0.433731	27.8435272695	Atom	
436.646	-295.516	-4309.74	0.756044	-0.497696	0.425084	27.7709009544	Atom	
441.777	-298.894	-4306.85	0.905236	-0.273835	0.324902	27.7555342634	Atom	
446.467	-300.313	-4305.17	0.936258	-0.212756	0.279564	27.7437992448	Atom	
458.634	-303.078	-4301.54	0.951333	-0.113055	0.286676	27.7143505536	Atom	
493.306	-307.198	-4291.09	0.946482	-0.103991	0.305545	27.6316959203	Atom	
562.107	-314.757	-4268.88	0.949145	-0.12269	0.289949	27.4664472323	Atom	
587.959	-318.099	-4260.98	0.952391	-0.0412515	0.302076	27.4042338889	Atom	
592.579	-318.299	-4259.52	0.950228	-0.0570688	0.306285	27.393134461	Atom	
632.344	-320.687	-4246.7	0.944136	-0.0701882	0.321996	27.2973423781	Atom	
636.097	-320.966	-4245.42	0.944751	-0.0781226	0.318344	27.2882173687	Atom	
640.464	-321.327	-4243.95	0.940657	-0.051079	0.335494	27.2776060244	Atom	
662.247	-322.51	-4236.18	0.95704	-0.0189859	0.289334	27.2244195621	Atom	
689.774	-323.056	-4227.86	0.961839	-0.0268743	0.272292	27.1582583681	Atom	
695.414	-323.214	-4226.26	0.973102	-0.0871889	0.213239	27.1447439065	Atom	
834.934	-335.715	-4195.69	0.968406	-0.111741	0.222943	26.8141670798	Atom	
842.783	-336.62	-4193.88	0.964072	-0.0405954	0.262522	26.7952969684	Atom	
852.672	-337.037	-4191.19	0.917838	0.119195	0.378637	26.7714010716	Atom	
874.043	-334.262	-4182.37	0.925822	0.147664	0.34792	26.7171242543	Atom	
888.59	-331.941	-4176.9	0.929092	0.119796	0.34991	26.6804361155	Atom	
892.994	-331.373	-4175.24	0.922556	0.133391	0.362073	26.6693554682	Atom	
907.118	-329.331	-4169.7	0.925629	0.121785	0.358301	26.6335587393	Atom	
929.267	-326.417	-4161.13	0.931384	0.1172	0.344657	26.5775486412	Atom	
930.67	-326.241	-4160.61	0.94416	0.0892157	0.317178	26.5740164771	Atom	
957.61	-323.695	-4151.56	0.946938	0.0928682	0.307708	26.5071103161	Atom	
970.38	-322.443	-4147.41	0.945577	0.0792491	0.315602	26.4754252063	Atom	
1005.76	-319.478	-4135.6	0.972891	0.00358126	0.231234	26.3874374306	Atom	
1026.14	-319.403	-4130.76	0.971583	-0.0246849	0.23541	26.3380398589	Atom	
1033.39	-319.587	-4129	0.959179	-0.0210285	0.282017	26.3204101606	Atom	
1048.86	-319.926	-4124.45	0.961628	-0.0126022	0.274068	26.2823093497	Atom	
1055.73	-320.016	-4122.49	0.9725	-0.0230973	0.231755	26.2654009152	Atom	
1070.91	-320.377	-4118.88	0.970621	-0.00626009	0.240532	26.2284676783	Atom	
1109.35	-320.625	-4109.35	0.97261	-0.0250994	0.231082	26.1346170473	Atom	
1113.21	-320.724	-4108.43	0.92912	-0.364033	0.0649355	26.1252023714	Atom	
1122.73	-324.454	-4107.77	0.922769	-0.379799	0.0651917	26.1008475855	Atom	
1127.01	-326.215	-4107.47	0.890707	-0.454336	-0.0148213	26.0898185759	Atom	
1133.96	-329.764	-4107.58	0.796522	-0.550063	-0.250966	26.0712322634	Atom	
1145.22	-337.538	-4111.13	0.803761	-0.52594	-0.278127	26.0375894457	Atom	
1168.88	-353.019	-4119.32	0.810029	-0.531906	-0.246836	25.9674393404	Atom	
1216.53	-384.305	-4133.83	0.803746	-0.543204	-0.24274	25.8269667805	Atom	
1253.91	-409.573	-4145.12	0.789971	-0.508048	-0.343269	25.7153983987	Atom	
1257.26	-411.724	-4146.58	0.763104	-0.527691	-0.373114	25.7052071954	Atom	
1263.88	-416.308	-4149.82	0.756728	-0.536071	-0.374152	25.6842963188	Atom	
1265.6	-417.522	-4150.67	0.766486	-0.513494	-0.385776	25.6788385394	Atom	
1308.17	-446.04	-4172.09	0.896659	-0.234333	-0.37562	25.5450243518	Atom	
1318.75	-448.807	-4176.53	0.891001	-0.244753	-0.382378	25.5164564753	Atom	
1341.84	-455.148	-4186.43	0.90017	-0.246269	-0.359229	25.4537156122	Atom	
1350.12	-457.414	-4189.74	0.888251	-0.239685	-0.391869	25.4313862003	Atom	
1357.71	-459.461	-4193.09	0.912985	-0.173199	-0.369406	25.4106498723	Atom	
1398.91	-467.278	-4209.76	0.869285	-0.199336	-0.452338	25.3009975224	Atom	
1401.81	-467.943	-4211.27	0.831379	-0.124515	-0.541577	25.2928666734	Atom	
1408.52	-468.947	-4215.64	0.831141	-0.107101	-0.545649	25.2731978945	Atom	
1408.7	-468.971	-4215.76	0.83879	-0.0743498	-0.539354	25.2726585618	Atom	
1426.64	-470.561	-4227.29	0.834977	-0.0757017	-0.545053	25.2204730252	Atom	
1438	-471.59	-4234.7	0.879152	0.0975465	-0.466452	25.187240673	Atom	
1453.91	-469.824	-4243.15	0.877976	0.111543	-0.465529	25.1429473397	Atom	
1464.71	-468.453	-4248.87	0.889053	0.148482	-0.433056	25.1128166806	Atom	
1502.2	-462.191	-4267.13	0.88445	0.11909	-0.451183	25.0093980421	Atom	
1504.58	-461.87	-4268.35	0.879624	0.114789	-0.461612	25.0027736543	Atom	
1519.48	-459.926	-4276.17	0.886567	0.0541545	-0.459419	24.9610895681	Atom	
1550.87	-458.009	-4292.43	0.897434	0.0314561	-0.440025	24.8738445566	Atom	
1551.61	-457.983	-4292.8	0.899425	0.0583833	-0.433158	24.8717981387	Atom	
1555.61	-457.723	-4294.72	0.920785	0.174766	-0.348728	24.860811052	Atom	
1586.69	-451.824	-4306.49	0.915216	0.182905	-0.359061	24.7773728259	Atom	
1604.21	-448.323	-4313.37	0.869643	0.223223	-0.440332	24.7299339489	Atom	
1607.4	-447.504	-4314.98	0.865038	0.241392	-0.439817	24.720825786	Atom	
1629.84	-441.243	-4326.39	0.861604	0.249533	-0.44201	24.6564161605	Atom	
1644.81	-436.908	-4334.07	0.801854	0.212431	-0.558483	24.6131926586	Atom	
1703.62	-421.327	-4375.03	0.849821	0.202169	-0.486757	24.430432888	Atom	
1709.26	-419.986	-4378.26	0.859039	0.245317	-0.449301	24.4138142551	Atom	
1728.71	-414.431	-4388.44	0.822228	0.238035	-0.516992	24.3570278326	Atom	
1732.69	-413.278	-4390.94	0.816305	0.221806	-0.533337	24.3448565642	Atom	
1733.98	-412.928	-4391.78	0.868193	0.348691	-0.353067	24.3408953675	Atom	
1751.33	-405.961	-4398.83	0.881291	0.275702	-0.383817	24.2906697441	Atom	
1792.26	-393.155	-4416.66	0.879021	0.199445	-0.433063	24.1737264765	Atom	
1799.97	-391.406	-4420.46	0.874513	0.208729	-0.437789	24.1515530363	Atom	
1847.73	-380.007	-4444.37	0.876138	0.175067	-0.449147	24.0134295908	Atom	
1851.31	-379.29	-4446.21	0.871235	0.154578	-0.465892	24.0030323153	Atom	
1868.34	-376.27	-4455.31	0.842554	0.153768	-0.516196	23.9533700523	Atom	
1872.44	-375.522	-4457.82	0.838141	0.152817	-0.52361	23.9409854291	Atom	
1885.03	-373.226	-4465.69	0.825609	0.262667	-0.499376	23.9027204026	Atom	
1900.47	-368.313	-4475.03	0.710202	0.173258	-0.682345	23.8550278671	Atom	
1911.34	-365.662	-4485.47	0.568475	0.171497	-0.804627	23.8159432439	Atom	
1912.85	-365.205	-4487.62	0.564653	0.21523	-0.79677	23.8091315138	Atom	
1922.28	-361.611	-4500.92	0.562185	0.219312	-0.797402	23.7664158486	Atom	
1928.85	-359.05	-4510.23	0.57519	0.352526	-0.738161	23.7365053036	Atom	
1930.2	-358.221	-4511.97	0.591498	0.395698	-0.702533	23.7304755856	Atom	
1940.56	-351.288	-4524.28	0.636678	0.332655	-0.695688	23.6855473143	Atom	
1944.71	-349.123	-4528.8	0.629576	0.310465	-0.712212	23.6688268112	Atom	
1951.96	-345.546	-4537.01	0.679876	0.299638	-0.669317	23.6392164493	Atom	
1960.62	-341.73	-4545.53	0.716897	0.286217	-0.635719	23.6064589074	Atom	
1963.33	-340.65	-4547.93	0.716855	0.27962	-0.638695	23.5967411354	Atom	
1989.77	-330.336	-4571.49	0.756973	0.262596	-0.598361	23.5017198705	Atom	
2026.84	-317.476	-4600.79	0.749375	0.256858	-0.610296	23.375166012	Atom	
2039.91	-312.994	-4611.44	0.74323	0.170752	-0.646879	23.3298838106	Atom	
2059.87	-308.41	-4628.81	0.754598	0.185939	-0.629292	23.2601001077	Atom	
2068.69	-306.235	-4636.17	0.760987	0.234815	-0.604782	23.2296225851	Atom	
2128.12	-287.899	-4683.4	0.747659	0.20774	-0.630753	23.0259641247	Atom	
2133.45	-286.417	-4687.9	0.744562	0.240646	-0.622669	23.0072317488	Atom	
2144.94	-282.705	-4697.5	0.835018	0.10048	-0.540971	22.9666957861	Atom	
2164.37	-280.366	-4710.1	0.767718	0.270578	-0.580858	22.9054349842	Atom	
2189.75	-271.423	-4729.29	0.768982	0.353265	-0.532796	22.8182759107	Atom	
2199.84	-266.788	-4736.28	0.769921	0.333708	-0.543931	22.7835711033	Atom	
2214.24	-260.544	-4746.46	0.720562	0.35966	-0.59282	22.7340187899	Atom	
2223.49	-255.929	-4754.07	0.727443	0.348818	-0.590892	22.6999827953	Atom	
2229.1	-253.238	-4758.63	0.718116	0.317144	-0.619459	22.6794908164	Atom	
2269.04	-235.602	-4793.07	0.761532	0.252665	-0.59685	22.5316995025	Atom	
2276.16	-233.239	-4798.65	0.779312	0.25044	-0.574415	22.5067190667	Atom	
2295.75	-226.943	-4813.1	0.77982	0.233692	-0.580748	22.439496736	Atom	
2316.02	-220.869	-4828.19	0.788369	0.258293	-0.558354	22.3698405459	Atom	
2322.31	-218.809	-4832.64	0.782021	0.269436	-0.562003	22.3484045427	Atom	
2349.92	-209.294	-4852.49	0.771944	0.36482	-0.520585	22.2534605452	Atom	
2364.48	-202.413	-4862.31	0.795713	0.344117	-0.498422	22.2025766065	Atom	
2402.1	-186.144	-4885.87	0.80068	0.391602	-0.453388	22.0748042209	Atom	
2415.37	-179.654	-4893.39	0.695293	0.591091	-0.408875	22.0298158718	Atom	
2433.63	-164.135	-4904.12	0.736534	0.578178	-0.351039	21.9584199807	Atom	
2452.17	-149.574	-4912.96	0.665246	0.510377	-0.544943	21.8897639397	Atom	
2459.38	-144.048	-4918.86	0.725602	0.532051	-0.436376	21.8601742587	Atom	
2461.9	-142.196	-4920.38	0.704861	0.455207	-0.54402	21.8506548494	Atom	
2465.57	-139.825	-4923.22	0.702245	0.463971	-0.539984	21.8363953704	Atom	
2471.87	-135.665	-4928.06	0.732995	0.431942	-0.525495	21.8118475715	Atom	
2480.37	-130.657	-4934.15	0.761296	0.40839	-0.503632	21.7800763202	Atom	
2484.05	-128.681	-4936.59	0.807929	0.261882	-0.527891	21.7668004474	Atom	
2490.32	-126.648	-4940.68	0.853178	0.222345	-0.471858	21.7454898933	Atom	
2499.48	-124.261	-4945.75	0.863668	0.23014	-0.448456	21.7160009594	Atom	
2508.63	-121.825	-4950.5	0.862963	0.242645	-0.443191	21.6868834147	Atom	
2512.27	-120.799	-4952.37	0.8593	0.26758	-0.435895	21.6752471023	Atom	
2552.14	-108.386	-4972.59	0.842312	0.312432	-0.4392	21.5474874504	Atom	
2553.12	-108.024	-4973.1	0.834547	0.319625	-0.448744	21.5442747207	Atom	
2559.53	-105.567	-4976.55	0.813833	0.348127	-0.465279	21.5230051413	Atom	
2594.71	-90.5194	-4996.66	0.818454	0.33547	-0.466469	21.4033021765	Atom	
2600.56	-88.1194	-5000	0.818454	0.33547	-0.466469	21.3834027441	Region	
"-----------------------------------------------------------------"
"Trajectory"	62

"NbCollisions"	564
"Zmax"	0
"Display"	256

"Collisions"

"X"	"Y"	"Z"	"Rx"	"Ry"	"Rz"	"Energy"	"CollisionType"	
0.106027	-0.035193	-5000	-7.41937e-007	4.21791e-006	1	30	Region	
0.105978	-0.034915	-4934.08	0.000310477	0.0504542	0.998726	29.8596547011	Atom	
0.113379	1.1679	-4910.27	0.044682	0.0444027	0.998014	29.8087071775	Atom	
0.845252	1.8952	-4893.93	-0.0446943	-0.0408484	0.998165	29.7736548698	Atom	
-1.41494	-0.170507	-4843.45	-0.13238	-0.0703685	0.988698	29.6653333177	Atom	
-3.28328	-1.16365	-4829.49	-0.146522	-0.0614197	0.987299	29.6350141371	Atom	
-12.3957	-4.98343	-4768.09	-0.293706	-0.00365052	0.955889	29.5013021975	Atom	
-25.7951	-5.14997	-4724.48	-0.274839	-0.05154	0.960108	29.4028604263	Atom	
-29.19	-5.78661	-4712.62	-0.174855	0.405095	0.897398	29.3761358705	Atom	
-36.6109	11.406	-4674.54	-0.165836	0.354257	0.920326	29.2842470319	Atom	
-41.4155	21.6695	-4647.87	-0.193472	0.33255	0.923027	29.2213628391	Atom	
-53.1048	41.7615	-4592.11	-0.195913	0.32648	0.924678	29.0899986888	Atom	
-57.827	49.6309	-4569.82	-0.196055	0.335791	0.921307	29.0374027283	Atom	
-65.4794	62.7375	-4533.86	-0.194947	0.338744	0.920461	28.9521088218	Atom	
-72.6363	75.1733	-4500.07	-0.149157	0.409136	0.9002	28.8716974232	Atom	
-76.1475	84.8046	-4478.88	-0.152138	0.414559	0.897215	28.8200210971	Atom	
-76.7333	86.4008	-4475.42	-0.12487	0.389533	0.912508	28.8115565376	Atom	
-77.1625	87.7399	-4472.28	-0.06886	0.335819	0.939406	28.8039973536	Atom	
-81.1395	107.135	-4418.03	-0.0984004	0.368095	0.924567	28.6769759494	Atom	
-82.2577	111.318	-4407.52	-0.108985	0.384205	0.916793	28.6518957871	Atom	
-86.0138	124.559	-4375.93	-0.14063	0.449679	0.88205	28.5757764338	Atom	
-92.4527	145.148	-4335.54	-0.137152	0.447886	0.883509	28.4744387105	Atom	
-93.0774	147.188	-4331.52	-0.111745	0.551992	0.826328	28.4643281001	Atom	
-93.14	147.497	-4331.05	-0.128511	0.554032	0.822517	28.4630856072	Atom	
-94.5849	153.726	-4321.81	-0.137873	0.5842	0.799813	28.4381224474	Atom	
-95.4936	157.577	-4316.53	-0.116208	0.543463	0.83135	28.4234779724	Atom	
-96.0187	160.033	-4312.78	-0.0915601	0.554609	0.827058	28.4134338834	Atom	
-96.0307	160.105	-4312.67	-0.0999822	0.565518	0.818653	28.4131427533	Atom	
-96.6628	163.681	-4307.49	-0.0684323	0.603427	0.794477	28.3990855356	Atom	
-98.5775	180.564	-4285.26	-0.0766583	0.60529	0.792305	28.3368519017	Atom	
-100.449	195.338	-4265.93	-0.0702798	0.599604	0.797205	28.2824674064	Atom	
-103.026	217.327	-4236.69	0.0625989	0.499179	0.864235	28.2006288016	Atom	
-102.801	219.122	-4233.58	0.107501	0.47185	0.875101	28.1925864505	Atom	
-101.451	225.046	-4222.6	0.138971	0.441933	0.886218	28.1644981868	Atom	
-98.479	234.498	-4203.64	0.152487	0.45533	0.877167	28.1166112031	Atom	
-98.1021	235.623	-4201.47	0.14865	0.425532	0.892651	28.1110708276	Atom	
-93.4984	248.802	-4173.83	0.163387	0.425595	0.890041	28.0416235902	Atom	
-88.7336	261.214	-4147.87	0.207967	0.437031	0.875074	27.9761000084	Atom	
-87.5019	263.802	-4142.69	0.21571	0.476158	0.852492	27.9627680984	Atom	
-86.5343	265.938	-4138.87	0.232529	0.470925	0.850976	27.9526671765	Atom	
-86.491	266.026	-4138.71	0.245263	0.472643	0.846436	27.9522481186	Atom	
-85.8804	267.202	-4136.6	0.248949	0.453479	0.855793	27.9466398229	Atom	
-85.6892	267.551	-4135.94	0.195699	0.388434	0.900456	27.9449096684	Atom	
-84.9047	269.108	-4132.33	0.162124	0.378181	0.911425	27.9358777667	Atom	
-84.0791	271.034	-4127.69	-0.0194798	0.277739	0.960459	27.9244021437	Atom	
-84.0918	271.215	-4127.06	0.119351	0.360412	0.925126	27.9229311361	Atom	
-82.9135	274.773	-4117.93	0.0873007	0.354374	0.93102	27.9006744278	Atom	
-76.1589	302.191	-4045.9	0.0440871	0.31097	0.949397	27.7261365255	Atom	
-75.9278	303.821	-4040.92	0.0737307	0.33934	0.93777	27.7142524656	Atom	
-71.8254	322.703	-3988.74	0.356432	0.190555	0.914683	27.5880635866	Atom	
-69.4726	323.961	-3982.7	0.361652	0.19709	0.911243	27.5730387463	Atom	
-46.0867	336.705	-3923.78	0.355528	0.208318	0.911155	27.4257901791	Atom	
-43.4143	338.271	-3916.93	0.337357	0.223169	0.914542	27.4086007625	Atom	
-41.1151	339.792	-3910.7	0.387282	0.147394	0.910103	27.3930074426	Atom	
-40.881	339.881	-3910.15	0.244083	0.200348	0.948833	27.3916235143	Atom	
-37.9815	342.261	-3898.88	0.235666	0.21723	0.947245	27.3644309032	Atom	
-36.3705	343.746	-3892.4	0.410031	0.216483	0.886008	27.3487702106	Atom	
-33.5282	345.247	-3886.26	0.515595	0.151001	0.843422	27.3328825523	Atom	
-30.1381	346.24	-3880.71	0.58013	0.126427	0.804652	27.3178054675	Atom	
-19.8023	348.492	-3866.38	0.603821	0.148725	0.783123	27.2769342134	Atom	
-15.4879	349.555	-3860.78	0.611708	0.0961965	0.785213	27.2605234098	Atom	
-13.5716	349.856	-3858.32	0.605658	0.102188	0.789136	27.2533248475	Atom	
5.11614	353.009	-3833.97	0.710695	0.0964278	0.69686	27.1824089566	Atom	
10.0716	353.681	-3829.11	0.715391	0.08108	0.694004	27.1663500624	Atom	
13.5262	354.073	-3825.76	0.723494	0.173349	0.668211	27.1552231906	Atom	
29.1456	357.815	-3811.34	0.748253	0.175556	0.639764	27.1054622113	Atom	
31.6802	358.41	-3809.17	0.742181	0.381174	0.551247	27.0976431435	Atom	
36.2367	360.75	-3805.79	0.725801	0.356396	0.588384	27.0834684815	Atom	
51.8643	368.424	-3793.12	0.719175	0.465152	0.51616	27.0337350072	Atom	
113.397	408.222	-3748.95	0.715481	0.41923	0.558867	26.835821274	Atom	
176.939	445.454	-3699.32	0.74335	0.476451	0.469494	26.629185921	Atom	
185.024	450.637	-3694.21	0.73937	0.461784	0.489988	26.6037221071	Atom	
204.517	462.811	-3681.3	0.674232	0.485433	0.556566	26.5419575076	Atom	
224.441	477.156	-3664.85	0.631584	0.443108	0.636205	26.4725984875	Atom	
228.154	479.761	-3661.11	0.638532	0.454835	0.620807	26.4587685978	Atom	
235.854	485.246	-3653.62	0.664196	0.330039	0.670759	26.4303944628	Atom	
271.912	503.163	-3617.21	0.66283	0.336703	0.668796	26.3025478055	Atom	
283.508	509.053	-3605.51	0.697343	0.201378	0.687866	26.2611901828	Atom	
290.64	511.113	-3598.47	0.703778	0.147811	0.694873	26.2369811732	Atom	
317.298	516.712	-3572.15	0.674212	0.152004	0.722726	26.1472552544	Atom	
328.189	519.167	-3560.48	0.678006	0.147422	0.720121	26.1088892147	Atom	
369.351	528.117	-3516.76	0.652954	-0.13223	0.745765	25.9645214088	Atom	
375.751	526.821	-3509.45	0.671441	-0.197593	0.71423	25.9411125746	Atom	
397.332	520.47	-3486.49	0.666802	-0.230123	0.708815	25.8642890301	Atom	
397.404	520.446	-3486.42	0.639759	-0.245068	0.728457	25.8640307338	Atom	
412.123	514.807	-3469.66	0.65242	-0.279273	0.704524	25.8089093889	Atom	
425.473	509.092	-3455.24	0.701445	-0.281997	0.654563	25.7598019946	Atom	
431.574	506.64	-3449.55	0.695266	-0.279712	0.662092	25.7388996463	Atom	
450.605	498.983	-3431.42	0.672504	-0.237366	0.700996	25.6730678408	Atom	
460.447	495.51	-3421.17	0.345527	-0.210152	0.914575	25.6377983893	Atom	
466.751	491.676	-3404.48	0.348676	-0.257936	0.901052	25.5937878062	Atom	
468.895	490.09	-3398.94	0.35886	-0.259011	0.896735	25.5789319093	Atom	
471.535	488.184	-3392.34	0.348131	-0.275235	0.896131	25.5611505218	Atom	
471.538	488.182	-3392.33	0.306403	-0.239735	0.921219	25.5611282374	Atom	
475.617	484.99	-3380.07	-0.0561594	-0.344042	0.937273	25.5289378814	Atom	
472.284	464.573	-3324.45	0.267271	-0.465601	0.843672	25.3852837943	Atom	
474.094	461.42	-3318.74	0.299598	-0.482009	0.823352	25.3688188751	Atom	
482.12	448.507	-3296.68	0.334548	-0.484629	0.808215	25.3036442155	Atom	
483.778	446.105	-3292.67	0.341995	-0.479641	0.808074	25.2915618375	Atom	
487.662	440.658	-3283.5	0.329904	-0.464025	0.822097	25.2638658838	Atom	
489.578	437.964	-3278.72	0.131588	-0.487089	0.863382	25.2496963537	Atom	
494.028	421.49	-3249.52	0.133003	-0.497607	0.857145	25.167108254	Atom	
496.347	412.815	-3234.58	0.129838	-0.521619	0.843241	25.1244290909	Atom	
501.246	393.131	-3202.76	0.129539	-0.506921	0.852203	25.0319204385	Atom	
502.384	388.68	-3195.28	0.197139	-0.532515	0.823143	25.010331808	Atom	
503.207	386.456	-3191.84	0.26566	-0.54506	0.795195	25.0000584816	Atom	
504.433	383.94	-3188.17	0.278089	-0.523457	0.805393	24.988697626	Atom	
514.055	365.829	-3160.3	0.314021	-0.492458	0.811711	24.9035152339	Atom	
515.338	363.818	-3156.99	-0.915682	-0.0780126	0.39426	24.8934319324	Atom	
506.727	363.084	-3153.28	-0.907653	-0.0665897	0.414406	24.8702094251	Atom	
505.782	363.015	-3152.85	-0.896951	-0.0190037	0.441721	24.8676371163	Atom	
478.84	362.444	-3139.58	-0.89141	-0.0244776	0.452536	24.7934018322	Atom	
477.696	362.413	-3139	-0.907655	-0.0428746	0.417522	24.7902224526	Atom	
468.321	361.97	-3134.69	-0.913465	0.0102618	0.406788	24.7646325754	Atom	
465.282	362.004	-3133.33	-0.910198	0.0701649	0.408188	24.7563830847	Atom	
457.174	362.629	-3129.7	-0.977575	0.00168291	0.21058	24.7342878618	Atom	
432.461	362.672	-3124.37	-0.979577	-0.0811969	0.183946	24.6715435883	Atom	
428.742	362.363	-3123.67	-0.968928	-0.0168517	0.246767	24.6621012418	Atom	
423.005	362.264	-3122.21	-0.971266	-0.0255025	0.236627	24.6473702835	Atom	
415.719	362.072	-3120.44	-0.933292	-0.0684614	0.352532	24.6286997314	Atom	
404.818	361.273	-3116.32	-0.94994	-0.100055	0.295978	24.5996120144	Atom	
377.608	358.407	-3107.84	-0.932165	-0.107714	0.345639	24.5282094074	Atom	
345.736	354.724	-3096.03	-0.951604	-0.0985453	0.291097	24.4427836786	Atom	
318.226	351.875	-3087.61	-0.945406	-0.101167	0.309794	24.3703539659	Atom	
309.632	350.955	-3084.79	-0.936511	-0.123996	0.327983	24.3475254802	Atom	
308.074	350.749	-3084.25	-0.932525	-0.13165	0.336253	24.3433466506	Atom	
296.196	349.072	-3079.96	-0.923965	-0.120679	0.36294	24.3113297074	Atom	
289.496	348.197	-3077.33	-0.927785	-0.1077	0.357235	24.2930848223	Atom	
275.223	346.54	-3071.84	-0.922253	-0.114757	0.369162	24.254356069	Atom	
254.128	343.915	-3063.39	-0.92633	-0.150876	0.345179	24.196697133	Atom	
253.525	343.817	-3063.17	-0.929246	-0.141067	0.34147	24.1950529239	Atom	
252.691	343.69	-3062.86	-0.938322	-0.135762	0.317994	24.1927858619	Atom	
248.868	343.137	-3061.57	-0.906321	-0.209465	0.367024	24.1824959334	Atom	
236.541	340.288	-3056.57	-0.907253	-0.209663	0.3646	24.1481294748	Atom	
229.519	338.666	-3053.75	-0.895647	-0.131789	0.424792	24.1285518549	Atom	
208.081	335.511	-3043.59	-0.904265	-0.0861987	0.418179	24.067969585	Atom	
185.947	333.401	-3033.35	-0.902081	-0.0821875	0.423669	24.0058891507	Atom	
167.09	331.683	-3024.49	-0.944724	-0.0264686	0.326797	23.9527671648	Atom	
166.639	331.671	-3024.34	-0.933466	-0.0828256	0.348972	23.9515521904	Atom	
159.682	331.053	-3021.74	-0.924656	-0.0917678	0.369582	23.93257794	Atom	
104.561	325.583	-2999.7	-0.935246	-0.0955103	0.340871	23.7807164379	Atom	
77.2351	322.792	-2989.74	-0.937651	-0.123134	0.325036	23.7059102676	Atom	
69.7328	321.807	-2987.14	-0.967322	-0.123826	0.221259	23.6853737513	Atom	
44.4644	318.572	-2981.36	-0.967209	-0.243835	0.07107	23.6182813147	Atom	
34.974	316.18	-2980.67	-0.968263	-0.238949	0.0732864	23.5930231387	Atom	
20.6434	312.643	-2979.58	-0.967317	-0.240095	0.081562	23.5548922973	Atom	
8.98077	309.749	-2978.6	-0.967642	-0.240065	0.0777094	23.5237903914	Atom	
3.45973	308.379	-2978.16	-0.961051	-0.256255	0.103514	23.5090564542	Atom	
1.25281	307.79	-2977.92	-0.958645	-0.261248	0.112914	23.5031235682	Atom	
-10.6005	304.56	-2976.52	-0.959029	-0.274375	0.0705864	23.4711718163	Atom	
-36.8433	297.052	-2974.59	-0.966581	-0.180575	-0.181972	23.4003840977	Atom	
-41.617	296.16	-2975.49	-0.972527	-0.170163	-0.158858	23.3875777518	Atom	
-70.0419	291.187	-2980.13	-0.963078	-0.226946	-0.144833	23.3117554129	Atom	
-108.178	282.2	-2985.87	-0.931189	-0.277133	-0.236822	23.2087666041	Atom	
-109.746	281.733	-2986.27	-0.887893	-0.403434	-0.221103	23.2043713478	Atom	
-130.518	272.296	-2991.44	-0.888902	-0.411689	-0.200913	23.1433063429	Atom	
-139.159	268.293	-2993.39	-0.886137	-0.420521	-0.19474	23.1178764499	Atom	
-139.759	268.008	-2993.52	-0.886825	-0.413496	-0.206308	23.1161040518	Atom	
-160.632	258.276	-2998.38	-0.886317	-0.407055	-0.220792	23.0544819034	Atom	
-175.823	251.3	-3002.16	-0.905248	-0.342633	-0.251254	23.0095138682	Atom	
-198.645	242.662	-3008.5	-0.9134	-0.333274	-0.233728	22.9432679792	Atom	
-254.874	222.145	-3022.89	-0.900806	-0.390358	-0.19018	22.7811373648	Atom	
-259.562	220.114	-3023.88	-0.913986	-0.358618	-0.189794	22.7673539314	Atom	
-264.522	218.168	-3024.91	-0.915799	-0.31048	-0.254784	22.7529757895	Atom	
-281.518	212.405	-3029.63	-0.915134	-0.328019	-0.234381	22.7037753663	Atom	
-300.102	205.744	-3034.39	-0.874034	-0.438087	-0.210105	22.6498501122	Atom	
-313.769	198.894	-3037.68	-0.858184	-0.457288	-0.233253	22.6082473842	Atom	
-329.74	190.384	-3042.02	-0.866202	-0.390428	-0.311867	22.5586644647	Atom	
-344.995	183.508	-3047.51	-0.858032	-0.385008	-0.339926	22.5116584722	Atom	
-348.623	181.88	-3048.95	-0.848681	-0.430786	-0.30686	22.5003548817	Atom	
-352.742	179.789	-3050.44	-0.87329	-0.429975	-0.2291	22.4873749988	Atom	
-365.966	173.278	-3053.91	-0.912211	-0.343193	-0.223806	22.4468592114	Atom	
-381.403	167.47	-3057.7	-0.917846	-0.341685	-0.202017	22.4015155499	Atom	
-395.148	162.353	-3060.72	-0.916869	-0.346176	-0.198781	22.3613269306	Atom	
-414.991	154.862	-3065.02	-0.894715	-0.383228	-0.229393	22.3031649729	Atom	
-429.896	148.477	-3068.84	-0.950532	-0.149976	-0.272022	22.2583036789	Atom	
-431.666	148.198	-3069.35	-0.94436	-0.176685	-0.277428	22.2532810659	Atom	
-452.954	144.215	-3075.61	-0.959517	-0.0870843	-0.26785	22.1924665582	Atom	
-454.125	144.109	-3075.93	-0.96452	-0.0486185	-0.259494	22.1891681127	Atom	
-497.978	141.898	-3087.73	-0.973338	0.00187783	-0.229369	22.0662349411	Atom	
-516.832	141.935	-3092.17	-0.971162	-0.0839398	-0.223157	22.0136305951	Atom	
-519.16	141.734	-3092.71	-0.970625	-0.10475	-0.216598	22.0071085404	Atom	
-521.696	141.46	-3093.27	-0.990097	-0.0579809	-0.12785	21.9999976968	Atom	
-524.579	141.291	-3093.65	-0.999957	-0.00580758	-0.00716363	21.9920717372	Atom	
-544.584	141.175	-3093.79	-0.997675	0.0105246	-0.0673333	21.9375989854	Atom	
-552.051	141.254	-3094.29	-0.949131	-0.232562	0.212288	21.9171775726	Atom	
-563.443	138.462	-3091.75	-0.950734	-0.224187	0.214116	21.8844084913	Atom	
-596.439	130.682	-3084.31	-0.955929	-0.219707	0.194751	21.789545231	Atom	
-630.024	122.963	-3077.47	-0.957014	-0.19589	0.213894	21.6931828509	Atom	
-636.971	121.541	-3075.92	-0.951252	-0.0229773	0.307559	21.6732053864	Atom	
-651.596	121.188	-3071.19	-0.924168	-0.0611619	0.377058	21.6308576162	Atom	
-677.361	119.483	-3060.68	-0.931749	-0.0536699	0.359115	21.5539535441	Atom	
-713.661	117.392	-3046.69	-0.925984	0.00612756	0.377513	21.4461828632	Atom	
-713.89	117.393	-3046.6	-0.965814	-0.100698	0.238881	21.4454974378	Atom	
-732.676	115.434	-3041.95	-0.976162	-0.0724924	0.204579	21.391478407	Atom	
-735.004	115.261	-3041.46	-0.979416	-0.0635457	0.191586	21.3848397803	Atom	
-752.185	114.147	-3038.1	-0.968624	-0.139104	0.205953	21.3360147647	Atom	
-759.43	113.106	-3036.56	-0.953085	-0.131831	0.272488	21.3151575684	Atom	
-761.878	112.768	-3035.86	-0.946339	-0.245445	0.210237	21.3079912264	Atom	
-766.022	111.693	-3034.94	-0.947268	-0.238438	0.214083	21.2957683668	Atom	
-767.056	111.433	-3034.71	-0.91728	-0.175317	0.357578	21.2927186612	Atom	
-827.037	99.9687	-3011.32	-0.959972	-0.155054	0.233265	21.1100968727	Atom	
-830.28	99.4449	-3010.54	-0.958222	-0.148976	0.244166	21.1005980457	Atom	
-847.012	96.8435	-3006.27	-0.969238	-0.101782	0.224093	21.0514820557	Atom	
-852.33	96.285	-3005.04	-0.977018	-0.101685	0.187338	21.0360212929	Atom	
-866.829	94.776	-3002.26	-0.976852	-0.0895679	0.194262	20.9941790059	Atom	
-895.717	92.1272	-2996.52	-0.977467	-0.0731001	0.198028	20.9106681165	Atom	
-926.241	89.8445	-2990.33	-0.982826	-0.0869611	0.162757	20.8222098056	Atom	
-927.218	89.758	-2990.17	-0.998454	-0.0525453	0.0181151	20.8193818509	Atom	
-975.608	87.2114	-2989.29	-0.976693	-0.210944	0.0396768	20.6816225483	Atom	
-976.444	87.0309	-2989.26	-0.973423	-0.185012	0.134978	20.6791771147	Atom	
-1018.55	79.0273	-2983.42	-0.956099	-0.259687	0.135786	20.5555590677	Atom	
-1029.88	75.9506	-2981.81	-0.988831	-0.118869	0.0899103	20.5215447002	Atom	
-1071.42	70.9572	-2978.03	-0.985621	-0.141038	0.0930553	20.4007836308	Atom	
-1081.08	69.5747	-2977.12	-0.910008	-0.411638	0.0494003	20.3724748223	Atom	
-1086.75	67.0108	-2976.82	-0.86363	-0.490133	0.117953	20.3544666545	Atom	
-1101.01	58.915	-2974.87	-0.851933	-0.518596	0.0725839	20.3066786508	Atom	
-1124.91	44.3709	-2972.83	-0.908328	-0.41766	0.0223805	20.2253900154	Atom	
-1137.1	38.7655	-2972.53	-0.933712	-0.357435	0.020558	20.1863666959	Atom	
-1160.8	29.6908	-2972.01	-0.940598	-0.338532	0.0259068	20.1124361782	Atom	
-1188.38	19.7645	-2971.25	-0.937381	-0.346121	0.0389469	20.0268059104	Atom	
-1211.81	11.1146	-2970.28	-0.944816	-0.323474	0.051847	19.9535797146	Atom	
-1227.97	5.58216	-2969.39	-0.946721	-0.319366	0.0415254	19.9033215975	Atom	
-1234.39	3.41583	-2969.11	-0.952079	-0.29418	0.0836853	19.8833496598	Atom	
-1271.31	-7.99286	-2965.86	-0.912991	-0.405086	0.048499	19.7690759156	Atom	
-1288.11	-15.4445	-2964.97	-0.911486	-0.408005	0.0522063	19.714627442	Atom	
-1304.2	-22.6463	-2964.05	-0.933279	-0.357913	0.0297995	19.66226848	Atom	
-1329.21	-32.2384	-2963.25	-0.937061	-0.347916	-0.0295236	19.5826066	Atom	
-1331.59	-33.1221	-2963.32	-0.888186	-0.457906	-0.0380593	19.5750329558	Atom	
-1344.76	-39.9113	-2963.89	-0.871757	-0.488125	-0.0421244	19.5308076048	Atom	
-1350.2	-42.9594	-2964.15	-0.817818	-0.572784	-0.0556083	19.512148728	Atom	
-1387.96	-69.4018	-2966.72	-0.803652	-0.592905	-0.0510721	19.374102301	Atom	
-1408.86	-84.8211	-2968.05	-0.781491	-0.618969	-0.0784182	19.2959036192	Atom	
-1428.73	-100.56	-2970.04	-0.779639	-0.620057	-0.0877076	19.2192053937	Atom	
-1429.84	-101.444	-2970.17	-0.798705	-0.598456	-0.0626156	19.2148894706	Atom	
-1430.66	-102.057	-2970.23	-0.7624	-0.470822	-0.44393	19.2117908607	Atom	
-1438.42	-106.849	-2974.75	-0.76227	-0.47169	-0.443231	19.1809856762	Atom	
-1442.87	-109.604	-2977.34	-0.767936	-0.453171	-0.45267	19.1632848132	Atom	
-1445.64	-111.24	-2978.97	-0.724916	-0.475057	-0.498816	19.1523336144	Atom	
-1460.82	-121.185	-2989.41	-0.73359	-0.446371	-0.512443	19.0888224071	Atom	
-1476.96	-131.007	-3000.69	-0.73564	-0.455575	-0.501283	19.0218830148	Atom	
-1490.03	-139.105	-3009.6	-0.724391	-0.477614	-0.497134	18.967670053	Atom	
-1498.56	-144.725	-3015.45	-0.734235	-0.464209	-0.495387	18.9316961295	Atom	
-1502.51	-147.224	-3018.12	-0.660966	-0.44819	-0.601872	18.9152173735	Atom	
-1504.28	-148.425	-3019.73	-0.644403	-0.470412	-0.602874	18.9070052471	Atom	
-1523.19	-162.23	-3037.42	-0.639236	-0.476994	-0.603204	18.8170685076	Atom	
-1524.07	-162.884	-3038.25	-0.623296	-0.3582	-0.695122	18.8128506324	Atom	
-1524.69	-163.24	-3038.94	-0.508153	-0.488071	-0.709625	18.8097947249	Atom	
-1532.17	-170.424	-3049.39	-0.514538	-0.490479	-0.703336	18.7645018745	Atom	
-1536.34	-174.401	-3055.09	-0.44838	-0.566496	-0.691402	18.7395051314	Atom	
-1541.65	-181.107	-3063.27	-0.470073	-0.582546	-0.663078	18.7029744073	Atom	
-1542.29	-181.896	-3064.17	-0.42674	-0.553705	-0.715056	18.6987888886	Atom	
-1551.2	-193.465	-3079.11	-0.362502	-0.519147	-0.774002	18.6342042618	Atom	
-1556.64	-201.257	-3090.73	-0.361543	-0.498934	-0.787624	18.5876810839	Atom	
-1564.92	-212.686	-3108.77	-0.27111	-0.713395	-0.646194	18.5165448572	Atom	
-1568.36	-221.714	-3116.95	-0.251465	-0.690633	-0.678079	18.4771242103	Atom	
-1577.08	-245.677	-3140.48	-0.257531	-0.674989	-0.691424	18.3688684112	Atom	
-1581.19	-256.453	-3151.51	-0.254052	-0.634815	-0.729704	18.3188300268	Atom	
-1581.2	-256.463	-3151.53	-0.267098	-0.655233	-0.706631	18.3187819303	Atom	
-1581.65	-257.589	-3152.74	-0.219265	-0.667962	-0.711161	18.3133860473	Atom	
-1582.55	-260.32	-3155.65	-0.220557	-0.694155	-0.685203	18.3005395167	Atom	
-1585.44	-269.418	-3164.63	-0.222812	-0.681562	-0.697014	18.2593384828	Atom	
-1587.13	-274.573	-3169.9	-0.304753	-0.714898	-0.629322	18.2355247537	Atom	
-1595.84	-295.02	-3187.9	-0.275564	-0.738752	-0.615069	18.1453700723	Atom	
-1596.88	-297.792	-3190.21	-0.280055	-0.74686	-0.603132	18.1334983044	Atom	
-1598.28	-301.539	-3193.23	-0.290343	-0.740944	-0.60556	18.1176141596	Atom	
-1606.31	-322.027	-3209.98	-0.291801	-0.689313	-0.663099	18.0300128887	Atom	
-1606.95	-323.535	-3211.43	-0.257461	-0.689307	-0.677178	18.0230547629	Atom	
-1611.26	-335.087	-3222.78	-0.232954	-0.77646	-0.585528	17.96974553	Atom	
-1612.82	-340.273	-3226.69	-0.364057	-0.904745	-0.221132	17.9484549468	Atom	
-1625.6	-372.038	-3234.45	-0.355151	-0.91242	-0.203366	17.836411299	Atom	
-1652.8	-441.918	-3250.03	-0.172132	-0.97568	-0.135715	17.5908138789	Atom	
-1657.23	-467.012	-3253.52	-0.166014	-0.982408	-0.0855174	17.5074473675	Atom	
-1659.62	-481.182	-3254.75	-0.192437	-0.97805	-0.0799189	17.4605200786	Atom	
-1660.28	-484.497	-3255.02	-0.132194	-0.988787	-0.0694589	17.4494726723	Atom	
-1664.92	-519.261	-3257.46	-0.237507	-0.970887	-0.0311336	17.3347933377	Atom	
-1668.93	-535.637	-3257.99	-0.325633	-0.945464	0.00783776	17.2794944968	Atom	
-1672.8	-546.88	-3257.9	-0.324343	-0.945563	0.0266975	17.2404115969	Atom	
-1675.46	-554.642	-3257.68	-0.35913	-0.932989	0.0235919	17.2133839909	Atom	
-1677.26	-559.308	-3257.56	-0.360614	-0.932712	0.00257531	17.1969002549	Atom	
-1677.37	-559.581	-3257.56	-0.321304	-0.945928	-0.044534	17.1959347141	Atom	
-1678.21	-562.077	-3257.67	-0.352445	-0.933649	-0.0638939	17.1872282087	Atom	
-1680.09	-567.057	-3258.02	-0.246052	-0.968244	-0.0442952	17.1696247842	Atom	
-1680.47	-568.552	-3258.08	-0.257698	-0.965096	-0.0466992	17.164527651	Atom	
-1685.21	-586.292	-3258.94	-0.360537	-0.924751	-0.121852	17.1038010133	Atom	
-1689.22	-596.565	-3260.3	-0.373966	-0.906827	-0.194459	17.0669998265	Atom	
-1692.99	-605.724	-3262.26	-0.365575	-0.909394	-0.198387	17.0334852934	Atom	
-1697.97	-618.108	-3264.96	-0.411349	-0.910709	0.037427	16.9882299782	Atom	
-1719.43	-665.614	-3263.01	-0.426293	-0.904571	0.00506167	16.8145155011	Atom	
-1719.44	-665.644	-3263.01	-0.387726	-0.920063	-0.0561426	16.8144058611	Atom	
-1723.27	-674.719	-3263.56	-0.438187	-0.888032	-0.139251	16.7812966041	Atom	
-1724.05	-676.305	-3263.81	-0.408186	-0.905634	-0.114937	16.77529202	Atom	
-1726.01	-680.662	-3264.36	-0.459745	-0.88749	-0.0315563	16.7591128993	Atom	
-1736.65	-701.195	-3265.09	-0.591393	-0.803557	-0.067447	16.6812512438	Atom	
-1741.55	-707.857	-3265.65	-0.61423	-0.780988	-0.113043	16.6532500647	Atom	
-1749.05	-717.383	-3267.03	-0.477063	-0.755829	-0.44848	16.6120001613	Atom	
-1771.59	-753.104	-3288.23	-0.511017	-0.735539	-0.444797	16.4518693208	Atom	
-1773.93	-756.465	-3290.26	-0.511518	-0.727205	-0.457735	16.4362682204	Atom	
-1780.45	-765.741	-3296.1	-0.501961	-0.746741	-0.436365	16.3926910868	Atom	
-1782.76	-769.171	-3298.1	-0.46823	-0.774876	-0.424649	16.3769686353	Atom	
-1788.86	-779.263	-3303.63	-0.372036	-0.885036	-0.27982	16.332348583	Atom	
-1792.47	-787.855	-3306.35	-0.344404	-0.894153	-0.28614	16.2990193846	Atom	
-1794.25	-792.497	-3307.84	-0.340992	-0.8984	-0.276771	16.2811704437	Atom	
-1795.49	-795.741	-3308.84	-0.34439	-0.891875	-0.293179	16.2687444993	Atom	
-1804.74	-819.7	-3316.71	-0.20188	-0.869297	-0.451184	16.1762403486	Atom	
-1807.87	-833.184	-3323.71	-0.211076	-0.874353	-0.436983	16.1225930386	Atom	
-1809.63	-840.47	-3327.35	-0.29045	-0.812242	-0.505867	16.093698715	Atom	
-1813.91	-852.441	-3334.81	-0.644582	-0.663758	-0.379394	16.0425246445	Atom	
-1814.31	-852.857	-3335.04	-0.706431	-0.616736	-0.347263	16.0403437049	Atom	
-1822.67	-860.154	-3339.15	-0.703212	-0.635408	-0.318981	15.9991578332	Atom	
-1841.37	-877.053	-3347.64	-0.875356	-0.44053	-0.199213	15.9063886823	Atom	
-1853.3	-883.053	-3350.35	-0.868258	-0.447367	-0.214455	15.8586640439	Atom	
-1860.61	-886.82	-3352.16	-0.823827	-0.436096	-0.362118	15.8290930054	Atom	
-1861.1	-887.081	-3352.37	-0.813708	-0.45506	-0.361663	15.8269900551	Atom	
-1862.98	-888.13	-3353.21	-0.819505	-0.430539	-0.378217	15.8188845056	Atom	
-1877.79	-895.913	-3360.04	-0.82489	-0.400356	-0.399088	15.7552789225	Atom	
-1879.97	-896.97	-3361.1	-0.939095	-0.300416	-0.166886	15.7459526717	Atom	
-1909.72	-906.489	-3366.39	-0.343393	0.112533	-0.932426	15.6340674953	Atom	
-1916	-904.432	-3383.43	-0.38589	0.00196149	-0.922543	15.5691629379	Atom	
-1916.03	-904.432	-3383.5	-0.431554	0.0458862	-0.900919	15.5688732343	Atom	
-1923.62	-903.625	-3399.35	-0.486803	0.0778012	-0.87004	15.5062145266	Atom	
-1926.76	-903.123	-3404.96	-0.505245	0.0657191	-0.86047	15.4831676377	Atom	
-1945.97	-900.624	-3437.67	-0.486411	0.285151	-0.825889	15.3471765997	Atom	
-1947.93	-899.476	-3441	-0.49815	0.226031	-0.837112	15.3326665356	Atom	
-1952.31	-897.489	-3448.36	-0.565727	0.312449	-0.763104	15.300989863	Atom	
-1957.26	-894.755	-3455.04	-0.559086	0.222588	-0.798672	15.2693995447	Atom	
-1958.22	-894.374	-3456.4	-0.541098	0.251617	-0.802435	15.2632103217	Atom	
-2011.52	-869.587	-3535.45	-0.621433	0.136561	-0.771474	14.9069116937	Atom	
-2017.12	-868.355	-3542.41	-0.62329	0.256384	-0.738767	14.8737056534	Atom	
-2018.65	-867.727	-3544.22	-0.528822	0.364934	-0.76627	14.8646669359	Atom	
-2034.94	-856.484	-3567.83	-0.447458	0.34145	-0.826555	14.7509521177	Atom	
-2037.91	-854.218	-3573.31	-0.370791	0.436398	-0.819799	14.7263098954	Atom	
-2041.01	-850.574	-3580.16	-0.32329	0.313211	-0.892963	14.6952610127	Atom	
-2041.79	-849.816	-3582.32	-0.321301	0.298445	-0.898719	14.686257522	Atom	
-2045.52	-846.354	-3592.74	-0.297652	0.182345	-0.937099	14.6430405445	Atom	
-2045.97	-846.074	-3594.18	-0.274037	0.162297	-0.947926	14.6373146156	Atom	
-2051.34	-842.897	-3612.74	-0.206044	0.276576	-0.938644	14.5642033998	Atom	
-2054.88	-838.144	-3628.87	-0.189089	0.26744	-0.944839	14.4997604284	Atom	
-2055.4	-837.408	-3631.47	-0.120857	0.337841	-0.933412	14.4894172724	Atom	
-2056.82	-833.425	-3642.47	-0.147738	0.39736	-0.905692	14.4450328691	Atom	
-2057.99	-830.281	-3649.64	-0.172983	0.366848	-0.914057	14.4151784951	Atom	
-2064.86	-815.718	-3685.93	-0.17205	0.373115	-0.911693	14.2651630113	Atom	
-2068	-808.912	-3702.55	-0.201613	0.382091	-0.901864	14.1956837914	Atom	
-2068.05	-808.807	-3702.8	-0.222816	0.371902	-0.901134	14.1946283697	Atom	
-2069.78	-805.926	-3709.78	-0.191138	0.309451	-0.931507	14.1650113063	Atom	
-2072.03	-802.276	-3720.77	-0.0203545	0.0500935	-0.998537	14.1198326383	Atom	
-2072.84	-800.283	-3760.51	-0.0813991	0.0584508	-0.994966	13.9670498658	Atom	
-2072.91	-800.236	-3761.3	-0.11885	-0.028251	-0.99251	13.9639485715	Atom	
-2076.41	-801.067	-3790.52	-0.343547	0.0779109	-0.935898	13.8499685815	Atom	
-2082.49	-799.689	-3807.08	-0.300569	0.110085	-0.947386	13.7810455848	Atom	
-2083.43	-799.343	-3810.06	-0.345962	0.0581411	-0.936445	13.7687288874	Atom	
-2085.65	-798.97	-3816.06	-0.0577661	0.173103	-0.983208	13.743650917	Atom	
-2086.84	-795.395	-3836.36	-0.0959501	0.17604	-0.979696	13.6627091969	Atom	
-2088.38	-792.567	-3852.11	-0.0937746	0.126843	-0.98748	13.5994513717	Atom	
-2088.68	-792.167	-3855.22	-0.130079	0.107693	-0.985638	13.5869967971	Atom	
-2090.17	-790.93	-3866.54	-0.0521724	0.241609	-0.96897	13.5415750109	Atom	
-2091.19	-786.234	-3885.37	-0.0541444	0.267114	-0.962143	13.4645421504	Atom	
-2093.27	-775.982	-3922.3	-0.106817	0.262891	-0.958894	13.3117480193	Atom	
-2093.51	-775.379	-3924.5	-0.166617	0.273512	-0.947328	13.302535487	Atom	
-2094.98	-772.96	-3932.88	-0.171004	0.303592	-0.937331	13.2669901824	Atom	
-2096.94	-769.483	-3943.61	-0.260559	0.306514	-0.91551	13.220884457	Atom	
-2097.79	-768.484	-3946.6	-0.260456	0.265796	-0.928178	13.2077229529	Atom	
-2097.95	-768.319	-3947.17	-0.22847	0.237175	-0.944219	13.2052190184	Atom	
-2102.87	-763.214	-3967.5	-0.187201	0.198712	-0.962013	13.1182512658	Atom	
-2107.43	-758.379	-3990.91	-0.187383	0.125985	-0.974174	13.0194363942	Atom	
-2107.57	-758.28	-3991.67	-0.213325	0.0846913	-0.973304	13.016241541	Atom	
-2108.05	-758.093	-3993.82	-0.362924	0.0438963	-0.930784	13.0071846456	Atom	
-2109.81	-757.88	-3998.35	-0.381318	0.0377655	-0.923672	12.9873357849	Atom	
-2111.54	-757.708	-4002.53	-0.382828	0.0606252	-0.921828	12.9687977704	Atom	
-2111.77	-757.671	-4003.1	-0.439479	0.0955915	-0.893152	12.9662604978	Atom	
-2118.14	-756.285	-4016.05	-0.428356	0.109613	-0.896937	12.9068595551	Atom	
-2121.56	-755.41	-4023.21	-0.429142	0.120695	-0.895137	12.8740424342	Atom	
-2127.44	-753.758	-4035.46	-0.32948	0.254807	-0.909129	12.8176750331	Atom	
-2127.49	-753.717	-4035.61	-0.4609	0.0691189	-0.884756	12.8169952177	Atom	
-2131.44	-753.125	-4043.18	-0.454958	0.0518419	-0.889003	12.7816122873	Atom	
-2134.96	-752.724	-4050.06	-0.407281	0.223966	-0.885416	12.7495575012	Atom	
-2135.07	-752.662	-4050.3	-0.396553	0.208125	-0.894108	12.7484214777	Atom	
-2151.19	-744.199	-4086.66	-0.410526	0.220946	-0.884676	12.5796475895	Atom	
-2155.83	-741.702	-4096.66	-0.411849	0.217968	-0.8848	12.5322744869	Atom	
-2163.76	-737.506	-4113.69	-0.45682	0.250952	-0.853428	12.4513392579	Atom	
-2168.18	-735.082	-4121.94	-0.466175	0.259496	-0.845779	12.4105220281	Atom	
-2168.3	-735.013	-4122.16	-0.440308	0.288428	-0.850258	12.4094055712	Atom	
-2170.73	-733.418	-4126.86	-0.446733	0.301612	-0.842295	12.3859784879	Atom	
-2186.9	-722.504	-4157.34	-0.533075	0.358038	-0.766577	12.2324773535	Atom	
-2187.01	-722.432	-4157.5	-0.551051	0.254911	-0.794584	12.2316224931	Atom	
-2191.29	-720.45	-4163.67	-0.539685	0.236283	-0.808029	12.1983257513	Atom	
-2192.91	-719.743	-4166.09	-0.493889	0.316223	-0.809986	12.185474816	Atom	
-2210.51	-708.471	-4194.97	-0.492149	0.321276	-0.809056	12.0323859235	Atom	
-2214.34	-705.969	-4201.27	-0.49034	0.353126	-0.796786	11.9986212339	Atom	
-2217	-704.055	-4205.59	-0.548509	0.565371	-0.61603	11.9750670666	Atom	
-2219.21	-701.78	-4208.06	0.00279305	0.474088	-0.880473	11.9575615687	Atom	
-2219.2	-699.774	-4211.79	-0.723602	0.119522	-0.67979	11.939130307	Atom	
-2221.91	-699.327	-4214.34	-0.717453	0.135996	-0.683203	11.9227892691	Atom	
-2223.4	-699.044	-4215.76	-0.748914	0.239965	-0.617692	11.9137212789	Atom	
-2226.24	-698.134	-4218.1	-0.656995	0.317075	-0.683974	11.8971472179	Atom	
-2228.21	-697.183	-4220.15	-0.619979	0.244295	-0.745618	11.8840320864	Atom	
-2238.56	-693.104	-4232.6	-0.653978	0.208289	-0.727274	11.810962906	Atom	
-2251.3	-689.046	-4246.77	-0.658001	0.197492	-0.726658	11.7252823076	Atom	
-2252.43	-688.706	-4248.02	-0.585971	0.202406	-0.784646	11.7176714089	Atom	
-2260.96	-685.762	-4259.43	-0.584988	0.22004	-0.780622	11.6533281828	Atom	
-2267.74	-683.21	-4268.48	-0.491767	0.384875	-0.781048	11.6018180284	Atom	
-2270.33	-681.186	-4272.59	-0.482468	0.378514	-0.789906	11.5783747773	Atom	
-2277	-675.952	-4283.51	-0.474689	0.369374	-0.798895	11.5166555627	Atom	
-2278.06	-675.127	-4285.3	-0.487343	0.366961	-0.792362	11.5066376286	Atom	
-2281.72	-672.371	-4291.25	-0.475738	0.351135	-0.80646	11.4729634347	Atom	
-2284.36	-670.423	-4295.73	-0.489517	0.356083	-0.795976	11.4480223198	Atom	
-2285.33	-669.72	-4297.3	-0.54286	0.266254	-0.7965	11.4391375879	Atom	
-2288.96	-667.936	-4302.63	-0.536113	0.232825	-0.811403	11.4089587718	Atom	
-2291.9	-666.66	-4307.08	-0.553484	0.346424	-0.757394	11.3842108	Atom	
-2292.9	-666.034	-4308.45	-0.526587	0.249872	-0.81257	11.376039749	Atom	
-2293.53	-665.736	-4309.42	-0.502456	0.241892	-0.830076	11.3706554172	Atom	
-2294.15	-665.435	-4310.45	-0.53113	0.242573	-0.811825	11.3650300933	Atom	
-2301.69	-661.996	-4321.96	-0.501034	0.302397	-0.810877	11.3008358893	Atom	
-2303.17	-661.1	-4324.36	-0.451549	0.293355	-0.842643	11.2873780879	Atom	
-2305.77	-659.412	-4329.21	-0.415974	0.356011	-0.836792	11.2611914767	Atom	
-2308.99	-656.652	-4335.7	-0.387333	0.497452	-0.776218	11.225848434	Atom	
-2317.56	-645.65	-4352.87	-0.0299927	0.185007	-0.982279	11.124801792	Atom	
-2317.6	-645.396	-4354.22	0.0235539	0.217601	-0.975754	11.1184801625	Atom	
-2317.55	-644.951	-4356.21	-0.0985399	0.162418	-0.981789	11.1090692537	Atom	
-2318.21	-643.858	-4362.82	-0.110968	0.176006	-0.978114	11.0780986685	Atom	
-2318.83	-642.887	-4368.22	-0.0971767	0.368132	-0.924681	11.0526172743	Atom	
-2318.99	-642.255	-4369.8	-0.0724288	0.484021	-0.872054	11.0446842153	Atom	
-2319.98	-635.652	-4381.7	-0.072971	0.489682	-0.868842	10.9815888134	Atom	
-2320.7	-630.805	-4390.3	-0.0469482	0.475509	-0.878457	10.9356120519	Atom	
-2321.28	-624.936	-4401.14	-0.0594984	0.185927	-0.980761	10.8781027153	Atom	
-2321.96	-622.822	-4412.29	-0.130264	0.359796	-0.923893	10.8249022421	Atom	
-2324.05	-617.053	-4427.11	-0.217945	0.313437	-0.92426	10.7496090738	Atom	
-2325.66	-614.741	-4433.93	-0.265001	0.309798	-0.913126	10.7147938985	Atom	
-2326.24	-614.06	-4435.93	-0.226161	0.319869	-0.920073	10.7043958038	Atom	
-2326.64	-613.498	-4437.55	-0.0391329	0.162795	-0.985884	10.6960713487	Atom	
-2326.76	-612.971	-4440.74	-0.00702657	0.210939	-0.977474	10.6807445985	Atom	
-2326.84	-610.719	-4451.17	0.144938	0.260646	-0.954493	10.630111423	Atom	
-2326.15	-609.479	-4455.71	0.19643	0.219163	-0.955711	10.6074708541	Atom	
-2323.35	-606.361	-4469.31	0.313378	0.161995	-0.935709	10.5396354744	Atom	
-2322.94	-606.149	-4470.54	0.283809	0.131482	-0.949824	10.5333570097	Atom	
-2321.14	-605.311	-4476.59	0.31252	0.161608	-0.936063	10.5028309225	Atom	
-2316.74	-603.04	-4489.74	0.322491	0.179495	-0.929398	10.4353379243	Atom	
-2314.55	-601.82	-4496.06	0.263812	0.188971	-0.945882	10.4025376932	Atom	
-2313.66	-601.178	-4499.27	0.261844	0.165729	-0.950774	10.3861009723	Atom	
-2311.44	-599.778	-4507.31	0.167077	0.0527272	-0.984533	10.3451722103	Atom	
-2311.12	-599.675	-4509.22	0.193475	-0.000239552	-0.981105	10.3357470085	Atom	
-2310.02	-599.677	-4514.81	0.191608	0.110069	-0.97528	10.3080237444	Atom	
-2308.07	-598.558	-4524.73	0.146286	0.151107	-0.977633	10.2585279214	Atom	
-2308.03	-598.517	-4524.99	0.134104	0.139682	-0.981073	10.2572013999	Atom	
-2305.92	-596.324	-4540.39	0.115099	0.220391	-0.968597	10.1804489393	Atom	
-2305.76	-596.002	-4541.81	0.13021	0.259603	-0.956897	10.1732715628	Atom	
-2305.14	-594.766	-4546.37	-0.0531669	-0.296717	-0.953484	10.1498421838	Atom	
-2305.55	-597.092	-4553.84	-0.0576715	-0.294239	-0.95399	10.1112176337	Atom	
-2305.89	-598.799	-4559.37	-0.060504	-0.297993	-0.952649	10.08255309	Atom	
-2305.97	-599.219	-4560.72	-0.0567045	-0.267661	-0.961843	10.0755666487	Atom	
-2306.87	-603.436	-4575.87	-0.109867	-0.325167	-0.939253	9.9975152013	Atom	
-2308.13	-607.167	-4586.65	-0.219744	-0.238222	-0.946025	9.9403309011	Atom	
-2308.27	-607.326	-4587.28	-0.240169	-0.234674	-0.941938	9.93700137993	Atom	
-2308.88	-607.922	-4589.67	-0.229113	-0.230909	-0.945615	9.92427409181	Atom	
-2311.92	-610.987	-4602.22	0.295096	-0.651274	-0.699114	9.85777518215	Atom	
-2311.36	-612.233	-4603.56	0.267991	-0.668949	-0.693317	9.84814447325	Atom	
-2311.34	-612.269	-4603.6	0.323937	-0.637378	-0.699153	9.84786681449	Atom	
-2309.65	-615.604	-4607.26	0.219984	-0.661382	-0.717064	9.82150169232	Atom	
-2309.47	-616.141	-4607.84	0.233623	-0.616854	-0.751606	9.81739784269	Atom	
-2308.03	-619.938	-4612.46	0.223692	-0.629158	-0.744394	9.7863135247	Atom	
-2306.83	-623.325	-4616.47	-0.0154823	-0.653077	-0.757133	9.75905488776	Atom	
-2307.07	-633.619	-4628.41	-0.0469576	-0.584574	-0.80998	9.67907889674	Atom	
-2307.19	-635.072	-4630.42	-0.103975	-0.580496	-0.807598	9.66639575279	Atom	
-2308.66	-643.287	-4641.85	-0.0832308	-0.604874	-0.79196	9.59407908181	Atom	
-2308.99	-645.692	-4645	-0.100633	-0.602531	-0.791725	9.57364915063	Atom	
-2310.16	-652.714	-4654.22	-0.315085	-0.56908	-0.759519	9.51366968623	Atom	
-2313.96	-659.567	-4663.37	-0.368622	-0.599826	-0.71016	9.45140234812	Atom	
-2323.29	-674.746	-4681.34	-0.408631	-0.54768	-0.730115	9.31992506946	Atom	
-2331.92	-686.315	-4696.76	-0.402431	-0.519461	-0.753797	9.20902278939	Atom	
-2338.09	-694.283	-4708.33	-0.399909	-0.501786	-0.766997	9.12776562028	Atom	
-2340.56	-697.385	-4713.07	-0.407915	-0.498068	-0.765202	9.09480940106	Atom	
-2344.6	-702.314	-4720.64	-0.39848	-0.522358	-0.753894	9.04190090538	Atom	
-2344.75	-702.507	-4720.92	-0.423101	-0.481928	-0.767288	9.03992022888	Atom	
-2349.13	-707.498	-4728.87	-0.334321	-0.518174	-0.787226	8.98430530973	Atom	
-2350.03	-708.895	-4730.99	-0.363559	-0.44851	-0.816495	8.96975559016	Atom	
-2351.4	-710.581	-4734.06	-0.254634	-0.532805	-0.80702	8.94945513683	Atom	
-2352.48	-712.841	-4737.48	-0.227525	-0.622426	-0.748878	8.92650761102	Atom	
-2354.08	-717.228	-4742.76	-0.156469	-0.665819	-0.729522	8.88830220366	Atom	
-2355.24	-722.171	-4748.17	-0.0924098	-0.701173	-0.706978	8.84793628015	Atom	
-2355.9	-727.173	-4753.22	-0.115272	-0.613382	-0.781329	8.80901475482	Atom	
-2356.19	-728.72	-4755.19	-0.112363	-0.620266	-0.776302	8.79520775251	Atom	
-2357.47	-735.76	-4764	-0.111372	-0.581198	-0.806105	8.7330087785	Atom	
-2357.99	-738.506	-4767.81	-0.100215	-0.462979	-0.880686	8.70698607136	Atom	
-2358.4	-740.378	-4771.37	-0.0443042	-0.567989	-0.821843	8.68465855647	Atom	
-2358.58	-742.639	-4774.64	-0.0786744	-0.577183	-0.812816	8.66263464142	Atom	
-2358.76	-743.961	-4776.5	-0.168283	-0.616134	-0.769454	8.64994515583	Atom	
-2360.02	-748.596	-4782.29	-0.156401	-0.606195	-0.779786	8.60820792136	Atom	
-2360.12	-748.977	-4782.78	-0.222701	-0.612567	-0.758397	8.60470936671	Atom	
-2360.22	-749.257	-4783.13	-0.203296	-0.64078	-0.740319	8.60216812733	Atom	
-2360.72	-750.834	-4784.95	-0.245116	-0.508412	-0.825491	8.58845979702	Atom	
-2362.25	-754.007	-4790.1	-0.303424	-0.63937	-0.706498	8.55365112139	Atom	
-2363.95	-757.593	-4794.06	-0.382079	-0.60383	-0.699575	8.52227519094	Atom	
-2364.56	-758.549	-4795.17	-0.391851	-0.565145	-0.725992	8.51339250893	Atom	
-2365.26	-759.563	-4796.47	-0.328887	-0.58249	-0.74333	8.50332303379	Atom	
-2366.32	-761.443	-4798.87	-0.405641	-0.523397	-0.74934	8.48519489779	Atom	
-2370.29	-766.557	-4806.2	-0.298722	-0.623296	-0.72268	8.4302117338	Atom	
-2373.46	-773.182	-4813.88	-0.355319	-0.622578	-0.697241	8.37011624533	Atom	
-2374.63	-775.236	-4816.18	-0.33681	-0.626671	-0.702739	8.35136365854	Atom	
-2375.97	-777.719	-4818.96	-0.34288	-0.643354	-0.684492	8.32880577773	Atom	
-2380.26	-785.768	-4827.52	-0.337115	-0.635253	-0.694843	8.25744299446	Atom	
-2382.04	-789.116	-4831.19	-0.553149	-0.478754	-0.681778	8.22718897013	Atom	
-2383.06	-790.002	-4832.45	-0.587275	-0.448302	-0.673894	8.21653475187	Atom	
-2386.02	-792.264	-4835.85	-0.596019	-0.4542	-0.662166	8.18746190663	Atom	
-2408.49	-809.382	-4860.8	-0.634301	-0.572944	-0.519035	7.96976210334	Atom	
-2413.6	-814.005	-4864.99	-0.573862	-0.593236	-0.564583	7.92221886012	Atom	
-2414.33	-814.757	-4865.71	-0.416119	-0.653891	-0.631879	7.91472305479	Atom	
-2414.77	-815.448	-4866.38	-0.446413	-0.643707	-0.621576	7.90846125244	Atom	
-2418.31	-820.552	-4871.3	-0.386571	-0.667781	-0.636107	7.86147937453	Atom	
-2419.41	-822.445	-4873.11	-0.549035	-0.559244	-0.621133	7.84461354148	Atom	
-2422.58	-825.673	-4876.69	-0.554954	-0.422469	-0.716622	7.81021036289	Atom	
-2423.28	-826.206	-4877.6	-0.373114	-0.559914	-0.739785	7.80266889356	Atom	
-2423.98	-827.265	-4879	-0.178408	-0.598574	-0.780948	7.79134569286	Atom	
-2424.14	-827.811	-4879.71	-0.18395	-0.641111	-0.745076	7.78588024211	Atom	
-2424.15	-827.82	-4879.72	-0.191876	-0.65238	-0.733201	7.78579549485	Atom	
-2428.75	-843.473	-4897.31	-0.212942	-0.536356	-0.816687	7.64199891812	Atom	
-2429.21	-844.63	-4899.07	-0.179248	-0.506982	-0.843113	7.62889787772	Atom	
-2429.47	-845.376	-4900.31	-0.144135	-0.506709	-0.849983	7.61994796772	Atom	
-2429.69	-846.125	-4901.57	-0.0861632	-0.488639	-0.868221	7.61094751763	Atom	
-2433.87	-869.878	-4943.77	-0.397215	-0.317399	-0.861091	7.31475651045	Atom	
-2435.07	-870.829	-4946.36	-0.0535249	-0.877642	-0.476319	7.29595952055	Atom	
-2435.28	-874.423	-4948.31	-0.124406	-0.898774	-0.420392	7.27023057718	Atom	
-2436.73	-884.878	-4953.2	-0.126791	-0.925327	-0.357343	7.19694988041	Atom	
-2436.91	-886.206	-4953.71	-0.168135	-0.917295	-0.360973	7.18783927178	Atom	
-2438.37	-894.173	-4956.84	-0.45518	-0.797532	-0.39592	7.13267035261	Atom	
-2447.4	-909.987	-4964.69	-0.372366	-0.791741	-0.484242	7.00601609927	Atom	
-2448.39	-912.09	-4965.98	-0.414479	-0.735498	-0.535957	6.98883513572	Atom	
-2450.01	-914.973	-4968.08	-0.441329	-0.739789	-0.507878	6.96342425769	Atom	
-2451.63	-917.679	-4969.94	-0.51396	-0.532185	-0.672773	6.93964776843	Atom	
-2455.02	-921.193	-4974.38	-0.54261	-0.483374	-0.686967	6.89662465537	Atom	
-2457.26	-923.188	-4977.22	-0.484412	-0.513854	-0.708025	6.86961827929	Atom	
-2460.63	-926.758	-4982.14	-0.428345	-0.543793	-0.721671	6.82401554945	Atom	
-2460.83	-927.015	-4982.48	-0.56036	-0.404265	-0.722888	6.82090244873	Atom	
-2465.06	-930.068	-4987.94	-0.55536	-0.461656	-0.691699	6.77107038101	Atom	
-2468.61	-933.017	-4992.35	-0.525162	-0.469241	-0.709942	6.72871840194	Atom	
-2471.42	-935.531	-4996.16	-0.6466	-0.658208	-0.385577	6.69302227379	Atom	
-2477.52	-941.744	-4999.8	-0.632812	-0.657955	-0.40822	6.62989669211	Atom	
-2477.84	-942.07	-5000	-0.632812	-0.657955	-0.40822	6.62655444356	Region	
"-----------------------------------------------------------------"
"Trajectory"	63

"NbCollisions"	242
"Zmax"	0
"Display"	256

"Collisions"

"X"	"Y"	"Z"	"Rx"	"Ry"	"Rz"	"Energy"	"CollisionType"	
0.286223	0.0223914	-5000	1.04513e-006	-3.15946e-006	1	30	Region	
0.286246	0.0223201	-4977.45	-0.00721973	0.0127927	0.999892	29.9519928507	Atom	
0.225015	0.130817	-4968.97	0.0147242	-0.0195656	0.9997	29.9339126682	Atom	
0.248399	0.0997443	-4967.38	-0.0441454	-0.0821547	0.995641	29.9305254719	Atom	
0.218464	0.0440367	-4966.71	-0.0444075	-0.077578	0.995997	29.9290790963	Atom	
-0.310946	-0.88082	-4954.84	-0.0645625	-0.0849548	0.994291	29.9036487535	Atom	
-0.912375	-1.67221	-4945.57	-0.0695023	-0.103333	0.992216	29.883764249	Atom	
-1.62322	-2.72906	-4935.42	-0.0973598	-0.066297	0.993039	29.8619211266	Atom	
-2.70611	-3.46646	-4924.38	-0.0763667	-0.0825083	0.99366	29.8381527398	Atom	
-3.70196	-4.54239	-4911.42	-0.0667223	-0.104307	0.992305	29.8102683429	Atom	
-6.40898	-8.77428	-4871.16	-0.116416	-0.156105	0.980856	29.7234488974	Atom	
-10.5417	-14.3159	-4836.34	-0.186105	-0.165675	0.968461	29.6473060152	Atom	
-13.9103	-17.3147	-4818.81	-0.0678658	-0.216616	0.973895	29.6084031298	Atom	
-14.462	-19.0756	-4810.9	-0.0795556	-0.167393	0.982675	29.590913077	Atom	
-15.2782	-20.7929	-4800.81	-0.0816438	-0.163066	0.983231	29.568829552	Atom	
-17.6423	-25.5149	-4772.34	-0.0779472	-0.140282	0.987039	29.5064603212	Atom	
-18.1767	-26.4765	-4765.58	-0.0810569	-0.105289	0.991133	29.4916700072	Atom	
-19.0222	-27.5748	-4755.24	-0.0439673	-0.105078	0.993492	29.4691565782	Atom	
-19.7112	-29.2215	-4739.67	0.00222239	-0.114487	0.993422	29.4353116087	Atom	
-19.7111	-29.2267	-4739.62	-0.00415183	-0.114802	0.99338	29.4352130244	Atom	
-20.0511	-38.6279	-4658.28	0.00365628	-0.108632	0.994075	29.2581961196	Atom	
-20.0406	-38.9401	-4655.42	-0.0137653	-0.0953007	0.995353	29.2519532472	Atom	
-20.2013	-40.0529	-4643.8	-0.0236104	-0.0678548	0.997416	29.2265865177	Atom	
-21.0662	-42.5384	-4607.26	-0.0171804	-0.0370427	0.999166	29.1469573549	Atom	
-21.8601	-44.2503	-4561.09	-0.00384225	-0.051141	0.998684	29.0462728703	Atom	
-21.9074	-44.8801	-4548.79	-0.0250262	-0.0697319	0.997252	29.0193653318	Atom	
-22.403	-46.2608	-4529.04	-0.134775	-0.0700411	0.988398	28.9760762824	Atom	
-24.1411	-47.1641	-4516.29	-0.102521	-0.0323618	0.994204	28.9478469223	Atom	
-25.5593	-47.6118	-4502.54	0.237379	0.0520948	0.970019	28.9175443719	Atom	
-17.0627	-45.7471	-4467.82	0.193016	0.0434615	0.980233	28.839069787	Atom	
-6.18388	-43.2976	-4412.57	0.211792	0.0506556	0.976001	28.7152314421	Atom	
-4.88281	-42.9864	-4406.58	0.208946	-0.133465	0.968777	28.7016873513	Atom	
0.122039	-46.1832	-4383.37	0.247082	-0.187963	0.95059	28.6488576853	Atom	
1.52851	-47.2532	-4377.96	0.155944	-0.14425	0.977176	28.6362844597	Atom	
1.57139	-47.2928	-4377.69	0.196511	-0.183009	0.963271	28.6356767681	Atom	
2.60979	-48.2599	-4372.6	0.178362	-0.125937	0.975872	28.6240007938	Atom	
5.40584	-50.2341	-4357.3	0.142817	-0.0515957	0.988403	28.5893510483	Atom	
6.41906	-50.6002	-4350.29	0.131699	-0.0584591	0.989565	28.5736546304	Atom	
7.681	-51.1603	-4340.81	0.0958126	-0.0753988	0.99254	28.5524454439	Atom	
9.60194	-52.672	-4320.91	0.0263958	-0.119162	0.992524	28.5080420283	Atom	
9.65225	-52.8991	-4319.02	-0.337965	-0.0516969	0.939738	28.5038161334	Atom	
3.12742	-53.8971	-4300.88	-0.354052	-0.0452407	0.934131	28.4609996354	Atom	
0.558064	-54.2255	-4294.1	-0.389277	-0.0905977	0.916654	28.4448860805	Atom	
-4.483	-55.3987	-4282.23	-0.39733	-0.02881	0.917224	28.4161191769	Atom	
-14.4469	-56.1211	-4259.23	-0.389821	-0.0349209	0.920228	28.3603675707	Atom	
-22.7672	-56.8665	-4239.58	-0.412836	-0.0469521	0.909594	28.3128414242	Atom	
-23.4107	-56.9397	-4238.17	-0.403899	-0.0236946	0.914497	28.3093660013	Atom	
-36.1359	-57.6862	-4209.35	-0.367387	0.0027458	0.930064	28.2391113835	Atom	
-39.5806	-57.6605	-4200.63	-0.377554	0.00327045	0.925982	28.2181626124	Atom	
-47.92	-57.5882	-4180.18	-0.390033	0.183155	0.902401	28.168782113	Atom	
-50.1197	-56.5553	-4175.09	-0.401015	0.182049	0.8978	28.1561565711	Atom	
-50.1944	-56.5214	-4174.92	-0.373466	0.164859	0.912877	28.1557392845	Atom	
-51.04	-56.1481	-4172.86	-0.366375	0.188345	0.911205	28.1506683208	Atom	
-59.0204	-52.0456	-4153.01	-0.459174	0.231206	0.857731	28.1018794239	Atom	
-69.0896	-46.9755	-4134.2	-0.453195	0.232378	0.86059	28.0526932202	Atom	
-76.2518	-43.303	-4120.6	-0.433193	0.21042	0.876395	28.0171965132	Atom	
-77.8025	-42.5498	-4117.46	-0.677857	0.210965	0.704275	28.0091479287	Atom	
-104.668	-34.1885	-4089.55	-0.653688	0.246515	0.715487	27.9200175882	Atom	
-122.655	-27.4055	-4069.86	-0.669974	0.217094	0.709933	27.8579808838	Atom	
-165.578	-13.4969	-4024.38	-0.71558	0.162422	0.679385	27.7132801209	Atom	
-176.045	-11.1212	-4014.44	-0.599851	0.279674	0.749641	27.680108058	Atom	
-200.793	0.417204	-3983.51	-0.523152	0.211005	0.825705	27.5864504299	Atom	
-204.541	1.92907	-3977.6	-0.560841	0.391848	0.729323	27.5701409547	Atom	
-205.669	2.71717	-3976.13	-0.544664	0.34266	0.765458	27.5655607196	Atom	
-217.102	9.90984	-3960.06	-0.503505	0.376229	0.777775	27.5177519269	Atom	
-226.098	16.6321	-3946.17	-0.490695	0.413624	0.766899	27.4770003421	Atom	
-229.809	19.7601	-3940.37	-0.585083	0.424838	0.69079	27.4597320318	Atom	
-232.336	21.5953	-3937.38	-0.479997	0.52534	0.702582	27.4498631938	Atom	
-245.379	35.8702	-3918.29	-0.499191	0.551755	0.668113	27.3877669593	Atom	
-247.323	38.018	-3915.69	-0.33856	0.706863	0.621065	27.3788552384	Atom	
-253.552	51.0237	-3904.26	-0.334422	0.767362	0.547099	27.3367220084	Atom	
-258.448	62.258	-3896.25	-0.164055	0.8492	0.501941	27.3031557753	Atom	
-259.404	67.2093	-3893.33	-0.195142	0.848638	0.491665	27.2897746519	Atom	
-260.669	72.7087	-3890.14	-0.3321	0.761864	0.556123	27.2748967513	Atom	
-276.143	108.208	-3864.23	-0.908301	0.192957	-0.371155	27.1678724748	Atom	
-286.018	110.306	-3868.26	-0.906181	0.191998	-0.376792	27.1428243772	Atom	
-344.398	122.675	-3892.54	-0.902902	0.239203	-0.35714	26.9942762242	Atom	
-372.604	130.148	-3903.7	-0.899582	0.234749	-0.368301	26.9219324469	Atom	
-388.092	134.189	-3910.04	-0.796869	0.215782	-0.564302	26.8819746583	Atom	
-408.169	139.626	-3924.25	-0.800586	0.199081	-0.56518	26.8234342922	Atom	
-425.82	144.015	-3936.71	-0.794628	0.174031	-0.581618	26.7721189537	Atom	
-449.254	149.147	-3953.87	-0.786271	0.17718	-0.591934	26.703374107	Atom	
-458.024	151.124	-3960.47	-0.797294	0.160685	-0.58181	26.6773203111	Atom	
-458.586	151.237	-3960.88	-0.799338	0.135427	-0.585421	26.6756734365	Atom	
-460.889	151.627	-3962.57	-0.808926	0.107234	-0.578048	26.6689371433	Atom	
-465.571	152.248	-3965.91	-0.79816	0.111798	-0.591981	26.6554045696	Atom	
-474.453	153.492	-3972.5	-0.806453	0.100988	-0.582611	26.6293720694	Atom	
-480.18	154.209	-3976.64	-0.771869	0.167469	-0.613329	26.612748097	Atom	
-481.561	154.509	-3977.73	-0.756663	0.17738	-0.629283	26.6085589508	Atom	
-488.233	156.073	-3983.28	-0.783001	0.146153	-0.604607	26.5879028291	Atom	
-507.263	159.625	-3997.98	-0.797366	0.160875	-0.581658	26.5309371356	Atom	
-508.651	159.905	-3998.99	-0.790802	0.1591	-0.591032	26.5268491705	Atom	
-534.958	165.198	-4018.65	-0.791748	0.126938	-0.597513	26.4487347294	Atom	
-562.854	169.67	-4039.7	-0.816973	0.122584	-0.563497	26.3658077333	Atom	
-576.917	171.78	-4049.4	-0.809708	0.0875131	-0.580271	26.3251898832	Atom	
-583.107	172.449	-4053.84	-0.753857	0.106924	-0.64828	26.3071301814	Atom	
-584.967	172.713	-4055.44	-0.756658	0.130449	-0.640665	26.3012974335	Atom	
-595.153	174.469	-4064.06	-0.767324	0.112077	-0.63139	26.2694728513	Atom	
-597.074	174.75	-4065.64	-0.722197	0.141942	-0.676966	26.2635479445	Atom	
-615.435	178.358	-4082.86	-0.740583	0.130164	-0.659238	26.203373757	Atom	
-620.229	179.201	-4087.12	-0.769639	0.114485	-0.628132	26.1880270054	Atom	
-628.444	180.423	-4093.83	-0.734721	0.123626	-0.667009	26.1627034334	Atom	
-631.597	180.953	-4096.69	-0.793271	0.174208	-0.583415	26.1525178719	Atom	
-639.619	182.715	-4102.59	-0.784478	0.205802	-0.585013	26.1285024146	Atom	
-649.427	185.288	-4109.9	-0.744471	0.236534	-0.624351	26.0987882864	Atom	
-651.514	185.951	-4111.65	-0.742419	0.238687	-0.625973	26.0921190537	Atom	
-665.012	190.291	-4123.04	-0.741444	0.245209	-0.624607	26.0488634213	Atom	
-688.368	198.015	-4142.71	-0.749794	0.285608	-0.596856	25.9738219112	Atom	
-689.354	198.391	-4143.5	-0.731104	0.305967	-0.609813	25.9706813576	Atom	
-694.87	200.699	-4148.1	-0.715297	0.27285	-0.643353	25.9526659392	Atom	
-697.924	201.864	-4150.84	-0.74494	0.260088	-0.614344	25.9424620769	Atom	
-702.825	203.575	-4154.89	-0.704548	0.295797	-0.645071	25.9267383567	Atom	
-706.94	205.303	-4158.65	-0.716315	0.27725	-0.640333	25.9127721754	Atom	
-711.337	207.005	-4162.58	-0.706318	0.288463	-0.646455	25.8980901035	Atom	
-715.485	208.699	-4166.38	-0.751115	0.282749	-0.596556	25.8840340608	Atom	
-746.593	220.409	-4191.09	-0.75704	0.277206	-0.591648	25.7848722884	Atom	
-758.971	224.942	-4200.76	-0.761647	0.286526	-0.581203	25.7456033124	Atom	
-775.248	231.065	-4213.18	-0.691548	0.211691	-0.690615	25.694218716	Atom	
-788.302	235.061	-4226.22	-0.677306	0.247982	-0.692648	25.6487570582	Atom	
-802.454	240.242	-4240.69	-0.657589	0.283533	-0.697987	25.5983648493	Atom	
-806.096	241.813	-4244.56	-0.665052	0.305573	-0.681418	25.5849869158	Atom	
-844.462	259.44	-4283.87	-0.977574	0.190101	-0.0906085	25.4455884122	Atom	
-910.533	272.289	-4289.99	-0.991337	0.124552	-0.0416758	25.2815598915	Atom	
-936.791	275.588	-4291.09	-0.984153	0.160259	-0.0758872	25.2169462018	Atom	
-939.358	276.006	-4291.29	-0.990593	0.119585	-0.0665213	25.210569915	Atom	
-956.577	278.085	-4292.45	-0.988841	0.116151	-0.0932897	25.1680746073	Atom	
-962.344	278.762	-4292.99	-0.989875	0.0948309	-0.105618	25.1537973916	Atom	
-993.722	281.768	-4296.34	-0.985642	0.123766	-0.114854	25.0761592287	Atom	
-1002.21	282.834	-4297.33	-0.850881	-0.199931	-0.485828	25.0550112944	Atom	
-1023.66	277.795	-4309.57	-0.852683	-0.211939	-0.477508	24.9930941464	Atom	
-1036.28	274.657	-4316.64	-0.850215	-0.213689	-0.481115	24.9566461881	Atom	
-1055.54	269.818	-4327.54	-0.8449	-0.207932	-0.492857	24.9008282171	Atom	
-1066.23	267.186	-4333.78	-0.83278	-0.127638	-0.538689	24.8695810981	Atom	
-1069.13	266.742	-4335.65	-0.841789	-0.134481	-0.522787	24.8609806144	Atom	
-1073.32	266.073	-4338.25	-0.835519	-0.140383	-0.531226	24.8486811361	Atom	
-1106.81	260.446	-4359.54	-0.831849	-0.15973	-0.53152	24.7495658996	Atom	
-1108.28	260.163	-4360.48	-0.850116	0.449956	-0.273573	24.7451773775	Atom	
-1109.83	260.983	-4360.98	-0.874312	0.339596	-0.346775	24.7406573807	Atom	
-1121.06	265.348	-4365.44	-0.888147	0.262232	-0.377397	24.7087644885	Atom	
-1132.52	268.731	-4370.31	-0.851622	0.386296	-0.354281	24.6767170103	Atom	
-1133.43	269.142	-4370.69	-0.768994	0.492364	-0.407709	24.6740691645	Atom	
-1135.22	270.287	-4371.63	-0.780602	0.499335	-0.375932	24.6682877251	Atom	
-1149.07	279.151	-4378.31	-0.753995	0.576447	-0.31496	24.6241360851	Atom	
-1150.14	279.97	-4378.75	-0.735331	0.608151	-0.299067	24.6205978398	Atom	
-1154.11	283.254	-4380.37	-0.735057	0.61255	-0.290643	24.6071471931	Atom	
-1166.19	293.321	-4385.15	-0.727589	0.622842	-0.287545	24.5661880334	Atom	
-1169.39	296.055	-4386.41	-0.688539	0.627771	-0.363066	24.5552361965	Atom	
-1180.48	306.163	-4392.25	-0.696634	0.636138	-0.331707	24.5150396149	Atom	
-1183.14	308.599	-4393.53	-0.697556	0.621107	-0.357271	24.5054691909	Atom	
-1202.57	325.897	-4403.47	-0.690445	0.628827	-0.357577	24.4358364566	Atom	
-1230.93	351.726	-4418.16	-0.682666	0.630183	-0.369914	24.3329049389	Atom	
-1231.26	352.029	-4418.34	-0.644253	0.650312	-0.402532	24.3316955608	Atom	
-1233.72	354.512	-4419.88	-0.538865	0.559585	-0.629674	24.3220955751	Atom	
-1253.91	375.475	-4443.47	-0.151571	0.555561	-0.817544	24.2278714783	Atom	
-1254.32	376.995	-4445.7	-0.0598388	0.517543	-0.853562	24.2209690021	Atom	
-1254.5	378.563	-4448.29	0.102164	0.534955	-0.838681	24.2133245356	Atom	
-1247.29	416.314	-4507.47	0.0725525	0.512332	-0.855717	24.0352006893	Atom	
-1246.78	419.929	-4513.51	0.0963739	0.480758	-0.871541	24.0172860437	Atom	
-1245.75	425.087	-4522.86	0.0835142	0.466324	-0.880663	23.9900310895	Atom	
-1242.8	441.529	-4553.91	0.0761928	0.478358	-0.874853	23.9003807536	Atom	
-1241.36	450.558	-4570.42	0.087463	0.580074	-0.809855	23.852250298	Atom	
-1241.06	452.55	-4573.21	-0.0166774	0.668966	-0.743105	23.8434769815	Atom	
-1241.15	456.073	-4577.12	-0.0342457	0.659684	-0.750762	23.8300209875	Atom	
-1241.24	457.803	-4579.09	0.0039035	0.703796	-0.710392	23.8233204357	Atom	
-1241.22	460.672	-4581.98	-0.0225869	0.685379	-0.727836	23.8128976027	Atom	
-1241.81	478.405	-4600.82	-0.0190722	0.717627	-0.696166	23.7467230051	Atom	
-1242.09	489.155	-4611.24	-0.0102712	0.723412	-0.69034	23.7083282504	Atom	
-1242.12	491.11	-4613.11	-0.0241935	0.705404	-0.708392	23.7013938883	Atom	
-1242.68	507.409	-4629.48	-0.0378477	0.676046	-0.735887	23.642079984	Atom	
-1243.11	515.054	-4637.8	-0.26302	0.936597	-0.23153	23.6129922653	Atom	
-1246.18	525.978	-4640.5	-0.292034	0.923762	-0.247751	23.5829622864	Atom	
-1252.56	546.157	-4645.91	-0.290655	0.924177	-0.247822	23.5266666018	Atom	
-1253.08	547.834	-4646.36	-0.128918	0.936583	-0.325872	23.5219812625	Atom	
-1253.52	551.004	-4647.47	-0.122478	0.936039	-0.329896	23.5132389485	Atom	
-1261.69	613.434	-4669.47	-0.104405	0.932172	-0.346633	23.3409496995	Atom	
-1261.81	614.547	-4669.88	-0.0770111	0.910129	-0.407105	23.337848563	Atom	
-1261.83	614.767	-4669.98	-0.101181	0.910602	-0.400707	23.3372200126	Atom	
-1263.42	629.035	-4676.26	-0.0816374	0.885405	-0.457595	23.2965028709	Atom	
-1265.25	648.927	-4686.54	-0.116878	0.766666	-0.631318	23.2380422115	Atom	
-1266.05	654.162	-4690.85	-0.140892	0.745014	-0.652	23.2202400794	Atom	
-1271.02	680.463	-4713.87	-0.124809	0.751669	-0.647623	23.1281389217	Atom	
-1271.26	681.911	-4715.12	-0.13826	0.738278	-0.660174	23.1230948496	Atom	
-1273.37	693.146	-4725.16	-0.163476	0.684949	-0.710015	23.0832622994	Atom	
-1277.03	708.477	-4741.05	-0.299803	0.604237	-0.738252	23.0245978717	Atom	
-1285.9	726.358	-4762.9	-0.255749	0.59522	-0.761778	22.9468759559	Atom	
-1286.94	728.777	-4766	-0.295954	0.60399	-0.740005	22.9361753844	Atom	
-1300	755.438	-4798.66	-0.311966	0.571791	-0.75877	22.8198904404	Atom	
-1300.95	757.171	-4800.96	-0.306372	0.571604	-0.761186	22.8118744281	Atom	
-1301.47	758.151	-4802.27	-0.311251	0.486975	-0.816075	22.8073401738	Atom	
-1305.8	764.915	-4813.6	-0.286269	0.524991	-0.80152	22.7705886301	Atom	
-1306.11	765.485	-4814.47	-0.297507	0.527432	-0.795804	22.7677106836	Atom	
-1307.23	767.468	-4817.46	-0.350115	0.320679	-0.880105	22.7577501584	Atom	
-1312.26	772.077	-4830.11	-0.276045	0.337636	-0.899889	22.7196547399	Atom	
-1313.03	773.028	-4832.65	-0.294322	0.308376	-0.904588	22.7121811654	Atom	
-1313.12	773.122	-4832.92	-0.358351	0.348054	-0.866281	22.7113718443	Atom	
-1321.42	781.181	-4852.98	-0.405687	0.330562	-0.852142	22.6498946702	Atom	
-1321.95	781.609	-4854.09	-0.401589	0.310165	-0.861698	22.64644988	Atom	
-1322.84	782.296	-4855.99	-0.398531	0.320486	-0.859338	22.6405570313	Atom	
-1323.69	782.98	-4857.83	-0.422927	0.317248	-0.848814	22.6348822989	Atom	
-1325.16	784.083	-4860.78	-0.44836	0.377103	-0.810411	22.6256228197	Atom	
-1336.09	793.273	-4880.53	-0.460165	0.389147	-0.798006	22.560730441	Atom	
-1338.77	795.544	-4885.19	-0.380522	0.438121	-0.814403	22.5451605208	Atom	
-1362.8	823.213	-4936.62	-0.298482	0.272989	-0.914541	22.3765255872	Atom	
-1364.68	824.931	-4942.37	-0.324778	0.298249	-0.897534	22.3596177727	Atom	
-1367.87	827.865	-4951.2	-0.307163	0.33037	-0.892472	22.3331819756	Atom	
-1375.03	835.556	-4971.98	-0.208194	0.440453	-0.873302	22.2705593896	Atom	
-1375.17	835.856	-4972.57	-0.215118	0.448134	-0.867698	22.2687200776	Atom	
-1375.53	836.613	-4974.04	-0.188292	0.415374	-0.88995	22.2641662505	Atom	
-1375.81	837.229	-4975.36	-0.145405	0.388525	-0.909893	22.2601636027	Atom	
-1376.02	837.794	-4976.68	-0.136936	0.434052	-0.89042	22.2562436905	Atom	
-1376.7	839.951	-4981.11	-0.0658637	0.492541	-0.867793	22.2428388785	Atom	
-1376.81	840.751	-4982.52	-0.227232	0.764505	-0.60324	22.2384570173	Atom	
-1378	844.774	-4985.69	-0.313561	0.739782	-0.595316	22.2242538104	Atom	
-1384.36	859.76	-4997.75	-0.286908	0.684941	-0.669731	22.1695499125	Atom	
-1385.12	861.574	-4999.52	-0.278321	0.67503	-0.683281	22.1623841002	Atom	
-1385.31	862.043	-5000	-0.278321	0.67503	-0.683281	22.160501539	Region	
"-----------------------------------------------------------------"
"Trajectory"	67

"NbCollisions"	446
"Zmax"	0
"Display"	256

"Collisions"

"X"	"Y"	"Z"	"Rx"	"Ry"	"Rz"	"Energy"	"CollisionType"	
-0.203519	-0.0287559	-5000	-5.94445e-006	-7.27917e-007	1	30	Region	
-0.203547	-0.0287593	-4995.35	0.00766736	-0.0557543	0.998415	29.990092414	Atom	
-0.0293888	-1.29517	-4972.67	-0.0292856	0.0153199	0.999454	29.9417189467	Atom	
-0.521317	-1.03783	-4955.88	-0.0277545	0.0159145	0.999488	29.9058996438	Atom	
-1.84915	-0.276454	-4908.06	-0.0400965	0.00147883	0.999195	29.803783601	Atom	
-2.37838	-0.256935	-4894.87	-0.047566	0.0182853	0.998701	29.7755339743	Atom	
-2.70888	-0.129884	-4887.93	-0.101364	-0.0833005	0.991356	29.7606515213	Atom	
-4.11061	-1.28181	-4874.23	-0.013668	-0.00581008	0.99989	29.7310201684	Atom	
-4.32216	-1.37174	-4858.75	-0.0428089	-0.100909	0.993974	29.6978281732	Atom	
-4.88712	-2.70346	-4845.63	-0.0517926	-0.134686	0.989534	29.6695019404	Atom	
-5.58502	-4.51836	-4832.3	-0.0555054	-0.16702	0.98439	29.6405575296	Atom	
-5.63029	-4.65456	-4831.5	-0.0272961	-0.134478	0.990541	29.6388045373	Atom	
-6.10679	-7.00212	-4814.2	-0.0823759	-0.0952179	0.992042	29.6012759585	Atom	
-6.18495	-7.09246	-4813.26	-0.146329	-0.0655455	0.987062	29.599234234	Atom	
-17.6679	-12.2361	-4735.8	-0.146738	-0.0697588	0.986713	29.4303531113	Atom	
-20.9691	-13.8054	-4713.61	-0.157387	-0.100784	0.982381	29.3817163988	Atom	
-21.596	-14.2068	-4709.69	-0.174995	-0.133657	0.975455	29.3730940429	Atom	
-21.7383	-14.3155	-4708.9	-0.142062	-0.121623	0.982357	29.3713331106	Atom	
-23.5386	-15.8569	-4696.45	-0.110898	-0.133215	0.984863	29.3438911176	Atom	
-28.1337	-21.3766	-4655.64	0.0718746	-0.0433736	0.99647	29.2541012706	Atom	
-26.7365	-22.2198	-4636.27	0.0844519	-0.0290195	0.996005	29.2118734962	Atom	
-24.3864	-23.0273	-4608.56	0.251154	0.0603964	0.966061	29.151352811	Atom	
-19.2872	-21.8011	-4588.94	0.0414471	-0.0446358	0.998143	29.1071240078	Atom	
-18.1832	-22.99	-4562.35	0.040861	-0.0340417	0.998585	29.0490283615	Atom	
-17.7486	-23.352	-4551.73	0.0551908	-0.0825475	0.995058	29.0257976683	Atom	
-16.3836	-25.3937	-4527.12	0.0407832	-0.0379804	0.998446	28.9717326487	Atom	
-13.5578	-28.0253	-4457.94	0.0383982	-0.0425457	0.998356	28.8200499694	Atom	
-12.92	-28.732	-4441.36	0.040486	-0.0516453	0.997844	28.7835345266	Atom	
-11.1821	-30.9489	-4398.53	0.0436224	-0.109299	0.993051	28.6890708678	Atom	
-9.05813	-36.2706	-4350.18	0.0525475	-0.0602176	0.996801	28.5816464973	Atom	
-8.07191	-37.4008	-4331.47	0.09268	0.0129899	0.995611	28.5401133494	Atom	
-7.18238	-37.2761	-4321.91	0.0894539	0.00246931	0.995988	28.5188493538	Atom	
-5.81891	-37.2385	-4306.73	-0.0359276	-0.052726	0.997963	28.4850601081	Atom	
-6.08445	-37.6282	-4299.35	0.0874435	0.0477141	0.995026	28.468660407	Atom	
-3.87481	-36.4225	-4274.21	0.0162	0.0473939	0.998745	28.4125641127	Atom	
-3.87356	-36.4188	-4274.13	-0.0528145	0.0689288	0.996223	28.4123921675	Atom	
-4.26451	-35.9086	-4266.76	-0.074739	0.0588349	0.995466	28.3959335329	Atom	
-9.62236	-31.6908	-4195.4	-0.040495	0.0699508	0.996728	28.2364669841	Atom	
-10.3793	-30.3832	-4176.77	-0.0196573	0.0642331	0.997741	28.1946980814	Atom	
-12.629	-23.0321	-4062.58	-0.0170354	0.0979835	0.995042	27.9386738024	Atom	
-12.8756	-21.6138	-4048.18	0.0197862	0.079492	0.996639	27.9060564063	Atom	
-12.617	-20.5749	-4035.15	-0.0800959	0.116633	0.98994	27.8765803098	Atom	
-12.9561	-20.0812	-4030.96	-0.0468177	0.146751	0.988065	27.8670237682	Atom	
-13.3965	-18.7007	-4021.67	-0.14131	0.203882	0.968743	27.845782398	Atom	
-13.8165	-18.0948	-4018.79	-0.198953	0.193591	0.960698	27.8390680432	Atom	
-16.8695	-15.124	-4004.04	-0.216648	0.203178	0.954873	27.8043896962	Atom	
-16.8702	-15.1234	-4004.04	-0.171627	0.270151	0.947398	27.8043829053	Atom	
-17.9256	-13.4621	-3998.22	-0.171397	0.242066	0.955001	27.7904727275	Atom	
-19.2488	-11.5933	-3990.84	-0.228867	0.219756	0.948329	27.7730017767	Atom	
-22.035	-8.91809	-3979.3	0.1988	-0.124096	0.972152	27.7454397879	Atom	
-17.7097	-11.618	-3958.15	0.202377	-0.108327	0.973298	27.6961416872	Atom	
-14.6541	-13.2536	-3943.45	0.239348	-0.0500436	0.969643	27.6618812231	Atom	
11.6771	-18.759	-3836.78	0.200475	-0.00992341	0.979649	27.4120085395	Atom	
21.7589	-19.2581	-3787.51	0.263059	0.0218343	0.964533	27.296958642	Atom	
21.8025	-19.2544	-3787.35	0.319413	0.00258581	0.947612	27.2965779558	Atom	
25.5324	-19.2243	-3776.29	0.319165	0.0125638	0.947616	27.269773286	Atom	
29.7701	-19.0574	-3763.71	0.316681	0.0373739	0.947796	27.2392714457	Atom	
30.6282	-18.9562	-3761.14	0.326041	0.188874	0.926296	27.2330412343	Atom	
33.2064	-17.4626	-3753.81	0.306822	0.137833	0.941734	27.2148560277	Atom	
43.1322	-13.0037	-3723.35	0.234209	-0.00150072	0.972185	27.1404208651	Atom	
43.6436	-13.007	-3721.22	0.222957	-0.0644251	0.972697	27.1353860683	Atom	
44.8274	-13.3491	-3716.06	0.224476	-0.0672731	0.972155	27.1231399348	Atom	
51.9571	-15.4857	-3685.18	0.214563	-0.300386	0.929371	27.0498629996	Atom	
57.1534	-22.7605	-3662.67	0.211921	-0.292843	0.93238	26.9938692669	Atom	
57.8917	-23.7806	-3659.43	0.272536	-0.285879	0.918693	26.9858018975	Atom	
59.5164	-25.4849	-3653.95	0.271631	-0.279313	0.920978	26.9719924267	Atom	
62.9567	-29.0226	-3642.29	0.272605	-0.254302	0.92791	26.9426417249	Atom	
63.1606	-29.2127	-3641.59	0.26348	-0.241058	0.934061	26.9409075449	Atom	
69.6835	-35.1806	-3618.47	0.256636	-0.227947	0.939244	26.8834839424	Atom	
70.7856	-36.1595	-3614.43	0.222318	-0.324031	0.919553	26.8735062183	Atom	
76.8078	-44.9369	-3589.52	0.192136	-0.315409	0.929301	26.8105503046	Atom	
77.4348	-45.9662	-3586.49	0.280522	-0.334004	0.89986	26.8029518496	Atom	
79.6485	-48.6019	-3579.39	0.334847	-0.354004	0.873246	26.7845731662	Atom	
91.8741	-61.5269	-3547.51	0.337069	-0.367247	0.866899	26.6994940724	Atom	
95.3876	-65.3549	-3538.47	0.333329	-0.356186	0.872939	26.675143359	Atom	
96.7781	-66.8408	-3534.83	0.337391	-0.352258	0.872973	26.6653907405	Atom	
101.384	-71.6496	-3522.91	0.238	-0.422705	0.874458	26.6334671281	Atom	
103.927	-76.1667	-3513.57	0.299142	-0.369403	0.879804	26.6084540073	Atom	
104.226	-76.536	-3512.69	0.286421	-0.393166	0.873718	26.6061117851	Atom	
105.275	-77.9754	-3509.49	0.274905	-0.462453	0.84295	26.5975354619	Atom	
107.35	-81.4663	-3503.13	0.257682	-0.461501	0.848892	26.5798470737	Atom	
109.644	-85.5751	-3495.57	0.15222	-0.475589	0.866397	26.5589742865	Atom	
117.275	-109.415	-3452.14	0.137581	-0.478885	0.86703	26.4413784896	Atom	
117.644	-110.7	-3449.81	-0.0140473	-0.367051	0.930095	26.435060277	Atom	
117.537	-113.486	-3442.75	0.294079	-0.590406	0.751624	26.417187954	Atom	
118.612	-115.644	-3440.01	0.31976	-0.5927	0.739229	26.4085781325	Atom	
120.021	-118.255	-3436.75	0.304388	-0.602297	0.737961	26.3981971402	Atom	
122.269	-122.704	-3431.3	0.30397	-0.667923	0.679324	26.3807842006	Atom	
134.272	-149.079	-3404.47	0.255717	-0.722462	0.642384	26.287653009	Atom	
138.294	-160.441	-3394.37	0.240167	-0.72282	0.647959	26.2504554899	Atom	
140.79	-167.954	-3387.64	0.18793	-0.678	0.710632	26.2258471113	Atom	
141.004	-168.727	-3386.82	-0.00501719	-0.750694	0.660632	26.22314226	Atom	
140.898	-184.694	-3372.77	0.0213548	-0.767814	0.640317	26.1727409337	Atom	
142.324	-235.987	-3330	-0.0213846	-0.755539	0.654754	26.0141924875	Atom	
142.238	-239.033	-3327.36	-0.0564049	-0.775545	0.628767	26.0045777088	Atom	
142.032	-241.867	-3325.06	-0.110111	-0.789577	0.603692	25.9958586834	Atom	
140.83	-250.488	-3318.47	-0.0858765	-0.780413	0.619339	25.9698055648	Atom	
139.706	-260.703	-3310.36	0.0442121	-0.847658	0.528697	25.9385497326	Atom	
141.196	-289.274	-3292.54	0.710452	-0.692114	-0.12742	25.857980234	Atom	
143.967	-291.974	-3293.04	0.714667	-0.688699	-0.122248	25.8486341095	Atom	
159.677	-307.113	-3295.73	0.740839	-0.652207	-0.160572	25.7959444031	Atom	
159.714	-307.146	-3295.73	0.711228	-0.701539	-0.0446918	25.7958236782	Atom	
172.186	-319.448	-3296.52	0.726352	-0.685963	-0.0432225	25.7537238562	Atom	
174.763	-321.881	-3296.67	0.719362	-0.693374	-0.0418581	25.7451964109	Atom	
176.495	-323.55	-3296.77	0.694865	-0.718349	-0.0337315	25.739407619	Atom	
203.758	-351.735	-3298.1	0.756826	-0.649652	-0.071878	25.6450486823	Atom	
230.658	-374.826	-3300.65	0.759071	-0.651005	0.00217618	25.559316386	Atom	
234.013	-377.703	-3300.64	0.722932	-0.690892	-0.00609108	25.548629353	Atom	
248.383	-391.437	-3300.76	0.777989	-0.627518	-0.0309024	25.5005401627	Atom	
261.452	-401.977	-3301.28	0.789004	-0.534651	-0.302691	25.4598438389	Atom	
262.257	-402.523	-3301.59	0.791841	-0.533023	-0.29812	25.4573665761	Atom	
276.157	-411.88	-3306.82	0.769003	-0.539397	-0.343053	25.4147807549	Atom	
292.35	-423.238	-3314.05	0.768954	-0.536051	-0.348366	25.3636255378	Atom	
297.014	-426.489	-3316.16	0.781869	-0.584903	-0.215797	25.3488680075	Atom	
307.335	-434.21	-3319.01	0.765261	-0.62315	-0.161429	25.3167368274	Atom	
315.966	-441.238	-3320.83	0.740041	-0.637573	-0.214101	25.2892528548	Atom	
326.458	-450.278	-3323.86	0.805777	-0.573535	-0.147583	25.2546765064	Atom	
354.749	-470.415	-3329.05	0.810665	-0.558864	-0.174623	25.1689568007	Atom	
357.466	-472.287	-3329.63	0.83141	-0.52863	-0.171195	25.1607529074	Atom	
377.689	-485.146	-3333.8	0.84855	-0.484096	-0.213574	25.1011908859	Atom	
384.643	-489.113	-3335.55	0.861325	-0.466142	-0.202067	25.0810855724	Atom	
388.578	-491.243	-3336.47	0.856591	-0.471465	-0.209695	25.0698716711	Atom	
398.543	-496.727	-3338.91	0.857401	-0.477083	-0.193016	25.0413040668	Atom	
417.803	-507.444	-3343.24	0.861602	-0.489239	-0.135226	24.9860903374	Atom	
438.889	-519.417	-3346.55	0.876433	-0.469128	-0.108556	24.9258335434	Atom	
452.823	-526.876	-3348.28	0.853465	-0.492488	-0.170452	24.8866128805	Atom	
463.106	-532.81	-3350.33	0.811271	-0.537039	-0.231145	24.8568533809	Atom	
477.096	-542.071	-3354.32	0.779669	-0.510099	-0.363201	24.8142192985	Atom	
480.618	-544.375	-3355.96	0.748032	-0.518381	-0.414403	24.8030350411	Atom	
506.876	-562.571	-3370.51	0.742635	-0.514984	-0.428117	24.7161038111	Atom	
523.969	-574.425	-3380.36	0.744958	-0.477812	-0.465546	24.658939831	Atom	
543.561	-586.991	-3392.6	0.765812	-0.442806	-0.46632	24.5935070518	Atom	
550.024	-590.728	-3396.54	0.744998	-0.451162	-0.491356	24.5724655332	Atom	
562.927	-598.542	-3405.05	0.732308	-0.489512	-0.473395	24.5292567718	Atom	
565.552	-600.296	-3406.75	0.802833	-0.493625	-0.334354	24.5203019077	Atom	
575.774	-606.582	-3411	0.761367	-0.516871	-0.391363	24.4884809702	Atom	
593.693	-618.746	-3420.21	0.739701	-0.624385	-0.250968	24.4296043462	Atom	
613.64	-635.583	-3426.98	0.815663	-0.551154	-0.175851	24.3620155	Atom	
628.562	-645.666	-3430.2	0.808312	-0.569732	-0.148447	24.3160606768	Atom	
633.825	-649.376	-3431.17	0.805827	-0.573465	-0.147585	24.2996803377	Atom	
637.186	-651.768	-3431.78	0.837581	-0.52537	-0.149816	24.2891819392	Atom	
637.262	-651.816	-3431.79	0.839257	-0.511617	-0.184108	24.2889542444	Atom	
639.532	-653.2	-3432.29	0.819486	-0.547484	-0.169421	24.282141827	Atom	
674.967	-676.873	-3439.62	0.707265	-0.686123	-0.170329	24.1732440414	Atom	
680.396	-682.14	-3440.93	0.717702	-0.687152	-0.112809	24.1538434964	Atom	
693.737	-694.913	-3443.02	0.719681	-0.683192	-0.123726	24.1068324894	Atom	
707.65	-708.12	-3445.41	0.702852	-0.709014	-0.0574301	24.0578660191	Atom	
707.817	-708.289	-3445.43	0.69602	-0.716671	-0.0440274	24.0572640852	Atom	
711.973	-712.569	-3445.69	0.679397	-0.716905	-0.156418	24.0421127912	Atom	
711.976	-712.572	-3445.69	0.845058	-0.487402	-0.21981	24.0421018205	Atom	
716.292	-715.061	-3446.81	0.840556	-0.500379	-0.207576	24.0291390761	Atom	
797.871	-763.625	-3466.96	0.842209	-0.512683	-0.166854	23.7826828311	Atom	
814.717	-773.879	-3470.3	0.770399	-0.623241	-0.134375	23.7314739493	Atom	
816.303	-775.162	-3470.57	0.775624	-0.61667	-0.134628	23.7261964322	Atom	
823.201	-780.647	-3471.77	0.745761	-0.654057	-0.126689	23.7033842017	Atom	
824.826	-782.071	-3472.05	0.738744	-0.661929	-0.126915	23.6977928539	Atom	
840.9	-796.474	-3474.81	0.725654	-0.682566	-0.0867724	23.6419294369	Atom	
862.379	-816.678	-3477.38	0.729067	-0.679321	-0.0835756	23.5657970773	Atom	
878.861	-832.035	-3479.27	0.43822	-0.881575	-0.175465	23.5074992211	Atom	
887.779	-849.977	-3482.84	0.404526	-0.910765	-0.0828591	23.4549165658	Atom	
901.56	-881.002	-3485.66	0.412731	-0.905039	-0.102751	23.3667451948	Atom	
912.98	-906.045	-3488.5	0.394972	-0.918533	0.0171345	23.2949125474	Atom	
917.76	-917.161	-3488.3	0.369804	-0.902173	-0.222102	23.2634213026	Atom	
922.487	-928.692	-3491.14	0.37647	-0.902722	-0.208238	23.2301227321	Atom	
931.262	-949.734	-3495.99	0.357466	-0.914766	-0.188205	23.169333341	Atom	
935.837	-961.442	-3498.4	0.143464	-0.959465	-0.242581	23.1358843795	Atom	
937.852	-974.92	-3501.81	0.150734	-0.957659	-0.245291	23.0991295132	Atom	
938.709	-980.36	-3503.2	0.147888	-0.942379	-0.300085	23.0842483107	Atom	
939.397	-984.748	-3504.6	0.119581	-0.936535	-0.329549	23.0720437541	Atom	
939.764	-987.618	-3505.61	0.125106	-0.927432	-0.352447	23.0640081695	Atom	
940.086	-990.007	-3506.51	0.137729	-0.931384	-0.336979	23.0572520934	Atom	
940.985	-996.084	-3508.71	0.0496413	-0.951537	-0.303502	23.0401368327	Atom	
942.525	-1025.61	-3518.13	0.159445	-0.938781	-0.305396	22.9586709193	Atom	
942.534	-1025.67	-3518.15	0.0698854	-0.917984	-0.390411	22.9585269349	Atom	
943.103	-1033.14	-3521.33	0.0234723	-0.920437	-0.390186	22.9370897751	Atom	
943.248	-1038.82	-3523.73	0.0267649	-0.91955	-0.39206	22.92084555	Atom	
944.283	-1074.38	-3538.9	0.066799	-0.916654	-0.39406	22.8189168808	Atom	
944.39	-1075.85	-3539.53	0.04951	-0.924043	-0.37907	22.814675934	Atom	
944.678	-1081.23	-3541.74	-0.0113262	-0.901918	-0.431759	22.7992674891	Atom	
944.543	-1092.03	-3546.91	0.0635807	-0.933979	-0.351625	22.7675684279	Atom	
944.637	-1093.41	-3547.43	0.0228744	-0.954039	-0.29881	22.7636527885	Atom	
944.779	-1099.33	-3549.28	0.0155586	-0.962465	-0.270959	22.7472202693	Atom	
945.012	-1113.79	-3553.35	-0.0585944	-0.924235	-0.377302	22.707381452	Atom	
944.798	-1117.17	-3554.73	-0.0646303	-0.924196	-0.376409	22.697677483	Atom	
944.466	-1121.91	-3556.66	-0.0852868	-0.902647	-0.421846	22.6840360193	Atom	
943.324	-1134	-3562.31	-0.108312	-0.907258	-0.406389	22.6484473148	Atom	
943.226	-1134.83	-3562.68	-0.114513	-0.902053	-0.416158	22.6460335801	Atom	
940.175	-1158.86	-3573.77	-0.0932947	-0.91174	-0.400032	22.5751365959	Atom	
938.181	-1178.34	-3582.32	-0.0542601	-0.927481	-0.369911	22.5181389504	Atom	
937.576	-1188.68	-3586.44	-0.0804019	-0.905376	-0.416929	22.4883494416	Atom	
935.508	-1211.97	-3597.17	-0.0616116	-0.916226	-0.395898	22.4195164045	Atom	
934.466	-1227.47	-3603.86	-0.079934	-0.90136	-0.42563	22.3741528505	Atom	
932.654	-1247.9	-3613.51	-0.0988278	-0.897241	-0.430339	22.3132690039	Atom	
930.756	-1265.13	-3621.77	-0.101227	-0.896995	-0.430294	22.2615674289	Atom	
930.017	-1271.68	-3624.92	0.0668112	-0.993938	-0.0873109	22.2418717863	Atom	
931.733	-1297.21	-3627.16	0.0535043	-0.995013	-0.0841764	22.1725457996	Atom	
932.872	-1318.39	-3628.95	0.149338	-0.987131	-0.0571954	22.1149575264	Atom	
936.438	-1341.97	-3630.32	0.226794	-0.966814	-0.117621	22.0502155054	Atom	
936.937	-1344.09	-3630.58	0.0957167	-0.983364	-0.154381	22.0442420037	Atom	
937.458	-1349.45	-3631.42	0.149644	-0.891157	-0.428305	22.0294350947	Atom	
938.892	-1357.99	-3635.52	0.21378	-0.885009	-0.413589	22.0033795997	Atom	
939.134	-1358.99	-3635.99	0.221769	-0.875228	-0.429877	22.0003027154	Atom	
944.811	-1381.39	-3646.99	0.254557	-0.847511	-0.465753	21.9306256689	Atom	
953.28	-1409.59	-3662.49	0.275896	-0.841913	-0.46375	21.8398298969	Atom	
954.532	-1413.41	-3664.59	0.313081	-0.798452	-0.514252	21.8274043564	Atom	
954.71	-1413.87	-3664.89	0.170012	-0.910928	-0.375907	21.8258486203	Atom	
956.67	-1424.37	-3669.22	0.243562	-0.866434	-0.435856	21.7942684552	Atom	
957.364	-1426.84	-3670.46	0.274501	-0.839395	-0.469111	21.786456421	Atom	
961.326	-1438.95	-3677.23	0.162087	-0.860874	-0.482311	21.7468628317	Atom	
963.56	-1450.82	-3683.88	0.188305	-0.87572	-0.444585	21.7090107504	Atom	
964.176	-1453.68	-3685.33	0.0331591	-0.949873	-0.310871	21.7000095966	Atom	
964.24	-1455.53	-3685.94	0.234222	-0.961119	-0.146254	21.6946715681	Atom	
967.807	-1470.16	-3688.16	0.254197	-0.95342	-0.162405	21.6527585006	Atom	
968.782	-1473.82	-3688.79	0.115539	-0.991649	-0.0572912	21.642187553	Atom	
968.816	-1474.11	-3688.8	0.113618	-0.993023	-0.0315801	21.6413757143	Atom	
969.876	-1483.37	-3689.1	0.151673	-0.985834	-0.0715961	21.6156670182	Atom	
969.898	-1483.51	-3689.11	0.0915054	-0.9958	-0.00306924	21.6152635708	Atom	
970.413	-1489.12	-3689.13	0.0993409	-0.99493	-0.0156602	21.5997126644	Atom	
971.472	-1499.72	-3689.29	0.0863165	-0.996176	0.0134972	21.5702933611	Atom	
972.614	-1512.91	-3689.11	0.0464849	-0.998504	0.0288041	21.5337024484	Atom	
973.543	-1532.86	-3688.54	-0.0225858	-0.990762	-0.133716	21.4783864996	Atom	
972.819	-1564.63	-3692.83	0.0176953	-0.984117	-0.176638	21.3894407629	Atom	
973.076	-1578.95	-3695.4	-0.0739186	-0.968236	-0.238863	21.3489421001	Atom	
972.936	-1580.79	-3695.85	-0.626241	-0.689686	-0.363532	21.3436527922	Atom	
964.661	-1589.9	-3700.65	-0.626246	-0.666175	-0.405002	21.3068197527	Atom	
950.054	-1605.44	-3710.1	-0.507646	-0.733472	-0.452012	21.2417113461	Atom	
945.306	-1612.3	-3714.33	-0.529933	-0.736446	-0.420497	21.2155388697	Atom	
922.283	-1644.29	-3732.6	-0.66641	-0.658604	-0.349483	21.0938604466	Atom	
903.533	-1662.83	-3742.43	-0.675542	-0.644189	-0.358696	21.014702128	Atom	
898.744	-1667.39	-3744.97	-0.564157	-0.806647	-0.176202	20.9946966799	Atom	
894.139	-1673.98	-3746.41	-0.551242	-0.821728	-0.144551	20.9716480637	Atom	
888.299	-1682.68	-3747.94	-0.536717	-0.831462	-0.143545	20.9417060383	Atom	
887.77	-1683.5	-3748.08	-0.565615	-0.817877	-0.105622	20.9389154815	Atom	
883.743	-1689.33	-3748.84	-0.551913	-0.826725	-0.109167	20.9187662698	Atom	
874.449	-1703.25	-3750.67	-0.543015	-0.833121	-0.10509	20.8710812011	Atom	
868.675	-1712.11	-3751.79	-0.552608	-0.828138	-0.0938768	20.8409126014	Atom	
862.023	-1722.07	-3752.92	-0.576687	-0.810977	-0.0987324	20.8067265417	Atom	
838.231	-1755.53	-3756.99	-0.537722	-0.824058	-0.178276	20.6893991592	Atom	
831.368	-1766.05	-3759.27	-0.573504	-0.803076	-0.161746	20.6529420521	Atom	
799.977	-1810.01	-3768.12	-0.635024	-0.741373	-0.21705	20.4963811975	Atom	
789.246	-1822.53	-3771.79	-0.667765	-0.719201	-0.191939	20.4477540067	Atom	
754.114	-1860.37	-3781.89	-0.640913	-0.742743	-0.193812	20.296082554	Atom	
749.454	-1865.77	-3783.3	-0.627256	-0.753332	-0.197585	20.2750009548	Atom	
739.115	-1878.19	-3786.56	-0.628036	-0.7323	-0.263262	20.2271670831	Atom	
733.365	-1884.89	-3788.97	-0.721871	-0.648163	-0.24246	20.2005465116	Atom	
716.59	-1899.96	-3794.6	-0.727025	-0.558164	-0.399859	20.1329181312	Atom	
711.304	-1904.01	-3797.51	-0.75591	-0.515203	-0.403938	20.1116982899	Atom	
699.742	-1911.89	-3803.69	-0.787359	-0.471008	-0.397765	20.0670313265	Atom	
695.781	-1914.26	-3805.69	-0.586164	-0.685433	-0.431965	20.0523147935	Atom	
691.934	-1918.76	-3808.52	-0.634043	-0.561933	-0.531244	20.0330995766	Atom	
672.75	-1935.77	-3824.6	-0.636214	-0.551291	-0.539731	19.9444659336	Atom	
669.15	-1938.88	-3827.65	-0.630594	-0.543016	-0.554513	19.9278343055	Atom	
666.979	-1940.75	-3829.56	-0.555342	-0.482296	-0.677485	19.9177060183	Atom	
665.232	-1942.27	-3831.69	-0.55635	-0.468117	-0.686543	19.9084495232	Atom	
663.386	-1943.83	-3833.97	-0.499614	-0.452238	-0.738828	19.8986814262	Atom	
662.557	-1944.58	-3835.19	-0.549938	-0.452275	-0.702151	19.893796356	Atom	
652.469	-1952.87	-3848.07	-0.542929	-0.480686	-0.6886	19.8397688425	Atom	
649.238	-1955.73	-3852.17	-0.614099	-0.491954	-0.617141	19.8222031023	Atom	
644.754	-1959.32	-3856.68	-0.613208	-0.496188	-0.614633	19.8006339701	Atom	
625.211	-1975.14	-3876.27	-0.488262	-0.600342	-0.633395	19.7064186997	Atom	
595.857	-2011.23	-3914.35	-0.512794	-0.534675	-0.671688	19.5280308311	Atom	
590.519	-2016.8	-3921.34	-0.534244	-0.529059	-0.659302	19.4969233173	Atom	
589.875	-2017.43	-3922.13	-0.567067	-0.497479	-0.656468	19.4933136013	Atom	
587.584	-2019.44	-3924.79	-0.505802	-0.536523	-0.675505	19.4812220539	Atom	
578.971	-2028.58	-3936.29	-0.553192	-0.472305	-0.686227	19.4302396616	Atom	
577.523	-2029.82	-3938.08	-0.756304	-0.217118	-0.617141	19.4223872698	Atom	
569.054	-2032.25	-3944.99	-0.774359	-0.195014	-0.601945	19.3887805043	Atom	
569.038	-2032.25	-3945.01	-0.772323	-0.190477	-0.605999	19.3887217625	Atom	
568.047	-2032.5	-3945.78	-0.808225	-0.216984	-0.54744	19.3848644433	Atom	
547.727	-2037.95	-3959.55	-0.859465	-0.195303	-0.472416	19.3092991797	Atom	
538.803	-2039.98	-3964.45	-0.857502	-0.162747	-0.488062	19.277995962	Atom	
528.581	-2041.92	-3970.27	-0.79341	-0.173211	-0.583523	19.2420117262	Atom	
519.609	-2043.88	-3976.87	-0.787594	-0.130636	-0.602187	19.207829047	Atom	
511.573	-2045.21	-3983.01	-0.786309	-0.115605	-0.606922	19.176940903	Atom	
494.769	-2047.68	-3995.98	-0.736789	-0.108036	-0.667435	19.1121674674	Atom	
483.03	-2049.4	-4006.62	-0.716258	-0.12083	-0.687295	19.0637486578	Atom	
467.793	-2051.97	-4021.24	-0.76259	0.0814832	-0.641729	18.9989725757	Atom	
464.377	-2051.61	-4024.11	-0.718595	-0.0268394	-0.69491	18.9852966203	Atom	
456.79	-2051.89	-4031.45	-0.754699	-0.203721	-0.62364	18.9530443463	Atom	
445.123	-2055.04	-4041.09	-0.728774	-0.176192	-0.661699	18.9057562285	Atom	
439.775	-2056.33	-4045.95	-0.732494	-0.178197	-0.657038	18.8832637956	Atom	
434.289	-2057.67	-4050.87	-0.719485	-0.156637	-0.676613	18.8602901977	Atom	
430.13	-2058.57	-4054.78	-0.631411	-0.244737	-0.735815	18.8425414259	Atom	
403.435	-2068.92	-4085.89	-0.589726	-0.262274	-0.763829	18.7126282533	Atom	
402.419	-2069.37	-4087.2	-0.645031	-0.30647	-0.700008	18.7073029755	Atom	
400.513	-2070.28	-4089.27	-0.649846	-0.317586	-0.690535	18.6981741211	Atom	
380.533	-2080.04	-4110.5	-0.691121	-0.421205	-0.587315	18.6031315174	Atom	
378.074	-2081.54	-4112.59	-0.68552	-0.464024	-0.561021	18.5920858815	Atom	
376.857	-2082.37	-4113.59	-0.705044	-0.424341	-0.568196	18.5865752295	Atom	
367.704	-2087.87	-4120.97	-0.707967	-0.41911	-0.568445	18.5462574765	Atom	
342.348	-2102.88	-4141.33	-0.727747	-0.46562	-0.503569	18.4348363018	Atom	
337.172	-2106.2	-4144.91	-0.712225	-0.460183	-0.530063	18.4126080047	Atom	
336.521	-2106.62	-4145.39	-0.765084	-0.437761	-0.472241	18.4097495383	Atom	
322.656	-2114.55	-4153.95	-0.744688	-0.444846	-0.497546	18.3530471126	Atom	
319.997	-2116.14	-4155.73	-0.712699	-0.402906	-0.574219	18.3418480084	Atom	
309.699	-2121.96	-4164.02	-0.724742	-0.366937	-0.583186	18.2965070851	Atom	
309.42	-2122.1	-4164.25	-0.75515	-0.377342	-0.536061	18.2952961339	Atom	
297.96	-2127.83	-4172.38	-0.744746	-0.380485	-0.548256	18.2475819463	Atom	
297.228	-2128.2	-4172.92	-0.74045	-0.365258	-0.564199	18.244485775	Atom	
293.546	-2130.02	-4175.73	-0.74332	-0.325604	-0.584344	18.2288155181	Atom	
288.391	-2132.28	-4179.78	-0.767521	-0.248341	-0.590964	18.2069486215	Atom	
283.681	-2133.8	-4183.41	-0.766157	-0.236492	-0.597558	18.1875825757	Atom	
282.831	-2134.06	-4184.07	-0.780028	-0.223138	-0.584607	18.1840815673	Atom	
275.765	-2136.08	-4189.36	-0.769921	-0.219134	-0.599335	18.1554617894	Atom	
270.729	-2137.52	-4193.29	-0.760647	-0.226402	-0.608406	18.1347729105	Atom	
267.351	-2138.52	-4195.99	-0.832415	-0.397919	-0.385675	18.1207179197	Atom	
261.941	-2141.11	-4198.49	-0.826525	-0.413085	-0.382385	18.1001284811	Atom	
249.427	-2147.36	-4204.28	-0.821382	-0.408992	-0.397565	18.0521265449	Atom	
240.08	-2152.02	-4208.81	-0.815256	-0.423991	-0.394449	18.0159757945	Atom	
237.487	-2153.37	-4210.06	-0.806976	-0.459083	-0.371526	18.0058564396	Atom	
213.636	-2166.93	-4221.04	-0.846351	-0.392674	-0.359856	17.9117700086	Atom	
208.166	-2169.47	-4223.37	-0.822904	-0.430702	-0.370573	17.8911129458	Atom	
207.259	-2169.95	-4223.78	-0.83676	-0.407542	-0.365708	17.887587447	Atom	
206.61	-2170.26	-4224.06	-0.88041	-0.345963	-0.324327	17.8851041552	Atom	
198.612	-2173.41	-4227.01	-0.875883	-0.358031	-0.323486	17.8560348644	Atom	
184.095	-2179.34	-4232.37	-0.871153	-0.358443	-0.335575	17.8029302226	Atom	
169.597	-2185.31	-4237.95	-0.889327	-0.333619	-0.312724	17.7494877635	Atom	
159.344	-2189.15	-4241.56	-0.89455	-0.358217	-0.26732	17.7123768179	Atom	
153.652	-2191.43	-4243.26	-0.861538	-0.405965	-0.304868	17.6918620877	Atom	
152.959	-2191.76	-4243.5	-0.818072	-0.402777	-0.410523	17.6892656645	Atom	
151.211	-2192.62	-4244.38	-0.812286	-0.418586	-0.406175	17.682367989	Atom	
143.439	-2196.62	-4248.27	-0.748511	-0.499738	-0.435881	17.6514784325	Atom	
141.829	-2197.7	-4249.2	-0.744581	-0.50411	-0.437575	17.6445276212	Atom	
131.481	-2204.7	-4255.29	-0.748912	-0.547597	-0.373186	17.5995812644	Atom	
128.695	-2206.74	-4256.67	-0.703961	-0.556317	-0.441532	17.5875316206	Atom	
125.851	-2208.99	-4258.46	-0.716544	-0.553231	-0.424853	17.5744338344	Atom	
122.578	-2211.52	-4260.4	-0.718844	-0.534099	-0.444975	17.5596163591	Atom	
105.349	-2224.32	-4271.06	-0.667465	-0.59229	-0.451311	17.4818193909	Atom	
78.3583	-2248.27	-4289.31	-0.729542	-0.552698	-0.402856	17.3501108718	Atom	
75.3252	-2250.57	-4290.99	-0.534913	-0.782018	-0.31987	17.3364897211	Atom	
72.9348	-2254.06	-4292.42	-0.560518	-0.772764	-0.29775	17.321840252	Atom	
70.8257	-2256.97	-4293.54	-0.594242	-0.753149	-0.282213	17.3094972268	Atom	
67.2436	-2261.51	-4295.24	-0.596939	-0.720137	-0.353649	17.2897119825	Atom	
51.2625	-2280.79	-4304.71	-0.580228	-0.734011	-0.352935	17.2017646836	Atom	
40.528	-2294.37	-4311.24	-0.580629	-0.712385	-0.394181	17.1407482421	Atom	
35.7893	-2300.18	-4314.45	-0.599653	-0.715435	-0.358566	17.1137572921	Atom	
34.7933	-2301.37	-4315.05	-0.575184	-0.780782	-0.244014	17.1082571672	Atom	
17.9249	-2324.27	-4322.21	-0.434563	-0.807753	-0.39836	17.0111255505	Atom	
10.418	-2338.22	-4329.09	-0.39816	-0.849254	-0.346751	16.9536581626	Atom	
5.35976	-2349.01	-4333.49	-0.401523	-0.847809	-0.34641	16.9112855669	Atom	
1.58892	-2356.97	-4336.75	-0.265614	-0.935295	-0.233822	16.8799009972	Atom	
-11.3803	-2402.64	-4348.16	-0.283957	-0.942657	-0.175401	16.7164925121	Atom	
-19.5702	-2429.83	-4353.22	-0.274472	-0.929667	-0.245731	16.6192385653	Atom	
-20.7594	-2433.86	-4354.29	-0.268554	-0.9337	-0.236819	16.6045630258	Atom	
-22.2309	-2438.97	-4355.58	-0.267803	-0.935716	-0.229603	16.5859919047	Atom	
-23.0352	-2441.78	-4356.27	-0.256241	-0.910148	-0.325532	16.5758027307	Atom	
-24.7735	-2447.96	-4358.48	-0.271092	-0.901105	-0.338405	16.5527780735	Atom	
-25.8694	-2451.6	-4359.85	-0.218939	-0.91891	-0.328132	16.539042928	Atom	
-29.4455	-2466.61	-4365.21	-0.203664	-0.916527	-0.344237	16.4835110981	Atom	
-30.0151	-2469.17	-4366.17	-0.19709	-0.618957	-0.760295	16.4739774545	Atom	
-39.6447	-2499.41	-4403.32	-0.225687	-0.625382	-0.746969	16.3073576322	Atom	
-49.8689	-2527.74	-4437.16	-0.252123	-0.646876	-0.719712	16.1516488983	Atom	
-50.4972	-2529.36	-4438.95	-0.143887	-0.593336	-0.791991	16.1430190389	Atom	
-50.7156	-2530.26	-4440.15	-0.328274	-0.489359	-0.807938	16.1377618769	Atom	
-55.1784	-2536.91	-4451.14	-0.327511	-0.507229	-0.797155	16.0906562706	Atom	
-61.1442	-2546.15	-4465.66	-0.359893	-0.568163	-0.740046	16.0273988966	Atom	
-64.1954	-2550.97	-4471.93	-0.16688	-0.500749	-0.849354	15.9978662228	Atom	
-65.8606	-2555.96	-4480.41	-0.113257	-0.487587	-0.865698	15.9630596927	Atom	
-67.8699	-2564.61	-4495.77	-0.114957	-0.472657	-0.873716	15.9010678507	Atom	
-68.7081	-2568.06	-4502.14	-0.0857249	-0.487032	-0.869167	15.8755160617	Atom	
-69.6471	-2573.39	-4511.66	-0.0875076	-0.490904	-0.866808	15.8370775906	Atom	
-71.0137	-2581.06	-4525.2	-0.142893	-0.467654	-0.872285	15.7821757694	Atom	
-74.4245	-2592.22	-4546.02	-0.174141	-0.275829	-0.945301	15.6980368518	Atom	
-75.1886	-2593.43	-4550.16	-0.206564	-0.210793	-0.955457	15.6825058966	Atom	
-76.6383	-2594.91	-4556.87	-0.219138	-0.225166	-0.949357	15.6576475676	Atom	
-81.3403	-2599.74	-4577.24	-0.217669	-0.230195	-0.948488	15.5815490673	Atom	
-81.8966	-2600.33	-4579.66	-0.247222	-0.171315	-0.953694	15.5724521951	Atom	
-82.3651	-2600.66	-4581.47	-0.124508	0.350939	-0.928084	15.5657018781	Atom	
-82.6241	-2599.93	-4583.4	0.079321	0.289043	-0.954024	15.5582928813	Atom	
-82.3964	-2599.1	-4586.14	0.0839038	0.309572	-0.947167	15.5480654316	Atom	
-69.5309	-2551.63	-4731.37	0.0899392	0.322812	-0.94218	15.0013055067	Atom	
-68.7231	-2548.73	-4739.84	0.118999	0.31357	-0.942079	14.9683830101	Atom	
-68.4609	-2548.04	-4741.91	0.354693	0.641376	-0.680316	14.9602951639	Atom	
-56.0767	-2525.65	-4765.67	0.318775	0.64814	-0.691591	14.8320530132	Atom	
-51.2366	-2515.8	-4776.17	0.324111	0.714088	-0.620508	14.7759159034	Atom	
-50.6194	-2514.44	-4777.35	0.390023	0.707518	-0.589321	14.7688545436	Atom	
-49.3202	-2512.09	-4779.31	0.347192	0.754775	-0.556572	14.7564979159	Atom	
-48.9768	-2511.34	-4779.86	0.365103	0.773307	-0.51836	14.7528268491	Atom	
-39.7815	-2491.87	-4792.92	0.265142	0.800882	-0.536924	14.6593253534	Atom	
-31.0215	-2465.41	-4810.66	0.280022	0.751039	-0.597936	14.5360699356	Atom	
-28.273	-2458.03	-4816.53	0.212856	0.750372	-0.625806	14.4992138883	Atom	
-27.753	-2456.2	-4818.05	0.220288	0.744615	-0.630096	14.490023976	Atom	
-25.8855	-2449.89	-4823.4	0.204626	0.613731	-0.762537	14.4581136126	Atom	
-20.7869	-2434.6	-4842.4	0.143881	0.650264	-0.745959	14.3641692018	Atom	
-20.3904	-2432.8	-4844.45	0.108449	0.665109	-0.738829	14.3537258504	Atom	
-19.8074	-2429.23	-4848.42	0.0590408	0.546009	-0.835696	14.3333440474	Atom	
-19.5398	-2426.75	-4852.21	0.0641981	0.507136	-0.859472	14.3161418893	Atom	
-18.9127	-2421.8	-4860.61	-0.0152001	0.482999	-0.875489	14.2790328106	Atom	
-19.0241	-2418.26	-4867.02	-0.0339245	0.52682	-0.8493	14.2511323797	Atom	
-19.1168	-2416.82	-4869.35	-0.793475	0.203841	-0.573451	14.2407077072	Atom	
-20.124	-2416.56	-4870.07	-0.795019	0.245541	-0.554665	14.2358663244	Atom	
-23.7812	-2415.43	-4872.63	-0.806942	0.228859	-0.54449	14.2183149012	Atom	
-27.1548	-2414.47	-4874.9	-0.765402	0.358834	-0.534227	14.2023493394	Atom	
-37.6487	-2409.55	-4882.23	-0.776055	0.364182	-0.514888	14.1499450936	Atom	
-40.7103	-2408.12	-4884.26	-0.788006	0.324177	-0.523408	14.1348234811	Atom	
-42.0675	-2407.56	-4885.16	-0.789061	0.31371	-0.528175	14.128216528	Atom	
-60.6982	-2400.15	-4897.63	-0.791815	0.334829	-0.510802	14.0376069612	Atom	
-80.3083	-2391.86	-4910.28	-0.783625	0.361164	-0.505463	13.9420973759	Atom	
-85.2811	-2389.57	-4913.49	-0.725466	0.361868	-0.585449	13.9174965748	Atom	
-87.1461	-2388.64	-4914.99	-0.70021	0.358851	-0.617197	13.9075175293	Atom	
-88.0546	-2388.17	-4915.79	-0.712697	0.33239	-0.617722	13.9024779675	Atom	
-96.3731	-2384.29	-4923	-0.688715	0.118257	-0.715322	13.8571318136	Atom	
-104.605	-2382.88	-4931.55	-0.512174	0.501657	-0.69715	13.8105805164	Atom	
-108.054	-2379.5	-4936.25	-0.116857	0.700396	-0.704124	13.7842833531	Atom	
-108.316	-2377.93	-4937.83	-0.18243	0.746311	-0.640108	13.7755187554	Atom	
-109.776	-2371.96	-4942.95	-0.38684	0.643201	-0.660793	13.7441954394	Atom	
-113.953	-2365.01	-4950.09	-0.400799	0.602129	-0.690507	13.7018844743	Atom	
-118.862	-2357.64	-4958.54	-0.419897	0.598374	-0.682374	13.6537646731	Atom	
-119.096	-2357.3	-4958.92	-0.443798	0.653524	-0.613147	13.6515705485	Atom	
-127.535	-2344.88	-4970.58	-0.475011	0.635987	-0.608182	13.5766643942	Atom	
-129.208	-2342.64	-4972.72	-0.500894	0.63499	-0.588126	13.562728496	Atom	
-133.153	-2337.63	-4977.36	-0.525167	0.648647	-0.550868	13.5315447795	Atom	
-134.484	-2335.99	-4978.75	-0.524818	0.641599	-0.559389	13.5214924648	Atom	
-137.086	-2332.81	-4981.53	-0.542321	0.727341	-0.420551	13.5018222858	Atom	
-150.018	-2315.47	-4991.55	-0.54918	0.755277	-0.357714	13.407084904	Atom	
-159.063	-2303.03	-4997.45	-0.515626	0.78993	-0.331875	13.3413009865	Atom	
-159.449	-2302.43	-4997.69	-0.565429	0.772819	-0.288169	13.3383013605	Atom	
-159.685	-2302.11	-4997.81	-0.561581	0.744653	-0.360719	13.3366311644	Atom	
-162.505	-2298.37	-4999.63	-0.531438	0.761962	-0.37012	13.3164881344	Atom	
-163.042	-2297.6	-5000	-0.531438	0.761962	-0.37012	13.312433586	Region	
"-----------------------------------------------------------------"
"Trajectory"	68

"NbCollisions"	137
"Zmax"	0
"Display"	256

"Collisions"

"X"	"Y"	"Z"	"Rx"	"Ry"	"Rz"	"Energy"	"CollisionType"	
-0.0473778	-0.00581973	-5000	-3.92039e-007	-3.43243e-006	1	30	Region	
-0.0473912	-0.00593747	-4965.7	-0.0053514	0.0223699	0.999735	29.9269676683	Atom	
-0.116734	0.283927	-4952.74	-0.0295117	0.0145294	0.999459	29.8993254747	Atom	
-2.02886	1.22532	-4887.99	-0.0855837	0.0219826	0.996088	29.7610062505	Atom	
-2.91335	1.4525	-4877.69	-0.0892863	0.00816886	0.995973	29.738861517	Atom	
-5.17187	1.65914	-4852.5	-0.0773165	0.0108895	0.996947	29.6846280615	Atom	
-5.3369	1.68238	-4850.37	-0.169934	-0.105482	0.979794	29.680045178	Atom	
-8.77978	-0.454702	-4830.52	-0.194412	-0.115334	0.974116	29.6365385974	Atom	
-13.3006	-3.13669	-4807.87	-0.189857	-0.113502	0.975229	29.5865444613	Atom	
-14.5457	-3.881	-4801.47	-0.209718	-0.14661	0.966708	29.572427038	Atom	
-21.6339	-8.83623	-4768.8	-0.184266	-0.263959	0.946769	29.4996367188	Atom	
-21.8613	-9.16202	-4767.63	-0.207407	-0.238569	0.948719	29.4969733656	Atom	
-24.0297	-11.6562	-4757.71	-0.185614	-0.240014	0.952859	29.4744113059	Atom	
-34.0121	-24.5642	-4706.47	-0.0822578	-0.230304	0.969636	29.358281279	Atom	
-36.6737	-32.0161	-4675.09	-0.0734692	-0.233535	0.969569	29.2881916432	Atom	
-39.6151	-41.366	-4636.27	-0.0326664	-0.216079	0.975829	29.2013005183	Atom	
-39.8615	-42.9956	-4628.92	-0.126507	-0.219181	0.967448	29.1848944001	Atom	
-42.4398	-47.4627	-4609.2	-0.530055	-0.309137	0.789605	29.1405371189	Atom	
-49.4752	-51.5658	-4598.72	-0.446258	-0.528375	0.72227	29.1116147931	Atom	
-69.3412	-75.0875	-4566.56	-0.416237	-0.184829	0.890272	29.0145327515	Atom	
-78.9132	-79.3379	-4546.09	-0.437949	-0.124529	0.890333	28.9642485781	Atom	
-87.131	-81.6746	-4529.38	-0.433914	-0.129464	0.891604	28.9231621447	Atom	
-93.0444	-83.439	-4517.23	-0.609747	-0.0755517	0.788987	28.8932880212	Atom	
-107.668	-85.251	-4498.31	-0.652669	-0.0929378	0.751922	28.840670184	Atom	
-116.026	-86.4411	-4488.68	-0.723986	-0.0172828	0.689598	28.8125340536	Atom	
-156.687	-87.4118	-4449.95	-0.707954	-0.0341107	0.705434	28.6890437889	Atom	
-164.04	-87.766	-4442.63	-0.771087	-0.0385845	0.635559	28.6661301221	Atom	
-175.949	-88.362	-4432.81	-0.788906	-0.10082	0.606187	28.6320307137	Atom	
-180.083	-88.8903	-4429.63	-0.707875	0.0738358	0.702468	28.6204507617	Atom	
-183.07	-88.5788	-4426.67	-0.676259	0.0708155	0.733252	28.6111240438	Atom	
-197.116	-87.1079	-4411.44	-0.643738	0.144596	0.751461	28.5651986297	Atom	
-203.452	-85.6847	-4404.04	-0.65861	0.173775	0.732144	28.5434066328	Atom	
-217.959	-81.8571	-4387.92	-0.657433	0.191952	0.728654	28.4946123039	Atom	
-236.939	-76.3154	-4366.88	-0.673965	0.193547	0.712959	28.4305682669	Atom	
-253.414	-71.5841	-4349.45	-0.667399	0.170749	0.724861	28.3762438022	Atom	
-256.906	-70.6909	-4345.66	-0.670254	0.171315	0.722087	28.364600113	Atom	
-262.825	-69.1778	-4339.28	-0.674701	0.138423	0.724995	28.3449364782	Atom	
-268.438	-68.0262	-4333.25	-0.681554	0.140866	0.718081	28.3264034444	Atom	
-270.26	-67.6497	-4331.33	-0.670824	0.163196	0.723438	28.3204462521	Atom	
-272.598	-67.0809	-4328.81	-0.674917	0.0503702	0.736172	28.3126769883	Atom	
-275.635	-66.8542	-4325.5	-0.709585	0.333165	0.620879	28.3026423842	Atom	
-278.422	-65.5456	-4323.06	-0.778256	0.288538	0.557731	28.2938823708	Atom	
-291.261	-60.7859	-4313.86	-0.817652	0.200465	0.539684	28.2570817462	Atom	
-324.37	-52.6683	-4292	-0.825406	0.215767	0.52168	28.1666530308	Atom	
-335.161	-49.8476	-4285.18	0.421892	0.896733	-0.133707	28.1373840079	Atom	
-330.594	-40.14	-4286.63	0.349151	0.923729	-0.157539	28.1131269151	Atom	
-324.032	-22.7806	-4289.59	0.337946	0.933216	-0.12207	28.0709884844	Atom	
-314.81	2.68514	-4292.92	0.206522	0.945103	-0.253236	28.0097280914	Atom	
-314.285	5.09108	-4293.57	0.197509	0.918687	-0.342059	28.004003218	Atom	
-314.176	5.59611	-4293.76	0.0704892	0.923538	-0.376972	28.0027667516	Atom	
-313.766	10.9694	-4295.95	0.0218485	0.961615	-0.273531	27.9896800544	Atom	
-313.683	14.6092	-4296.99	-0.02548	0.983128	-0.181137	27.9811631474	Atom	
-314.656	52.1377	-4303.9	-0.0156833	0.989143	-0.146115	27.8952487477	Atom	
-314.816	62.2157	-4305.39	-0.0684575	0.991513	-0.110522	27.8722614145	Atom	
-315.441	71.2747	-4306.4	-0.0823917	0.988712	-0.125142	27.8516340392	Atom	
-318.821	111.835	-4311.53	-0.0916576	0.985815	-0.140598	27.7589618276	Atom	
-320.65	131.502	-4314.34	0.00524853	0.966427	-0.256888	27.7137743013	Atom	
-320.598	140.974	-4316.85	-0.0128056	0.960063	-0.279492	27.6915463705	Atom	
-320.644	144.429	-4317.86	0.0238095	0.96435	-0.263557	27.683379792	Atom	
-320.597	146.33	-4318.38	0.00341972	0.969123	-0.246553	27.6789058857	Atom	
-320.578	151.747	-4319.76	0.00421558	0.972308	-0.233667	27.6662159579	Atom	
-320.512	167.095	-4323.45	0.0606975	0.951934	-0.300228	27.6303665319	Atom	
-319.514	182.745	-4328.38	0.0311193	0.939146	-0.342107	27.5929915254	Atom	
-317.771	235.339	-4347.54	0.0248092	0.944405	-0.327847	27.4655421521	Atom	
-317.498	245.722	-4351.15	-0.0337596	0.938235	-0.344347	27.4404285615	Atom	
-318.167	264.317	-4357.97	0.018998	0.963366	-0.267516	27.3951251559	Atom	
-317.991	273.281	-4360.46	0.00176378	0.961722	-0.27402	27.3738275893	Atom	
-317.984	277.086	-4361.54	0.0152427	0.958529	-0.284586	27.3647652609	Atom	
-317.925	280.75	-4362.63	0.0216816	0.960025	-0.279075	27.3560073396	Atom	
-317.885	282.528	-4363.15	0.0301984	0.952636	-0.302609	27.3517637718	Atom	
-317.871	282.962	-4363.29	0.0178425	0.951373	-0.307525	27.3507205604	Atom	
-317.524	301.51	-4369.28	0.237245	0.961683	-0.13741	27.3060371739	Atom	
-313.111	319.396	-4371.84	0.24452	0.959023	-0.143127	27.2633582951	Atom	
-312.912	320.178	-4371.95	0.241973	0.955525	-0.168584	27.2614830618	Atom	
-310.937	327.975	-4373.33	0.22207	0.974863	-0.0180831	27.2427339674	Atom	
-300.365	374.384	-4374.19	-0.052031	0.723158	-0.68872	27.1332848373	Atom	
-301.143	385.195	-4384.49	-0.0574337	0.712503	-0.699315	27.0988063613	Atom	
-303.615	415.86	-4414.58	-0.115996	0.582769	-0.804317	26.999441487	Atom	
-304.872	422.176	-4423.3	-0.0476768	0.549999	-0.833804	26.9743469603	Atom	
-305.257	426.619	-4430.04	-0.0314624	0.543052	-0.839109	26.9556259638	Atom	
-305.258	426.632	-4430.06	-0.0865525	0.603209	-0.792873	26.9555701328	Atom	
-305.62	429.156	-4433.37	-0.0722173	0.60275	-0.794655	26.9458700724	Atom	
-305.857	431.134	-4435.98	-0.0254578	0.414341	-0.909766	26.9382577199	Atom	
-306.088	434.889	-4444.23	0.0156763	0.455551	-0.890072	26.9172385092	Atom	
-305.215	460.258	-4493.79	0.203254	0.490511	-0.8474	26.7879781756	Atom	
-293.828	487.738	-4541.27	0.221753	0.487773	-0.844336	26.6574451332	Atom	
-279.749	518.706	-4594.87	0.341142	0.438937	-0.831238	26.5089383173	Atom	
-254.369	551.363	-4656.72	0.312897	0.33085	-0.8903	26.3341433102	Atom	
-254.183	551.559	-4657.25	0.305908	0.344259	-0.887641	26.3327391612	Atom	
-240.777	566.645	-4696.14	0.302651	0.338634	-0.890915	26.2292373422	Atom	
-231.249	577.306	-4724.19	0.548648	0.167257	-0.819152	26.1546445866	Atom	
-218.099	581.315	-4743.83	0.544061	0.161519	-0.823352	26.0977277298	Atom	
-203.002	585.797	-4766.67	0.488958	0.190385	-0.851278	26.0317216241	Atom	
-191.908	590.117	-4785.99	0.546484	0.303958	-0.780362	25.9776391763	Atom	
-172.993	600.638	-4813	0.514839	0.2758	-0.811711	25.8950025597	Atom	
-154.768	610.401	-4841.73	0.534171	0.322752	-0.78134	25.8102760112	Atom	
-153.634	611.086	-4843.39	0.544226	0.332171	-0.770377	25.8051804569	Atom	
-147.534	614.809	-4852.03	0.571365	0.31115	-0.759426	25.7782771891	Atom	
-141.058	618.336	-4860.63	0.568393	0.329774	-0.753776	25.7510504049	Atom	
-134.522	622.128	-4869.3	0.584208	0.374699	-0.719931	25.7234074991	Atom	
-133.98	622.475	-4869.97	0.595757	0.39568	-0.698935	25.721176725	Atom	
-109.249	638.901	-4898.98	0.606439	0.386448	-0.694903	25.6212840122	Atom	
-85.1041	654.287	-4926.65	0.612445	0.357975	-0.704816	25.5251818377	Atom	
-65.7767	665.584	-4948.89	0.605486	0.344212	-0.717569	25.4487818087	Atom	
-62.6055	667.387	-4952.65	0.602	0.340109	-0.722441	25.4360719665	Atom	
-48.8933	675.134	-4969.11	0.706118	0.128609	-0.696317	25.3807753407	Atom	
-44.5159	675.931	-4973.42	0.942623	-0.123891	-0.31002	25.3656998928	Atom	
-28.2107	673.788	-4978.78	0.938456	-0.146318	-0.312875	25.3236143642	Atom	
-28.0061	673.756	-4978.85	0.934607	-0.193628	-0.298358	25.3230832705	Atom	
-8.87952	669.793	-4984.96	0.934677	-0.188686	-0.301293	25.2732260349	Atom	
-4.60651	668.931	-4986.34	0.939692	-0.0922554	-0.329344	25.2620710153	Atom	
13.5094	667.152	-4992.69	0.370566	-0.464614	-0.804248	25.2150140078	Atom	
16.8798	662.926	-5000	0.370566	-0.464614	-0.804248	25.1927804738	Region	
"-----------------------------------------------------------------"
"Trajectory"	74

"NbCollisions"	194
"Zmax"	0
"Display"	256

"Collisions"

"X"	"Y"	"Z"	"Rx"	"Ry"	"Rz"	"Energy"	"CollisionType"	
0.124792	0.14052	-5000	4.76274e-006	3.51057e-006	1	30	Region	
0.124914	0.140609	-4974.51	-0.0376704	-0.0159425	0.999163	29.9457390178	Atom	
-0.680025	-0.200051	-4953.16	-0.0945271	-0.134069	0.986453	29.9001787282	Atom	
-1.28015	-1.05122	-4946.9	-0.0680273	-0.100436	0.992615	29.8866256745	Atom	
-1.29702	-1.07612	-4946.66	-0.0373998	-0.0839079	0.995771	29.8860961492	Atom	
-1.66128	-1.89336	-4936.96	-0.0242613	-0.05049	0.99843	29.865296164	Atom	
-1.71617	-2.00759	-4934.7	-0.00732529	-0.00617371	0.999954	29.8604621498	Atom	
-1.9179	-2.1776	-4907.16	-0.0200811	-0.00636679	0.999778	29.8016101643	Atom	
-2.09268	-2.23302	-4898.46	-0.0542864	0.0422946	0.997629	29.7829811719	Atom	
-3.26941	-1.31622	-4876.83	-0.0327839	0.0487389	0.998273	29.7365616997	Atom	
-3.27723	-1.3046	-4876.6	-0.0108631	0.0402786	0.999129	29.7360502098	Atom	
-3.33677	-1.08385	-4871.12	-0.0300186	0.0429286	0.998627	29.7242990778	Atom	
-3.42219	-0.961696	-4868.28	-0.0446874	0.037667	0.998291	29.718195935	Atom	
-4.11408	-0.378498	-4852.82	-0.0404057	-0.0410244	0.998341	29.6849818439	Atom	
-4.25656	-0.523163	-4849.3	-0.0202296	0.00373946	0.999788	29.6774104823	Atom	
-4.31257	-0.512811	-4846.53	-0.0147163	-0.00669097	0.999869	29.6714653959	Atom	
-4.64066	-0.661983	-4824.24	0.0578315	-0.0687076	0.995959	29.6235789555	Atom	
-4.60541	-0.703863	-4823.64	0.182272	0.115905	0.976393	29.6222680416	Atom	
-2.81194	0.436584	-4814.03	0.182444	0.0960033	0.978518	29.6011058036	Atom	
-0.699139	1.54835	-4802.7	0.266204	0.029744	0.963458	29.5761848745	Atom	
0.710366	1.70584	-4797.59	0.286978	-0.123559	0.949935	29.5647828884	Atom	
4.15448	0.222967	-4786.19	0.28484	-0.122773	0.95068	29.5389310985	Atom	
7.42238	-1.18558	-4775.29	0.305161	-0.107565	0.946206	29.5142006487	Atom	
9.7228	-1.99644	-4768.15	0.289537	-0.0416817	0.956259	29.497940224	Atom	
13.1629	-2.49169	-4756.79	0.299566	0.0073159	0.954047	29.4723003199	Atom	
18.646	-2.35778	-4739.33	0.281648	0.015271	0.959396	29.4327750375	Atom	
20.5759	-2.25314	-4732.76	0.247508	-0.0230874	0.968611	29.4179620098	Atom	
26.7644	-2.8304	-4708.54	0.249031	-0.0506053	0.967173	29.3638884731	Atom	
33.3987	-4.17854	-4682.77	0.241071	-0.057037	0.96883	29.3061900954	Atom	
36.4922	-4.91048	-4670.34	0.915931	-0.341684	0.210528	29.278353357	Atom	
44.0694	-7.73712	-4668.6	0.909387	-0.374002	0.182039	29.260394409	Atom	
66.914	-17.1324	-4664.03	0.912204	-0.383774	0.143533	29.2058335732	Atom	
67.3521	-17.3167	-4663.96	0.903245	-0.412079	0.11975	29.2047890442	Atom	
77.3376	-21.8723	-4662.63	0.914448	-0.387356	0.11722	29.1807413537	Atom	
91.3593	-27.8118	-4660.83	0.914424	-0.387827	0.11584	29.1473656641	Atom	
95.123	-29.4081	-4660.36	0.914466	-0.379604	0.14019	29.1383983371	Atom	
231.437	-85.9935	-4639.46	0.904189	-0.409261	0.122262	28.8135598685	Atom	
231.976	-86.2372	-4639.39	0.906932	-0.397242	0.140261	28.8122506557	Atom	
232.598	-86.5098	-4639.29	0.896566	-0.419299	0.142682	28.8107416518	Atom	
244.916	-92.2706	-4637.33	0.895112	-0.403332	0.189997	28.7805303592	Atom	
300.807	-117.455	-4625.47	0.879128	-0.443995	0.173215	28.6431152242	Atom	
311.263	-122.736	-4623.41	0.879566	-0.444846	0.168747	28.6168388269	Atom	
350.178	-142.417	-4615.94	0.855949	-0.450795	0.253248	28.5190277331	Atom	
355.85	-145.404	-4614.26	0.87597	-0.405173	0.261747	28.5043365435	Atom	
404.017	-167.683	-4599.87	0.898434	-0.368506	0.238788	28.3823910797	Atom	
404.852	-168.026	-4599.65	0.870149	-0.408772	0.27522	28.3803223581	Atom	
447.519	-188.07	-4586.15	0.859962	-0.410396	0.303382	28.2712012829	Atom	
506.293	-216.118	-4565.42	0.878642	-0.400428	0.260087	28.1186358464	Atom	
510.711	-218.132	-4564.11	0.877395	-0.407639	0.252998	28.1073620768	Atom	
535.913	-229.84	-4556.84	0.827587	-0.4603	0.321285	28.0429462126	Atom	
576.67	-252.509	-4541.02	0.827425	-0.472446	0.303584	27.9323004177	Atom	
589.222	-259.676	-4536.42	0.781168	-0.601799	0.166176	27.8981095048	Atom	
589.684	-260.032	-4536.32	0.753685	-0.635768	0.166608	27.8967755083	Atom	
610.647	-277.715	-4531.68	0.773775	-0.597516	0.21035	27.8340255135	Atom	
623.367	-287.537	-4528.23	0.790434	-0.579208	0.199328	27.7968719472	Atom	
627.511	-290.574	-4527.18	0.799131	-0.553856	0.233739	27.7850095766	Atom	
631.364	-293.245	-4526.05	0.776298	-0.589339	0.2237	27.7740951336	Atom	
642.848	-301.963	-4522.75	0.770772	-0.59628	0.224412	27.7406052372	Atom	
662.67	-317.297	-4516.97	0.771831	-0.601249	0.206825	27.6823250518	Atom	
687.08	-336.313	-4510.43	0.815176	-0.561143	0.143551	27.6105335732	Atom	
707.491	-350.363	-4506.84	0.850815	-0.519809	0.0768922	27.5535798224	Atom	
731.019	-364.738	-4504.71	0.856533	-0.513971	0.0467506	27.4905729495	Atom	
736.621	-368.099	-4504.41	0.854454	-0.51459	0.0714526	27.4756447826	Atom	
745.455	-373.419	-4503.67	0.846421	-0.526383	0.0805806	27.4520356247	Atom	
766.794	-386.69	-4501.64	0.847645	-0.524786	0.0780852	27.3944246089	Atom	
769.101	-388.118	-4501.42	0.821889	-0.563538	0.0832048	27.3881962475	Atom	
804.549	-412.423	-4497.83	0.804663	-0.58714	0.0882273	27.2894565589	Atom	
823.196	-426.03	-4495.79	0.827667	-0.556186	0.074997	27.2362499622	Atom	
835.119	-434.042	-4494.71	0.813999	-0.580298	-0.0256859	27.2031252797	Atom	
859.266	-451.256	-4495.47	0.813213	-0.581125	-0.0312784	27.1348462857	Atom	
874.978	-462.484	-4496.08	0.783246	-0.620263	-0.0424243	27.0902872369	Atom	
904.702	-486.023	-4497.69	0.778894	-0.625971	-0.0385219	27.0026478463	Atom	
961.355	-531.553	-4500.49	0.816661	-0.577016	-0.0108125	26.8342465873	Atom	
978.324	-543.543	-4500.71	0.851949	-0.499177	0.158128	26.7858980319	Atom	
994.302	-552.905	-4497.75	0.858404	-0.48747	0.159734	26.7421965388	Atom	
1009.65	-561.618	-4494.89	0.864179	-0.168801	0.474026	26.7004914327	Atom	
1017.08	-563.071	-4490.81	0.858399	-0.160029	0.487382	26.6803903821	Atom	
1026.55	-564.836	-4485.44	0.806657	-0.270519	0.525475	26.654599527	Atom	
1045.2	-571.089	-4473.29	0.808928	-0.270734	0.521861	26.600527702	Atom	
1077.56	-581.921	-4452.41	0.811327	-0.284792	0.510532	26.5067823671	Atom	
1083.29	-583.932	-4448.81	0.813085	-0.298622	0.499717	26.4901951436	Atom	
1092.82	-587.43	-4442.95	0.834346	-0.286861	0.47072	26.4626599473	Atom	
1097.07	-588.893	-4440.55	0.837141	-0.290776	0.463298	26.4506626808	Atom	
1115.22	-595.198	-4430.5	0.840678	-0.29839	0.45191	26.3996254066	Atom	
1128.39	-599.87	-4423.43	0.851399	-0.395896	0.344072	26.3627194641	Atom	
1154.12	-611.835	-4413.03	0.810224	-0.455571	0.36877	26.2913991145	Atom	
1164.11	-617.452	-4408.48	0.811019	-0.504475	0.296231	26.2622417841	Atom	
1192.95	-635.392	-4397.95	0.777228	-0.561019	0.284911	26.1780706158	Atom	
1193.89	-636.072	-4397.6	0.759469	-0.570195	0.313184	26.175195321	Atom	
1206.7	-645.686	-4392.32	0.806351	-0.562487	0.182771	26.1351807332	Atom	
1208.91	-647.231	-4391.82	0.815207	-0.551553	0.176711	26.1286528731	Atom	
1226.51	-659.14	-4388.01	0.829252	-0.51835	0.208936	26.0773394945	Atom	
1251.11	-674.517	-4381.81	0.787348	-0.531797	0.311889	26.0067282372	Atom	
1255.34	-677.372	-4380.13	0.777436	-0.525389	0.345774	25.993924327	Atom	
1351.52	-742.373	-4337.35	0.772521	-0.535805	0.340769	25.6986926856	Atom	
1383.48	-764.54	-4323.26	0.763951	-0.548363	0.340113	25.5990699715	Atom	
1384.37	-765.174	-4322.86	0.701751	-0.670602	0.240494	25.5962753777	Atom	
1400.97	-781.038	-4317.17	0.692424	-0.685203	0.225933	25.5391307414	Atom	
1403.06	-783.102	-4316.49	0.702062	-0.691448	0.170318	25.531841625	Atom	
1404.01	-784.045	-4316.26	0.9635	-0.215296	-0.159107	25.5285425393	Atom	
1415.2	-786.544	-4318.11	0.964783	-0.201083	-0.169585	25.5004381789	Atom	
1432.73	-790.199	-4321.19	0.959529	-0.236491	-0.152891	25.4564062609	Atom	
1435.61	-790.908	-4321.65	0.954256	-0.237656	-0.181426	25.4491339348	Atom	
1459.08	-796.753	-4326.11	0.942722	-0.239063	-0.232645	25.3894470718	Atom	
1488.77	-804.282	-4333.44	0.947681	-0.229664	-0.221708	25.3128797265	Atom	
1512.86	-810.121	-4339.07	0.952284	-0.223232	-0.208141	25.2509186626	Atom	
1541.31	-816.789	-4345.29	0.937376	-0.237543	-0.254754	25.1779891241	Atom	
1567.93	-823.536	-4352.53	0.937566	-0.251461	-0.240287	25.1084755845	Atom	
1577.9	-826.209	-4355.08	0.938319	-0.263886	-0.223431	25.0824069091	Atom	
1588.37	-829.155	-4357.58	0.940363	-0.26955	-0.207509	25.0549947937	Atom	
1591.95	-830.179	-4358.36	0.903961	-0.204049	-0.375789	25.0456615451	Atom	
1629.71	-838.704	-4374.06	0.910647	-0.136952	-0.389829	24.9429936132	Atom	
1638.75	-840.063	-4377.93	0.906038	-0.129376	-0.402936	24.9185208323	Atom	
1643.27	-840.708	-4379.94	0.898655	-0.145666	-0.413764	24.9062152676	Atom	
1660.01	-843.422	-4387.65	0.75353	-0.0393775	-0.656233	24.860227735	Atom	
1667.65	-843.821	-4394.3	0.720362	-0.0425458	-0.692293	24.8351737106	Atom	
1675.12	-844.263	-4401.49	0.697375	-0.0288538	-0.716125	24.8094934546	Atom	
1679.42	-844.441	-4405.9	0.721936	0.00387833	-0.691949	24.7942371337	Atom	
1681.88	-844.427	-4408.25	0.716509	-0.0414183	-0.696348	24.7858179847	Atom	
1684.21	-844.562	-4410.52	0.631109	0.0824516	-0.771299	24.7777500271	Atom	
1692.83	-843.436	-4421.05	0.609142	0.0690492	-0.79005	24.7438951956	Atom	
1702.53	-842.336	-4433.64	0.303823	0.561151	-0.769936	24.7043639447	Atom	
1706.81	-834.442	-4444.47	0.284505	0.546052	-0.787962	24.6694147273	Atom	
1708.02	-832.124	-4447.82	0.335626	0.552197	-0.763173	24.6588579176	Atom	
1717.14	-817.11	-4468.57	0.334144	0.602205	-0.725049	24.5912104922	Atom	
1721.52	-809.211	-4478.08	0.375103	0.630453	-0.679578	24.5585019145	Atom	
1726.5	-800.84	-4487.1	0.391978	0.610554	-0.68817	24.5253611257	Atom	
1746.43	-769.803	-4522.08	0.36943	0.608303	-0.702487	24.3983438668	Atom	
1748.27	-766.779	-4525.58	-0.228551	0.319604	-0.919575	24.38586893	Atom	
1746.69	-764.572	-4531.93	-0.127668	0.341867	-0.931036	24.368538352	Atom	
1745.24	-760.691	-4542.5	-0.126775	0.358013	-0.92507	24.3400262415	Atom	
1738.4	-741.364	-4592.44	-0.119906	0.354702	-0.927259	24.2043217858	Atom	
1737.08	-737.479	-4602.59	0.00117994	0.445947	-0.895058	24.1766741028	Atom	
1737.09	-735.475	-4606.61	0.0259841	0.394365	-0.918587	24.1653130669	Atom	
1737.15	-734.554	-4608.76	0.0382093	0.391201	-0.919512	24.15941002	Atom	
1737.24	-733.607	-4610.98	0.0104378	0.421085	-0.906961	24.1532927005	Atom	
1737.26	-732.642	-4613.06	-0.00807973	0.418738	-0.908071	24.1474958256	Atom	
1737.1	-723.889	-4632.04	0.0540713	0.403111	-0.913552	24.0946216589	Atom	
1737.64	-719.817	-4641.27	0.0532214	0.377724	-0.924387	24.0690242328	Atom	
1739.52	-706.497	-4673.87	0.0832423	0.474521	-0.8763	23.9795935906	Atom	
1739.58	-706.121	-4674.56	0.052126	0.469707	-0.881282	23.9775785689	Atom	
1740.68	-696.263	-4693.06	-0.351664	0.564329	-0.746904	23.9241913337	Atom	
1739.43	-694.255	-4695.72	-0.370778	0.557283	-0.74294	23.9151250086	Atom	
1719.65	-664.535	-4735.34	-0.336458	0.468452	-0.816914	23.779187896	Atom	
1717.26	-661.208	-4741.14	-0.32548	0.458343	-0.827033	23.7610059896	Atom	
1716.67	-660.366	-4742.66	-0.291326	0.48402	-0.825138	23.756295036	Atom	
1716	-659.255	-4744.55	-0.315347	0.354122	-0.880428	23.7504158878	Atom	
1711.92	-654.674	-4755.94	-0.307836	0.36444	-0.878875	23.7172631843	Atom	
1711.06	-653.653	-4758.4	-0.315756	0.364563	-0.876009	23.7100740388	Atom	
1709.48	-651.833	-4762.78	-0.32228	0.331441	-0.886726	23.6972608359	Atom	
1709.48	-651.831	-4762.78	-0.316935	0.388587	-0.865189	23.6972481382	Atom	
1703.18	-644.108	-4779.98	-0.333636	0.743595	-0.579442	23.6462228749	Atom	
1685.78	-605.336	-4810.19	-0.268283	0.758185	-0.594289	23.512127812	Atom	
1683.62	-599.233	-4814.97	-0.235663	0.820709	-0.52048	23.4913321086	Atom	
1683.19	-597.721	-4815.93	-0.266446	0.814016	-0.516124	23.4865703664	Atom	
1672.97	-566.506	-4835.73	-0.238071	0.838296	-0.490492	23.3874202321	Atom	
1669.73	-555.083	-4842.41	-0.196557	0.861824	-0.467574	23.3520722906	Atom	
1664.53	-532.295	-4854.77	-0.0713189	0.803926	-0.590437	23.2833942967	Atom	
1663.38	-519.3	-4864.32	-0.0954984	0.798242	-0.594719	23.2413135869	Atom	
1655.76	-455.663	-4911.73	-0.108259	0.790559	-0.602741	23.0334790655	Atom	
1654.01	-442.867	-4921.48	-0.127144	0.784184	-0.607363	22.9909788612	Atom	
1650.93	-423.886	-4936.18	-0.122333	0.783308	-0.609478	22.9273378941	Atom	
1650.04	-418.15	-4940.65	-0.132774	0.706873	-0.694767	22.9080399082	Atom	
1648.33	-409.036	-4949.61	-0.148824	0.718375	-0.67955	22.8740435448	Atom	
1647.02	-402.717	-4955.58	-0.158133	0.717347	-0.678533	22.8508192707	Atom	
1646.59	-400.769	-4957.43	-0.11518	0.693751	-0.710945	22.8436460907	Atom	
1645.54	-394.486	-4963.86	-0.152092	0.643174	-0.750463	22.8197136299	Atom	
1643.12	-384.228	-4975.83	-0.15445	0.622515	-0.767216	22.777526598	Atom	
1638.25	-364.62	-5000	-0.15445	0.622515	-0.767216	22.6940971559	Region	
"-----------------------------------------------------------------"
"Trajectory"	84

"NbCollisions"	115
"Zmax"	0
"Display"	256

"Collisions"

"X"	"Y"	"Z"	"Rx"	"Ry"	"Rz"	"Energy"	"CollisionType"	
0.0217919	-0.0354047	-5000	1.93738e-006	2.78195e-006	1	30	Region	
0.0218001	-0.035393	-4995.79	-0.0341897	0.0842971	0.995854	29.9910350869	Atom	
-1.46912	3.64057	-4952.36	0.0187271	-0.00691489	0.999801	29.8981689636	Atom	
-1.18186	3.5345	-4937.03	0.000789928	0.0408539	0.999165	29.8654209606	Atom	
-1.1768	3.79618	-4930.63	0.0579238	0.0363302	0.99766	29.851734458	Atom	
-0.973478	3.9237	-4927.12	0.155284	-0.0828156	0.984392	29.8442315118	Atom	
4.07181	1.23296	-4895.14	0.0916895	-0.180074	0.97937	29.7747675655	Atom	
5.20839	-0.999233	-4883	0.0167172	-0.377482	0.925866	29.7482160468	Atom	
5.2085	-1.00163	-4883	0.0110253	-0.392568	0.919657	29.7482024129	Atom	
6.24954	-38.0691	-4796.16	0.313408	-0.192346	0.929935	29.5458094089	Atom	
7.3549	-38.7474	-4792.88	0.291716	-0.195565	0.936299	29.5382083322	Atom	
11.1728	-41.3069	-4780.62	0.272607	-0.262182	0.925714	29.5099962864	Atom	
12.0255	-42.1271	-4777.73	0.259399	-0.251762	0.932378	29.503248206	Atom	
12.8374	-42.915	-4774.81	-0.183427	-0.74341	0.643192	29.4964952095	Atom	
11.4456	-48.5558	-4769.93	-0.177833	-0.753279	0.633203	29.4801204949	Atom	
11.2652	-49.3197	-4769.29	-0.137815	-0.729568	0.669878	29.4779309525	Atom	
10.3241	-54.3021	-4764.71	-0.00919059	-0.747515	0.664182	29.4631856835	Atom	
10.2712	-58.5969	-4760.9	-0.0185264	-0.747119	0.664432	29.4507756388	Atom	
10.0425	-67.8232	-4752.69	-0.0316136	-0.740521	0.671289	29.4240924455	Atom	
9.97147	-69.4861	-4751.18	-0.204323	-0.714625	0.669002	29.4192370213	Atom	
8.05798	-76.1786	-4744.92	-0.198257	-0.706477	0.679399	29.3989844452	Atom	
4.55001	-88.679	-4732.9	-0.0465509	-0.826177	0.561484	29.3606988542	Atom	
4.136	-96.0268	-4727.9	-0.0659841	-0.813956	0.577167	29.3414349702	Atom	
1.54721	-127.961	-4705.26	-0.0509207	-0.814106	0.578479	29.2564100256	Atom	
-0.912146	-167.281	-4677.32	-0.0413143	-0.797513	0.601886	29.151499522	Atom	
-1.95559	-187.423	-4662.12	-0.0861781	-0.810488	0.579382	29.09648135	Atom	
-4.94322	-215.521	-4642.03	-0.116005	-0.839794	0.530367	29.0208467409	Atom	
-5.18645	-217.282	-4640.92	-0.0931878	-0.838105	0.537491	29.0162627217	Atom	
-8.10836	-243.561	-4624.07	-0.0809728	-0.794956	0.601239	28.9477053467	Atom	
-8.53451	-247.744	-4620.9	-0.113593	-0.735502	0.667932	28.9361764164	Atom	
-9.64038	-254.905	-4614.4	-0.0925621	-0.737139	0.669371	28.9148433309	Atom	
-12.4004	-276.885	-4594.44	-0.135138	-0.766796	0.627505	28.8494648181	Atom	
-13.1651	-281.224	-4590.89	-0.167535	-0.74399	0.646847	28.8370345154	Atom	
-13.834	-284.194	-4588.31	-0.199966	-0.743474	0.638169	28.8282616624	Atom	
-17.0519	-296.159	-4578.04	-0.228179	-0.771919	0.593359	28.7928930141	Atom	
-19.8403	-305.592	-4570.79	-0.175879	-0.798012	0.576405	28.7660085812	Atom	
-21.4084	-312.706	-4565.65	-0.355486	-0.932004	0.0707041	28.7463796622	Atom	
-32.3637	-341.429	-4563.47	-0.377928	-0.923544	0.0650958	28.6784934193	Atom	
-40.5519	-361.438	-4562.06	-0.352042	-0.93157	0.0907991	28.6306764686	Atom	
-55.5694	-401.177	-4558.19	-0.33214	-0.934947	0.124725	28.5364056461	Atom	
-56.6444	-404.203	-4557.78	-0.349803	-0.93606	0.0378145	28.5292340401	Atom	
-77.2254	-459.277	-4555.56	-0.353785	-0.934559	0.0378878	28.3988431136	Atom	
-78.3306	-462.197	-4555.44	-0.351871	-0.934302	0.0571597	28.3918944214	Atom	
-81.7001	-471.144	-4554.89	-0.358129	-0.924599	0.12985	28.3705910555	Atom	
-86.9378	-484.666	-4552.99	-0.354841	-0.926312	0.126621	28.3380347307	Atom	
-99.9221	-518.562	-4548.36	-0.307492	-0.948631	0.0744924	28.2565053106	Atom	
-112.992	-558.882	-4545.19	-0.300882	-0.951184	0.0686929	28.1615857627	Atom	
-130.299	-613.595	-4541.24	-0.475546	-0.847379	-0.236229	28.0327856416	Atom	
-132.629	-617.748	-4542.4	-0.471065	-0.836115	-0.281088	28.021771095	Atom	
-137.067	-625.625	-4545.05	-0.486845	-0.821936	-0.295641	28.0005923623	Atom	
-140.59	-631.572	-4547.19	-0.484319	-0.820592	-0.303422	27.9843175794	Atom	
-142.935	-635.546	-4548.66	-0.56718	-0.765355	-0.304202	27.9734199081	Atom	
-147.719	-642.002	-4551.22	-0.521396	-0.787511	-0.328592	27.9544303472	Atom	
-153.352	-650.51	-4554.77	-0.52105	-0.787519	-0.329121	27.9300961759	Atom	
-155.925	-654.398	-4556.4	-0.540007	-0.758302	-0.365199	27.9189664843	Atom	
-170.009	-674.176	-4565.92	-0.557647	-0.743728	-0.368644	27.8601631183	Atom	
-181.445	-689.427	-4573.48	-0.544436	-0.744976	-0.385487	27.813848653	Atom	
-183.461	-692.186	-4574.91	-0.574715	-0.693674	-0.434188	27.805473404	Atom	
-187.562	-697.136	-4578.01	-0.556169	-0.735631	-0.386682	27.7893327458	Atom	
-192.193	-703.261	-4581.23	-0.569288	-0.714347	-0.406965	27.7704901612	Atom	
-199.927	-712.966	-4586.76	-0.548844	-0.741459	-0.386017	27.7397308815	Atom	
-219.644	-739.603	-4600.62	-0.505878	-0.760447	-0.407194	27.658314843	Atom	
-235.058	-762.773	-4613.03	-0.494155	-0.742436	-0.452327	27.5891021028	Atom	
-246.355	-779.747	-4623.37	-0.575385	-0.709166	-0.40745	27.5370677371	Atom	
-248.059	-781.846	-4624.58	-0.571685	-0.709513	-0.41203	27.5303189752	Atom	
-252.837	-787.776	-4628.02	-0.523591	-0.720666	-0.454414	27.5112627728	Atom	
-254.032	-789.422	-4629.06	-0.416231	-0.576011	-0.703536	27.506055552	Atom	
-258.382	-795.442	-4636.41	-0.525205	-0.509842	-0.681337	27.4822101252	Atom	
-293.094	-829.138	-4681.44	-0.565837	-0.475697	-0.673455	27.3313152084	Atom	
-339.272	-867.96	-4736.4	-0.549506	-0.532144	-0.644101	27.1441738315	Atom	
-342.554	-871.138	-4740.25	-0.466254	-0.578248	-0.669505	27.130400704	Atom	
-350.96	-881.562	-4752.32	-0.473949	-0.56936	-0.671715	27.0888194866	Atom	
-360.918	-893.526	-4766.43	-0.504409	-0.577699	-0.641744	27.0402933566	Atom	
-367.823	-901.434	-4775.22	-0.5668	-0.485129	-0.665874	27.0086347193	Atom	
-382.074	-913.631	-4791.96	-0.57608	-0.470644	-0.668301	26.9504334791	Atom	
-385.719	-916.609	-4796.19	-0.575802	-0.47087	-0.668381	26.935762141	Atom	
-391.248	-921.131	-4802.61	-0.585514	-0.48621	-0.64867	26.9134840142	Atom	
-391.432	-921.284	-4802.81	-0.57604	-0.501224	-0.645719	26.91275539	Atom	
-421.916	-947.808	-4836.98	-0.568119	-0.493698	-0.65841	26.7899082401	Atom	
-444.993	-967.862	-4863.73	-0.572995	-0.48706	-0.659128	26.695267215	Atom	
-462.856	-983.046	-4884.28	-0.694385	-0.446914	-0.564001	26.6224310831	Atom	
-502.608	-1008.63	-4916.56	-0.659004	-0.453378	-0.600135	26.4883854521	Atom	
-507.329	-1011.88	-4920.86	-0.669583	-0.445031	-0.594648	26.4715452206	Atom	
-515.672	-1017.42	-4928.27	-0.691274	-0.372622	-0.619106	26.4422363004	Atom	
-539.669	-1030.36	-4949.76	-0.673305	-0.392965	-0.626289	26.3605147142	Atom	
-554.284	-1038.89	-4963.36	-0.670843	-0.368023	-0.643838	26.3092904914	Atom	
-577.756	-1051.77	-4985.89	-0.672504	-0.370516	-0.640669	26.2265890552	Atom	
-592.571	-1059.93	-5000	-0.672504	-0.370516	-0.640669	26.174390179	Region	
"-----------------------------------------------------------------"
"Trajectory"	87

"NbCollisions"	401
"Zmax"	0
"Display"	256

"Collisions"

"X"	"Y"	"Z"	"Rx"	"Ry"	"Rz"	"Energy"	"CollisionType"	
0.147683	0.267796	-5000	-9.52298e-007	5.31514e-006	1	30	Region	
0.14765	0.267982	-4965	-0.0165653	0.0682251	0.997532	29.9254873614	Atom	
0.119684	0.383162	-4963.32	-0.00972597	0.0864894	0.996205	29.9218857959	Atom	
-0.00614899	1.50215	-4950.43	-0.0116147	0.0941446	0.995491	29.8942824818	Atom	
-0.0737332	2.04996	-4944.64	-0.0556558	0.0480956	0.997291	29.881858653	Atom	
-2.791	4.39812	-4895.95	-0.0145657	0.0218449	0.999655	29.777582206	Atom	
-3.37616	5.27571	-4855.79	0.0288959	0.0348739	0.998974	29.6915388578	Atom	
-3.08309	5.62941	-4845.66	0.0337178	0.0343972	0.998839	29.6697658623	Atom	
-3.00774	5.70628	-4843.42	-0.0299882	-0.0577007	0.997883	29.6649659351	Atom	
-3.49757	4.76381	-4827.12	-0.0550696	-0.0684571	0.996133	29.6298764654	Atom	
-6.82352	0.6293	-4766.96	-0.0295499	-0.0613867	0.997677	29.5000078624	Atom	
-7.59925	-0.982176	-4740.77	-0.065466	-0.0454316	0.99682	29.4433616249	Atom	
-7.67384	-1.03394	-4739.64	-0.0417661	-0.0786027	0.996031	29.4408991717	Atom	
-7.85113	-1.3676	-4735.41	-0.0404581	-0.0741051	0.996429	29.4317245755	Atom	
-8.03662	-1.70735	-4730.84	0.0484667	0.00363859	0.998818	29.4218133218	Atom	
-7.99868	-1.7045	-4730.06	0.0557798	0.0114239	0.998378	29.4201205945	Atom	
-7.47686	-1.59763	-4720.72	0.090069	0.0614597	0.994037	29.3998902028	Atom	
-6.77678	-1.11992	-4712.99	0.0716859	0.05475	0.995923	29.3830722395	Atom	
-5.27951	0.023614	-4692.19	0.0723312	0.069667	0.994945	29.3378592758	Atom	
-5.15144	0.146969	-4690.43	0.148852	0.0947965	0.984305	29.3340216735	Atom	
-0.342827	3.20934	-4658.63	0.137886	0.0996455	0.985423	29.2639984537	Atom	
1.48123	4.52753	-4645.59	0.0830893	0.226856	0.970377	29.2352692138	Atom	
5.68303	15.9996	-4596.52	0.0822726	0.194931	0.97736	29.1253599771	Atom	
5.8823	16.4717	-4594.16	0.00899939	0.222366	0.974922	29.1200801228	Atom	
5.90373	17.0014	-4591.83	-0.045828	0.202158	0.97828	29.1148863696	Atom	
4.00438	25.3799	-4551.29	-0.0465566	0.20784	0.977054	29.0245115438	Atom	
3.51776	27.5523	-4541.08	-0.0331991	0.195208	0.9802	29.0016629302	Atom	
1.89125	37.116	-4493.05	-0.00750925	0.164159	0.986405	28.894498286	Atom	
1.78726	39.3893	-4479.39	0.00057676	-0.0730451	0.997328	28.8641181831	Atom	
1.79447	38.477	-4466.94	0.0249099	-0.0524776	0.998311	28.8366968444	Atom	
1.83948	38.3822	-4465.13	0.00561079	-0.0653344	0.997848	28.8327261053	Atom	
1.83978	38.3787	-4465.08	-0.0372956	-0.0991731	0.994371	28.8326077798	Atom	
0.762548	35.5142	-4436.36	-0.085303	-0.162001	0.983097	28.7691332479	Atom	
-2.04159	30.1888	-4404.04	-0.0801459	-0.156233	0.984463	28.6967657473	Atom	
-3.18678	27.9564	-4389.98	0.0165163	-0.192111	0.981234	28.6652464113	Atom	
-3.01932	26.0086	-4380.03	0.105686	-0.199434	0.974195	28.6428613886	Atom	
-2.43305	24.9023	-4374.62	0.173836	-0.208128	0.96253	28.6306065002	Atom	
-1.62839	23.9389	-4370.17	0.316577	-0.347445	0.882644	28.6203770504	Atom	
0.514256	21.5873	-4364.19	0.298847	-0.364922	0.881773	28.6054155811	Atom	
10.5032	9.38978	-4334.72	0.280194	-0.429728	0.858385	28.5314966371	Atom	
19.7619	-4.81011	-4306.36	0.194677	-0.406279	0.89277	28.4582699425	Atom	
23.4525	-12.512	-4289.43	0.280008	-0.259896	0.924148	28.4161739783	Atom	
26.8993	-15.7113	-4278.06	0.318405	-0.201401	0.926313	28.3888068962	Atom	
27.8479	-16.3113	-4275.3	0.304547	-0.180368	0.935264	28.3821782079	Atom	
28.2562	-16.5531	-4274.04	0.275411	-0.158158	0.948227	28.3791944858	Atom	
29.5399	-17.2903	-4269.62	0.406403	-0.171029	0.897544	28.368821756	Atom	
33.3096	-18.8767	-4261.3	0.418984	-0.169388	0.892054	28.3481723434	Atom	
38.5098	-20.9791	-4250.22	0.372579	-0.202089	0.905729	28.3205262052	Atom	
42.2895	-23.0292	-4241.04	0.385484	-0.160051	0.908728	28.2979119294	Atom	
44.5279	-23.9586	-4235.76	0.388255	-0.150396	0.909197	28.2849593515	Atom	
47.4945	-25.1077	-4228.81	0.437093	-0.110869	0.892557	28.267909429	Atom	
55.035	-27.0204	-4213.41	0.448536	-0.134908	0.883524	28.2293959562	Atom	
76.6916	-33.5342	-4170.76	0.474281	-0.116328	0.872654	28.1214880714	Atom	
80.7865	-34.5385	-4163.22	0.493605	-0.218317	0.841838	28.1021333792	Atom	
97.6667	-42.0045	-4134.43	0.518854	-0.262636	0.813519	28.0254291157	Atom	
102.179	-44.2883	-4127.36	0.525235	-0.270956	0.806666	28.0058822403	Atom	
117.97	-52.4344	-4103.11	0.52038	-0.294782	0.801442	27.9382643548	Atom	
121.556	-54.4661	-4097.58	0.513073	-0.341812	0.78735	27.9227335076	Atom	
139.523	-66.4361	-4070.01	0.50852	-0.342678	0.789924	27.843785744	Atom	
141.436	-67.725	-4067.04	0.524924	-0.333159	0.783237	27.8352865979	Atom	
153.214	-75.2004	-4049.46	0.513233	-0.29756	0.805015	27.7845762391	Atom	
162.589	-80.6357	-4034.76	0.470975	-0.303347	0.82835	27.7432334801	Atom	
183.62	-94.1816	-3997.77	0.493597	-0.275657	0.824849	27.6420452673	Atom	
211.408	-109.7	-3951.34	0.504371	-0.215601	0.836138	27.5141071406	Atom	
222.425	-114.409	-3933.07	0.462325	-0.0679852	0.8841	27.4642826207	Atom	
233.239	-115.999	-3912.39	0.377641	-0.0365966	0.925229	27.4108529489	Atom	
236.102	-116.277	-3905.38	0.392158	-0.0628535	0.917748	27.3935061575	Atom	
239.119	-116.76	-3898.32	0.256105	-0.0800127	0.963332	27.375897031	Atom	
251.572	-120.651	-3851.47	0.242827	-0.0880266	0.966068	27.2645341038	Atom	
262.357	-124.561	-3808.57	0.242046	-0.0795994	0.966994	27.1624886942	Atom	
263.305	-124.872	-3804.78	0.244248	-0.0319881	0.969185	27.1534649986	Atom	
264.25	-124.996	-3801.03	0.3299	0.0454504	0.942921	27.1445466904	Atom	
268.735	-124.378	-3788.21	0.347745	0.108266	0.931317	27.113199024	Atom	
274.958	-122.441	-3771.55	0.337007	0.110502	0.934995	27.0719056842	Atom	
291.791	-116.921	-3724.84	0.313628	0.119119	0.942045	26.9564917088	Atom	
301.994	-113.046	-3694.2	0.350875	0.117887	0.928972	26.881067675	Atom	
312.175	-109.626	-3667.24	0.36162	0.155457	0.919274	26.813649878	Atom	
312.881	-109.322	-3665.45	0.332537	0.0928126	0.938512	26.8091002413	Atom	
316.54	-108.301	-3655.12	0.367803	0.0833185	0.926164	26.7834824917	Atom	
323.393	-106.749	-3637.86	0.185336	0.0239093	0.982384	26.7400651124	Atom	
324.827	-106.564	-3630.26	0.199034	0.0320643	0.979468	26.7220071989	Atom	
329.838	-105.756	-3605.6	0.202421	-0.114215	0.972615	26.6632336823	Atom	
331.109	-106.474	-3599.5	0.208762	-0.107352	0.972057	26.6485476874	Atom	
343.995	-113.1	-3539.49	0.237877	-0.0748818	0.968404	26.5041265932	Atom	
347.536	-114.215	-3525.08	0.245745	-0.0455404	0.968264	26.4691488649	Atom	
348.849	-114.458	-3519.9	0.340177	-0.0554227	0.938727	26.4565772835	Atom	
360.347	-116.331	-3488.17	0.416903	-0.16793	0.893303	26.3770432282	Atom	
370.059	-120.243	-3467.37	0.438485	-0.188529	0.878742	26.322096932	Atom	
375.374	-122.529	-3456.71	0.435846	-0.240001	0.867432	26.293454728	Atom	
377.358	-123.621	-3452.77	0.412831	-0.2564	0.873973	26.2826944809	Atom	
383.248	-127.279	-3440.3	0.248488	-0.389732	0.886771	26.2489424158	Atom	
384.311	-128.947	-3436.5	0.159234	-0.416332	0.89516	26.2388110586	Atom	
388.085	-138.814	-3415.29	0.166359	-0.400989	0.900851	26.1826750686	Atom	
388.646	-140.165	-3412.25	0.17966	-0.366868	0.91276	26.1746787929	Atom	
393.507	-150.093	-3387.55	0.142303	-0.35456	0.924141	26.1104594386	Atom	
394.087	-151.536	-3383.79	0.231691	-0.44916	0.862888	26.1007799917	Atom	
395.585	-154.441	-3378.21	0.226312	-0.397775	0.889133	26.0853936349	Atom	
395.85	-154.906	-3377.17	0.265056	-0.372625	0.889323	26.0826124769	Atom	
400.387	-161.285	-3361.94	0.256765	-0.388742	0.884845	26.0418741223	Atom	
407.104	-171.455	-3338.8	0.192121	-0.426645	0.883778	25.9795361144	Atom	
410.28	-178.507	-3324.19	0.190473	-0.527341	0.828029	25.9400781304	Atom	
421.187	-208.703	-3276.77	0.16148	-0.721426	0.673401	25.8032091771	Atom	
447.494	-326.233	-3167.07	0.183286	-0.743002	0.643703	25.412174928	Atom	
448.14	-328.852	-3164.8	0.168839	-0.739128	0.652061	25.4036112706	Atom	
449.671	-335.554	-3158.89	0.189112	-0.735199	0.650936	25.3815755548	Atom	
450.645	-339.34	-3155.53	0.317366	-0.532662	0.78457	25.3690525615	Atom	
458.81	-353.045	-3135.35	0.471498	-0.313248	0.824357	25.3064614468	Atom	
458.989	-353.164	-3135.03	0.44008	-0.27198	0.855778	25.3055354657	Atom	
461.301	-354.593	-3130.54	0.465033	-0.268622	0.843556	25.2927307464	Atom	
470.357	-359.824	-3114.11	0.451521	-0.201897	0.869118	25.2452448107	Atom	
471.534	-360.35	-3111.85	0.5159	-0.221267	0.82758	25.238877252	Atom	
471.83	-360.477	-3111.37	0.299378	-0.206247	0.931577	25.2374778119	Atom	
488.342	-371.853	-3059.99	0.324542	-0.191984	0.926183	25.1027440586	Atom	
489.245	-372.387	-3057.41	0.331808	-0.149655	0.9314	25.0959200475	Atom	
491.042	-373.197	-3052.37	0.335955	-0.0837545	0.938147	25.0826313726	Atom	
491.903	-373.412	-3049.97	0.132197	0.140416	0.981227	25.0763406014	Atom	
492.418	-372.865	-3046.14	0.167404	0.0917065	0.981614	25.0667795167	Atom	
493.197	-372.438	-3041.58	0.128786	-0.144804	0.981043	25.0553518119	Atom	
493.712	-373.018	-3037.65	0.133632	-0.172777	0.975854	25.0455146001	Atom	
494.802	-374.427	-3029.69	0.120747	-0.19206	0.973927	25.0254686415	Atom	
495.119	-374.932	-3027.13	0.233674	-0.212107	0.948898	25.0190141638	Atom	
499.048	-378.498	-3011.18	0.270872	-0.241478	0.931835	24.9776603055	Atom	
509.821	-388.101	-2974.12	0.258983	-0.204992	0.943878	24.8797109626	Atom	
512.776	-390.441	-2963.35	0.315177	-0.289201	0.903895	24.8515172819	Atom	
512.903	-390.557	-2962.99	0.13039	-0.293701	0.946963	24.8505247839	Atom	
514.816	-394.866	-2949.09	0.183421	-0.305961	0.934208	24.814246908	Atom	
519.25	-402.263	-2926.51	0.160768	-0.293937	0.942207	24.7543908303	Atom	
521.133	-405.706	-2915.47	0.166562	-0.306908	0.937051	24.7253408053	Atom	
521.627	-406.615	-2912.69	0.163633	-0.274241	0.947637	24.7179827052	Atom	
522.929	-408.797	-2905.15	0.242128	-0.245535	0.938662	24.6982269491	Atom	
527.677	-413.612	-2886.75	0.309347	-0.27815	0.909361	24.6495001794	Atom	
528.589	-414.432	-2884.07	0.324679	-0.241756	0.914406	24.642161865	Atom	
536.866	-420.595	-2860.76	0.37281	-0.357377	0.856326	24.5786998496	Atom	
543.129	-426.599	-2846.37	0.387397	-0.362548	0.847634	24.5367953575	Atom	
543.591	-427.031	-2845.36	0.392033	-0.336277	0.856287	24.5338146308	Atom	
545.428	-428.607	-2841.35	0.396244	-0.29315	0.870088	24.5221071047	Atom	
548.741	-431.058	-2834.07	0.406615	-0.192718	0.893042	24.501214296	Atom	
550.408	-431.848	-2830.41	0.425621	-0.106387	0.898626	24.4909628655	Atom	
550.843	-431.957	-2829.49	0.442955	-0.0738871	0.893494	24.4884068844	Atom	
558.391	-433.216	-2814.27	0.461475	-0.112282	0.880019	24.4457789998	Atom	
569.32	-435.875	-2793.43	0.600415	-0.362773	0.712669	24.3864510011	Atom	
582.058	-443.571	-2778.31	0.559368	-0.366386	0.743551	24.3332027272	Atom	
600.833	-455.869	-2753.35	0.567128	-0.281391	0.77407	24.2488081654	Atom	
618.121	-464.447	-2729.75	-0.300634	-0.305988	-0.903322	24.1719537543	Atom	
608.945	-473.787	-2757.33	-0.402899	-0.330715	-0.853405	24.0948027274	Atom	
605.548	-476.576	-2764.52	-0.394014	-0.408912	-0.823131	24.0734387789	Atom	
602.771	-479.457	-2770.32	-0.396029	-0.42966	-0.811513	24.0555720906	Atom	
588.598	-494.834	-2799.36	-0.364179	-0.415838	-0.833338	23.9647680487	Atom	
587.134	-496.506	-2802.71	-0.362432	-0.379206	-0.851379	23.9545373983	Atom	
585.512	-498.203	-2806.52	-0.36028	-0.404972	-0.840355	23.9431456454	Atom	
582.958	-501.073	-2812.48	-0.323656	-0.44379	-0.835642	23.9250982239	Atom	
582.19	-502.127	-2814.46	-0.298418	-0.466795	-0.832496	23.9190483305	Atom	
571.833	-518.328	-2843.36	-0.315984	-0.458171	-0.830803	23.8305926657	Atom	
554.531	-543.415	-2888.85	-0.332931	-0.451239	-0.827973	23.6906346739	Atom	
550.472	-548.916	-2898.94	-0.314886	-0.558607	-0.767337	23.6593314867	Atom	
544.169	-560.098	-2914.3	-0.348921	-0.592765	-0.725868	23.6078705025	Atom	
536.653	-572.867	-2929.94	-0.339565	-0.603014	-0.721851	23.5524011724	Atom	
521.66	-599.491	-2961.81	-0.185764	-0.514631	-0.837047	23.4384950923	Atom	
519.122	-606.523	-2973.25	-0.0748829	-0.50998	-0.856921	23.4031096419	Atom	
517.774	-615.704	-2988.67	-0.0877402	-0.510754	-0.855238	23.3564334129	Atom	
517.317	-618.365	-2993.13	-0.113485	-0.503031	-0.856785	23.3429041419	Atom	
516.196	-623.334	-3001.59	0.0139386	-0.569589	-0.821811	23.3172405488	Atom	
516.487	-635.229	-3018.75	-0.0796865	-0.681145	-0.727799	23.2629354453	Atom	
515.481	-643.831	-3027.95	-0.0146494	-0.714976	-0.698995	23.2300360523	Atom	
515.434	-646.128	-3030.19	-0.0250904	-0.777422	-0.628478	23.2216582768	Atom	
515.33	-649.329	-3032.78	-0.0141512	-0.800351	-0.599364	23.2109156503	Atom	
515.036	-665.959	-3045.23	0.0277461	-0.793303	-0.608194	23.1566906981	Atom	
515.329	-674.336	-3051.66	-0.00575527	-0.87711	-0.480255	23.1290813942	Atom	
515.26	-684.843	-3057.41	-0.016512	-0.873269	-0.486958	23.097732168	Atom	
515.169	-689.677	-3060.1	0.166479	-0.786036	-0.595342	23.0832301896	Atom	
519.724	-711.182	-3076.39	0.205245	-0.791497	-0.575679	23.0115194939	Atom	
524.784	-730.696	-3090.58	0.295784	-0.792113	-0.533918	22.9467390331	Atom	
528.641	-741.026	-3097.55	0.230564	-0.821552	-0.521434	22.912397215	Atom	
529.196	-743.005	-3098.8	0.245646	-0.812054	-0.529364	22.9060481016	Atom	
534.609	-760.898	-3110.47	0.299268	-0.774438	-0.55739	22.8479424375	Atom	
539.647	-773.935	-3119.85	0.35269	-0.759165	-0.547063	22.8034608325	Atom	
544.263	-783.87	-3127.01	0.385703	-0.695562	-0.606158	22.7688286995	Atom	
552.336	-798.429	-3139.7	0.421381	-0.675859	-0.604692	22.7133677078	Atom	
555.311	-803.201	-3143.97	0.370682	-0.688971	-0.622827	22.6946249245	Atom	
561.756	-815.18	-3154.8	0.367262	-0.822757	-0.433808	22.6484396578	Atom	
564.46	-821.238	-3157.99	0.319872	-0.841767	-0.434867	22.6288486617	Atom	
577.938	-856.705	-3176.31	0.341463	-0.857211	-0.385477	22.5166707959	Atom	
585.916	-876.734	-3185.32	0.343162	-0.847652	-0.40463	22.4542187705	Atom	
588.306	-882.637	-3188.14	0.0697703	-0.809051	-0.583583	22.4355634521	Atom	
588.351	-883.158	-3188.51	-0.241492	-0.692984	-0.679305	22.4338354557	Atom	
587.969	-884.256	-3189.59	-0.242133	-0.697046	-0.674906	22.4295909618	Atom	
587.046	-886.911	-3192.16	-0.300206	-0.419434	-0.85671	22.419376177	Atom	
584.167	-890.934	-3200.38	-0.291235	-0.394831	-0.871373	22.3936536228	Atom	
583.564	-891.751	-3202.18	-0.297739	-0.405695	-0.864155	22.3880990672	Atom	
581.221	-894.944	-3208.98	-0.265303	-0.445351	-0.855147	22.3669680396	Atom	
574.717	-905.862	-3229.95	-0.24944	-0.496284	-0.831554	22.3010958808	Atom	
574.56	-906.175	-3230.47	-0.257923	-0.49192	-0.831559	22.2993994943	Atom	
569.043	-916.696	-3248.26	-0.275331	-0.502263	-0.81971	22.241793057	Atom	
567.359	-919.769	-3253.27	-0.294549	-0.512764	-0.80642	22.2252819788	Atom	
566.958	-920.467	-3254.37	-0.333949	-0.484388	-0.808608	22.221606211	Atom	
564.082	-924.639	-3261.33	-0.297691	-0.475849	-0.827616	22.1983458755	Atom	
559.702	-931.64	-3273.51	-0.265055	-0.42574	-0.865154	22.1585779884	Atom	
556.822	-936.265	-3282.91	-0.302633	-0.395176	-0.867323	22.1291699413	Atom	
556.705	-936.418	-3283.24	-0.322874	-0.384178	-0.864962	22.128119854	Atom	
553.004	-940.821	-3293.16	-0.354137	-0.317178	-0.879764	22.0970646677	Atom	
544.618	-948.333	-3313.99	-0.372841	-0.337947	-0.864165	22.0328207267	Atom	
529.283	-962.233	-3349.54	-0.469968	-0.824633	-0.314818	21.9209911772	Atom	
524.49	-970.643	-3352.75	-0.764446	-0.629813	0.137687	21.8931510838	Atom	
515.981	-977.653	-3351.21	-0.786957	-0.608124	0.104322	21.8627370858	Atom	
498.004	-991.545	-3348.83	-0.779505	-0.622933	0.0657747	21.80024776	Atom	
471.208	-1012.96	-3346.57	-0.806717	-0.581703	0.104064	21.7060006504	Atom	
446.541	-1030.75	-3343.39	-0.790133	-0.598668	0.13148	21.6218822186	Atom	
422.948	-1048.62	-3339.46	-0.885706	-0.462361	0.0418035	21.5394896277	Atom	
405.626	-1057.66	-3338.65	-0.902145	-0.431433	-0.000279317	21.4853591001	Atom	
392.662	-1063.86	-3338.65	-0.903611	-0.428269	0.00854213	21.44550961	Atom	
385.799	-1067.12	-3338.58	-0.906887	-0.419798	-0.0364114	21.4244171829	Atom	
377.01	-1071.18	-3338.94	-0.925332	-0.379129	0.00460655	21.3974815406	Atom	
367.548	-1075.06	-3338.89	-0.919802	-0.392134	-0.0139931	21.3690327944	Atom	
347.095	-1083.78	-3339.2	-0.914066	-0.405297	-0.0147823	21.3071022841	Atom	
346.635	-1083.98	-3339.21	-0.904146	-0.425126	0.0422744	21.3056977705	Atom	
344.654	-1084.92	-3339.12	-0.887935	-0.457452	0.0480453	21.2995822966	Atom	
343.814	-1085.35	-3339.07	-0.896253	-0.442748	0.0265415	21.296940919	Atom	
340.067	-1087.2	-3338.96	-0.889188	-0.455672	-0.0413259	21.2852678438	Atom	
327.257	-1093.76	-3339.55	-0.884936	-0.464092	-0.0388247	21.2450202598	Atom	
300.24	-1107.93	-3340.74	-0.887726	-0.460122	-0.0151962	21.1596053603	Atom	
293.402	-1111.48	-3340.86	-0.885939	-0.461855	-0.0424589	21.1379888883	Atom	
282.313	-1117.26	-3341.39	-0.881284	-0.463276	-0.0933493	21.1028313246	Atom	
281.776	-1117.54	-3341.45	-0.890881	-0.445692	-0.0876889	21.1011167369	Atom	
268.321	-1124.27	-3342.77	-0.884762	-0.448285	-0.12742	21.0586350843	Atom	
256.07	-1130.48	-3344.53	-0.893518	-0.427719	-0.136685	21.0196297078	Atom	
234.773	-1140.67	-3347.79	-0.904871	-0.386221	-0.179002	20.9523842207	Atom	
229.522	-1142.92	-3348.83	0.217476	0.0507947	-0.974743	20.9359713119	Atom	
231.935	-1142.35	-3359.65	0.18682	0.0435479	-0.981429	20.9045668706	Atom	
232.541	-1142.21	-3362.83	0.152873	0.0804539	-0.984965	20.8953825995	Atom	
232.891	-1142.03	-3365.08	0.192181	-0.0841159	-0.977748	20.8888905994	Atom	
234.467	-1142.72	-3373.1	0.213406	-0.0878991	-0.973001	20.8656458759	Atom	
235.73	-1143.24	-3378.86	0.165856	-0.0327282	-0.985607	20.84884675	Atom	
238.813	-1143.84	-3397.18	0.19356	-0.0490911	-0.97986	20.7960660092	Atom	
240.462	-1144.26	-3405.53	0.258195	-0.0891415	-0.961972	20.7718271624	Atom	
241.333	-1144.56	-3408.78	0.179741	0.0332318	-0.983153	20.762220262	Atom	
242.164	-1144.41	-3413.32	0.196642	0.0537951	-0.978998	20.7490620802	Atom	
244.556	-1143.76	-3425.23	0.207751	0.0157814	-0.978054	20.7143924361	Atom	
246.777	-1143.59	-3435.68	0.201406	-0.00671246	-0.979485	20.6838808351	Atom	
249.897	-1143.69	-3450.86	0.189269	-0.00861932	-0.981888	20.6396251019	Atom	
251.373	-1143.76	-3458.51	0.223841	-0.0033642	-0.97462	20.6173090994	Atom	
255.384	-1143.82	-3475.98	0.217952	-0.00742456	-0.975931	20.5659844611	Atom	
261.264	-1144.02	-3502.31	0.178562	0.000143009	-0.983929	20.4885559291	Atom	
261.958	-1144.02	-3506.13	0.111523	0.0463087	-0.992682	20.4773730601	Atom	
263.737	-1143.28	-3521.97	0.20664	0.0135515	-0.978323	20.4314244487	Atom	
264.476	-1143.23	-3525.47	0.153907	-0.00880977	-0.988046	20.4211040061	Atom	
265.845	-1143.31	-3534.26	0.160059	-0.0590747	-0.985338	20.3954351886	Atom	
266.844	-1143.68	-3540.41	0.137083	-0.113105	-0.984081	20.3774135508	Atom	
273.364	-1149.06	-3587.21	0.136437	-0.0672674	-0.988362	20.2399217726	Atom	
274.3	-1149.52	-3593.99	0.121884	-0.0376075	-0.991832	20.2199882483	Atom	
275.686	-1149.95	-3605.27	0.139207	0.115032	-0.983559	20.1869268681	Atom	
278.89	-1147.3	-3627.91	0.145657	0.14328	-0.978905	20.1199020803	Atom	
280.54	-1145.68	-3638.99	0.0919408	0.0935717	-0.991358	20.0868396062	Atom	
280.605	-1145.61	-3639.7	0.0437002	0.0637911	-0.997006	20.0847661838	Atom	
281.238	-1144.69	-3654.14	-0.156848	0.0719259	-0.985	20.0424177255	Atom	
279.95	-1144.1	-3662.23	-0.190221	0.0761566	-0.978783	20.0183724213	Atom	
275.433	-1142.29	-3685.47	0.304507	0.0796853	-0.949171	19.9487712839	Atom	
276.608	-1141.98	-3689.13	0.391668	-0.00520511	-0.920092	19.9374271184	Atom	
294.983	-1142.22	-3732.3	0.4589	-0.00377601	-0.88848	19.7994790745	Atom	
295.53	-1142.23	-3733.36	0.47105	-0.0455394	-0.88093	19.79596054	Atom	
296.236	-1142.3	-3734.68	0.483147	-0.0620568	-0.873337	19.791527869	Atom	
301.867	-1143.02	-3744.86	0.47146	-0.0694201	-0.879151	19.7570601282	Atom	
307.884	-1143.91	-3756.08	0.444975	-0.175239	-0.878231	19.7192625955	Atom	
308.553	-1144.17	-3757.4	0.46077	-0.176744	-0.869743	19.7148081737	Atom	
312.179	-1145.56	-3764.24	0.450078	-0.246372	-0.85833	19.6914639009	Atom	
314.053	-1146.59	-3767.82	0.46775	-0.436258	-0.768693	19.6791029194	Atom	
314.61	-1147.11	-3768.73	0.431435	-0.580208	-0.690814	19.6755619032	Atom	
315.151	-1147.83	-3769.6	0.390336	-0.539774	-0.745843	19.6718427542	Atom	
323.426	-1159.27	-3785.41	0.389757	-0.573021	-0.720928	19.6088501846	Atom	
337.072	-1179.34	-3810.65	0.374089	-0.573268	-0.728986	19.5045531262	Atom	
349.566	-1198.48	-3835	0.403549	-0.577877	-0.709371	19.4046540771	Atom	
385.62	-1250.11	-3898.37	0.427113	-0.537003	-0.727463	19.1363433113	Atom	
386.935	-1251.77	-3900.61	0.428061	-0.522937	-0.737089	19.126992704	Atom	
387.327	-1252.24	-3901.29	0.435082	-0.527533	-0.729666	19.1242152249	Atom	
392.924	-1259.03	-3910.68	0.348956	-0.514753	-0.783108	19.08513752	Atom	
396.432	-1264.21	-3918.55	0.337491	-0.564212	-0.753502	19.0545535465	Atom	
398.185	-1267.14	-3922.46	0.311976	-0.592534	-0.742681	19.0387343134	Atom	
400.891	-1272.28	-3928.9	0.564075	-0.373864	-0.736237	19.0122910474	Atom	
430.54	-1291.93	-3967.6	0.606831	-0.379872	-0.698179	18.8519046354	Atom	
433.139	-1293.55	-3970.59	0.586606	-0.441876	-0.678704	18.8387467036	Atom	
445.244	-1302.67	-3984.6	0.556797	-0.466138	-0.687527	18.7753271532	Atom	
445.934	-1303.25	-3985.45	0.609351	-0.481825	-0.629711	18.7715109825	Atom	
451.806	-1307.89	-3991.52	0.413505	-0.160016	-0.896331	18.7418088012	Atom	
456.148	-1309.57	-4000.93	0.418442	-0.110024	-0.901555	18.7094078756	Atom	
472.057	-1313.76	-4035.21	0.421893	-0.0961878	-0.901529	18.5919372241	Atom	
472.826	-1313.93	-4036.85	0.379509	-0.186178	-0.906262	18.5862759451	Atom	
478.115	-1316.53	-4049.48	0.390054	-0.219826	-0.894167	18.5429913899	Atom	
483.353	-1319.48	-4061.49	0.533315	-0.122457	-0.837006	18.5012116426	Atom	
499.153	-1323.11	-4086.28	0.468999	-0.113157	-0.87592	18.4088717534	Atom	
512.549	-1326.34	-4111.3	0.40481	-0.258794	-0.877014	18.3194954432	Atom	
529.107	-1336.92	-4147.18	0.402033	-0.23476	-0.885018	18.1910263556	Atom	
533.853	-1339.7	-4157.62	0.438399	-0.286902	-0.851759	18.1537454028	Atom	
540.472	-1344.03	-4170.48	0.45791	-0.269903	-0.847037	18.1059927622	Atom	
552.605	-1351.18	-4192.93	0.475128	-0.396948	-0.785293	18.0220084654	Atom	
559.589	-1357.01	-4204.47	0.645108	-0.203958	-0.736367	17.9752457448	Atom	
582.468	-1364.25	-4230.59	0.625754	-0.223262	-0.747386	17.8622000017	Atom	
595.484	-1368.89	-4246.13	0.606883	-0.201549	-0.768811	17.7955737586	Atom	
597.934	-1369.7	-4249.23	0.57691	-0.229019	-0.784044	17.7826079277	Atom	
601.223	-1371.01	-4253.71	0.520694	-0.229275	-0.822381	17.7642782147	Atom	
605.388	-1372.84	-4260.28	0.484255	-0.205756	-0.850389	17.7385495887	Atom	
630.491	-1383.51	-4304.36	0.520075	-0.275474	-0.808478	17.5716085202	Atom	
640.156	-1388.63	-4319.39	0.516903	-0.273827	-0.811067	17.5113182609	Atom	
643.774	-1390.55	-4325.07	0.60388	-0.297248	-0.739576	17.4885497303	Atom	
648.487	-1392.87	-4330.84	0.585678	-0.280716	-0.760381	17.4631339459	Atom	
656.036	-1396.48	-4340.64	0.56648	-0.366629	-0.738027	17.4211214176	Atom	
658.944	-1398.37	-4344.43	0.563036	-0.336728	-0.754722	17.4043522323	Atom	
663.542	-1401.12	-4350.59	0.580529	-0.346273	-0.736941	17.3776654353	Atom	
681.608	-1411.89	-4373.53	0.575004	-0.427545	-0.69755	17.2758347542	Atom	
684.333	-1413.92	-4376.83	0.583727	-0.448937	-0.676548	17.2602545186	Atom	
688.297	-1416.97	-4381.43	0.589056	-0.457778	-0.665922	17.2379183898	Atom	
688.651	-1417.24	-4381.83	0.623315	-0.413075	-0.663964	17.2359380468	Atom	
707.416	-1429.68	-4401.81	0.624859	-0.423535	-0.655873	17.1368038681	Atom	
715.177	-1434.94	-4409.96	0.600092	-0.473155	-0.644991	17.0957198311	Atom	
727.933	-1445	-4423.67	0.627049	-0.393227	-0.672445	17.0252755817	Atom	
753.982	-1461.33	-4451.61	0.574922	-0.32031	-0.752906	16.8871659262	Atom	
757.608	-1463.35	-4456.35	0.577572	-0.341826	-0.741327	16.8660649399	Atom	
764.235	-1467.27	-4464.86	0.566419	-0.357934	-0.742329	16.8276410276	Atom	
770.633	-1471.32	-4473.25	0.588616	-0.350742	-0.728362	16.7897470382	Atom	
779.881	-1476.83	-4484.69	0.59	-0.383826	-0.710336	16.7369486417	Atom	
788.891	-1482.69	-4495.54	0.617206	-0.329855	-0.714319	16.6855047869	Atom	
790.233	-1483.41	-4497.09	0.616158	-0.352387	-0.704395	16.6781610186	Atom	
809.49	-1494.42	-4519.1	0.715681	-0.202208	-0.668516	16.5725914879	Atom	
813.081	-1495.43	-4522.46	0.66846	-0.23434	-0.705866	16.5555594631	Atom	
826.682	-1500.2	-4536.82	0.679586	-0.147379	-0.718639	16.4864344455	Atom	
828.466	-1500.59	-4538.71	0.65839	-0.0534812	-0.750774	16.4774900735	Atom	
829.612	-1500.68	-4540.01	0.648181	-0.0570067	-0.75935	16.4715527772	Atom	
830.335	-1500.75	-4540.86	0.0225359	0.077519	-0.996736	16.4677486998	Atom	
830.563	-1499.96	-4550.95	-0.0512771	-0.00287599	-0.99868	16.4332083672	Atom	
830.485	-1499.97	-4552.49	-0.106984	0.00531984	-0.994247	16.4279647204	Atom	
830.121	-1499.95	-4555.87	-0.136829	-0.193821	-0.971448	16.416347081	Atom	
828.177	-1502.7	-4569.67	-0.136208	-0.159294	-0.97779	16.367765311	Atom	
828.156	-1502.73	-4569.82	-0.0943246	-0.183682	-0.97845	16.3672314343	Atom	
827.147	-1504.69	-4580.28	-0.0123741	-0.274067	-0.961631	16.3305861864	Atom	
826.719	-1514.17	-4613.53	-0.0209383	-0.265403	-0.96391	16.2118798261	Atom	
826.094	-1522.09	-4642.32	-0.0213084	-0.27639	-0.960809	16.1087631256	Atom	
825.905	-1524.54	-4650.84	-0.00742049	-0.292641	-0.956194	16.0780028585	Atom	
825.842	-1527.02	-4658.93	-0.0369302	-0.305622	-0.951436	16.0485756968	Atom	
825.44	-1530.35	-4669.31	0.134224	-0.028024	-0.990555	16.0106367511	Atom	
825.604	-1530.39	-4670.52	-0.179632	0.303721	-0.935674	16.0063706458	Atom	
825.546	-1530.29	-4670.82	-0.110128	0.478789	-0.870995	16.0052411609	Atom	
820.597	-1508.77	-4709.96	-0.167791	0.467685	-0.867823	15.8485546027	Atom	
819.034	-1504.42	-4718.05	-0.124007	0.485114	-0.865613	15.815811251	Atom	
818.96	-1504.13	-4718.56	-0.162874	0.485615	-0.858866	15.8137130343	Atom	
817.856	-1500.84	-4724.38	-0.182918	0.472615	-0.862077	15.7898530769	Atom	
817.646	-1500.29	-4725.37	-0.152882	0.446922	-0.881413	15.7858115189	Atom	
812.277	-1484.6	-4756.33	-0.204378	0.361286	-0.909781	15.6620482545	Atom	
810.649	-1481.72	-4763.57	-0.149781	0.341624	-0.927825	15.6338044756	Atom	
810.496	-1481.37	-4764.52	-0.146848	0.331787	-0.931855	15.6301742662	Atom	
809.943	-1480.12	-4768.03	-0.165361	0.276614	-0.946647	15.6167927193	Atom	
808.526	-1477.75	-4776.14	-0.23851	0.289998	-0.92683	15.5863536846	Atom	
804.948	-1473.4	-4790.04	-0.282392	0.428208	-0.858424	15.5329657909	Atom	
803.885	-1471.79	-4793.28	-0.433884	0.373787	-0.819773	15.5195324227	Atom	
803.488	-1471.45	-4794.03	-0.375375	0.399809	-0.83621	15.5162600509	Atom	
801.418	-1469.24	-4798.64	-0.362149	0.410806	-0.836711	15.4965646578	Atom	
799.41	-1466.96	-4803.28	-0.366827	0.394857	-0.842334	15.4767444583	Atom	
793.049	-1460.12	-4817.88	-0.220819	0.374775	-0.900435	15.4146952922	Atom	
792.423	-1459.05	-4820.44	-0.242629	0.363938	-0.899266	15.4045142311	Atom	
791.015	-1456.94	-4825.65	-0.234704	0.348438	-0.907472	15.3836829929	Atom	
786.568	-1450.34	-4842.85	-0.232171	0.359241	-0.903904	15.3155587513	Atom	
786.5	-1450.24	-4843.11	-0.240485	0.319651	-0.91651	15.3145124485	Atom	
785.998	-1449.57	-4845.02	-0.250077	0.321128	-0.913421	15.3069842566	Atom	
785.324	-1448.7	-4847.49	-0.254488	0.348815	-0.901978	15.297254473	Atom	
781.482	-1443.44	-4861.11	-0.281722	0.445165	-0.849977	15.2427386227	Atom	
771.955	-1428.38	-4889.85	-0.301317	0.42605	-0.853047	15.1203025617	Atom	
771.625	-1427.92	-4890.78	-0.318723	0.433541	-0.842886	15.1163117495	Atom	
769.356	-1424.83	-4896.78	-0.310004	0.484816	-0.817833	15.0903751121	Atom	
756.796	-1405.19	-4929.92	-0.311611	0.492704	-0.812491	14.9425538586	Atom	
753.004	-1399.19	-4939.81	-0.33047	0.532871	-0.778998	14.8978062782	Atom	
751.011	-1395.98	-4944.5	-0.332648	0.573922	-0.748304	14.8755919807	Atom	
747.459	-1389.85	-4952.49	-0.328247	0.58743	-0.739716	14.8361983179	Atom	
736.802	-1370.78	-4976.51	-0.331683	0.576977	-0.746381	14.7161849831	Atom	
733.68	-1365.35	-4983.54	-0.334114	0.565923	-0.753723	14.6811770472	Atom	
732.656	-1363.61	-4985.84	-0.305236	0.560898	-0.769561	14.6697591075	Atom	
732.507	-1363.34	-4986.22	-0.238805	0.614522	-0.751887	14.6679347648	Atom	
730.638	-1358.53	-4992.11	-0.286807	0.632957	-0.719102	14.6387437096	Atom	
727.777	-1352.22	-4999.28	-0.232234	0.600313	-0.765305	14.6014975636	Atom	
727.558	-1351.65	-5000	-0.232234	0.600313	-0.765305	14.5979719177	Region	
"-----------------------------------------------------------------"
"Trajectory"	95

"NbCollisions"	193
"Zmax"	0
"Display"	256

"Collisions"

"X"	"Y"	"Z"	"Rx"	"Ry"	"Rz"	"Energy"	"CollisionType"	
-0.271787	-0.187327	-5000	-4.32624e-007	-2.12938e-007	1	30	Region	
-0.271792	-0.18733	-4988.21	0.0176769	0.00934515	0.9998	29.9749061861	Atom	
-0.238452	-0.169704	-4986.33	0.0402027	0.0363973	0.998528	29.9708878611	Atom	
2.19551	2.03388	-4925.87	0.0594761	-0.0179328	0.998069	29.8418873238	Atom	
3.52137	1.63412	-4903.63	0.044612	-0.0333167	0.998449	29.7942244373	Atom	
4.20586	1.12292	-4888.31	0.0598601	0.0160668	0.998077	29.7613769188	Atom	
4.91747	1.31392	-4876.44	0.0087524	0.107027	0.994218	29.7359046965	Atom	
4.92522	1.40874	-4875.56	-0.0498922	0.0726726	0.996107	29.7340051526	Atom	
4.0852	2.63232	-4858.79	-0.0563939	0.0534635	0.996976	29.6979021647	Atom	
3.82974	2.8745	-4854.27	-0.0299305	0.0540185	0.998091	29.688179275	Atom	
2.97027	4.42567	-4825.61	-0.0141158	-0.000821052	0.9999	29.6265291454	Atom	
2.89693	4.4214	-4820.42	0.0253211	0.158416	0.987048	29.6153565964	Atom	
3.08455	5.59519	-4813.1	0.0286085	0.16946	0.985122	29.5994175324	Atom	
3.15118	5.98989	-4810.81	0.00892507	0.164771	0.986291	29.5944050679	Atom	
3.17381	6.40751	-4808.31	-0.00283591	0.130706	0.991417	29.5889498921	Atom	
3.16548	6.79129	-4805.4	-0.0344278	0.125718	0.991468	29.582629028	Atom	
2.83231	8.00791	-4795.8	-0.0879854	0.149806	0.984793	29.5617933772	Atom	
2.56336	8.46582	-4792.79	-0.0862438	0.127926	0.988027	29.5552084458	Atom	
1.94398	9.38455	-4785.7	-0.0956724	0.079887	0.992202	29.5397344652	Atom	
-3.7813	14.1652	-4726.32	-0.139314	0.0194457	0.990057	29.410741593	Atom	
-4.83994	14.313	-4718.8	-0.156853	0.038284	0.98688	29.3943045414	Atom	
-5.8396	14.557	-4712.51	-0.158905	0.0586733	0.985549	29.3805126465	Atom	
-13.0835	17.2316	-4667.58	-0.138276	0.0528544	0.988982	29.2818254665	Atom	
-14.1005	17.6204	-4660.31	-0.160089	0.0277431	0.986713	29.2658600577	Atom	
-16.8213	18.0919	-4643.54	-0.358537	-0.903008	-0.236702	29.2289527154	Atom	
-17.1607	17.2371	-4643.76	-0.314114	-0.926661	-0.206476	29.2268948582	Atom	
-18.1144	14.4234	-4644.39	-0.231557	-0.949463	-0.211901	29.2202940957	Atom	
-19.1308	10.2559	-4645.32	-0.223076	-0.948545	-0.22472	29.2107502876	Atom	
-31.3052	-41.5108	-4657.58	-0.236004	-0.947171	-0.217184	29.0920567723	Atom	
-34.0907	-52.6901	-4660.15	-0.231051	-0.955058	-0.185685	29.0663036224	Atom	
-37.025	-64.8192	-4662.5	-0.247048	-0.951849	-0.181522	29.0385735939	Atom	
-41.6317	-82.5681	-4665.89	-0.177182	-0.970201	-0.165275	28.9978274433	Atom	
-43.5844	-93.2607	-4667.71	-0.274974	-0.961418	-0.00807407	28.9737179089	Atom	
-43.7468	-93.8286	-4667.72	-0.296178	-0.954771	-0.0262962	28.9724249272	Atom	
-49.3176	-111.787	-4668.21	-0.194378	-0.978823	0.0642057	28.9312492483	Atom	
-49.3355	-111.877	-4668.2	-0.171468	-0.983246	0.0618624	28.9310480951	Atom	
-50.8066	-120.313	-4667.67	-0.159759	-0.981344	0.106966	28.9122451337	Atom	
-52.2173	-128.978	-4666.73	-0.132247	-0.983676	0.122032	28.8928823762	Atom	
-54.9999	-149.675	-4664.16	0.235949	-0.968691	0.0772363	28.8467209848	Atom	
-52.2873	-160.811	-4663.27	0.228025	-0.97198	0.0570935	28.8214667881	Atom	
-51.4007	-164.591	-4663.05	0.208747	-0.977874	0.0137075	28.812919071	Atom	
-50.8479	-167.18	-4663.02	0.175891	-0.984406	0.00276084	28.8070964937	Atom	
-44.6658	-201.78	-4662.92	0.182027	-0.98326	0.00807114	28.7298024665	Atom	
-43.2293	-209.539	-4662.85	0.351247	-0.931388	0.0956122	28.7124102654	Atom	
-36.3259	-227.845	-4660.98	0.347956	-0.934092	0.079991	28.6690755751	Atom	
-29.7832	-245.409	-4659.47	0.292615	-0.952953	0.0791074	28.6275658601	Atom	
-27.2622	-253.619	-4658.79	0.349134	-0.935195	0.0592921	28.6085248873	Atom	
-15.9138	-284.017	-4656.86	0.366265	-0.928782	0.0566967	28.5366477304	Atom	
-5.29985	-310.932	-4655.22	0.367337	-0.922524	0.118377	28.4724386564	Atom	
-4.67653	-312.497	-4655.02	0.290133	-0.922727	0.253767	28.4686721488	Atom	
1.46307	-332.023	-4649.65	0.27551	-0.951565	0.136449	28.4216953267	Atom	
2.89694	-336.976	-4648.94	0.294425	-0.948157	0.119633	28.4101266893	Atom	
4.88304	-343.372	-4648.13	0.274248	-0.954998	0.112991	28.3951270704	Atom	
6.15548	-347.803	-4647.61	0.261417	-0.961896	0.0801112	28.3848058573	Atom	
20.1444	-399.276	-4643.32	0.229019	-0.973028	0.0276963	28.2657330388	Atom	
22.4788	-409.193	-4643.04	0.225479	-0.970098	0.0898306	28.2429764682	Atom	
30.9384	-445.59	-4639.67	0.218386	-0.975587	0.0231753	28.1591579767	Atom	
34.4066	-461.083	-4639.3	0.22315	-0.97464	-0.0167563	28.1235950731	Atom	
38.3112	-478.137	-4639.59	0.206224	-0.978287	0.0206253	28.0843721594	Atom	
41.1303	-491.511	-4639.31	0.451081	-0.833113	-0.320078	28.053695351	Atom	
46.9026	-502.172	-4643.41	0.447946	-0.840485	-0.304845	28.0249536787	Atom	
72.3974	-550.008	-4660.76	0.477878	-0.855276	-0.20034	27.8970157115	Atom	
88.2353	-578.353	-4667.4	0.40566	-0.907856	-0.10601	27.822244762	Atom	
99.0517	-602.56	-4670.22	0.300515	-0.953751	-0.00709224	27.7619606131	Atom	
100.15	-606.045	-4670.25	0.350736	-0.919102	-0.179545	27.7536853436	Atom	
108.454	-627.805	-4674.5	0.344155	-0.921766	-0.17862	27.7000529649	Atom	
108.482	-627.881	-4674.51	0.352437	-0.930735	-0.0975763	27.6998657562	Atom	
116.886	-650.076	-4676.84	0.307026	-0.948775	-0.0745672	27.6457618049	Atom	
119.98	-659.637	-4677.59	0.228527	-0.971066	-0.0693249	27.6228629067	Atom	
128.557	-696.081	-4680.19	0.336092	-0.941439	0.0271202	27.5375245765	Atom	
142.158	-734.179	-4679.1	0.455747	-0.879132	-0.139364	27.4452795071	Atom	
149.294	-747.945	-4681.28	0.455291	-0.88331	-0.111689	27.4094895236	Atom	
153.248	-755.616	-4682.25	0.450103	-0.88554	-0.115003	27.3896224817	Atom	
155.341	-759.733	-4682.78	0.419884	-0.905143	-0.066434	27.3789791401	Atom	
158.944	-767.5	-4683.35	0.419417	-0.906812	-0.0422081	27.3593294076	Atom	
169.928	-791.249	-4684.46	0.470281	-0.854776	0.21953	27.2993211318	Atom	
187.541	-823.262	-4676.24	0.582194	-0.804973	0.114318	27.2133596821	Atom	
199.64	-839.99	-4673.86	0.63887	-0.757388	0.134939	27.1655408008	Atom	
212.569	-855.319	-4671.13	0.637339	-0.765786	0.0858536	27.1189063973	Atom	
266.588	-920.224	-4663.85	0.660104	-0.743435	0.107554	26.9233396133	Atom	
278.546	-933.691	-4661.91	0.658386	-0.748503	0.0791912	26.8813014235	Atom	
278.825	-934.009	-4661.87	0.604111	-0.785119	0.136525	26.8803162355	Atom	
312.275	-977.482	-4654.31	0.470095	-0.862199	0.188741	26.7516528842	Atom	
332.93	-1015.37	-4646.02	0.481332	-0.860525	-0.16678	26.6491666946	Atom	
353.938	-1052.92	-4653.3	0.485269	-0.86028	-0.156305	26.5470535528	Atom	
363.724	-1070.27	-4656.45	0.357157	-0.906771	-0.224067	26.4997299631	Atom	
364.128	-1071.3	-4656.7	0.277721	-0.879109	-0.387348	26.497070473	Atom	
367.917	-1083.29	-4661.99	0.209173	-0.915751	-0.342996	26.4650007047	Atom	
369.841	-1091.71	-4665.14	0.250257	-0.884349	-0.39408	26.4433679729	Atom	
376.812	-1116.35	-4676.12	0.231801	-0.875757	-0.42346	26.3777962431	Atom	
379.745	-1127.43	-4681.48	0.202045	-0.877377	-0.435187	26.3479486418	Atom	
383.77	-1144.91	-4690.15	0.171787	-0.886129	-0.430424	26.3009155358	Atom	
384.329	-1147.79	-4691.55	0.190345	-0.890949	-0.412285	26.2932229567	Atom	
384.876	-1150.35	-4692.74	0.151332	-0.888382	-0.433446	26.2864244757	Atom	
389.966	-1180.23	-4707.31	0.147428	-0.896585	-0.417613	26.2068781103	Atom	
392.236	-1194.04	-4713.74	0.268615	-0.872998	-0.407087	26.1703675607	Atom	
394.109	-1200.12	-4716.58	0.201415	-0.904655	-0.375541	26.1538219969	Atom	
395.373	-1205.8	-4718.94	0.205367	-0.888233	-0.410934	26.1389150529	Atom	
397.859	-1216.55	-4723.91	0.613214	-0.783702	-0.0988893	26.1101593833	Atom	
401.43	-1221.12	-4724.49	0.582907	-0.801964	-0.130661	26.0963105464	Atom	
401.502	-1221.22	-4724.5	0.621975	-0.769623	-0.144317	26.0960184293	Atom	
413.787	-1236.42	-4727.36	0.678712	-0.730037	-0.0799788	26.0490311064	Atom	
458.26	-1284.25	-4732.6	0.672427	-0.731076	-0.115628	25.8929296207	Atom	
496.628	-1325.97	-4739.19	0.664237	-0.73795	-0.119241	25.7563492341	Atom	
497.664	-1327.12	-4739.38	0.709757	-0.692034	-0.131659	25.7526003055	Atom	
510.243	-1339.38	-4741.71	0.752368	-0.648035	-0.118292	25.7099931748	Atom	
523.389	-1350.71	-4743.78	0.743499	-0.660461	-0.104885	25.6679347413	Atom	
532.332	-1358.65	-4745.04	0.739901	-0.643026	-0.197647	25.6389422129	Atom	
558.335	-1381.25	-4751.99	0.692628	-0.665955	-0.277076	25.5541608486	Atom	
570.582	-1393.02	-4756.89	0.700655	-0.639216	-0.316994	25.5113925628	Atom	
577.322	-1399.17	-4759.94	0.700787	-0.612099	-0.366377	25.4880921798	Atom	
586.813	-1407.46	-4764.9	0.657247	-0.677468	-0.330248	25.4552681218	Atom	
604.707	-1425.91	-4773.89	0.666846	-0.667432	-0.331437	25.3892110875	Atom	
609.708	-1430.91	-4776.37	0.660638	-0.667689	-0.343144	25.3709807349	Atom	
616.716	-1438	-4780.02	0.690119	-0.716295	0.103233	25.3451750862	Atom	
623.624	-1445.17	-4778.98	0.7106	-0.6965	0.099673	25.3208048797	Atom	
625.562	-1447.07	-4778.71	0.704588	-0.699203	0.121119	25.314160512	Atom	
629.78	-1451.25	-4777.98	0.68291	-0.728459	0.0546092	25.2995715879	Atom	
657.289	-1480.59	-4775.79	0.586913	-0.804938	0.0872239	25.2013641652	Atom	
657.931	-1481.48	-4775.69	0.637865	-0.763201	0.103211	25.1986880414	Atom	
658.115	-1481.7	-4775.66	0.583167	-0.812347	0.00296346	25.1979826761	Atom	
658.879	-1482.76	-4775.66	0.5905	-0.80686	-0.0169487	25.1947765575	Atom	
661.191	-1485.92	-4775.72	0.623853	-0.781295	0.0196038	25.1851991778	Atom	
666.747	-1492.88	-4775.55	0.613254	-0.789832	0.00923173	25.1634103912	Atom	
669.068	-1495.87	-4775.51	0.59754	-0.800928	0.0382232	25.1541447253	Atom	
689.084	-1522.7	-4774.23	0.573646	-0.817088	0.0574232	25.0721024195	Atom	
694.159	-1529.92	-4773.72	0.603185	-0.796822	0.035245	25.0503784207	Atom	
711.657	-1553.04	-4772.7	0.723324	-0.688797	-0.0485889	24.9790952454	Atom	
722.65	-1563.51	-4773.44	0.714729	-0.697682	-0.0490086	24.9416673224	Atom	
759.73	-1599.7	-4775.98	0.681691	-0.729271	-0.0588286	24.8137488877	Atom	
772.53	-1613.4	-4777.09	0.680413	-0.731586	-0.0426595	24.7672616465	Atom	
777.346	-1618.58	-4777.39	0.670335	-0.741629	-0.0252339	24.7497118686	Atom	
782.708	-1624.51	-4777.59	0.657643	-0.752206	-0.0411241	24.7298680426	Atom	
792.481	-1635.68	-4778.2	0.64491	-0.764188	0.0103701	24.6929820513	Atom	
793.625	-1637.04	-4778.18	0.660334	-0.750709	0.0198679	24.6885722224	Atom	
794.112	-1637.59	-4778.17	0.654111	-0.755645	0.0337718	24.6867388256	Atom	
801.669	-1646.32	-4777.78	0.717977	-0.69536	-0.0313781	24.6580207136	Atom	
810.729	-1655.1	-4778.18	0.712523	-0.69887	-0.0623912	24.6266238519	Atom	
814.481	-1658.78	-4778.5	0.692484	-0.719027	-0.0588704	24.6135102853	Atom	
815.366	-1659.7	-4778.58	0.681571	-0.708107	-0.184511	24.6103236426	Atom	
822.43	-1667.04	-4780.49	0.651065	-0.740226	-0.167866	24.584496434	Atom	
832.574	-1678.57	-4783.11	0.276495	-0.757205	-0.591769	24.5456419039	Atom	
836.804	-1690.16	-4792.16	0.28506	-0.760629	-0.583253	24.5074333269	Atom	
842.835	-1706.25	-4804.5	0.255383	-0.766977	-0.588664	24.4545392514	Atom	
844.455	-1711.11	-4808.23	0.270974	-0.802448	-0.531649	24.4386586825	Atom	
844.879	-1712.37	-4809.07	0.283319	-0.773161	-0.567409	24.4347363052	Atom	
844.915	-1712.47	-4809.14	0.291092	-0.770098	-0.567639	24.4344138241	Atom	
846.443	-1716.51	-4812.12	0.296505	-0.763285	-0.574004	24.4212569899	Atom	
848.459	-1721.7	-4816.02	0.259731	-0.713611	-0.650614	24.4042132755	Atom	
859.26	-1751.37	-4843.08	0.319249	-0.726963	-0.607951	24.2998973316	Atom	
867.193	-1769.44	-4858.18	0.333119	-0.669064	-0.664368	24.2373549936	Atom	
870.662	-1776.41	-4865.1	0.332333	-0.669709	-0.664112	24.2110838967	Atom	
876.503	-1788.18	-4876.78	0.324936	-0.653812	-0.683335	24.1667195875	Atom	
884.431	-1804.13	-4893.45	0.334051	-0.601371	-0.725784	24.1050402984	Atom	
885.298	-1805.69	-4895.33	0.329666	-0.60318	-0.726288	24.0984646107	Atom	
889.481	-1813.34	-4904.55	0.288309	-0.613702	-0.735015	24.0663221865	Atom	
889.872	-1814.18	-4905.54	0.251897	-0.624077	-0.739646	24.0628821345	Atom	
890.467	-1815.65	-4907.29	0.234268	-0.677611	-0.697109	24.0568899193	Atom	
891.015	-1817.24	-4908.92	0.289348	-0.633316	-0.717766	24.0509507096	Atom	
893.323	-1822.29	-4914.65	0.252864	-0.633351	-0.731386	24.0307155729	Atom	
897.332	-1832.33	-4926.24	0.266999	-0.652081	-0.709579	23.9904521954	Atom	
902.406	-1844.72	-4939.73	0.222213	-0.67164	-0.706768	23.9421327002	Atom	
904.058	-1849.71	-4944.98	0.239402	-0.648746	-0.722368	23.9232054043	Atom	
906.508	-1856.35	-4952.38	0.25852	-0.635988	-0.727109	23.8971194433	Atom	
909.453	-1863.6	-4960.66	0.287771	-0.650799	-0.702602	23.8680694199	Atom	
913.706	-1873.22	-4971.04	0.259752	-0.672343	-0.693169	23.8303356548	Atom	
924.558	-1901.31	-5000	0.259752	-0.672343	-0.693169	23.7235517962	Region	
"-----------------------------------------------------------------"
"Trajectory"	96

"NbCollisions"	466
"Zmax"	0
"Display"	256

"Collisions"

"X"	"Y"	"Z"	"Rx"	"Ry"	"Rz"	"Energy"	"CollisionType"	
-0.187958	-0.122922	-5000	1.51719e-006	2.20052e-006	1	30	Region	
-0.187938	-0.122892	-4986.54	-0.0288154	0.00847897	0.999549	29.971337462	Atom	
-0.720404	0.0337868	-4968.07	-0.0303955	-0.0189554	0.999358	29.9319648407	Atom	
-0.754374	0.0126023	-4966.95	-0.128271	0.117944	0.984701	29.9295810416	Atom	
-3.87029	2.87766	-4943.03	-0.13393	0.127899	0.982703	29.877764661	Atom	
-5.23612	4.18199	-4933.01	-0.0323942	0.145116	0.988884	29.8559810769	Atom	
-5.53862	5.53708	-4923.77	0.0246914	0.200611	0.97936	29.8360230538	Atom	
-5.35078	7.0632	-4916.32	0.0391729	0.181147	0.982676	29.8197551906	Atom	
-4.96781	8.83419	-4906.72	0.0474374	0.124727	0.991056	29.7988396776	Atom	
-4.70928	9.51393	-4901.32	0.0555864	0.0498228	0.99721	29.7871739015	Atom	
-4.03921	10.1145	-4889.3	0.108651	0.0279328	0.993687	29.7613622023	Atom	
-1.86871	10.6725	-4869.44	0.134345	0.0263859	0.990583	29.7185578435	Atom	
2.46453	11.5236	-4837.49	0.125827	0.0870103	0.988229	29.649365742	Atom	
6.34455	14.2067	-4807.02	0.136243	0.0673704	0.988382	29.5830937319	Atom	
8.98947	15.5145	-4787.83	0.196628	0.0716509	0.977857	29.5412967345	Atom	
9.92261	15.8546	-4783.19	0.213756	0.108607	0.970831	29.5310676349	Atom	
10.1919	15.9914	-4781.97	0.207825	0.062312	0.976179	29.5283509954	Atom	
11.4027	16.3544	-4776.28	0.226668	0.0769759	0.970926	29.5157896782	Atom	
13.9948	17.2347	-4765.18	0.277012	0.0500262	0.959563	29.4911231541	Atom	
16.5353	17.6935	-4756.38	0.2295	0.00108174	0.973308	29.4713285881	Atom	
20.1017	17.7103	-4741.25	0.241003	0.0387593	0.96975	29.4377699161	Atom	
21.0909	17.8694	-4737.27	0.244605	0.060974	0.967704	29.4288981003	Atom	
27.3281	19.4242	-4712.6	0.258329	0.055171	0.96448	29.3737693384	Atom	
31.2058	20.2523	-4698.12	0.348881	0.0643021	0.934958	29.3412670634	Atom	
41.5829	22.1649	-4670.31	0.319729	0.0711624	0.944833	29.2768072096	Atom	
45.0706	22.9412	-4660	0.320509	0.0658547	0.944953	29.2531258084	Atom	
63.0936	26.6444	-4606.87	0.327263	0.118954	0.937416	29.1309684648	Atom	
65.514	27.5241	-4599.93	0.334641	0.118201	0.934903	29.1148483425	Atom	
91.5884	36.734	-4527.09	0.247297	0.182962	0.951509	28.9449430162	Atom	
98.3664	41.7487	-4501.01	0.248105	0.160578	0.955332	28.8848968209	Atom	
103.567	45.1147	-4480.98	0.180068	0.119728	0.97634	28.8388984948	Atom	
108.75	48.5611	-4452.88	0.239417	0.153441	0.958716	28.7756518554	Atom	
109.035	48.7438	-4451.74	0.217862	0.172205	0.960667	28.773031388	Atom	
114.082	52.7327	-4429.49	0.203003	0.171198	0.964096	28.7220432488	Atom	
114.814	53.3499	-4426.01	0.242464	0.137177	0.960413	28.7140951448	Atom	
129.022	61.3881	-4369.73	0.21796	0.130691	0.967168	28.5848993624	Atom	
129.99	61.9685	-4365.44	0.33674	0.178532	0.924518	28.5750726561	Atom	
131.417	62.7251	-4361.52	0.185438	0.0970955	0.977847	28.5656925383	Atom	
132.162	63.1153	-4357.59	0.130944	-0.0179647	0.991227	28.5567966679	Atom	
132.93	63.0099	-4351.78	0.205806	0.188343	0.960297	28.5438067089	Atom	
140.02	69.4986	-4318.69	0.204457	0.221772	0.953423	28.4674865445	Atom	
142.219	71.884	-4308.44	0.186063	0.233694	0.954342	28.4436086495	Atom	
148.363	79.5998	-4276.93	0.166831	0.387107	0.906816	28.3702615598	Atom	
157.51	100.826	-4227.2	0.14962	0.415672	0.897123	28.2481983113	Atom	
157.904	101.92	-4224.84	0.0967517	0.399634	0.911555	28.2423223418	Atom	
158.401	103.974	-4220.16	0.0645479	0.405427	0.911846	28.2308370332	Atom	
158.895	107.076	-4213.18	0.0836319	0.305642	0.948467	28.2137397252	Atom	
162.558	120.46	-4171.65	0.109466	0.225883	0.967984	28.1158280627	Atom	
162.79	120.94	-4169.59	-0.0131274	0.29202	0.956322	28.1110688029	Atom	
162.658	123.869	-4160	0.0095096	0.274217	0.961621	28.0885721833	Atom	
162.765	126.936	-4149.24	-0.0594651	0.216713	0.974423	28.0634764683	Atom	
162.756	126.966	-4149.11	0.0119571	0.346484	0.93798	28.0631673646	Atom	
163.051	135.497	-4126.01	0.0337442	0.355205	0.934179	28.0078803534	Atom	
163.896	144.398	-4102.61	0.036696	0.341608	0.939126	27.9515257393	Atom	
163.952	144.919	-4101.17	0.0530601	0.314424	0.947799	27.9480907821	Atom	
164.002	145.213	-4100.29	0.0581936	0.321008	0.945287	27.9459837637	Atom	
164.338	147.067	-4094.83	0.065791	0.261741	0.962893	27.9329689956	Atom	
165.473	151.583	-4078.21	0.0868817	0.258122	0.962198	27.894088723	Atom	
167.664	158.093	-4053.95	0.080797	0.254113	0.963794	27.8371841362	Atom	
167.82	158.581	-4052.1	0.215854	0.178219	0.960023	27.8328421941	Atom	
170.688	160.949	-4039.34	0.180337	0.0849486	0.97993	27.8028096758	Atom	
171.044	161.117	-4037.4	0.169927	0.170923	0.970521	27.7983346845	Atom	
174.484	164.577	-4017.76	0.218202	0.191854	0.95686	27.7525390334	Atom	
180.836	170.161	-3989.9	0.172473	0.198462	0.964814	27.6865965682	Atom	
184.28	174.125	-3970.63	0.234371	0.246933	0.940263	27.6412673607	Atom	
195.23	185.662	-3926.7	0.223946	0.230753	0.94689	27.5350864846	Atom	
195.47	185.909	-3925.69	0.265815	0.228847	0.936468	27.5326496175	Atom	
196.907	187.146	-3920.63	0.244547	0.19414	0.950004	27.5203247148	Atom	
197.828	187.877	-3917.05	0.260434	0.133214	0.956257	27.5117301578	Atom	
211.781	195.014	-3865.82	0.312264	0.119007	0.942512	27.389517613	Atom	
216.056	196.643	-3852.92	0.353471	0.185382	0.916892	27.3581784767	Atom	
217.567	197.436	-3849	0.35685	0.187754	0.915099	27.3483804995	Atom	
220.939	199.21	-3840.35	0.379005	0.145456	0.913892	27.326724453	Atom	
233.991	204.219	-3808.88	0.382516	0.151173	0.911498	27.2477457329	Atom	
235.566	204.842	-3805.12	0.326086	0.210596	0.921584	27.2382758881	Atom	
256.219	218.18	-3746.75	0.356451	0.158393	0.92079	27.0926434706	Atom	
259.284	219.542	-3738.84	0.346834	0.13796	0.927725	27.0727906854	Atom	
260.809	220.149	-3734.76	0.326983	0.112994	0.938251	27.0626296518	Atom	
262.005	220.562	-3731.33	0.320301	0.133377	0.937879	27.0541807029	Atom	
263.806	221.312	-3726.05	0.414043	0.0718193	0.90742	27.0411819318	Atom	
266.734	221.82	-3719.64	0.400184	0.0783685	0.913078	27.0248267151	Atom	
276.936	223.818	-3696.36	0.300525	0.240251	0.923019	26.9658427089	Atom	
279.064	225.52	-3689.82	0.300895	0.23096	0.925267	26.9494236532	Atom	
279.171	225.602	-3689.49	0.27102	0.206269	0.940213	26.9485987438	Atom	
282.445	228.093	-3678.13	0.310877	0.212318	0.926432	26.9205887947	Atom	
283.275	228.66	-3675.66	0.334301	0.186913	0.923746	26.9143893531	Atom	
284.131	229.139	-3673.29	0.213298	0.205285	0.955176	26.9084464436	Atom	
286.106	231.04	-3664.45	0.229882	0.223049	0.947314	26.8869465846	Atom	
286.151	231.083	-3664.26	0.17652	0.201314	0.96349	26.886493498	Atom	
286.777	231.797	-3660.85	0.172719	0.161248	0.971683	26.8782544079	Atom	
287.14	232.136	-3658.81	0.207002	0.119949	0.970959	26.873373069	Atom	
290.16	233.886	-3644.64	0.157014	0.188185	0.969501	26.8394682744	Atom	
291.078	234.986	-3638.97	0.184142	0.189789	0.964402	26.8258622019	Atom	
296.019	240.079	-3613.1	0.193761	0.16612	0.966882	26.7634140468	Atom	
299.926	243.429	-3593.6	0.205473	0.104869	0.973028	26.7163949919	Atom	
313.647	250.432	-3528.62	0.173473	0.222005	0.95949	26.5604739006	Atom	
317.028	254.759	-3509.92	0.24245	0.229476	0.942634	26.5147508918	Atom	
318.891	256.521	-3502.68	0.230601	0.218881	0.948111	26.4967083896	Atom	
322.787	260.22	-3486.66	0.313818	0.273244	0.909316	26.4569967456	Atom	
326.914	263.813	-3474.7	0.314686	0.287608	0.904574	26.4260486288	Atom	
329.558	266.229	-3467.1	0.233105	0.363076	0.90213	26.4062621821	Atom	
329.603	266.299	-3466.93	0.146964	0.309542	0.93946	26.4058093528	Atom	
338.488	285.014	-3410.13	-0.0788074	0.323569	0.942917	26.2633191636	Atom	
338.247	286.004	-3407.24	-0.0128742	0.283816	0.958792	26.2560812589	Atom	
338.225	286.484	-3405.62	0.173636	0.256882	0.950717	26.2520767689	Atom	
341.197	290.88	-3389.35	0.110433	0.226169	0.967808	26.2115563194	Atom	
341.974	292.471	-3382.55	0.0742653	0.174203	0.981905	26.1948876227	Atom	
343.409	295.838	-3363.57	0.120412	0.0550762	0.991195	26.1490419007	Atom	
344.358	296.272	-3355.75	0.112852	-0.0180812	0.993447	26.1303233014	Atom	
346.372	295.949	-3338.02	0.104098	-0.0870939	0.990746	26.0879060724	Atom	
353.834	289.706	-3267	0.101267	-0.113529	0.98836	25.9173403196	Atom	
357.109	286.035	-3235.04	0.0865574	-0.120834	0.988892	25.8399872284	Atom	
359.045	283.333	-3212.93	0.0318188	-0.07907	0.996361	25.7863832966	Atom	
359.662	281.798	-3193.59	0.105104	-0.0222474	0.994212	25.7397543046	Atom	
360.762	281.565	-3183.18	0.111916	-0.0343115	0.993125	25.7145862732	Atom	
361.094	281.463	-3180.24	0.13476	-0.0263872	0.990527	25.7074607764	Atom	
361.206	281.441	-3179.42	0.138269	-0.0499555	0.989134	25.7054586161	Atom	
362.553	280.955	-3169.78	0.129482	0.0751313	0.988731	25.6820043938	Atom	
374.619	287.956	-3077.64	0.142237	0.0735563	0.987096	25.4574956713	Atom	
375.794	288.564	-3069.48	0.163453	0.358629	0.919058	25.4374425643	Atom	
380.385	298.637	-3043.67	0.180495	0.359897	0.915367	25.3692583563	Atom	
383.584	305.014	-3027.45	0.146917	0.381067	0.9128	25.3261506079	Atom	
386.497	312.569	-3009.35	0.0110836	0.272192	0.962179	25.2778559348	Atom	
386.758	318.98	-2986.69	-0.0588058	0.32355	0.944382	25.2203911737	Atom	
386.484	320.485	-2982.3	-0.0797281	0.30532	0.948906	25.2090243824	Atom	
385.241	325.247	-2967.5	-0.086108	0.313917	0.945538	25.1708960185	Atom	
383.418	331.892	-2947.48	-0.0858221	0.319174	0.943802	25.1190789434	Atom	
382.99	333.482	-2942.78	-0.197119	0.252617	0.947274	25.106860629	Atom	
381.222	335.748	-2934.28	-0.198083	0.226569	0.95364	25.0848581925	Atom	
378.011	339.421	-2918.82	-0.199771	0.498688	0.843447	25.0450666022	Atom	
377.12	341.646	-2915.06	-0.43678	0.420447	0.795266	25.034104421	Atom	
371.228	347.317	-2904.33	-0.581667	0.312462	0.75102	25.0009396878	Atom	
365.707	350.283	-2897.21	-0.644595	0.277704	0.712304	24.977582545	Atom	
361.603	352.051	-2892.67	-0.626125	0.271075	0.731085	24.9619026586	Atom	
338.151	362.204	-2865.29	-0.623889	0.278987	0.730019	24.8696065431	Atom	
323.056	368.954	-2847.63	-0.614875	0.21947	0.757471	24.8098146295	Atom	
320.781	369.767	-2844.82	-0.572392	0.284607	0.769003	24.8006519273	Atom	
303.128	378.544	-2821.11	-0.529012	0.262741	0.806916	24.7242669024	Atom	
293.027	383.561	-2805.7	-0.554758	0.255043	0.791957	24.6768630232	Atom	
284.542	387.461	-2793.59	-0.713757	0.206145	0.669369	24.6388314543	Atom	
277.25	389.568	-2786.75	-0.725212	0.151873	0.671566	24.6133962725	Atom	
277.179	389.583	-2786.68	-0.667564	0.143575	0.730578	24.613149663	Atom	
273.553	390.362	-2782.71	-0.693221	0.123771	0.710018	24.5996170918	Atom	
260.636	392.669	-2769.48	-0.696933	0.0981915	0.710383	24.5531692504	Atom	
248.094	394.436	-2756.7	-0.703529	0.0711359	0.707097	24.5082448034	Atom	
247.156	394.53	-2755.76	-0.6925	0.0716242	0.717854	24.5049111978	Atom	
244.922	394.762	-2753.44	-0.685282	0.0118264	0.728182	24.4968446891	Atom	
242.106	394.81	-2750.45	-0.727624	-0.0743746	0.681933	24.4865668507	Atom	
226.28	393.192	-2735.62	-0.725141	-0.0902279	0.682663	24.4321530068	Atom	
218.258	392.194	-2728.06	-0.712247	-0.135308	0.688764	24.4044264572	Atom	
216.252	391.813	-2726.12	-0.713188	-0.152076	0.684278	24.3973593972	Atom	
193.287	386.916	-2704.09	-0.709174	-0.160756	0.686462	24.3165683856	Atom	
190.125	386.199	-2701.03	-0.750069	-0.300051	0.589378	24.3053512886	Atom	
151.701	370.829	-2670.84	-0.748808	-0.269935	0.605328	24.1764346983	Atom	
138.518	366.076	-2660.18	-0.758785	-0.261395	0.596589	24.1319428905	Atom	
82.4457	346.76	-2616.09	-0.764677	-0.282439	0.579222	23.9449230569	Atom	
59.4476	338.265	-2598.67	-0.804889	-0.18465	0.563966	23.8683380518	Atom	
58.4742	338.042	-2597.99	-0.860139	-0.101404	0.499878	23.8652507694	Atom	
45.159	336.472	-2590.25	-0.871503	-0.0708245	0.485249	23.8257277214	Atom	
38.8953	335.963	-2586.77	-0.858721	-0.0850292	0.50534	23.8073539067	Atom	
30.6437	335.146	-2581.91	-0.867545	-0.110121	0.485015	23.7827734481	Atom	
6.05888	332.026	-2568.16	-0.850859	-0.143155	0.505515	23.7102242809	Atom	
0.647826	331.115	-2564.95	-0.83409	-0.376324	0.403327	23.6939039705	Atom	
-11.5558	325.609	-2559.05	-0.99453	-0.102266	0.0212653	23.6563360286	Atom	
-16.3111	325.12	-2558.95	-0.975539	-0.0457986	-0.215004	23.6440435662	Atom	
-36.2253	324.185	-2563.34	-0.908128	-0.104293	-0.405494	23.5915411765	Atom	
-51.9816	322.376	-2570.37	-0.905869	-0.111019	-0.408749	23.5468388349	Atom	
-89.8753	317.732	-2587.47	-0.838996	-0.219594	-0.497859	23.4389007241	Atom	
-91.9986	317.176	-2588.73	-0.846483	-0.209546	-0.489446	23.4323470522	Atom	
-105.383	313.863	-2596.47	-0.873203	-0.190626	-0.448529	23.3913904933	Atom	
-108.077	313.274	-2597.85	-0.902206	-0.149607	-0.404527	23.3833868154	Atom	
-121.805	310.998	-2604.01	-0.911654	-0.152841	-0.38148	23.3439088815	Atom	
-122.509	310.88	-2604.3	-0.894508	0.00535428	-0.447021	23.3419029496	Atom	
-159.544	311.102	-2622.81	-0.885232	0.0263023	-0.464406	23.2343323813	Atom	
-172.836	311.497	-2629.78	-0.804278	-0.169458	-0.56958	23.1951774381	Atom	
-175.868	310.858	-2631.93	-0.811831	-0.163618	-0.560499	23.1853362795	Atom	
-177.735	310.482	-2633.22	-0.794401	-0.260816	-0.548545	23.1793280084	Atom	
-184.516	308.255	-2637.9	-0.824667	-0.218054	-0.521897	23.1570267569	Atom	
-201.297	303.818	-2648.52	-0.835692	-0.197964	-0.512277	23.1038257066	Atom	
-217.197	300.052	-2658.27	-0.849316	-0.185191	-0.494334	23.0539918318	Atom	
-223.729	298.627	-2662.07	-0.837269	-0.184744	-0.514637	23.0338137528	Atom	
-227.329	297.833	-2664.28	-0.759259	-0.192119	-0.621784	23.0225241578	Atom	
-227.567	297.773	-2664.48	-0.689478	-0.119243	-0.714423	23.0217015895	Atom	
-258.335	292.452	-2696.36	-0.697529	-0.126463	-0.705309	22.9044871678	Atom	
-262.143	291.761	-2700.21	-0.661348	-0.0791708	-0.74589	22.8900900652	Atom	
-263.74	291.57	-2702.01	-0.621831	-0.0881121	-0.778179	22.8837222353	Atom	
-275.713	289.873	-2717	-0.599401	-0.103589	-0.793718	22.8329058433	Atom	
-281.776	288.826	-2725.02	-0.594878	-0.126962	-0.793726	22.8061634324	Atom	
-283.093	288.544	-2726.78	-0.292655	-0.138109	-0.946192	22.8003057458	Atom	
-284.286	287.981	-2730.64	-0.291514	-0.00487405	-0.956554	22.7895153384	Atom	
-284.703	287.974	-2732.01	-0.273834	0.00299779	-0.961772	22.7857295515	Atom	
-286.82	287.998	-2739.44	-0.288473	0.0553097	-0.955889	22.7652579849	Atom	
-287.648	288.156	-2742.18	-0.335715	0.067422	-0.939548	22.7576568194	Atom	
-289.306	288.489	-2746.82	0.0208213	0.335735	-0.941726	22.7445662604	Atom	
-288.754	297.393	-2771.8	0.0128066	0.32752	-0.944757	22.6742378804	Atom	
-288.67	299.538	-2777.99	-0.00932428	0.358998	-0.933292	22.6568306494	Atom	
-289.167	318.698	-2827.8	-0.012528	0.343644	-0.939016	22.5148707314	Atom	
-289.176	318.925	-2828.42	-0.00365232	0.319944	-0.947429	22.5131052934	Atom	
-289.241	324.643	-2845.35	-0.0184959	0.311469	-0.950076	22.4653320506	Atom	
-289.27	325.127	-2846.82	-0.016643	0.383848	-0.923246	22.4611742344	Atom	
-289.509	330.652	-2860.11	0.0452025	0.387121	-0.92092	22.422624381	Atom	
-288.94	335.528	-2871.71	0.0640813	0.390345	-0.918436	22.3888478474	Atom	
-287.957	341.517	-2885.8	0.0976568	0.397047	-0.912588	22.3476547496	Atom	
-287.43	343.659	-2890.73	0.0536668	0.366893	-0.928714	22.3331483717	Atom	
-286.174	352.246	-2912.47	0.0370909	0.371834	-0.927558	22.2701837009	Atom	
-285.48	359.2	-2929.81	0.031175	0.391715	-0.919559	22.2197622971	Atom	
-284.857	367.027	-2948.19	0.039144	0.375249	-0.926097	22.1657936815	Atom	
-284.622	369.286	-2953.76	0.0985882	0.389745	-0.915631	22.1495056825	Atom	
-284.101	371.343	-2958.59	-0.0281598	0.365736	-0.930292	22.1352125974	Atom	
-284.259	373.392	-2963.8	-0.0516496	0.367953	-0.928409	22.1200393788	Atom	
-284.922	378.115	-2975.72	-0.108965	0.240637	-0.96448	22.0852503768	Atom	
-288.472	385.955	-3007.14	-0.0798029	0.241488	-0.967117	21.996832615	Atom	
-289.442	388.891	-3018.9	-0.085156	0.243243	-0.96622	21.9637335778	Atom	
-290.742	392.604	-3033.65	-0.00898863	0.319956	-0.94739	21.92212007	Atom	
-290.769	393.574	-3036.52	-0.0197471	0.293353	-0.9558	21.9138485641	Atom	
-291.02	397.295	-3048.65	-0.0312219	0.237882	-0.970792	21.8792155087	Atom	
-291.078	397.738	-3050.46	-0.0205645	0.226112	-0.973884	21.8741142809	Atom	
-291.113	398.125	-3052.13	0.253676	0.24009	-0.93702	21.8694358069	Atom	
-290.977	398.254	-3052.63	0.189619	0.191934	-0.962915	21.8679709174	Atom	
-289.242	400.01	-3061.44	0.189188	0.166745	-0.96768	21.8429423055	Atom	
-288.971	400.25	-3062.83	0.29018	0.15063	-0.945043	21.8390120259	Atom	
-280.95	404.413	-3088.95	0.290402	0.119108	-0.949463	21.7633400386	Atom	
-274.892	406.898	-3108.76	0.25993	0.251955	-0.932178	21.7060669291	Atom	
-274.237	407.532	-3111.1	0.390718	0.325482	-0.861046	21.6991402496	Atom	
-271.109	410.139	-3118	0.386002	0.341669	-0.856892	21.6771062238	Atom	
-267.483	413.348	-3126.05	0.327423	0.360719	-0.873313	21.6512418821	Atom	
-259.098	422.586	-3148.41	0.247507	0.249084	-0.936321	21.5806479949	Atom	
-257.813	423.879	-3153.27	0.242622	0.2242	-0.943858	21.5662971649	Atom	
-257.212	424.435	-3155.61	0.250938	0.20319	-0.946437	21.5594465782	Atom	
-254.816	426.374	-3164.65	0.264376	0.162027	-0.950712	21.5330422767	Atom	
-253.307	427.299	-3170.07	0.274034	0.196194	-0.941495	21.5172457032	Atom	
-251.369	428.687	-3176.73	0.323312	0.0892425	-0.942075	21.4976479495	Atom	
-242.582	431.112	-3202.34	0.407175	0.219422	-0.886602	21.4223165847	Atom	
-240.988	431.971	-3205.81	0.377483	0.225205	-0.898214	21.4114349208	Atom	
-229.907	438.582	-3232.17	0.402905	0.257027	-0.87841	21.3298091485	Atom	
-212.036	449.983	-3271.14	0.372343	0.314639	-0.873134	21.206099229	Atom	
-210.314	451.438	-3275.18	0.32819	0.27742	-0.902956	21.1931442043	Atom	
-203.776	456.964	-3293.16	0.328439	0.222143	-0.91803	21.1373016188	Atom	
-188.557	467.258	-3335.7	0.330291	0.231209	-0.915123	21.00714191	Atom	
-187.676	467.875	-3338.14	0.309735	0.176315	-0.934332	20.9996156199	Atom	
-184.071	469.927	-3349.02	0.285121	0.206203	-0.936048	20.9667566812	Atom	
-179.566	473.185	-3363.81	0.264071	0.231069	-0.936415	20.9220933014	Atom	
-177.823	474.71	-3369.99	0.249969	0.327363	-0.911235	20.9034025838	Atom	
-174.157	479.512	-3383.35	0.266618	0.323911	-0.907743	20.8618385314	Atom	
-173.152	480.732	-3386.77	0.251158	0.219758	-0.94267	20.8511492278	Atom	
-169.155	484.229	-3401.78	0.256953	0.251531	-0.933117	20.8059670061	Atom	
-168.158	485.206	-3405.4	0.258773	0.263611	-0.929272	20.7949291588	Atom	
-159.459	494.067	-3436.63	0.245848	0.259614	-0.933895	20.6992920374	Atom	
-154.576	499.223	-3455.18	0.243026	0.28474	-0.927287	20.6425773013	Atom	
-152.617	501.518	-3462.66	0.271419	0.274087	-0.922609	20.6195115218	Atom	
-150.837	503.316	-3468.71	0.313309	0.299314	-0.901248	20.600727931	Atom	
-150.618	503.526	-3469.34	0.308847	0.249849	-0.917709	20.5987187623	Atom	
-137.948	513.775	-3506.99	0.243165	0.298043	-0.923061	20.4811384988	Atom	
-134.304	518.242	-3520.82	0.333834	0.298904	-0.893986	20.4379910283	Atom	
-132.514	519.844	-3525.61	0.44548	0.165553	-0.879852	20.4225280746	Atom	
-127.509	521.704	-3535.5	0.49806	0.323104	-0.804699	20.3901073115	Atom	
-125.615	522.933	-3538.56	0.501172	0.376599	-0.779102	20.3791209449	Atom	
-124.377	523.863	-3540.48	0.523671	0.259443	-0.811454	20.3719797325	Atom	
-118.9	526.577	-3548.97	0.468858	0.300199	-0.830694	20.3417416569	Atom	
-87.8025	546.488	-3604.07	0.458857	0.301167	-0.835912	20.1497559206	Atom	
-75.472	554.581	-3626.53	0.46959	0.314577	-0.824941	20.071393552	Atom	
-70.7977	557.712	-3634.74	0.459054	0.20503	-0.864426	20.0422776471	Atom	
-69.4034	558.335	-3637.37	0.527309	0.164398	-0.833618	20.0333834174	Atom	
-65.5637	559.532	-3643.44	0.516031	0.195654	-0.833925	20.0120526003	Atom	
-48.9309	565.838	-3670.32	0.516968	0.237252	-0.822469	19.9175546353	Atom	
-36.9968	571.315	-3689.3	0.47318	0.087165	-0.876643	19.849623569	Atom	
-31.7261	572.286	-3699.07	0.452168	0.0578986	-0.890052	19.81675798	Atom	
-25.6949	573.059	-3710.94	0.453657	0.0355136	-0.890468	19.7773522917	Atom	
-25.3115	573.089	-3711.69	0.521611	0.100133	-0.847287	19.7748510719	Atom	
-20.8508	573.945	-3718.94	0.513758	0.115146	-0.850173	19.7495447977	Atom	
-8.90206	576.623	-3738.71	0.52139	0.124609	-0.844171	19.6806513114	Atom	
-2.58547	578.132	-3748.94	0.467861	0.148879	-0.871172	19.6446666154	Atom	
21.7957	585.891	-3794.34	0.525812	0.154467	-0.836458	19.4896578151	Atom	
23.1798	586.297	-3796.54	0.544695	0.156402	-0.823921	19.4817794093	Atom	
44.1057	592.306	-3828.19	0.513471	0.15981	-0.843094	19.3667598284	Atom	
51.3592	594.564	-3840.1	0.475683	0.151107	-0.866541	19.3242704024	Atom	
52.493	594.924	-3842.17	0.463175	0.127466	-0.877053	19.3170891783	Atom	
52.6813	594.976	-3842.52	0.262842	0.105758	-0.959025	19.31586381	Atom	
62.1097	598.769	-3876.92	0.302972	0.104895	-0.947209	19.207749955	Atom	
62.4202	598.877	-3877.9	0.28956	0.360613	-0.88663	19.2046477275	Atom	
65.269	602.425	-3886.62	0.260867	0.37438	-0.889825	19.1748610939	Atom	
66.6726	604.439	-3891.41	0.322612	0.318272	-0.891417	19.1585511189	Atom	
73.9976	611.665	-3911.65	0.299259	0.31761	-0.89976	19.0896807528	Atom	
87.3731	625.861	-3951.86	0.347272	0.272493	-0.897301	18.9537274681	Atom	
94.9807	631.831	-3971.52	0.356146	0.261026	-0.897232	18.8867204294	Atom	
96.111	632.659	-3974.37	0.369577	0.201163	-0.907164	18.8769859417	Atom	
96.5536	632.9	-3975.45	0.492126	0.267282	-0.828475	18.8733111094	Atom	
123.405	647.483	-4020.66	0.651516	0.254206	-0.714777	18.7058668969	Atom	
131.068	650.473	-4029.06	0.514643	0.0437383	-0.856288	18.6695173878	Atom	
147.064	651.833	-4055.68	0.510044	0.0869276	-0.855744	18.5733243473	Atom	
160.659	654.15	-4078.49	0.563655	0.0432087	-0.824879	18.4904983453	Atom	
160.976	654.174	-4078.95	0.555716	0.051865	-0.829753	18.4887419842	Atom	
171.688	655.174	-4094.95	0.541238	0.065626	-0.838304	18.4286277046	Atom	
172.972	655.33	-4096.93	0.350999	0.146399	-0.924861	18.4212117335	Atom	
174.844	656.11	-4101.86	0.352991	0.119959	-0.927905	18.4045384589	Atom	
186.075	659.927	-4131.39	0.349908	-0.109124	-0.930407	18.3049588485	Atom	
199.948	655.601	-4168.28	0.327597	-0.110091	-0.938382	18.1803627579	Atom	
201.533	655.068	-4172.82	0.302049	-0.165898	-0.938746	18.1650732726	Atom	
208.642	651.163	-4194.91	0.331393	-0.148641	-0.931711	18.0906567698	Atom	
212.092	649.616	-4204.61	0.32835	-0.190445	-0.925158	18.0576370848	Atom	
214.684	648.113	-4211.91	0.343362	-0.17313	-0.923108	18.0325687383	Atom	
219.605	645.632	-4225.14	0.672125	-0.382508	-0.633984	17.987001714	Atom	
241.703	633.056	-4245.99	0.452154	-0.630389	-0.631004	17.8822570498	Atom	
246.164	626.836	-4252.21	0.464314	-0.628079	-0.624443	17.8506830966	Atom	
252.219	618.646	-4260.36	0.455513	-0.556414	-0.694918	17.8088905553	Atom	
262.258	606.382	-4275.67	0.501955	-0.571438	-0.649231	17.738128529	Atom	
271.531	595.826	-4287.67	0.47211	-0.590318	-0.654704	17.6786378224	Atom	
287.849	575.421	-4310.3	0.479972	-0.598677	-0.641259	17.5670279255	Atom	
291.969	570.283	-4315.8	0.618859	-0.41051	-0.669698	17.5391794054	Atom	
291.98	570.276	-4315.81	0.61762	-0.409403	-0.671517	17.5391204945	Atom	
297.905	566.348	-4322.25	0.596092	-0.462135	-0.656586	17.5079522811	Atom	
298.431	565.941	-4322.83	0.586452	-0.489206	-0.645563	17.5050841003	Atom	
301.414	563.452	-4326.12	0.665507	-0.507058	-0.547715	17.488531763	Atom	
316.783	551.743	-4338.76	0.680012	-0.48649	-0.548554	17.4133399332	Atom	
335.616	538.269	-4353.96	0.712646	-0.390363	-0.582883	17.322856656	Atom	
348.555	531.181	-4364.54	0.718555	-0.449907	-0.530342	17.2633022154	Atom	
361.215	523.254	-4373.88	0.751796	-0.434243	-0.496222	17.2053528493	Atom	
376.059	514.681	-4383.68	0.752099	-0.44514	-0.486001	17.1402465166	Atom	
388.001	507.613	-4391.4	0.771857	-0.48486	-0.411275	17.0877334531	Atom	
396.387	502.345	-4395.87	0.775604	-0.431926	-0.460303	17.051716097	Atom	
401.799	499.331	-4399.08	0.778479	-0.433459	-0.453965	17.0285457349	Atom	
406.244	496.856	-4401.67	0.741844	-0.456015	-0.491647	17.0095634754	Atom	
425.768	484.855	-4414.61	0.770965	-0.317216	-0.552256	16.9220091683	Atom	
427.61	484.096	-4415.93	0.765595	-0.311662	-0.562789	16.9140257346	Atom	
429.279	483.417	-4417.16	0.6897	-0.223703	-0.688673	16.9067410369	Atom	
435.688	481.338	-4423.56	0.758228	-0.18766	-0.624398	16.8756824389	Atom	
440.987	480.027	-4427.92	0.767519	-0.190861	-0.611953	16.8522902958	Atom	
444.979	479.034	-4431.1	0.774367	-0.181283	-0.606212	16.8348615251	Atom	
458.119	475.958	-4441.39	0.783849	-0.187525	-0.591959	16.7779551976	Atom	
462.248	474.97	-4444.51	0.770494	-0.195921	-0.606592	16.7602440044	Atom	
467.464	473.644	-4448.61	0.781302	-0.215661	-0.585712	16.7374635124	Atom	
468.789	473.278	-4449.61	0.736275	-0.247914	-0.629633	16.7317513894	Atom	
472.189	472.133	-4452.51	0.760437	-0.293618	-0.579245	16.716190847	Atom	
473.182	471.75	-4453.27	0.757507	-0.288228	-0.585753	16.7117869938	Atom	
479.822	469.223	-4458.41	0.748157	-0.293652	-0.595004	16.6822233203	Atom	
483.083	467.943	-4461	0.730711	-0.29889	-0.613781	16.6675005543	Atom	
485.713	466.868	-4463.21	0.635603	-0.298644	-0.711913	16.6553395281	Atom	
499.22	460.521	-4478.34	0.653665	-0.281317	-0.702554	16.5834783277	Atom	
501.427	459.571	-4480.71	0.595025	-0.233228	-0.769123	16.5720216239	Atom	
501.49	459.547	-4480.79	0.616661	-0.467632	-0.633285	16.571666042	Atom	
518.584	446.584	-4498.35	0.641006	-0.480785	-0.598295	16.4775627185	Atom	
531.568	436.845	-4510.46	0.679413	-0.351056	-0.644328	16.4084992317	Atom	
534.579	435.29	-4513.32	0.628701	-0.412945	-0.658947	16.3933417846	Atom	
538.765	432.54	-4517.71	0.544135	-0.476896	-0.690281	16.3705459351	Atom	
541.67	429.994	-4521.39	0.56515	-0.509167	-0.649118	16.3522502754	Atom	
542.837	428.943	-4522.73	0.62404	-0.515349	-0.587358	16.3451721542	Atom	
546.023	426.311	-4525.73	0.626021	-0.520078	-0.581048	16.3276540215	Atom	
549.692	423.263	-4529.14	0.628502	-0.409004	-0.661589	16.3075285562	Atom	
555.141	419.717	-4534.87	0.688806	-0.374833	-0.620521	16.277730679	Atom	
558.341	417.976	-4537.76	0.785477	-0.347884	-0.511862	16.2617404975	Atom	
558.819	417.764	-4538.07	0.800153	-0.334705	-0.497722	16.2596443884	Atom	
565.713	414.88	-4542.36	0.783415	-0.33414	-0.524035	16.2299629571	Atom	
580.815	408.439	-4552.46	0.843952	-0.386779	-0.37168	16.1634609884	Atom	
582.996	407.44	-4553.42	0.816848	-0.448355	-0.362957	16.1545190523	Atom	
586.36	405.593	-4554.91	0.674162	-0.493071	-0.549897	16.1402615888	Atom	
600.408	395.319	-4566.37	0.642343	-0.519912	-0.563105	16.0680684994	Atom	
611.246	386.546	-4575.87	0.578592	-0.590274	-0.562857	16.0094100811	Atom	
612.25	385.522	-4576.85	0.54455	-0.594374	-0.591764	16.0033588115	Atom	
616.342	381.056	-4581.3	0.53241	-0.618259	-0.578182	15.9771570285	Atom	
620.188	376.59	-4585.47	0.626225	-0.506585	-0.592633	15.9519342675	Atom	
620.331	376.475	-4585.61	0.810714	-0.40759	-0.420253	15.9511370303	Atom	
627.082	373.08	-4589.11	0.772743	-0.404431	-0.489187	15.922022868	Atom	
628.618	372.276	-4590.08	0.779348	-0.395065	-0.486354	15.9150634714	Atom	
639.918	366.548	-4597.13	0.766256	-0.426592	-0.48049	15.8642833484	Atom	
647.766	362.179	-4602.05	0.736424	-0.424633	-0.526657	15.8283239333	Atom	
648.552	361.726	-4602.61	0.727916	-0.41799	-0.543528	15.8245702103	Atom	
652.655	359.37	-4605.68	0.716236	-0.434741	-0.545899	15.8047447032	Atom	
655.701	357.521	-4608	0.715571	-0.436622	-0.54527	15.7897663116	Atom	
662.386	353.442	-4613.09	0.711785	-0.439533	-0.54788	15.7568487815	Atom	
667.402	350.344	-4616.95	0.809636	-0.467384	-0.355022	15.7319782846	Atom	
669.658	349.042	-4617.94	0.814007	-0.448439	-0.369181	15.7221308368	Atom	
689.79	337.951	-4627.07	0.668094	-0.659075	-0.345356	15.6346987203	Atom	
695.483	332.335	-4630.02	0.659593	-0.640392	-0.39349	15.6044406836	Atom	
704.094	323.974	-4635.15	0.65408	-0.680047	-0.331233	15.558019181	Atom	
705.154	322.872	-4635.69	0.654214	-0.645219	-0.394584	15.5522440814	Atom	
714.329	313.824	-4641.22	0.673949	-0.631484	-0.383433	15.5022499491	Atom	
721.716	306.903	-4645.43	0.52254	-0.659305	-0.54062	15.4630787257	Atom	
721.926	306.637	-4645.64	0.549515	-0.642779	-0.533731	15.461637608	Atom	
731.923	294.943	-4655.35	0.510487	-0.733169	-0.449295	15.3964887962	Atom	
738.092	286.083	-4660.78	0.524794	-0.717121	-0.458617	15.3530725914	Atom	
742.68	279.813	-4664.79	0.543781	-0.801457	-0.248936	15.3215923003	Atom	
744.318	277.4	-4665.54	0.569379	-0.774532	-0.275514	15.3107313464	Atom	
747.48	273.098	-4667.07	0.595348	-0.726385	-0.343402	15.2906918232	Atom	
753.856	265.32	-4670.75	0.582857	-0.754196	-0.302435	15.2520156234	Atom	
760.236	257.064	-4674.06	0.593692	-0.750658	-0.2899	15.212403254	Atom	
761.407	255.583	-4674.63	0.554882	-0.769234	-0.316837	15.2052477254	Atom	
762.359	254.264	-4675.18	0.566046	-0.781158	-0.263408	15.1990268195	Atom	
766.398	248.689	-4677.06	0.568334	-0.746424	-0.346189	15.173130758	Atom	
767.442	247.318	-4677.69	0.538031	-0.745887	-0.392651	15.1664600912	Atom	
769.263	244.793	-4679.02	0.517317	-0.771238	-0.370912	15.1541578181	Atom	
771.105	242.048	-4680.34	0.457801	-0.8163	-0.352239	15.1412102591	Atom	
776.706	232.061	-4684.65	0.453172	-0.825151	-0.337285	15.0966861456	Atom	
789.547	208.679	-4694.21	0.459921	-0.840106	-0.287568	14.9933323153	Atom	
791.816	204.535	-4695.63	0.42619	-0.840227	-0.335231	14.9752450513	Atom	
792.842	202.512	-4696.43	0.467173	-0.79811	-0.380487	14.9664112248	Atom	
793.102	202.068	-4696.65	0.447496	-0.834756	-0.320827	14.9643659328	Atom	
801.407	186.576	-4702.6	0.460429	-0.815717	-0.350159	14.8962143039	Atom	
804.259	181.522	-4704.77	0.0224762	-0.974244	-0.224372	14.8733857154	Atom	
805.065	146.584	-4712.82	0.0354849	-0.983235	-0.178855	14.74107883	Atom	
806.739	100.197	-4721.25	0.00547745	-0.980632	-0.19578	14.5658255119	Atom	
806.743	99.4886	-4721.4	-0.00786838	-0.980395	-0.196886	14.5631153376	Atom	
806.689	92.7411	-4722.75	-0.00471736	-0.962485	-0.271295	14.53730979	Atom	
806.66	86.7394	-4724.44	-0.0867982	-0.941634	-0.325257	14.5138976988	Atom	
806.532	85.3497	-4724.92	-0.0758014	-0.948419	-0.307823	14.5083496152	Atom	
806.475	84.6399	-4725.15	-0.0767048	-0.952938	-0.293302	14.5055353773	Atom	
806.217	81.4322	-4726.14	-0.0629425	-0.955283	-0.288916	14.4928755262	Atom	
804.837	60.4864	-4732.48	-0.0637594	-0.957098	-0.282664	14.4103578801	Atom	
803.393	38.8088	-4738.88	0.0907961	-0.950604	-0.296831	14.3247456636	Atom	
804.009	32.3558	-4740.89	0.116972	-0.935559	-0.333237	14.2989694358	Atom	
808.124	-0.557388	-4752.62	0.123376	-0.931142	-0.343152	14.1651990064	Atom	
811.181	-23.6315	-4761.12	0.165546	-0.920594	-0.353696	14.0702932006	Atom	
815.907	-49.9103	-4771.22	0.131774	-0.92525	-0.355735	13.9604043593	Atom	
816.085	-51.1611	-4771.7	0.123342	-0.927696	-0.352374	13.9551690112	Atom	
816.786	-56.4339	-4773.7	0.100378	-0.930803	-0.351468	13.9331509064	Atom	
818.034	-68.0039	-4778.07	0.0669791	-0.923593	-0.377478	13.8849404271	Atom	
818.488	-74.2605	-4780.63	0.0151875	-0.891292	-0.453176	13.8585966758	Atom	
818.558	-78.391	-4782.73	-0.0154034	-0.868464	-0.495513	13.8405485288	Atom	
818.446	-84.7231	-4786.34	-0.0914813	-0.854533	-0.511277	13.8121255944	Atom	
818.109	-87.8627	-4788.22	-0.119886	-0.840101	-0.529016	13.7977800021	Atom	
817.475	-92.3081	-4791.02	-0.104044	-0.838249	-0.535269	13.7771034741	Atom	
816.151	-102.976	-4797.83	-0.218752	-0.294759	-0.930196	13.7273163775	Atom	
815.458	-103.91	-4800.77	-0.0629044	-0.104912	-0.99249	13.7148929527	Atom	
815.276	-104.213	-4803.65	-0.0584894	-0.101815	-0.993082	13.7035259598	Atom	
813.754	-106.863	-4829.49	-0.243165	-0.00815949	-0.969951	13.6013131617	Atom	
810.194	-106.982	-4843.69	-0.235591	-0.122924	-0.964047	13.5434793586	Atom	
809.101	-107.553	-4848.16	-0.130216	-0.259432	-0.956942	13.5250772309	Atom	
809.052	-107.65	-4848.52	-0.135013	-0.242638	-0.960676	13.5235977787	Atom	
808.51	-108.623	-4852.38	0.0174703	-0.281878	-0.959291	13.5076776952	Atom	
808.554	-109.329	-4854.78	0.010636	-0.150028	-0.988625	13.4977300483	Atom	
808.58	-109.696	-4857.19	0.188983	-0.256604	-0.947861	13.488020081	Atom	
812.384	-114.861	-4876.27	0.221148	-0.282663	-0.933378	13.4079855289	Atom	
816.453	-120.062	-4893.45	0.214401	-0.273593	-0.937646	13.3344973786	Atom	
816.459	-120.069	-4893.47	0.272682	-0.257778	-0.926928	13.3343931514	Atom	
816.604	-120.207	-4893.97	0.250836	-0.2655	-0.930909	13.3322533981	Atom	
817.149	-120.784	-4895.99	0.239749	-0.336834	-0.910529	13.3235394624	Atom	
819.66	-124.311	-4905.52	0.266892	-0.304272	-0.914433	13.2815179424	Atom	
830.784	-136.993	-4943.64	0.238914	-0.198428	-0.950551	13.1138463549	Atom	
831.015	-137.185	-4944.56	0.231309	-0.174373	-0.957126	13.1099145795	Atom	
833.043	-138.714	-4952.95	0.304638	-0.16396	-0.93825	13.0742866412	Atom	
839.724	-142.309	-4973.52	0.293994	-0.159587	-0.94239	12.9850089132	Atom	
842.447	-143.788	-4982.25	0.301885	-0.1552	-0.940627	12.9470975112	Atom	
847.043	-146.15	-4996.57	0.339645	-0.158822	-0.927047	12.8846546022	Atom	
847.658	-146.438	-4998.25	0.321458	-0.130224	-0.937927	12.8771974435	Atom	
848.257	-146.68	-5000	0.321458	-0.130224	-0.937927	12.8695298083	Region	
"-----------------------------------------------------------------"
"Trajectory"	99

"NbCollisions"	355
"Zmax"	0
"Display"	256

"Collisions"

"X"	"Y"	"Z"	"Rx"	"Ry"	"Rz"	"Energy"	"CollisionType"	
0.0127988	0.0527921	-5000	1.83165e-006	-3.56753e-007	1	30	Region	
0.0128144	0.0527891	-4991.51	-0.0369501	0.0842024	0.995763	29.9819312532	Atom	
-0.566437	1.3728	-4975.9	0.0546504	0.0511602	0.997194	29.9485381598	Atom	
0.738567	2.59446	-4952.09	2.84935e-005	0.0712467	0.997459	29.8976273838	Atom	
0.739095	3.91501	-4933.6	0.0301768	0.0652443	0.997413	29.8580568503	Atom	
0.917946	4.3017	-4927.69	0.0172856	0.00789509	0.999819	29.8453902829	Atom	
1.43418	4.53749	-4897.83	0.0941332	-0.0282161	0.99516	29.7815423677	Atom	
3.91478	3.79393	-4871.61	0.0642516	-0.0250209	0.99762	29.7251078445	Atom	
4.64382	3.51003	-4860.29	0.0980932	-0.0742158	0.992406	29.7007717845	Atom	
6.2095	2.32546	-4844.45	-0.0255917	-0.198032	0.979861	29.6665158402	Atom	
4.4256	-11.4786	-4776.15	-0.0612762	-0.264748	0.962369	29.5167737569	Atom	
3.5856	-15.1079	-4762.95	-0.046118	-0.272882	0.960941	29.4872064978	Atom	
3.12429	-17.8375	-4753.34	-0.0508029	-0.291547	0.955206	29.4656143378	Atom	
2.82191	-19.5728	-4747.66	-0.033403	-0.268317	0.962751	29.4527588933	Atom	
2.3268	-23.5499	-4733.39	-0.0415538	-0.324054	0.945126	29.4207333514	Atom	
0.518567	-37.6512	-4692.26	-0.0199241	-0.0199011	0.999603	29.3266316116	Atom	
-0.0153577	-38.1846	-4665.47	0.0219412	-0.0137305	0.999665	29.2685332216	Atom	
1.24198	-38.9714	-4608.18	-0.0014797	-0.194789	0.980844	29.1440979121	Atom	
1.24018	-39.209	-4606.99	-0.0497491	-0.266644	0.96251	29.1414400207	Atom	
1.19549	-39.4485	-4606.12	-0.0491014	-0.261098	0.964063	29.1394824716	Atom	
0.180261	-44.847	-4586.19	-0.0292836	-0.188847	0.98157	29.094426797	Atom	
0.0360432	-45.7771	-4581.36	-0.00879151	-0.196462	0.980472	29.0836816912	Atom	
-0.0464547	-47.6206	-4572.16	-0.0350481	-0.15661	0.987038	29.0632019527	Atom	
-0.342654	-48.9442	-4563.81	-0.0256524	-0.145353	0.989047	29.0447471832	Atom	
-0.493124	-49.7968	-4558.01	-0.0642983	-0.123035	0.990317	29.0319318151	Atom	
-0.914993	-50.604	-4551.52	0.087888	-0.110676	0.989963	29.0175921374	Atom	
1.39598	-53.5142	-4525.48	0.0916026	-0.120078	0.988529	28.9601014837	Atom	
4.58281	-57.6917	-4491.09	0.0867689	-0.161113	0.983114	28.8839163722	Atom	
7.77875	-63.626	-4454.88	0.0688023	-0.154886	0.985534	28.8030877746	Atom	
8.77715	-65.8735	-4440.58	0.100176	-0.0838114	0.991433	28.7711720134	Atom	
8.99362	-66.0547	-4438.44	0.104966	-0.0836795	0.990949	28.7664152725	Atom	
11.9463	-68.4086	-4410.56	0.0741052	-0.0699811	0.994792	28.7044832441	Atom	
12.7518	-69.1692	-4399.75	0.0893493	-0.0845039	0.992409	28.6805114754	Atom	
13.5365	-69.9113	-4391.04	0.0850293	-0.117975	0.989369	28.6611314221	Atom	
14.7756	-71.6305	-4376.62	0.0885071	-0.0345403	0.995477	28.6289545449	Atom	
16.435	-72.2781	-4357.95	0.0478927	-0.0619898	0.996927	28.5875182137	Atom	
17.8658	-74.1301	-4328.17	0.141993	-0.0544826	0.988367	28.5214150681	Atom	
17.9593	-74.166	-4327.52	0.191089	-0.134759	0.972278	28.5199562768	Atom	
19.6918	-75.3878	-4318.7	0.199421	-0.131757	0.971016	28.4998578386	Atom	
21.67	-76.6948	-4309.07	0.23303	-0.134163	0.963171	28.4778559369	Atom	
21.8666	-76.808	-4308.26	0.245288	-0.274074	0.929902	28.4759831938	Atom	
23.0952	-78.1807	-4303.6	0.231991	-0.235931	0.943672	28.4648665087	Atom	
24.2691	-79.3746	-4298.83	0.223102	-0.223241	0.948888	28.4536318301	Atom	
26.6602	-81.7671	-4288.66	0.138921	-0.26553	0.954041	28.4298299619	Atom	
27.5372	-83.4434	-4282.63	0.221801	-0.282942	0.933139	28.4158004759	Atom	
28.7056	-84.9339	-4277.72	0.228773	-0.284067	0.931112	28.4040887468	Atom	
29.78	-86.268	-4273.35	0.212951	-0.285373	0.934459	28.393643776	Atom	
32.0322	-89.2861	-4263.46	0.147418	-0.283203	0.947663	28.3701167847	Atom	
33.1696	-91.4712	-4256.15	0.149506	-0.27993	0.948308	28.3529406215	Atom	
33.393	-91.8896	-4254.73	0.191213	-0.297561	0.935358	28.3496122353	Atom	
38.99	-100.599	-4227.35	0.0423427	-0.2356	0.970927	28.28441536	Atom	
39.5702	-103.827	-4214.05	0.0155909	-0.22002	0.975371	28.2538420162	Atom	
39.7665	-106.599	-4201.77	-0.0333438	-0.156045	0.987187	28.2257100809	Atom	
39.3921	-108.351	-4190.68	0.0688325	-0.218619	0.97338	28.2006101163	Atom	
40.4124	-111.592	-4176.25	0.0238052	-0.28721	0.957572	28.1674553269	Atom	
41.2096	-121.21	-4144.18	0.0648441	-0.28122	0.95745	28.0924780493	Atom	
41.5016	-122.477	-4139.87	0.293351	-0.5927	0.750101	28.0823748468	Atom	
45.5603	-130.677	-4129.49	0.322945	-0.595584	0.735518	28.0513248336	Atom	
53.7703	-145.818	-4110.79	0.311093	-0.709617	0.632191	27.9942210187	Atom	
67.2751	-176.623	-4083.35	0.125571	-0.733675	0.667797	27.8965526718	Atom	
67.9912	-180.807	-4079.54	0.125416	-0.705643	0.69738	27.8836871494	Atom	
79.0644	-243.11	-4017.97	0.13969	-0.697935	0.702406	27.6844162802	Atom	
82.0534	-258.044	-4002.94	0.0440851	-0.701596	0.71121	27.6358471497	Atom	
83.0582	-274.035	-3986.73	0.0517189	-0.701196	0.71109	27.5840393895	Atom	
83.6523	-282.09	-3978.56	0.130316	-0.589831	0.796942	27.5578881814	Atom	
84.0833	-284.041	-3975.93	0.12448	-0.576664	0.807442	27.5503539519	Atom	
92.3495	-322.335	-3922.31	0.100435	-0.580955	0.807715	27.3990376805	Atom	
93.0507	-326.39	-3916.67	0.0842352	-0.595042	0.799268	27.3830612957	Atom	
94.6222	-337.492	-3901.76	0.127784	-0.60463	0.786189	27.3403440444	Atom	
97.0435	-348.948	-3886.86	0.128487	-0.615043	0.777954	27.2969045707	Atom	
99.2252	-359.392	-3873.65	0.138003	-0.639784	0.756063	27.2579265651	Atom	
100.095	-363.424	-3868.88	0.137866	-0.632375	0.762296	27.2434451285	Atom	
103.107	-377.241	-3852.23	-0.017961	-0.662509	0.748838	27.1932136154	Atom	
102.858	-386.431	-3841.84	0.054367	-0.706326	0.705796	27.1612744149	Atom	
104.577	-408.765	-3819.52	0.0459038	-0.714105	0.698532	27.0884038839	Atom	
104.985	-415.108	-3813.32	0.0115099	-0.728526	0.684922	27.0678908677	Atom	
105.335	-437.291	-3792.46	0.0183156	-0.326874	0.94489	26.9975282314	Atom	
105.82	-445.935	-3767.48	0.0509679	-0.326151	0.943943	26.9362907402	Atom	
106.259	-448.746	-3759.34	0.12059	-0.323728	0.938434	26.9162971458	Atom	
108.384	-454.45	-3742.81	0.0018456	-0.27913	0.960251	26.87540068	Atom	
108.434	-462.102	-3716.48	0.0279426	-0.287569	0.957352	26.8116884613	Atom	
108.475	-462.518	-3715.1	0.0511255	-0.301038	0.952241	26.8083178977	Atom	
109.706	-469.771	-3692.15	-0.0072744	-0.340355	0.940269	26.7522134958	Atom	
109.614	-474.092	-3680.22	0.0192333	-0.325152	0.945466	26.7226069084	Atom	
109.629	-474.341	-3679.49	-0.0176863	-0.371714	0.928179	26.7208145925	Atom	
109.517	-476.693	-3673.62	0.499681	0.615177	0.609816	26.7060460872	Atom	
116.288	-468.356	-3665.36	0.517428	0.605787	0.604393	26.6743948577	Atom	
116.607	-467.983	-3664.98	0.393284	0.702296	0.593388	26.6729530679	Atom	
118.158	-465.213	-3662.64	0.445818	0.694159	0.565145	26.6637316524	Atom	
124.519	-455.309	-3654.58	0.454636	0.695932	0.555864	26.6303654998	Atom	
128.163	-449.731	-3650.12	0.410899	0.696371	0.588413	26.611601953	Atom	
128.417	-449.301	-3649.76	0.440177	0.641373	0.628399	26.6101575101	Atom	
137.583	-435.946	-3636.68	0.606714	0.487243	0.628086	26.5613822583	Atom	
139.924	-434.065	-3634.25	0.589183	0.461749	0.663062	26.552328808	Atom	
146.646	-428.797	-3626.69	0.571808	0.490271	0.657776	26.5255603916	Atom	
158.893	-418.297	-3612.6	0.530419	0.504916	0.680967	26.4752646908	Atom	
160.923	-416.364	-3609.99	0.575562	0.470153	0.669092	26.4662607707	Atom	
164.641	-413.327	-3605.67	0.613681	0.498273	0.61247	26.4510654953	Atom	
180.003	-400.854	-3590.34	0.625103	0.484546	0.611932	26.3921527614	Atom	
187.596	-394.968	-3582.91	0.525872	0.547176	0.651197	26.3635137192	Atom	
190.309	-392.145	-3579.55	0.413287	0.656396	0.631141	26.3513377049	Atom	
192.489	-388.684	-3576.22	0.402142	0.617536	0.675967	26.3388904533	Atom	
202.588	-373.175	-3559.24	0.341348	0.646637	0.68216	26.2795856	Atom	
210.22	-358.716	-3543.99	0.362759	0.649204	0.668536	26.226687882	Atom	
210.753	-357.763	-3543.01	0.413549	0.622713	0.664233	26.2232065296	Atom	
217.013	-348.337	-3532.95	0.381926	0.577211	0.721776	26.1873378517	Atom	
217.61	-347.434	-3531.82	0.378505	0.581209	0.720368	26.1836271976	Atom	
225.255	-335.696	-3517.28	0.350464	0.573858	0.740177	26.1357105494	Atom	
225.737	-334.906	-3516.26	0.3926	0.526881	0.753831	26.1324387292	Atom	
246.95	-306.438	-3475.53	0.403063	0.452886	0.795258	26.0040454194	Atom	
250.581	-302.357	-3468.36	0.378	0.437496	0.815913	25.9825533546	Atom	
260.501	-290.877	-3446.95	0.342198	0.465935	0.815969	25.9199105919	Atom	
278.363	-266.556	-3404.36	0.371524	0.354021	0.858277	25.7950708663	Atom	
280.928	-264.111	-3398.43	0.373275	0.342956	0.862002	25.7784897404	Atom	
281.497	-263.588	-3397.12	0.461914	0.420009	0.781171	25.77482791	Atom	
292.436	-253.643	-3378.62	0.455059	0.427567	0.781094	25.7179397684	Atom	
311.819	-235.43	-3345.35	0.429884	0.40829	0.805295	25.6154293759	Atom	
315.437	-231.994	-3338.57	0.389841	0.492079	0.778385	25.595114673	Atom	
326.203	-218.404	-3317.07	0.372656	0.492141	0.786718	25.5283974571	Atom	
330.449	-212.797	-3308.11	0.394668	0.620092	0.678029	25.5008182274	Atom	
338.254	-200.533	-3294.7	0.378073	0.626843	0.68127	25.4529030979	Atom	
339.622	-198.266	-3292.24	0.413012	0.604758	0.680947	25.4441265667	Atom	
341.353	-195.731	-3289.38	0.344723	0.616412	0.707957	25.4339517912	Atom	
342.325	-193.994	-3287.39	0.313806	0.650329	0.691808	25.4271101288	Atom	
342.989	-192.617	-3285.92	0.289275	0.648908	0.703732	25.421969346	Atom	
346.557	-184.613	-3277.24	0.2719	0.646636	0.712694	25.3920104287	Atom	
349.328	-178.024	-3269.98	0.259823	0.679072	0.686552	25.367239965	Atom	
350.3	-175.483	-3267.41	0.256611	0.681094	0.685757	25.3581367733	Atom	
355.03	-162.929	-3254.77	0.252708	0.689264	0.67901	25.3132797479	Atom	
355.479	-161.704	-3253.56	0.157459	0.643756	0.748856	25.3089498983	Atom	
358.623	-148.849	-3238.61	0.14683	0.623472	0.767935	25.2602788305	Atom	
362.777	-131.21	-3216.88	0.186443	0.596445	0.7807	25.1912191157	Atom	
365.235	-123.348	-3206.59	0.197011	0.555704	0.8077	25.1589713771	Atom	
369.087	-112.482	-3190.8	0.16022	0.5116	0.844153	25.111092549	Atom	
369.691	-110.554	-3187.62	0.134846	0.494858	0.858448	25.1018473381	Atom	
370.796	-106.499	-3180.59	0.235424	0.409431	0.881443	25.0817479639	Atom	
373.833	-101.218	-3169.22	0.177248	0.311671	0.933512	25.0500823035	Atom	
374.477	-100.084	-3165.82	0.166923	0.256379	0.952054	25.0411452333	Atom	
378.094	-94.5291	-3145.19	0.164096	0.17992	0.969898	24.9878861538	Atom	
380.871	-91.4847	-3128.78	0.163153	0.130194	0.977973	24.9462258277	Atom	
388.574	-85.3374	-3082.6	0.180161	0.136876	0.974067	24.8298233348	Atom	
388.868	-85.1145	-3081.02	0.381191	0.00536958	0.924481	24.8257925103	Atom	
391.598	-85.076	-3074.39	0.390179	0.0585444	0.918876	24.8080650239	Atom	
393.123	-84.8473	-3070.8	0.392385	0.038704	0.918986	24.7983917768	Atom	
398.248	-84.3417	-3058.8	0.391565	0.0201048	0.919931	24.7660369918	Atom	
414.582	-83.5031	-3020.43	0.422495	0.0217804	0.906104	24.6626048727	Atom	
417.78	-83.3382	-3013.57	0.513984	0.0524665	0.856194	24.6437741983	Atom	
418.349	-83.2802	-3012.62	0.500149	0.0118634	0.865858	24.6410205863	Atom	
423.959	-83.1471	-3002.91	0.469641	0.00686687	0.882831	24.6130958599	Atom	
433.65	-83.0054	-2984.69	0.486408	0.0178489	0.87355	24.5616809948	Atom	
435.187	-82.949	-2981.93	0.484595	-0.000584896	0.874738	24.5537944901	Atom	
435.403	-82.9492	-2981.54	0.637717	0.0554579	0.768271	24.5526848317	Atom	
438.585	-82.6725	-2977.71	0.680831	0.0340084	0.73165	24.5402283746	Atom	
443.987	-82.4027	-2971.9	0.680494	0.0315142	0.732076	24.5204101621	Atom	
445.131	-82.3497	-2970.67	0.677645	0.0346428	0.734573	24.516210953	Atom	
459.35	-81.6228	-2955.26	0.664938	0.0494714	0.745258	24.4637643168	Atom	
489.417	-79.3858	-2921.56	0.688176	0.137809	0.712336	24.3505526232	Atom	
495.507	-78.1664	-2915.26	0.679384	0.117091	0.724381	24.3283169015	Atom	
512.191	-75.2909	-2897.47	0.683027	0.103215	0.723064	24.2665614927	Atom	
515.846	-74.7385	-2893.6	0.789894	-0.0165778	0.613019	24.2530763441	Atom	
516.111	-74.744	-2893.39	0.810756	-0.008485	0.585323	24.2522319542	Atom	
521.931	-74.8049	-2889.19	0.828246	-0.00968759	0.560281	24.2341352467	Atom	
531.059	-74.9117	-2883.01	0.619271	-0.16291	-0.768091	24.2063363677	Atom	
547.424	-79.2168	-2903.31	0.544998	-0.450933	-0.70685	24.1396184847	Atom	
558.186	-88.1211	-2917.27	0.531386	-0.448264	-0.71881	24.0896558686	Atom	
558.846	-88.678	-2918.16	0.543897	-0.426824	-0.722494	24.0865073173	Atom	
560.758	-90.1785	-2920.7	0.551084	-0.44728	-0.704448	24.0775970224	Atom	
600.711	-122.606	-2971.77	0.550999	-0.420941	-0.720561	23.89378734	Atom	
625.007	-141.167	-3003.55	0.559663	-0.392866	-0.72968	23.7813127939	Atom	
627.786	-143.118	-3007.17	0.615989	-0.39661	-0.680631	23.7686028071	Atom	
675.453	-173.809	-3059.84	0.293411	-0.439058	-0.849198	23.5703983443	Atom	
693.608	-200.975	-3112.38	0.249806	-0.414144	-0.875261	23.4108679403	Atom	
698.394	-208.91	-3129.15	0.135706	-0.442443	-0.88647	23.3612008738	Atom	
703.906	-226.88	-3165.16	0.103786	-0.47888	-0.871724	23.2557449718	Atom	
704.795	-230.986	-3172.63	0.114392	-0.476096	-0.871922	23.2334044396	Atom	
705.27	-232.96	-3176.25	0.0618208	-0.458879	-0.886345	23.2225930607	Atom	
705.637	-235.687	-3181.51	0.0702971	-0.447962	-0.891285	23.207090175	Atom	
706.045	-238.285	-3186.68	0.210123	-0.225192	-0.951387	23.1919518987	Atom	
706.052	-238.292	-3186.71	0.243689	-0.241396	-0.939331	23.1918662505	Atom	
711.242	-243.434	-3206.72	0.0228757	0.0947143	-0.995242	23.1362423217	Atom	
711.298	-243.205	-3209.12	-0.0743288	0.135465	-0.98799	23.1299263947	Atom	
707.884	-236.983	-3254.51	-0.0269193	0.199279	-0.979573	23.0097260727	Atom	
707.498	-234.126	-3268.55	-0.0240879	0.207056	-0.978033	22.972048385	Atom	
706.84	-228.47	-3295.27	-0.123104	0.224761	-0.966606	22.9001821306	Atom	
702.939	-221.348	-3325.89	-0.130043	0.128103	-0.983198	22.8166031375	Atom	
701.85	-220.275	-3334.13	-0.110356	0.129426	-0.985429	22.7944524571	Atom	
701.134	-219.436	-3340.52	-0.112178	0.149727	-0.982343	22.777288734	Atom	
700.892	-219.112	-3342.64	-0.12234	0.10938	-0.986443	22.7715604241	Atom	
698.716	-217.168	-3360.18	-0.176026	0.0118967	-0.984314	22.7244549894	Atom	
697.259	-217.069	-3368.33	-0.0257052	0.0502999	-0.998403	22.7024838283	Atom	
696.744	-216.062	-3388.32	-0.0526713	0.0571495	-0.996975	22.649316047	Atom	
695.083	-214.26	-3419.76	-0.0315207	0.088944	-0.995538	22.5654238373	Atom	
695.064	-214.205	-3420.38	0.00664978	0.052455	-0.998601	22.5637620473	Atom	
695.301	-212.335	-3455.96	-0.0406352	0.0567745	-0.99756	22.4686719603	Atom	
693.852	-210.311	-3491.54	0.079871	0.0886833	-0.992852	22.373190412	Atom	
695.009	-209.025	-3505.93	0.0683152	0.0972053	-0.992917	22.3342541249	Atom	
695.813	-207.881	-3517.61	0.0601701	0.0963413	-0.993528	22.3025942014	Atom	
697.365	-205.396	-3543.24	0.0833562	0.10609	-0.990856	22.2331294923	Atom	
701.459	-200.186	-3591.9	0.0436533	0.0543111	-0.997569	22.1005569847	Atom	
701.89	-199.65	-3601.75	0.0462689	0.0560789	-0.997354	22.0737683949	Atom	
701.99	-199.529	-3603.9	0.0338678	0.0677616	-0.997127	22.0679051491	Atom	
702.929	-197.649	-3631.57	0.0374688	0.0566518	-0.997691	21.9925695711	Atom	
703.764	-196.387	-3653.79	0.0327545	0.0552134	-0.997937	21.9319325208	Atom	
704.03	-195.939	-3661.9	0.232586	0.130551	-0.963774	21.9097578215	Atom	
708.014	-193.702	-3678.41	0.273981	0.0806643	-0.958346	21.8629758032	Atom	
710.634	-192.931	-3687.57	0.260098	0.119764	-0.958126	21.8368212632	Atom	
713.068	-191.811	-3696.53	0.36414	0.150802	-0.919054	21.8112028293	Atom	
714.974	-191.021	-3701.35	0.34195	0.140519	-0.929152	21.7968543371	Atom	
715.529	-190.793	-3702.85	0.387249	0.140608	-0.91119	21.7924032689	Atom	
725.512	-187.168	-3726.34	0.372387	0.130944	-0.918793	21.7217078369	Atom	
726.347	-186.875	-3728.4	0.382632	0.115459	-0.916658	21.7155422417	Atom	
732.188	-185.112	-3742.4	0.396428	-0.144234	-0.906665	21.673562525	Atom	
735.222	-186.216	-3749.33	0.439887	-0.160219	-0.883645	21.6524811261	Atom	
736.934	-186.84	-3752.78	0.570193	-0.0220643	-0.821214	21.6417506122	Atom	
742.593	-187.059	-3760.92	0.582711	-0.0561463	-0.810737	21.6143862207	Atom	
743.785	-187.174	-3762.58	0.591893	-0.0964192	-0.800229	21.6087401174	Atom	
773.539	-192.021	-3802.81	0.671088	-0.172217	-0.721098	21.4699583608	Atom	
783.713	-194.631	-3813.74	0.622271	-0.111307	-0.774848	21.4278934777	Atom	
793.078	-196.307	-3825.4	0.748702	-0.0853175	-0.657394	21.386069666	Atom	
804.925	-197.657	-3835.81	0.745553	-0.124995	-0.65462	21.3420280703	Atom	
818.72	-199.969	-3847.92	0.687494	-0.164328	-0.707353	21.2904485142	Atom	
849.54	-207.336	-3879.63	0.69725	-0.141595	-0.702705	21.1652373308	Atom	
857.889	-209.032	-3888.04	0.703045	-0.232534	-0.672053	21.1316342606	Atom	
860.912	-210.032	-3890.93	0.810781	0.0093622	-0.585275	21.1195542189	Atom	
863.807	-209.998	-3893.02	0.804877	0.0138035	-0.593281	21.1095195243	Atom	
874.76	-209.81	-3901.1	0.79714	0.0238388	-0.603323	21.0712539121	Atom	
894.21	-209.229	-3915.82	0.823609	-0.100687	-0.55815	21.0025485524	Atom	
906.99	-210.791	-3924.48	0.746602	-0.207228	-0.632172	20.9587430423	Atom	
907.466	-210.923	-3924.88	0.556372	-0.181719	-0.81082	20.9569422366	Atom	
909.906	-211.72	-3928.44	0.566313	-0.16274	-0.807964	20.9445411142	Atom	
939.813	-220.314	-3971.11	0.511185	-0.263014	-0.818238	20.7951297163	Atom	
949.349	-225.221	-3986.37	0.49939	-0.234641	-0.833998	20.7420594579	Atom	
955.861	-228.28	-3997.25	0.541267	-0.304219	-0.783888	20.7048830977	Atom	
964.149	-232.938	-4009.25	0.560081	-0.262852	-0.785633	20.6611727603	Atom	
982.601	-241.598	-4035.13	0.550501	-0.290097	-0.782811	20.5669629561	Atom	
990.761	-245.898	-4046.73	0.522016	-0.286242	-0.803471	20.5244278388	Atom	
1022.82	-263.479	-4096.08	0.528244	-0.254138	-0.810168	20.3478820014	Atom	
1023.28	-263.698	-4096.78	0.604844	-0.208845	-0.768471	20.3453950994	Atom	
1038.41	-268.923	-4116.01	0.610544	-0.185714	-0.7699	20.2729840331	Atom	
1051.96	-273.045	-4133.1	0.541157	-0.222965	-0.810824	20.2085567107	Atom	
1055.14	-274.354	-4137.85	0.563051	-0.246076	-0.788936	20.1914858392	Atom	
1060.03	-276.492	-4144.71	0.580713	-0.255662	-0.772923	20.1661902006	Atom	
1093.75	-291.335	-4189.58	0.592875	-0.295289	-0.749202	19.9969914717	Atom	
1102.85	-295.869	-4201.09	0.598515	-0.331976	-0.72909	19.9519453669	Atom	
1116.57	-303.479	-4217.8	0.696419	-0.26098	-0.668499	19.884580284	Atom	
1124.22	-306.346	-4225.14	0.536651	-0.542243	-0.646512	19.8522145282	Atom	
1124.56	-306.688	-4225.55	0.52728	-0.550137	-0.647553	19.8503538738	Atom	
1125.94	-308.128	-4227.25	0.543783	-0.543086	-0.639811	19.8426289191	Atom	
1128.21	-310.402	-4229.93	0.532913	-0.544731	-0.647512	19.8302754932	Atom	
1144.24	-326.781	-4249.4	0.470043	-0.578314	-0.666793	19.7414912258	Atom	
1149.85	-333.684	-4257.35	0.503528	-0.537273	-0.676607	19.706119514	Atom	
1153.09	-337.141	-4261.71	0.513426	-0.547053	-0.661155	19.6870291093	Atom	
1162.27	-346.92	-4273.53	0.48185	-0.508874	-0.71335	19.6339456332	Atom	
1167.75	-352.715	-4281.65	0.486291	-0.516209	-0.705017	19.600054844	Atom	
1173.97	-359.317	-4290.67	0.0073615	-0.514517	-0.857449	19.5619444817	Atom	
1174.45	-392.701	-4346.3	0.43662	-0.0630786	-0.897432	19.368306823	Atom	
1177.78	-393.183	-4353.15	0.48537	0.0615931	-0.872137	19.3453476992	Atom	
1190.21	-391.606	-4375.49	0.482495	0.0501803	-0.87446	19.2682614512	Atom	
1194.48	-391.162	-4383.22	0.477407	-0.0422739	-0.877665	19.2415578963	Atom	
1196.57	-391.347	-4387.06	0.627178	-0.106029	-0.771625	19.2283326301	Atom	
1200.56	-392.022	-4391.97	0.572445	-0.157373	-0.804699	19.2090739929	Atom	
1217.92	-396.795	-4416.37	0.590923	-0.117917	-0.798064	19.1172753109	Atom	
1226.23	-398.453	-4427.6	0.553097	-0.0936915	-0.827832	19.0745478727	Atom	
1241.3	-401.005	-4450.15	0.5458	0.0142284	-0.837795	18.9916399763	Atom	
1264.58	-400.398	-4485.88	0.541048	0.0155416	-0.840848	18.8613698212	Atom	
1274.55	-400.112	-4501.38	0.616635	0.0290858	-0.786712	18.8048003694	Atom	
1275.24	-400.079	-4502.25	0.623833	0.061906	-0.779102	18.8013660375	Atom	
1280.03	-399.603	-4508.25	0.677369	0.146458	-0.720916	18.7776878948	Atom	
1290.85	-397.265	-4519.75	0.75894	0.0427558	-0.649756	18.7285068759	Atom	
1306.97	-396.357	-4533.56	0.76856	0.0545507	-0.637448	18.6629150548	Atom	
1309.44	-396.182	-4535.6	0.774854	0.0399637	-0.630876	18.6529828757	Atom	
1312.78	-396.009	-4538.33	0.774211	0.158849	-0.612669	18.6396234268	Atom	
1312.86	-395.993	-4538.39	0.78891	0.145164	-0.597117	18.6392944684	Atom	
1324.24	-393.898	-4547	0.799642	0.110887	-0.590149	18.594587259	Atom	
1356.84	-389.378	-4571.06	0.809409	0.212974	-0.547266	18.4680121282	Atom	
1373.66	-384.953	-4582.43	0.797985	0.247778	-0.549387	18.4031659054	Atom	
1373.97	-384.856	-4582.65	0.786306	0.203189	-0.583469	18.401945781	Atom	
1383.71	-382.34	-4589.87	0.731759	0.197108	-0.65244	18.3631894702	Atom	
1393.16	-379.793	-4598.3	0.770469	0.213476	-0.600671	18.3226810231	Atom	
1402.25	-377.276	-4605.39	0.759755	0.228025	-0.608915	18.2856522943	Atom	
1424.3	-370.659	-4623.06	0.733858	0.263854	-0.625966	18.1943716383	Atom	
1433.21	-367.452	-4630.66	0.720685	0.233967	-0.652589	18.155999361	Atom	
1434.44	-367.054	-4631.77	0.704233	0.249212	-0.664793	18.1506197375	Atom	
1435.09	-366.823	-4632.39	0.623649	0.413647	-0.663294	18.1476790689	Atom	
1435.33	-366.668	-4632.64	0.620395	0.462744	-0.633228	18.1464926439	Atom	
1437.09	-365.352	-4634.44	0.666614	0.435853	-0.604697	18.1374951608	Atom	
1441.41	-362.531	-4638.36	0.778389	0.35102	-0.520477	18.1170077909	Atom	
1447.92	-359.595	-4642.71	0.789202	0.319393	-0.524545	18.0905139525	Atom	
1471.95	-349.871	-4658.68	0.755397	0.312427	-0.575991	17.9939426172	Atom	
1479.6	-346.706	-4664.51	0.760145	0.352194	-0.546021	17.9616831334	Atom	
1482.78	-345.232	-4666.8	0.752076	0.363929	-0.549488	17.9483354566	Atom	
1492.59	-340.482	-4673.97	0.714263	0.396775	-0.57654	17.9066850001	Atom	
1494.07	-339.661	-4675.16	0.690856	0.44746	-0.567889	17.9000664958	Atom	
1504.03	-333.212	-4683.35	0.675994	0.451516	-0.582379	17.8539799499	Atom	
1516.06	-325.174	-4693.72	0.713283	0.40781	-0.570017	17.7969354119	Atom	
1516.09	-325.162	-4693.73	0.651046	0.412873	-0.636926	17.7968376852	Atom	
1516.55	-324.864	-4694.19	0.679998	0.503136	-0.533345	17.7945211494	Atom	
1533.84	-312.076	-4707.75	0.691649	0.328024	-0.643445	17.7128703655	Atom	
1546.5	-306.069	-4719.53	0.768487	0.210414	-0.604279	17.6538277884	Atom	
1548.23	-305.597	-4720.89	0.773263	0.249701	-0.58285	17.6465699266	Atom	
1549.21	-305.281	-4721.62	0.811373	0.30013	-0.501593	17.6424863982	Atom	
1569.35	-297.831	-4734.08	0.816617	0.298235	-0.494157	17.5622029554	Atom	
1573.37	-296.362	-4736.51	0.622412	0.128274	-0.772107	17.5462159992	Atom	
1580.81	-294.828	-4745.74	0.592834	0.124768	-0.795601	17.5073772949	Atom	
1585.4	-293.862	-4751.9	0.601496	0.0813096	-0.794727	17.4821867907	Atom	
1585.96	-293.787	-4752.64	0.577659	0.0742673	-0.812893	17.4791864485	Atom	
1608.31	-290.914	-4784.09	0.633771	-0.0877295	-0.76853	17.3531576652	Atom	
1615.84	-291.956	-4793.22	0.635377	-0.182045	-0.750437	17.3142302586	Atom	
1629.35	-295.829	-4809.18	0.674331	-0.151841	-0.722649	17.2444207227	Atom	
1629.92	-295.957	-4809.79	0.666476	-0.148511	-0.730585	17.2416519299	Atom	
1632.88	-296.616	-4813.04	0.718914	-0.184778	-0.670089	17.2270273202	Atom	
1647.3	-300.322	-4826.48	0.680739	-0.200421	-0.704575	17.1609540348	Atom	
1670.51	-307.155	-4850.5	0.686261	-0.264369	-0.677609	17.0483075218	Atom	
1672.38	-307.875	-4852.34	0.64733	-0.299756	-0.700793	17.0392633077	Atom	
1692.27	-317.088	-4873.88	0.66332	-0.381228	-0.64395	16.9371481027	Atom	
1703.52	-323.554	-4884.8	0.595974	-0.402903	-0.694611	16.880532991	Atom	
1714.49	-330.965	-4897.58	0.577684	-0.322746	-0.749744	16.8189780056	Atom	
1718.24	-333.062	-4902.45	0.711647	-0.229503	-0.663994	16.7971714277	Atom	
1721.08	-333.977	-4905.1	0.773801	-0.199629	-0.601149	16.7837850621	Atom	
1732.26	-336.861	-4913.78	0.70494	-0.0857431	-0.704065	16.7352124675	Atom	
1738.24	-337.589	-4919.76	0.722024	-0.0643078	-0.688873	16.70661558	Atom	
1740.92	-337.827	-4922.31	0.619978	-0.146409	-0.770839	16.694121675	Atom	
1755.52	-341.276	-4940.47	0.610855	-0.224168	-0.759345	16.6146194999	Atom	
1760.53	-343.115	-4946.7	0.536883	-0.234116	-0.810522	16.5868241874	Atom	
1777.53	-350.529	-4972.37	0.55182	-0.264201	-0.791007	16.4793897563	Atom	
1792.25	-357.577	-4993.47	0.552219	-0.230249	-0.801274	16.388444951	Atom	
1793.13	-357.941	-4994.73	0.623799	-0.41679	-0.661181	16.3830303905	Atom	
1798.09	-361.261	-5000	0.623799	-0.41679	-0.661181	16.3557473268	Region	
"-----------------------------------------------------------------"
"Trajectory"	101

"NbCollisions"	90
"Zmax"	0
"Display"	256

"Collisions"

"X"	"Y"	"Z"	"Rx"	"Ry"	"Rz"	"Energy"	"CollisionType"	
0.17202	0.351221	-5000	3.87203e-006	-4.56687e-007	1	30	Region	
0.172022	0.351221	-4999.54	0.0112684	0.0465781	0.998851	29.9990260646	Atom	
0.28929	0.835953	-4989.15	-0.0244355	-0.0220467	0.999458	29.9768682363	Atom	
0.251236	0.801619	-4987.59	0.0232582	-0.00282321	0.999726	29.9735504951	Atom	
0.741908	0.742059	-4966.5	0.012369	-0.000789202	0.999923	29.9286018675	Atom	
1.08406	0.720228	-4938.84	0.0337004	-0.0311451	0.998947	29.8695945804	Atom	
1.10347	0.702288	-4938.26	0.0487618	-0.0462597	0.997739	29.8683639481	Atom	
2.12077	-0.262811	-4917.45	-0.920131	-0.252656	0.299206	29.8237891235	Atom	
-1.97747	-1.38814	-4916.12	-0.9227	-0.253644	0.290327	29.8142614104	Atom	
-7.05762	-2.78463	-4914.52	-0.927375	-0.249592	0.278709	29.8024808072	Atom	
-64.9614	-18.3688	-4897.12	-0.958179	-0.104017	0.266595	29.6688396887	Atom	
-68.1305	-18.7128	-4896.23	-0.95207	-0.12636	0.278559	29.6617352481	Atom	
-80.5277	-20.3582	-4892.61	-0.945051	-0.0879846	0.31486	29.6337593755	Atom	
-82.8611	-20.5754	-4891.83	-0.927643	-0.0871529	0.363156	29.628450689	Atom	
-97.8518	-21.9838	-4885.96	-0.99298	-0.0616527	0.10094	29.5937003692	Atom	
-124.294	-23.6255	-4883.27	-0.994864	-0.0974443	0.0273955	29.5363840903	Atom	
-124.372	-23.6332	-4883.27	-0.994852	-0.101334	-0.000626681	29.5362136415	Atom	
-137.491	-24.9695	-4883.28	-0.994701	-0.102265	0.0105887	29.5077867429	Atom	
-166.718	-27.9743	-4882.97	-0.993507	-0.113424	0.00891502	29.4443954147	Atom	
-197.618	-31.502	-4882.69	-0.985875	-0.151592	0.0712042	29.3771805744	Atom	
-207.041	-32.9509	-4882.01	-0.972437	-0.193463	0.130148	29.3564882035	Atom	
-210.715	-33.6818	-4881.52	-0.9697	-0.204366	0.133853	29.3483039518	Atom	
-218.804	-35.3865	-4880.4	-0.96596	-0.233189	0.112002	29.3302295517	Atom	
-219.486	-35.5512	-4880.32	-0.968686	-0.234044	0.0828899	29.3286990353	Atom	
-227.859	-37.5743	-4879.61	-0.972071	-0.217166	0.0889743	29.3099593516	Atom	
-277.011	-48.5551	-4875.11	-0.965628	-0.250652	0.0688242	29.2002845556	Atom	
-322.662	-60.4048	-4871.85	-0.964775	-0.251076	0.0785457	29.0974359857	Atom	
-326.376	-61.3715	-4871.55	-0.953586	-0.294503	0.0627823	29.0890369496	Atom	
-333.933	-63.7053	-4871.05	-0.94561	-0.322312	0.044001	29.0717439592	Atom	
-349.073	-68.8659	-4870.35	-0.92965	-0.364843	-0.0513916	29.0367887292	Atom	
-358.54	-72.5813	-4870.87	-0.930642	-0.363051	-0.0458143	29.014534813	Atom	
-360.775	-73.4532	-4870.98	-0.908498	-0.412429	-0.0673245	29.0092837774	Atom	
-382.447	-83.2916	-4872.59	-0.888354	-0.449822	-0.0921298	28.9571152735	Atom	
-393.953	-89.1175	-4873.78	-0.883759	-0.46255	-0.0708413	28.9287501005	Atom	
-394.365	-89.333	-4873.82	-0.892666	-0.443818	-0.0785729	28.9277289785	Atom	
-418.746	-101.455	-4875.96	-0.896561	-0.418329	-0.145533	28.8678645463	Atom	
-446.69	-114.494	-4880.5	-0.897877	-0.411628	-0.156136	28.7994349983	Atom	
-459.424	-120.331	-4882.71	-0.912543	-0.399092	-0.0893867	28.7682396794	Atom	
-478.615	-128.724	-4884.59	-0.917186	-0.380751	-0.117468	28.7219419792	Atom	
-486.142	-131.849	-4885.56	-0.889626	-0.451031	-0.0716688	28.7038514152	Atom	
-511.749	-144.832	-4887.62	-0.898378	-0.433428	-0.0711202	28.640368283	Atom	
-523.943	-150.715	-4888.58	-0.903242	-0.427903	-0.0324493	28.6103811655	Atom	
-532.732	-154.878	-4888.9	-0.905839	-0.421456	-0.0427902	28.5888660074	Atom	
-613.634	-192.519	-4892.72	-0.930368	-0.366546	0.00765537	28.3912625267	Atom	
-647.393	-205.819	-4892.44	-0.927438	-0.373649	0.0156829	28.3105356826	Atom	
-654.915	-208.85	-4892.32	-0.930617	-0.365315	0.0222685	28.2924501242	Atom	
-683.243	-219.97	-4891.64	-0.905901	-0.422156	0.033588	28.2245381508	Atom	
-695.949	-225.891	-4891.17	-0.919069	-0.39405	-0.00611499	28.1931893905	Atom	
-702.165	-228.556	-4891.21	-0.894807	-0.44643	0.00450405	28.1780563279	Atom	
-703.42	-229.183	-4891.2	-0.885398	-0.464834	-0.00093812	28.1749176939	Atom	
-704.32	-229.655	-4891.2	-0.868251	-0.496125	-0.00117224	28.1726441162	Atom	
-709.812	-232.793	-4891.21	-0.883019	-0.469045	-0.0165689	28.1584836788	Atom	
-712.842	-234.402	-4891.27	-0.970895	-0.123655	0.205114	28.1507998646	Atom	
-716.039	-234.81	-4890.59	-0.98952	0.0336908	0.140411	28.1434247293	Atom	
-766.265	-233.1	-4883.47	-0.979195	0.12792	0.157523	28.0297073679	Atom	
-775.359	-231.912	-4882	-0.989652	0.0854696	0.115259	28.0088337751	Atom	
-786.129	-230.981	-4880.75	-0.796493	-0.188675	-0.574457	27.9843599808	Atom	
-814.089	-237.605	-4900.91	-0.799973	-0.167482	-0.576188	27.9053592913	Atom	
-838.068	-242.625	-4918.18	-0.803195	-0.161041	-0.573536	27.8377491271	Atom	
-851.877	-245.394	-4928.05	-0.796288	-0.110607	-0.594719	27.7988961641	Atom	
-855.383	-245.881	-4930.66	-0.792717	-0.11063	-0.599467	27.7889345664	Atom	
-858.385	-246.3	-4932.93	-0.801844	-0.114243	-0.586511	27.7803642344	Atom	
-903.966	-252.794	-4966.27	-0.823406	-0.0232018	-0.566978	27.651687737	Atom	
-911.594	-253.009	-4971.53	-0.809718	-0.0132061	-0.58667	27.6306418607	Atom	
-921.665	-253.173	-4978.82	-0.823567	0.0137278	-0.567053	27.6023650549	Atom	
-952.421	-252.66	-5000	-0.823567	0.0137278	-0.567053	27.5173983356	Region	
"-----------------------------------------------------------------"
"Trajectory"	104

"NbCollisions"	447
"Zmax"	0
"Display"	256

"Collisions"

"X"	"Y"	"Z"	"Rx"	"Ry"	"Rz"	"Energy"	"CollisionType"	
-0.0480051	-0.123042	-5000	-1.56246e-006	1.36623e-006	1	30	Region	
-0.0480311	-0.123019	-4983.32	-0.0159058	-0.0144976	0.999768	29.9644921758	Atom	
-0.151459	-0.21729	-4976.82	-0.0196992	0.0507498	0.998517	29.9506346218	Atom	
-0.652543	1.07362	-4951.42	-0.017048	0.0437814	0.998896	29.8964059065	Atom	
-0.854227	1.59157	-4939.61	-0.0323584	0.0602	0.997662	29.8711482638	Atom	
-1.1717	2.18221	-4929.82	-0.00721201	0.0972805	0.995231	29.8501871051	Atom	
-1.2298	2.96581	-4921.8	0.0059755	0.0989705	0.995072	29.8329685374	Atom	
-1.15523	4.20091	-4909.38	0.0178627	0.105628	0.994245	29.8062797066	Atom	
-0.706286	6.85563	-4884.39	-0.0496166	0.208975	0.976662	29.7524920469	Atom	
-2.56836	14.6983	-4847.74	-0.0735831	0.195901	0.977859	29.6720581838	Atom	
-3.25699	16.5316	-4838.59	-0.0496765	0.120775	0.991436	29.6519575244	Atom	
-3.41252	16.9098	-4835.49	-0.0619278	0.263829	0.96258	29.6452291209	Atom	
-4.06104	19.6726	-4825.4	-0.0494825	0.292142	0.955094	29.6227199973	Atom	
-5.55084	28.4684	-4796.65	-0.139966	0.215412	0.96644	29.5579668932	Atom	
-8.64531	33.2308	-4775.28	-0.154391	0.202363	0.967064	29.5103340516	Atom	
-8.77468	33.4004	-4774.47	-0.121582	0.209032	0.970321	29.5085264309	Atom	
-9.02183	33.8253	-4772.5	-0.128232	0.197211	0.971939	29.5041408954	Atom	
-12.408	39.033	-4746.83	-0.0891578	0.142488	0.985773	29.4471657508	Atom	
-12.6259	39.3812	-4744.43	-0.117023	0.113635	0.986607	29.4418847225	Atom	
-13.7681	40.4904	-4734.79	-0.168584	0.172177	0.970533	29.4207890155	Atom	
-17.9089	44.7195	-4710.96	-0.236373	0.284574	0.929056	29.3676734174	Atom	
-22.0772	49.7377	-4694.57	-0.255177	0.288102	0.922974	29.3294842624	Atom	
-28.6556	57.1649	-4670.78	-0.253447	0.303718	0.918433	29.2735974797	Atom	
-30.0505	58.8365	-4665.72	-0.0667944	0.440353	0.895337	29.2616479102	Atom	
-30.1469	59.4717	-4664.43	-0.0711929	0.430041	0.899998	29.2585151644	Atom	
-31.4485	67.3344	-4647.98	-0.0230592	0.415783	0.909171	29.218801715	Atom	
-31.7673	73.0821	-4635.41	0.0310441	0.480626	0.876376	29.1887435645	Atom	
-30.7166	89.3487	-4605.75	0.0900578	0.544549	0.83388	29.1150909611	Atom	
-29.5613	96.3346	-4595.05	0.0936775	0.519748	0.849168	29.0871164632	Atom	
-29.1613	98.5536	-4591.43	0.110641	0.523735	0.844666	29.0777994656	Atom	
-28.2035	103.088	-4584.11	0.0945624	0.531141	0.84199	29.0589016613	Atom	
-27.0909	109.337	-4574.21	0.097008	0.541413	0.835142	29.0332071143	Atom	
-25.9518	115.695	-4564.4	0.00726366	0.535605	0.844438	29.0075428576	Atom	
-25.5615	144.474	-4519.03	-0.0184305	0.539182	0.841988	28.8900266983	Atom	
-26.0622	159.124	-4496.15	-0.0367547	0.536964	0.842804	28.8304119147	Atom	
-26.4622	164.968	-4486.98	-0.0574217	0.485896	0.872128	28.8064952425	Atom	
-26.5754	165.925	-4485.26	-0.0804675	0.486309	0.870074	28.8021611039	Atom	
-28.1686	175.554	-4468.03	-0.0802459	0.472697	0.877564	28.7586132025	Atom	
-32.2181	199.408	-4423.75	-0.0592021	0.447777	0.892183	28.6474871924	Atom	
-32.4117	200.873	-4420.83	-0.0506661	0.487057	0.871899	28.6402607098	Atom	
-32.4191	200.944	-4420.7	-0.0925881	0.535695	0.83932	28.6399388267	Atom	
-33.5793	207.656	-4410.18	-0.136469	0.647052	0.750134	28.6122553376	Atom	
-35.2857	215.747	-4400.8	-0.483316	0.596061	0.641185	28.5846070523	Atom	
-37.1356	218.028	-4398.35	-0.429502	0.610931	0.66505	28.5761375667	Atom	
-45.8659	230.446	-4384.83	-0.38783	0.636628	0.666553	28.5311492915	Atom	
-46.2491	231.075	-4384.17	-0.300199	0.663252	0.685549	28.5289599413	Atom	
-48.6874	236.462	-4378.6	-0.333267	0.626698	0.704403	28.5109593992	Atom	
-51.9379	242.575	-4371.73	-0.499091	0.786495	0.363778	28.4893323604	Atom	
-60.2588	255.688	-4365.67	-0.52002	0.775001	0.359101	28.452342724	Atom	
-69.6437	269.674	-4359.19	-0.508054	0.775215	0.375397	28.412260693	Atom	
-70.6365	271.189	-4358.45	-0.459176	0.79807	0.390181	28.4079158614	Atom	
-73.8875	276.839	-4355.69	-0.480316	0.795321	0.369812	28.3921718369	Atom	
-84.3787	294.211	-4347.61	-0.438348	0.82032	0.367323	28.3435794079	Atom	
-91.5139	307.564	-4341.64	-0.434845	0.826536	0.357419	28.3073175352	Atom	
-110.615	343.87	-4325.94	-0.438599	0.832303	0.338972	28.2093631567	Atom	
-113.693	349.712	-4323.56	-0.430254	0.833993	0.345451	28.1936662517	Atom	
-118.284	358.61	-4319.87	-0.338621	0.82143	0.458898	28.1697987113	Atom	
-125.146	375.256	-4310.57	-0.333996	0.832046	0.442884	28.1244312695	Atom	
-143.778	421.673	-4285.86	-0.264606	0.831292	0.488812	27.9993850334	Atom	
-143.785	421.696	-4285.85	-0.276646	0.82988	0.484527	27.999322734	Atom	
-148.616	436.187	-4277.39	-0.291044	0.796497	0.529987	27.9600422247	Atom	
-148.717	436.463	-4277.21	-0.418439	0.75675	0.502234	27.9592616398	Atom	
-158.65	454.427	-4265.28	-0.447578	0.761512	0.4688	27.9058003487	Atom	
-160.59	457.727	-4263.25	-0.152451	0.938451	0.30995	27.8960270172	Atom	
-169.07	509.928	-4246.01	-0.180332	0.950131	0.254422	27.7705290843	Atom	
-175.476	543.682	-4236.97	-0.179941	0.938255	0.295465	27.6900904146	Atom	
-185.558	596.249	-4220.42	-0.267165	0.94118	0.206888	27.5629408854	Atom	
-190.331	613.067	-4216.72	-0.272172	0.929833	0.247655	27.5222395398	Atom	
-193.783	624.858	-4213.58	-0.128109	0.989768	0.0628214	27.4933195938	Atom	
-194.185	627.962	-4213.39	-0.0580898	0.988718	0.138066	27.4861631321	Atom	
-195.499	650.33	-4210.26	-0.0502046	0.985883	0.159731	27.4345164137	Atom	
-196.057	661.288	-4208.49	-0.0410426	0.991195	0.125887	27.4091048629	Atom	
-199.056	733.708	-4199.29	-0.0708596	0.98838	0.134474	27.2419399649	Atom	
-200.736	757.145	-4196.1	-0.0638216	0.99796	0.00142603	27.187421996	Atom	
-204.166	810.78	-4196.02	0.102115	0.989237	0.104796	27.0636603801	Atom	
-203.53	816.945	-4195.37	0.0055051	0.996148	0.0875173	27.0492578735	Atom	
-203.314	855.893	-4191.95	0.152758	0.985838	0.0691934	26.9588563344	Atom	
-194.619	912.009	-4188.01	0.148583	0.983749	0.100806	26.8268970071	Atom	
-193.867	916.989	-4187.5	-0.00515216	0.987755	0.155928	26.8151159596	Atom	
-193.876	918.774	-4187.22	-0.0276213	0.990943	0.131413	26.8109084034	Atom	
-194.178	929.603	-4185.78	-0.0357536	0.984789	0.170035	26.7854621377	Atom	
-194.228	930.988	-4185.54	-0.0528377	0.980402	0.18979	26.7821853044	Atom	
-195.293	950.75	-4181.72	-0.0274248	0.976273	0.2148	26.7352112369	Atom	
-195.533	959.267	-4179.84	-0.0188885	0.974122	0.225231	26.7148527892	Atom	
-195.718	968.805	-4177.64	-0.0420889	0.977874	0.204916	26.691988381	Atom	
-196.348	983.457	-4174.57	-0.0321665	0.978375	0.204325	26.6569792226	Atom	
-197.285	1011.96	-4168.61	0.0599067	0.98674	0.150848	26.5888300654	Atom	
-196.353	1027.32	-4166.27	0.029813	0.982236	0.185268	26.5523574337	Atom	
-196.06	1036.97	-4164.45	0.0391905	0.979104	0.199549	26.5292844923	Atom	
-194.329	1080.22	-4155.63	-0.000892112	0.978698	0.205305	26.4255660441	Atom	
-194.329	1080.25	-4155.63	-0.0932889	0.991982	0.0852604	26.4255158459	Atom	
-195.462	1092.29	-4154.59	-0.164701	0.98564	0.037254	26.3969148756	Atom	
-201.986	1131.34	-4153.11	-0.168248	0.983979	0.0589714	26.3035318672	Atom	
-202.814	1136.18	-4152.82	-0.165369	0.984646	0.0559007	26.2918956384	Atom	
-202.99	1137.22	-4152.77	-0.163574	0.986241	0.0239103	26.2893888853	Atom	
-212.063	1191.93	-4151.44	-0.0981349	0.994515	0.0361962	26.1582100149	Atom	
-212.655	1197.93	-4151.22	-0.108874	0.990393	0.0852588	26.1438656843	Atom	
-217.654	1243.4	-4147.31	-0.0591965	0.998078	0.0183555	26.0348155219	Atom	
-218.092	1250.79	-4147.17	-0.060283	0.997315	0.0415743	26.0171754562	Atom	
-218.548	1258.34	-4146.86	0.0034996	0.991384	0.130941	25.9991297993	Atom	
-218.546	1258.93	-4146.78	0.072517	0.988063	0.135916	25.9977058229	Atom	
-218.248	1262.99	-4146.22	0.209186	0.96376	0.165554	25.9879029499	Atom	
-215.007	1277.92	-4143.65	0.204372	0.961726	0.182522	25.9509248447	Atom	
-214.821	1278.79	-4143.49	0.187296	0.960106	0.207646	25.9487506359	Atom	
-212.601	1290.17	-4141.03	0.171256	0.961622	0.21437	25.9204274149	Atom	
-208.866	1311.15	-4136.35	0.189258	0.963821	0.187701	25.8682675537	Atom	
-207.329	1318.97	-4134.83	0.0789961	0.923298	0.375873	25.8488146178	Atom	
-206.991	1322.93	-4133.22	0.079466	0.928445	0.362871	25.8385423793	Atom	
-206.343	1330.49	-4130.26	0.0971954	0.956931	0.273562	25.8190120514	Atom	
-205.506	1338.73	-4127.91	0.105589	0.953249	0.283138	25.7983488946	Atom	
-205.458	1339.17	-4127.78	0.0555379	0.961071	0.270661	25.7972551137	Atom	
-204.484	1356.02	-4123.03	0.206415	0.970799	0.122239	25.7551476779	Atom	
-203.829	1359.11	-4122.64	0.208476	0.974413	0.0840021	25.7475212	Atom	
-202.334	1366.09	-4122.04	0.229716	0.971368	0.0606193	25.7302841915	Atom	
-193.822	1402.09	-4119.79	0.307581	0.948309	0.0781249	25.6411350969	Atom	
-187.55	1421.42	-4118.2	0.264784	0.963274	0.0446293	25.5919499165	Atom	
-175.777	1464.25	-4116.21	0.24282	0.968324	0.0582044	25.4845267087	Atom	
-174.269	1470.27	-4115.85	0.231276	0.972755	0.0160641	25.4694801289	Atom	
-172.481	1477.79	-4115.73	0.303015	0.951067	0.0604409	25.4507226418	Atom	
-170.589	1483.73	-4115.35	0.353383	0.935361	-0.0148337	25.4355721261	Atom	
-168.764	1488.56	-4115.43	0.347927	0.937411	-0.0143836	25.4230387072	Atom	
-151.438	1535.24	-4116.14	0.366219	0.930414	-0.0145895	25.3020963602	Atom	
-151.321	1535.54	-4116.15	0.0275513	0.968734	0.246566	25.3013132226	Atom	
-150.614	1560.39	-4109.82	0.0372991	0.969549	0.24204	25.2387758507	Atom	
-150.546	1562.16	-4109.38	0.0451894	0.974425	0.220122	25.2343135735	Atom	
-150.463	1563.94	-4108.98	0.0413427	0.974309	0.221387	25.229845871	Atom	
-150.361	1566.35	-4108.43	0.0420806	0.970771	0.236289	25.2237984772	Atom	
-149.75	1580.45	-4105	0.115436	0.993303	-0.00482804	25.188314624	Atom	
-149.744	1580.5	-4105	0.0378243	0.998457	0.040664	25.1881833366	Atom	
-148.123	1623.26	-4103.26	0.102813	0.990636	0.0898375	25.083397388	Atom	
-145.401	1649.5	-4100.88	0.0883617	0.9431	0.320552	25.0183909504	Atom	
-144.606	1657.99	-4098	0.0808465	0.948418	0.30654	24.99625771	Atom	
-144.254	1662.1	-4096.66	0.133359	0.939237	0.316305	24.9855661633	Atom	
-135.878	1721.1	-4076.8	0.145482	0.935115	0.323101	24.830902338	Atom	
-131.851	1746.98	-4067.85	0.216616	0.922449	0.319634	24.7624198557	Atom	
-129.677	1756.24	-4064.65	0.167562	0.93568	0.310524	24.7375310955	Atom	
-129.122	1759.34	-4063.62	0.152629	0.950846	0.269437	24.7293058242	Atom	
-122.555	1800.25	-4052.03	0.169297	0.954019	0.24736	24.6225112959	Atom	
-119.663	1816.55	-4047.8	0.148646	0.955423	0.255091	24.5799570984	Atom	
-116.894	1834.35	-4043.05	0.0961356	0.934404	0.342996	24.5334882445	Atom	
-116.457	1838.59	-4041.49	0.0838297	0.938296	0.335518	24.5221378606	Atom	
-115.777	1846.21	-4038.77	0.176744	0.955343	0.236813	24.5018601377	Atom	
-113.762	1857.1	-4036.07	0.179019	0.959028	0.219585	24.4733459774	Atom	
-110.175	1876.31	-4031.67	0.167493	0.959213	0.22772	24.4232022127	Atom	
-106.543	1897.11	-4026.73	0.185093	0.940866	0.283744	24.3688422402	Atom	
-99.5526	1932.65	-4016.01	0.276975	0.904301	0.324846	24.2739918654	Atom	
-86.6258	1974.85	-4000.85	0.246936	0.926276	0.284667	24.1564207	Atom	
-86.1859	1976.5	-4000.34	0.259288	0.915995	0.306141	24.1519159992	Atom	
-85.9218	1977.43	-4000.03	0.0369631	0.995116	-0.0915311	24.149339909	Atom	
-85.6418	1984.97	-4000.73	-0.0178392	0.99647	-0.0820308	24.1301795563	Atom	
-85.7096	1988.76	-4001.04	-0.019994	0.996728	-0.0783134	24.1205555491	Atom	
-85.8549	1996.01	-4001.61	0.136295	0.988738	0.0618172	24.1021530592	Atom	
-85.6019	1997.84	-4001.49	0.148456	0.98811	0.0400045	24.0974495557	Atom	
-81.638	2024.23	-4000.42	0.675666	0.61154	0.411697	24.0297985394	Atom	
-77.2946	2028.16	-3997.78	0.737611	0.455064	0.498846	24.0134746775	Atom	
-63.9239	2036.41	-3988.73	0.918669	0.308812	0.246336	23.9674195633	Atom	
-59.1771	2038	-3987.46	0.888109	0.417953	0.191253	23.9542717573	Atom	
-56.7589	2039.14	-3986.94	0.895926	0.429033	0.115095	23.9473403482	Atom	
-53.3801	2040.76	-3986.51	0.92847	0.365817	0.0642073	23.9377380092	Atom	
-38.5526	2046.6	-3985.48	0.889649	0.455107	-0.0374334	23.8970623658	Atom	
-31.3927	2050.26	-3985.78	0.618156	0.711989	-0.333099	23.8765362742	Atom	
-29.3894	2052.57	-3986.86	0.591191	0.72367	-0.356081	23.8682652687	Atom	
-6.1188	2081.05	-4000.88	0.579599	0.71561	-0.389831	23.7677781218	Atom	
5.36477	2095.23	-4008.6	0.557971	0.723904	-0.405748	23.7170293353	Atom	
14.0113	2106.45	-4014.89	0.441607	0.755542	-0.483879	23.6772698103	Atom	
14.5283	2107.34	-4015.46	0.380589	0.808142	-0.44951	23.674262273	Atom	
20.0566	2119.07	-4021.99	0.427022	0.762958	-0.485333	23.6369408212	Atom	
57.5849	2186.13	-4064.64	0.424801	0.476244	-0.769893	23.4108535228	Atom	
65.7788	2195.31	-4079.49	0.430048	0.488027	-0.759532	23.3608540365	Atom	
84.3584	2216.4	-4112.3	0.448035	0.499186	-0.741673	23.2486755963	Atom	
113.78	2249.18	-4161.01	0.465883	0.508978	-0.723805	23.0775202086	Atom	
127.527	2264.2	-4182.36	0.461148	0.513276	-0.723802	23.0001646507	Atom	
136.744	2274.46	-4196.83	0.497451	0.524821	-0.690729	22.9476225801	Atom	
139.199	2277.04	-4200.24	0.503942	0.489235	-0.711823	22.9346289053	Atom	
143.669	2281.38	-4206.56	0.481789	0.495398	-0.722814	22.9112595811	Atom	
149.332	2287.21	-4215.05	0.545857	0.575266	-0.609187	22.8802714323	Atom	
160.543	2299.02	-4227.56	0.567472	0.553715	-0.609406	22.826062259	Atom	
186.707	2324.55	-4255.66	0.623724	0.507145	-0.594788	22.7041422191	Atom	
201.359	2336.47	-4269.63	0.618981	0.4917	-0.612449	22.6417617156	Atom	
205.049	2339.4	-4273.28	0.598212	0.523065	-0.60708	22.6258969641	Atom	
207.785	2341.79	-4276.06	0.596691	0.515031	-0.615388	22.6137212238	Atom	
211.303	2344.83	-4279.69	0.584133	0.514264	-0.627949	22.5980143257	Atom	
214.518	2347.66	-4283.14	0.649271	0.488149	-0.583231	22.5833448931	Atom	
237.922	2365.25	-4304.17	0.643461	0.51643	-0.565029	22.4872186302	Atom	
241.676	2368.26	-4307.46	0.668405	0.564855	-0.483915	22.4716117904	Atom	
262.907	2386.21	-4322.83	0.678023	0.512306	-0.527093	22.3865761409	Atom	
279.97	2399.1	-4336.1	0.637805	0.566365	-0.521953	22.3190018187	Atom	
296.931	2414.16	-4349.98	0.664007	0.522754	-0.534624	22.2474296666	Atom	
308.68	2423.41	-4359.44	0.655829	0.405962	-0.636461	22.1996880538	Atom	
316.83	2428.46	-4367.35	0.654678	0.404199	-0.638764	22.1660959919	Atom	
317.51	2428.87	-4368.01	0.421758	0.332661	-0.843479	22.1632887874	Atom	
319.18	2430.19	-4371.35	0.432325	0.378489	-0.818438	22.1525714322	Atom	
321.766	2432.46	-4376.25	0.412377	0.395329	-0.820768	22.136377056	Atom	
329.701	2440.06	-4392.04	0.380824	0.408103	-0.829714	22.0842519525	Atom	
330.665	2441.1	-4394.14	0.410474	0.432029	-0.803033	22.0773834093	Atom	
332.552	2443.08	-4397.83	0.397217	0.431752	-0.80982	22.0649027429	Atom	
335.259	2446.02	-4403.35	0.573289	0.427127	-0.699215	22.0463913309	Atom	
338.764	2448.64	-4407.63	0.606269	0.398818	-0.688028	22.0297793448	Atom	
391.409	2483.27	-4467.37	0.644907	0.37397	-0.666515	21.7936570175	Atom	
405.097	2491.2	-4481.52	0.648391	0.378631	-0.660476	21.7354501565	Atom	
422.851	2501.57	-4499.6	0.664191	0.381311	-0.643002	21.6602044865	Atom	
441.073	2512.03	-4517.24	0.603983	0.437216	-0.666368	21.5846046731	Atom	
444.264	2514.34	-4520.76	0.58027	0.427391	-0.693271	21.5700058383	Atom	
453.939	2521.47	-4532.32	0.530532	0.344875	-0.774337	21.5239114794	Atom	
477.523	2536.8	-4566.75	0.545656	0.401084	-0.735793	21.4008082591	Atom	
481.602	2539.8	-4572.25	0.411348	0.305488	-0.85876	21.3800141005	Atom	
489.628	2545.76	-4589	0.351112	0.350581	-0.868224	21.3256934498	Atom	
490.449	2546.58	-4591.03	0.347134	0.148964	-0.925909	21.319173874	Atom	
492.232	2547.34	-4595.79	0.343307	-0.0651754	-0.936959	21.3048460366	Atom	
493.364	2547.13	-4598.88	0.315518	-0.00136725	-0.948919	21.2956388374	Atom	
494.287	2547.12	-4601.65	0.335698	0.00749806	-0.94194	21.2874706869	Atom	
494.96	2547.14	-4603.54	0.328487	0.00129974	-0.944508	21.2818657706	Atom	
495.055	2547.14	-4603.82	0.28464	0.0444433	-0.957604	21.2810569792	Atom	
498.666	2547.7	-4615.96	0.350248	0.0962503	-0.931699	21.2456175398	Atom	
504.51	2549.31	-4631.51	0.390685	0.157797	-0.906899	21.1989319113	Atom	
515.36	2553.69	-4656.69	0.400796	0.157574	-0.902515	21.1211025016	Atom	
518.752	2555.03	-4664.33	0.356703	0.13091	-0.925	21.0973191128	Atom	
523.92	2556.92	-4677.74	0.336936	0.132011	-0.932227	21.0565582665	Atom	
536.871	2562	-4713.57	0.478167	0.200618	-0.855049	20.9482703262	Atom	
540.197	2563.39	-4719.51	0.45097	0.232943	-0.861605	20.9285930029	Atom	
540.938	2563.77	-4720.93	0.462908	0.248539	-0.85085	20.9239436702	Atom	
543.455	2565.13	-4725.56	0.545843	0.324689	-0.77242	20.9085474933	Atom	
545.149	2566.13	-4727.95	0.501491	0.326614	-0.801143	20.8997547202	Atom	
549.971	2569.27	-4735.66	0.53621	0.25683	-0.804063	20.8725077766	Atom	
572.398	2580.02	-4769.29	0.528087	0.260442	-0.808266	20.7538556289	Atom	
572.581	2580.11	-4769.57	0.572781	0.243873	-0.78259	20.7528690129	Atom	
580.266	2583.38	-4780.07	0.22602	0.482236	-0.846382	20.7146373519	Atom	
581.551	2586.12	-4784.88	0.221553	0.480394	-0.848608	20.6984086912	Atom	
589.178	2602.66	-4814.09	0.0363766	0.575395	-0.817066	20.6001140186	Atom	
589.333	2605.12	-4817.59	0.14761	0.604209	-0.783034	20.5878402041	Atom	
591.521	2614.08	-4829.2	0.124826	0.574343	-0.809041	20.5453346543	Atom	
591.751	2615.13	-4830.68	0.169377	0.560311	-0.810779	20.5400531283	Atom	
592.87	2618.83	-4836.04	0.778863	-0.433884	-0.452899	20.5210778026	Atom	
593.406	2618.54	-4836.35	0.775749	-0.445882	-0.446544	20.5190995337	Atom	
598.378	2615.68	-4839.21	0.763111	-0.466211	-0.447559	20.5006728134	Atom	
610.211	2608.45	-4846.15	0.759326	-0.538439	-0.365387	20.4560586223	Atom	
617.584	2603.22	-4849.7	0.710046	-0.630997	-0.312532	20.4280759694	Atom	
618.587	2602.33	-4850.14	0.731593	-0.60906	-0.306295	20.4240032979	Atom	
621.454	2599.94	-4851.34	0.747265	-0.571288	-0.339449	20.4126934238	Atom	
668.561	2563.93	-4872.74	0.652957	-0.615947	-0.440745	20.2307192902	Atom	
669.313	2563.22	-4873.25	0.672032	-0.625909	-0.395741	20.2273695709	Atom	
673.601	2559.23	-4875.78	0.666402	-0.595086	-0.4492	20.2088173652	Atom	
674.111	2558.77	-4876.12	0.620783	-0.701351	-0.350335	20.2065903735	Atom	
678.55	2553.76	-4878.62	0.647563	-0.690147	-0.323045	20.185786401	Atom	
684.022	2547.92	-4881.35	0.630339	-0.707613	-0.319307	20.161179653	Atom	
688.503	2542.89	-4883.62	0.689462	-0.66072	-0.296802	20.140456039	Atom	
688.974	2542.44	-4883.83	0.688913	-0.654282	-0.311953	20.1384637198	Atom	
705.634	2526.62	-4891.37	0.572476	-0.651521	0.497787	20.0679133256	Atom	
714.777	2516.21	-4883.42	0.614063	-0.610046	0.500771	20.0211934943	Atom	
721.135	2509.9	-4878.24	0.645895	-0.588383	0.486442	19.9908471999	Atom	
739.751	2492.94	-4864.22	0.483455	0.712618	0.508377	19.9062758636	Atom	
740.692	2494.33	-4863.23	0.538326	0.694684	0.477094	19.900542601	Atom	
773.868	2537.14	-4833.82	0.613956	0.661792	0.430221	19.7190734635	Atom	
792.957	2557.71	-4820.45	0.594483	0.67383	0.438797	19.6268616192	Atom	
801.755	2567.69	-4813.95	0.627793	0.645842	0.43447	19.5828096754	Atom	
804.862	2570.88	-4811.8	0.621236	0.654926	0.430276	19.568051555	Atom	
807.284	2573.44	-4810.13	0.619969	0.653201	0.434703	19.5564195034	Atom	
810.531	2576.86	-4807.85	0.604434	0.670945	0.429525	19.5407880716	Atom	
814.167	2580.89	-4805.26	0.589939	0.671747	0.448026	19.5228171331	Atom	
827.922	2596.56	-4794.82	0.62095	0.658848	0.424664	19.4531283813	Atom	
832.581	2601.5	-4791.63	0.669861	0.609524	0.423988	19.430639686	Atom	
842.418	2610.45	-4785.41	0.657279	0.62251	0.424813	19.3865819717	Atom	
862.293	2629.27	-4772.56	0.667616	0.60629	0.43209	19.2957023032	Atom	
862.582	2629.54	-4772.37	0.602619	0.685111	0.409235	19.2943977297	Atom	
864.462	2631.67	-4771.1	0.630681	0.696633	0.341971	19.2849884878	Atom	
870.177	2637.99	-4768	0.623515	0.706202	0.335422	19.2576419933	Atom	
878.42	2647.32	-4763.56	0.588289	0.712828	0.381828	19.2177019325	Atom	
891.053	2662.63	-4755.36	0.533602	0.753267	0.384521	19.152722471	Atom	
893.574	2666.19	-4753.55	0.256388	0.966573	-0.00117034	19.1383844851	Atom	
895.453	2673.27	-4753.56	0.278493	0.960022	0.0282697	19.1161365812	Atom	
898.724	2684.55	-4753.22	0.32511	0.945555	-0.0151174	19.0804567764	Atom	
899.664	2687.28	-4753.27	0.305222	0.951653	-0.0345844	19.0716581827	Atom	
899.919	2688.08	-4753.3	0.283815	0.958852	-0.00719997	19.0691085585	Atom	
907.593	2714	-4753.49	0.348729	0.934459	-0.0719402	18.9867928674	Atom	
919.544	2746.03	-4755.96	0.342359	0.938129	-0.0520058	18.8821154426	Atom	
922.482	2754.08	-4756.4	0.336407	0.940141	-0.0544621	18.8557897648	Atom	
928.186	2770.02	-4757.33	0.281277	0.95743	-0.0648852	18.803711426	Atom	
930.979	2779.53	-4757.97	0.294111	0.950151	-0.103501	18.7731485854	Atom	
933.073	2786.29	-4758.71	0.345913	0.931707	-0.110754	18.7512132717	Atom	
935.926	2793.97	-4759.62	0.372883	0.91793	-0.135511	18.7257742038	Atom	
941.218	2807	-4761.54	0.338937	0.929355	-0.146357	18.6819516139	Atom	
942.48	2810.46	-4762.09	0.359115	0.925682	-0.118951	18.6704377165	Atom	
953.208	2838.12	-4765.64	0.438088	0.894583	0.0883153	18.5779782375	Atom	
958.188	2848.28	-4764.64	0.502535	0.863679	-0.0389553	18.5426653249	Atom	
960.759	2852.7	-4764.84	0.447072	0.893849	-0.0340644	18.5267445789	Atom	
961.384	2853.95	-4764.89	0.381692	0.923633	-0.0348406	18.5223894596	Atom	
967.377	2868.46	-4765.43	0.265362	0.964144	0.00316343	18.473494855	Atom	
979.037	2910.82	-4765.29	0.263218	0.964487	0.0219324	18.3363814071	Atom	
981.87	2921.2	-4765.06	0.257614	0.965697	0.0326393	18.3026102519	Atom	
987.535	2942.44	-4764.34	0.308677	0.951166	-0.00144765	18.2334854383	Atom	
991.384	2954.3	-4764.36	0.336234	0.941768	0.00453019	18.1941753798	Atom	
998.608	2974.53	-4764.26	0.426567	0.904204	0.0213313	18.1263388852	Atom	
1002.79	2983.39	-4764.05	0.423031	0.905595	0.030697	18.0953154365	Atom	
1004.51	2987.07	-4763.93	0.32999	0.943708	-0.0228462	18.082411483	Atom	
1008.04	2997.16	-4764.17	0.35948	0.932825	-0.0247266	18.0484903448	Atom	
1014.34	3013.52	-4764.6	0.370192	0.928212	-0.0371603	17.9927584551	Atom	
1026.23	3043.33	-4765.8	0.366642	0.928764	-0.0545104	17.8904860719	Atom	
1026.65	3044.39	-4765.86	0.258603	0.965902	-0.0125448	17.8868425298	Atom	
1027.55	3047.77	-4765.9	0.265279	0.964168	-0.00257271	17.8756186754	Atom	
1036.75	3081.19	-4765.99	0.278455	0.960221	-0.0209326	17.7646695194	Atom	
1037.48	3083.7	-4766.05	0.248971	0.968086	-0.0286758	17.7562482159	Atom	
1038.01	3085.77	-4766.11	0.204569	0.978452	-0.0279842	17.7493805662	Atom	
1038.36	3087.45	-4766.16	0.206856	0.977906	-0.0301889	17.7438437556	Atom	
1041.26	3101.15	-4766.58	0.178863	0.971997	-0.152413	17.6987502061	Atom	
1045.57	3124.57	-4770.25	0.191954	0.976453	-0.0984577	17.6210207457	Atom	
1047.23	3133.02	-4771.1	0.155743	0.985088	-0.073119	17.5929860269	Atom	
1047.73	3136.2	-4771.34	0.183791	0.98115	-0.059718	17.5825318698	Atom	
1048.28	3139.12	-4771.52	0.0526453	0.998597	-0.00578183	17.5728861183	Atom	
1048.76	3148.3	-4771.57	0.129521	0.990076	0.0545331	17.5430816316	Atom	
1050.03	3158.02	-4771.04	0.127876	0.990564	0.0493121	17.5111814115	Atom	
1055.34	3199.11	-4768.99	0.140202	0.984827	0.102268	17.3762543111	Atom	
1056.3	3205.85	-4768.29	0.327125	0.941979	0.0752652	17.3538375059	Atom	
1058.33	3211.71	-4767.82	0.342831	0.935529	0.0851587	17.3334590728	Atom	
1063.57	3226	-4766.52	0.339414	0.937946	0.0711039	17.2833810535	Atom	
1066.11	3233.03	-4765.99	0.337707	0.937621	0.0825881	17.2587754164	Atom	
1069.29	3241.86	-4765.21	0.326202	0.943462	0.0589255	17.227762151	Atom	
1071.77	3249.02	-4764.76	0.323378	0.945145	0.0461378	17.2027763352	Atom	
1071.99	3249.67	-4764.73	0.329659	0.942227	0.0594416	17.2005053296	Atom	
1078.07	3267.04	-4763.64	0.379297	0.922188	0.0755226	17.1397017068	Atom	
1079.94	3271.6	-4763.26	0.336642	0.93595	0.103299	17.1233646777	Atom	
1093.27	3308.67	-4759.17	0.304499	0.946611	0.105867	16.9922800065	Atom	
1102.66	3337.83	-4755.91	0.337373	0.92917	0.151071	16.889703933	Atom	
1108.55	3354.07	-4753.27	0.241419	0.955718	0.168287	16.8312222053	Atom	
1115.13	3380.09	-4748.69	0.201808	0.967558	0.152003	16.7399114561	Atom	
1117.03	3389.24	-4747.25	0.196017	0.967215	0.161469	16.7080641809	Atom	
1117.11	3389.64	-4747.18	0.152162	0.973021	0.173429	16.7066773816	Atom	
1119.13	3402.55	-4744.88	0.151869	0.959576	0.236961	16.6618922008	Atom	
1119.69	3406.04	-4744.02	0.157431	0.950354	0.268407	16.6496044045	Atom	
1123.41	3428.5	-4737.68	0.131147	0.958486	0.253191	16.5696771064	Atom	
1123.65	3430.26	-4737.21	0.106562	0.964246	0.242642	16.5634239512	Atom	
1123.95	3433.03	-4736.51	0.0919156	0.973462	0.209577	16.5536688071	Atom	
1124.11	3434.71	-4736.15	0.10371	0.965908	0.237202	16.5478111909	Atom	
1128.72	3477.61	-4725.62	0.121958	0.961147	0.247636	16.3968845731	Atom	
1129.04	3480.16	-4724.96	0.154527	0.959294	0.23638	16.3878113292	Atom	
1131.03	3492.5	-4721.92	0.197318	0.952593	0.231586	16.3437525639	Atom	
1133.72	3505.48	-4718.76	0.157551	0.9588	0.236392	16.2969838684	Atom	
1134.19	3508.36	-4718.05	0.884286	-0.0876312	-0.45865	16.2866557641	Atom	
1151.38	3506.66	-4726.97	0.902168	-0.0755068	-0.424726	16.2197813042	Atom	
1153.41	3506.49	-4727.92	0.808894	0.0671411	-0.584108	16.2120207889	Atom	
1165.3	3507.48	-4736.51	0.809274	0.082376	-0.581627	16.1612864665	Atom	
1169.9	3507.95	-4739.81	0.831403	-0.0176147	-0.555391	16.141612201	Atom	
1185.98	3507.61	-4750.56	0.862774	-0.0227028	-0.50508	16.0745910604	Atom	
1188.91	3507.53	-4752.28	0.810905	0.0781973	-0.579929	16.0627725222	Atom	
1191.32	3507.76	-4754	0.822726	0.0413331	-0.566934	16.0524453666	Atom	
1191.63	3507.78	-4754.21	0.888213	-0.0587728	-0.455657	16.051127431	Atom	
1201.5	3507.12	-4759.27	0.864401	-0.113284	-0.489876	16.0124751939	Atom	
1208.13	3506.25	-4763.03	0.842483	-0.158448	-0.514895	15.9857287158	Atom	
1216.07	3504.76	-4767.88	0.757517	-0.218001	-0.61534	15.9528587054	Atom	
1217.51	3504.35	-4769.06	0.771137	-0.26918	-0.576965	15.9461911143	Atom	
1219.96	3503.49	-4770.89	0.793675	-0.256921	-0.551426	15.9351022241	Atom	
1222.33	3502.72	-4772.53	0.766277	-0.26867	-0.58364	15.9246372146	Atom	
1226.09	3501.41	-4775.4	0.749746	-0.262012	-0.607643	15.9074598048	Atom	
1240.98	3496.2	-4787.47	0.75421	-0.29814	-0.585047	15.8378853066	Atom	
1249.24	3492.94	-4793.87	0.75186	-0.294981	-0.589654	15.7993804756	Atom	
1265.46	3486.57	-4806.6	0.750211	-0.269517	-0.603775	15.7233912682	Atom	
1321.09	3466.59	-4851.36	0.768099	-0.202748	-0.607386	15.4612861527	Atom	
1322.23	3466.29	-4852.27	0.778047	-0.31607	-0.542903	15.4559422692	Atom	
1340.06	3459.05	-4864.71	0.782354	-0.326778	-0.530225	15.3738742014	Atom	
1367.99	3447.38	-4883.63	0.748453	-0.311439	-0.585512	15.245474899	Atom	
1370.96	3446.14	-4885.96	0.920765	-0.318037	-0.225928	15.231092718	Atom	
1392.53	3438.69	-4891.25	0.9228	-0.294337	-0.24861	15.1462412565	Atom	
1395.31	3437.81	-4892	0.928495	-0.284009	-0.239239	15.1352607987	Atom	
1409.01	3433.61	-4895.53	0.91698	-0.32715	-0.228297	15.0815413608	Atom	
1410.61	3433.05	-4895.93	0.927863	-0.317285	-0.195959	15.0751934224	Atom	
1415.83	3431.26	-4897.03	0.930534	-0.324126	-0.170437	15.0546383076	Atom	
1417.82	3430.57	-4897.4	0.922829	-0.276914	-0.267779	15.0468108563	Atom	
1418.28	3430.43	-4897.53	0.926696	-0.269936	-0.261474	15.0450027135	Atom	
1442.69	3423.32	-4904.42	0.939359	-0.258599	-0.225236	14.9486802046	Atom	
1454.91	3419.95	-4907.35	0.850333	-0.522504	0.0626387	14.9008515905	Atom	
1461.97	3415.62	-4906.83	0.847274	-0.529288	0.044498	14.8702670837	Atom	
1487.08	3399.93	-4905.51	0.896777	-0.428664	-0.109722	14.7609209411	Atom	
1498.96	3394.25	-4906.96	0.897765	-0.433369	-0.0788023	14.7117564049	Atom	
1505.71	3390.99	-4907.56	0.850231	-0.525661	-0.0280654	14.6837778663	Atom	
1527.14	3377.75	-4908.26	0.854149	-0.516684	-0.0588884	14.589893681	Atom	
1527.79	3377.35	-4908.31	0.777336	-0.627461	0.0451848	14.5870128098	Atom	
1539.65	3367.78	-4907.62	0.785089	-0.618527	0.0325495	14.5299075238	Atom	
1546.27	3362.56	-4907.34	0.769614	-0.638501	0.00309683	14.4982060073	Atom	
1547.13	3361.85	-4907.34	0.773548	-0.633715	0.00540909	14.49403652	Atom	
1592.64	3324.57	-4907.02	0.781222	-0.623818	0.0233095	14.2726053428	Atom	
1604.69	3314.94	-4906.66	0.795693	-0.603863	0.0471353	14.2138690036	Atom	
1605.17	3314.58	-4906.64	0.796728	-0.59865	0.0827154	14.2115865678	Atom	
1605.85	3314.07	-4906.56	0.80592	-0.591841	-0.0147495	14.2083306974	Atom	
1607.81	3312.63	-4906.6	0.836699	-0.547658	0.00245638	14.1990046148	Atom	
1625.61	3300.98	-4906.55	0.71654	-0.695375	-0.0549946	14.1177067747	Atom	
1635.06	3291.81	-4907.27	0.753559	-0.655718	-0.0467314	14.0670627823	Atom	
1644.6	3283.5	-4907.87	0.748953	-0.662182	-0.0241765	14.018302626	Atom	
1647.75	3280.72	-4907.97	0.736002	-0.666177	-0.120449	14.0020555342	Atom	
1649.07	3279.52	-4908.18	0.730685	-0.678161	-0.0787239	13.9951343275	Atom	
1651.64	3277.14	-4908.46	0.705041	-0.697066	-0.130447	13.9815536821	Atom	
1669.65	3259.34	-4911.79	0.714931	-0.693353	-0.0901972	13.8827504966	Atom	
1671.1	3257.93	-4911.97	0.835104	-0.544138	-0.0807089	13.8748578209	Atom	
1680.56	3251.76	-4912.89	0.751717	-0.590574	-0.293503	13.8307590463	Atom	
1685.92	3247.55	-4914.98	0.717205	-0.571305	-0.399034	13.8029388525	Atom	
1688.62	3245.41	-4916.48	0.711524	-0.570467	-0.410244	13.7882763597	Atom	
1692.3	3242.45	-4918.61	0.597266	-0.614121	-0.515876	13.7680233926	Atom	
1710.27	3223.97	-4934.13	0.597531	-0.605523	-0.525641	13.6502494753	Atom	
1714.64	3219.55	-4937.97	0.260855	-0.833554	-0.486973	13.6214797356	Atom	
1715.37	3217.21	-4939.33	0.245501	-0.863134	-0.44128	13.6104045519	Atom	
1722.26	3193	-4951.71	0.266932	-0.861434	-0.432063	13.4996217412	Atom	
1722.55	3192.04	-4952.19	0.361144	-0.821235	-0.441755	13.4952044652	Atom	
1726.81	3182.35	-4957.4	0.329974	-0.841113	-0.428539	13.4483408006	Atom	
1728.24	3178.71	-4959.26	0.290767	-0.849212	-0.440787	13.431082047	Atom	
1729.08	3176.26	-4960.53	0.277992	-0.883564	-0.376875	13.4195703416	Atom	
1730.81	3170.75	-4962.88	0.279435	-0.894169	-0.349825	13.3947008453	Atom	
1731.76	3167.74	-4964.06	0.239331	-0.916248	-0.321263	13.381225538	Atom	
1733.4	3161.44	-4966.27	0.140004	-0.873851	-0.4656	13.3537034787	Atom	
1735.52	3148.24	-4973.3	0.256691	-0.880161	-0.399283	13.2932146469	Atom	
1735.75	3147.45	-4973.66	0.286557	-0.867326	-0.406977	13.2896015812	Atom	
1737.41	3142.42	-4976.02	0.25131	-0.895482	-0.367364	13.2662637938	Atom	
1740.19	3132.5	-4980.09	0.383533	-0.862372	-0.330478	13.221654743	Atom	
1742.21	3127.97	-4981.83	0.376791	-0.868707	-0.321522	13.2004722124	Atom	
1748.63	3113.16	-4987.31	0.754481	-0.615471	-0.227932	13.1315784964	Atom	
1751.7	3110.66	-4988.23	0.754492	-0.61408	-0.23162	13.1150778225	Atom	
1759.62	3104.21	-4990.67	0.814377	-0.558569	-0.157451	13.0724192494	Atom	
1768.26	3098.29	-4992.34	0.793738	-0.590484	-0.145976	13.0292281451	Atom	
1774.82	3093.4	-4993.54	0.778899	-0.613379	-0.130695	12.9954725918	Atom	
1777.35	3091.41	-4993.97	0.789151	-0.570198	-0.228287	12.9821859752	Atom	
1790.52	3081.89	-4997.78	0.806247	-0.563863	-0.178954	12.913870395	Atom	
1792.63	3080.42	-4998.24	0.768797	-0.600551	-0.21975	12.903148781	Atom	
1795.86	3077.89	-4999.17	0.788694	-0.559982	-0.253736	12.8858407227	Atom	
1797.48	3076.75	-4999.69	0.791647	-0.554487	-0.256591	12.8774117753	Atom	
1798.44	3076.08	-5000	0.791647	-0.554487	-0.256591	12.872417082	Region	
"-----------------------------------------------------------------"
"Trajectory"	107

"NbCollisions"	245
"Zmax"	0
"Display"	256

"Collisions"

"X"	"Y"	"Z"	"Rx"	"Ry"	"Rz"	"Energy"	"CollisionType"	
0.0612955	0.23064	-5000	-9.03619e-007	2.63595e-006	1	30	Region	
0.0612901	0.230656	-4993.98	0.00495873	0.00557518	0.999972	29.9871734861	Atom	
0.063826	0.233507	-4993.46	0.0118093	0.073674	0.997212	29.986084267	Atom	
0.122327	0.598475	-4988.52	0.000283652	0.0835991	0.996499	29.9755331801	Atom	
0.125064	1.40518	-4978.91	0.0170865	0.113913	0.993344	29.9549746836	Atom	
0.234466	2.13455	-4972.55	0.0233191	0.0688597	0.997354	29.941326016	Atom	
0.783788	3.75666	-4949.05	-0.000234195	0.0551639	0.998477	29.891092983	Atom	
0.781359	4.32872	-4938.7	-0.00208023	0.0446049	0.999003	29.8689494507	Atom	
0.676246	6.58259	-4888.22	-0.0473243	-0.0541413	0.997411	29.7609902314	Atom	
0.0786125	5.89887	-4875.62	-0.0022973	-0.11568	0.993284	29.7339307746	Atom	
0.0748016	5.70697	-4873.98	-0.101886	-0.148115	0.983708	29.730373655	Atom	
-0.0317764	5.55203	-4872.95	-0.116287	-0.0807498	0.989928	29.7281304018	Atom	
-0.0782624	5.51975	-4872.55	-0.15595	-0.0179989	0.987601	29.7272730829	Atom	
-1.47895	5.35809	-4863.68	-0.116637	0.0162902	0.993041	29.7080102889	Atom	
-1.91533	5.41904	-4859.97	-0.29935	-0.0665798	0.951818	29.6999821789	Atom	
-19.4498	1.51911	-4804.21	-0.29859	-0.0571299	0.95267	29.574265151	Atom	
-27.6887	-0.0572544	-4777.93	-0.298994	-0.0404745	0.953396	29.5148435248	Atom	
-28.5772	-0.177526	-4775.09	-0.30842	-0.0944929	0.946546	29.5084339435	Atom	
-34.834	-2.09446	-4755.89	-0.308457	-0.156348	0.938301	29.4646685389	Atom	
-49.0288	-9.28945	-4712.71	-0.240573	-0.177758	0.954215	29.3652715707	Atom	
-65.7183	-21.6212	-4646.51	-0.235917	-0.167698	0.957194	29.2150258857	Atom	
-66.5226	-22.1929	-4643.25	-0.248135	-0.134364	0.959362	29.2076118187	Atom	
-74.6538	-26.5959	-4611.81	-0.236516	-0.056232	0.969999	29.1363368155	Atom	
-75.8727	-26.8857	-4606.81	-0.198138	-0.0519842	0.978795	29.1251054672	Atom	
-83.2834	-28.83	-4570.21	-0.214676	-0.0359265	0.976024	29.043570616	Atom	
-83.7921	-28.9151	-4567.89	-0.26451	-0.0316672	0.963863	29.0383938047	Atom	
-85.56	-29.1268	-4561.45	-0.256905	-0.0297937	0.965977	29.0237885012	Atom	
-89.0243	-29.5286	-4548.42	-0.290618	-0.0247949	0.956518	28.994310346	Atom	
-93.5065	-29.911	-4533.67	-0.301802	-0.0262954	0.953008	28.9605680556	Atom	
-96.8944	-30.2061	-4522.97	-0.319576	-0.18386	0.929552	28.9359858971	Atom	
-104.537	-34.6033	-4500.74	-0.382277	-0.50183	0.775907	28.8835788355	Atom	
-104.947	-35.1415	-4499.91	-0.360656	-0.478303	0.800721	28.8812252686	Atom	
-118.001	-52.4535	-4470.93	-0.339388	-0.488576	0.803809	28.8017912306	Atom	
-120.955	-56.7059	-4463.93	-0.27382	-0.527847	0.80399	28.7826479746	Atom	
-122.872	-60.4019	-4458.3	-0.286514	-0.556447	0.779921	28.7672390258	Atom	
-128.429	-71.1943	-4443.18	-0.296958	-0.532608	0.792556	28.7245393641	Atom	
-128.436	-71.2059	-4443.16	-0.561872	-0.545862	0.621558	28.7244912739	Atom	
-152.091	-94.1876	-4416.99	-0.551597	-0.526227	0.647168	28.6316925334	Atom	
-157.096	-98.9618	-4411.12	-0.550159	-0.529472	0.645743	28.6116433117	Atom	
-158.308	-100.128	-4409.7	-0.563395	-0.586725	0.58167	28.6067734962	Atom	
-159.411	-101.278	-4408.56	-0.581787	-0.58371	0.566398	28.6024407419	Atom	
-161.651	-103.524	-4406.38	-0.579555	-0.571907	0.58055	28.5939287038	Atom	
-182.331	-123.932	-4385.66	-0.554116	-0.511158	0.657018	28.5149897551	Atom	
-188.673	-129.782	-4378.14	-0.550629	-0.520494	0.652605	28.4896163229	Atom	
-194.861	-135.632	-4370.81	-0.675268	-0.531557	0.511331	28.4646809316	Atom	
-223.874	-158.47	-4348.84	-0.68503	-0.51353	0.51674	28.3692930885	Atom	
-239.53	-170.206	-4337.03	-0.673469	-0.567037	0.474244	28.3184161796	Atom	
-240.621	-171.125	-4336.26	-0.681622	-0.563895	0.466277	28.3148035192	Atom	
-273.658	-198.456	-4313.66	-0.782147	-0.383353	0.49121	28.2067437036	Atom	
-295.58	-209.2	-4299.89	-0.799127	-0.341965	0.494425	28.1440637161	Atom	
-304.231	-212.902	-4294.54	-0.848835	-0.413015	0.329996	28.1198103772	Atom	
-329.941	-225.412	-4284.55	-0.810572	-0.466771	0.353692	28.0519100172	Atom	
-346.047	-234.687	-4277.52	-0.759852	-0.586361	0.280723	28.007277832	Atom	
-397.801	-274.624	-4258.4	-0.719568	-0.602897	0.344582	27.85409854	Atom	
-404.985	-280.643	-4254.96	-0.719516	-0.612306	0.327686	27.8315467788	Atom	
-435.38	-306.509	-4241.12	-0.773054	-0.586369	0.241989	27.7360651052	Atom	
-460.698	-325.713	-4233.19	-0.729524	-0.621678	0.28515	27.6618354089	Atom	
-493.584	-353.737	-4220.34	-0.730775	-0.61314	0.300045	27.5594492961	Atom	
-496.413	-356.111	-4219.17	-0.711184	-0.634978	0.301696	27.5506287872	Atom	
-517.75	-375.162	-4210.12	-0.681586	-0.666368	0.302315	27.4822674757	Atom	
-541.556	-398.436	-4199.56	-0.678085	-0.660685	0.322018	27.4025255544	Atom	
-543.423	-400.256	-4198.68	-0.651308	-0.658377	0.377276	27.3962230641	Atom	
-547.077	-403.949	-4196.56	-0.633512	-0.681438	0.366475	27.3833819741	Atom	
-563.188	-421.279	-4187.24	-0.896765	0.211662	-0.388602	27.3251551434	Atom	
-598.07	-413.045	-4202.36	-0.892557	0.225559	-0.390469	27.2359414594	Atom	
-667.24	-395.566	-4232.62	-0.893334	0.294664	-0.339305	27.0577400372	Atom	
-688.297	-388.62	-4240.61	-0.945523	0.31915	0.0642667	27.003254593	Atom	
-709.485	-381.468	-4239.17	-0.947693	0.31618	0.0436906	26.9513717557	Atom	
-724.881	-376.331	-4238.46	-0.94784	0.317291	0.0304196	26.9137015828	Atom	
-725.617	-376.085	-4238.44	-0.913626	0.403718	0.0479414	26.9119003294	Atom	
-742.043	-368.826	-4237.58	-0.909826	0.410416	0.0614402	26.8701613626	Atom	
-746.391	-366.865	-4237.28	-0.903084	0.425093	0.0611102	26.8590547392	Atom	
-769.841	-355.827	-4235.7	-0.825018	0.565072	0.00628288	26.7986804427	Atom	
-784.559	-345.746	-4235.59	-0.863142	0.504287	-0.0260989	26.7571268879	Atom	
-824.156	-322.612	-4236.78	-0.857264	0.514596	-0.0170134	26.6501403975	Atom	
-828.816	-319.815	-4236.88	-0.832311	0.550919	-0.0612135	26.6374218827	Atom	
-848.917	-306.51	-4238.35	-0.769979	0.627992	0.112955	26.5808997106	Atom	
-879.317	-281.715	-4233.89	-0.747912	0.652726	0.120734	26.4883377426	Atom	
-906.206	-258.248	-4229.55	-0.761727	0.633228	0.137091	26.4038193517	Atom	
-965.271	-209.148	-4218.92	-0.758839	0.637125	0.13504	26.2210677795	Atom	
-966.173	-208.39	-4218.76	-0.769709	0.620094	0.151761	26.2182495113	Atom	
-977.366	-199.373	-4216.56	-0.753437	0.655033	0.0571289	26.1837839394	Atom	
-979.331	-197.665	-4216.41	-0.751771	0.657716	0.0474332	26.1775989822	Atom	
-1000.01	-179.572	-4215.1	-0.759862	0.64874	0.0417911	26.1123201489	Atom	
-1023.16	-159.81	-4213.83	-0.766937	0.632332	0.109378	26.0398919735	Atom	
-1031.61	-152.843	-4212.62	-0.771587	0.626682	0.109197	26.0136351785	Atom	
-1046.01	-141.15	-4210.59	-0.793801	0.596655	0.117827	25.9691366734	Atom	
-1051.79	-136.803	-4209.73	-0.814246	0.570639	0.106652	25.9517378429	Atom	
-1059.38	-131.48	-4208.73	-0.891885	0.44594	0.0753541	25.9294498942	Atom	
-1092.68	-114.832	-4205.92	-0.888285	0.449455	0.0945503	25.8401906509	Atom	
-1096.71	-112.795	-4205.49	-0.896324	0.441816	0.0374327	25.8293249439	Atom	
-1115.51	-103.524	-4204.71	-0.904663	0.41769	0.0843754	25.7789963963	Atom	
-1119.66	-101.611	-4204.32	-0.920345	0.378684	0.0977921	25.768000485	Atom	
-1123.99	-99.8282	-4203.86	-0.92193	0.376661	0.0903919	25.7566852809	Atom	
-1126.94	-98.6232	-4203.57	-0.907445	0.397157	0.137151	25.7489953089	Atom	
-1131.35	-96.6916	-4202.9	-0.886685	0.45176	0.0985024	25.7373022804	Atom	
-1144.79	-89.8478	-4201.41	-0.908226	0.386555	0.160317	25.7008666736	Atom	
-1145.78	-89.4233	-4201.23	-0.874626	0.401087	0.272323	25.6982226517	Atom	
-1147.15	-88.7942	-4200.81	-0.868644	0.415136	0.270406	25.6944456747	Atom	
-1147.77	-88.5017	-4200.62	-0.767255	0.483022	0.421911	25.6927489181	Atom	
-1155.08	-83.8944	-4196.59	-0.812772	0.437308	0.384919	25.6697762	Atom	
-1156.7	-83.026	-4195.83	-0.822668	0.410494	0.393334	25.6649900094	Atom	
-1193.34	-64.7417	-4178.31	-0.816891	0.443647	0.368599	25.5576218184	Atom	
-1195.99	-63.3043	-4177.11	-0.788037	0.510386	0.344244	25.5497857327	Atom	
-1202.47	-59.1067	-4174.28	-0.777261	0.53886	0.324802	25.5298902748	Atom	
-1211.09	-53.1277	-4170.68	-0.766236	0.5587	0.317391	25.5030323414	Atom	
-1215.87	-49.6443	-4168.7	-0.700024	0.333065	0.631691	25.4879280116	Atom	
-1217.61	-48.8163	-4167.13	-0.71187	0.317118	0.626639	25.4819024789	Atom	
-1269.15	-25.8593	-4121.77	-0.692701	0.311879	0.650305	25.3064082549	Atom	
-1283.32	-19.4778	-4108.46	-0.697329	0.383014	0.605832	25.2565332503	Atom	
-1296.82	-12.062	-4096.73	-0.582907	0.469788	0.662962	25.2092656814	Atom	
-1303.01	-7.07554	-4089.69	-0.571556	0.481057	0.664761	25.1833145431	Atom	
-1325.81	12.1163	-4063.17	-0.448576	0.553298	0.701883	25.0856940798	Atom	
-1330.2	17.534	-4056.3	-0.457543	0.557334	0.692844	25.061660841	Atom	
-1335.81	24.3638	-4047.81	-0.437928	0.557362	0.705384	25.0315601991	Atom	
-1342.67	33.0919	-4036.76	-0.310184	0.43899	0.843252	24.9930586021	Atom	
-1352.73	47.3302	-4009.41	-0.307146	0.441944	0.842821	24.913216351	Atom	
-1352.89	47.5699	-4008.96	-0.160662	0.489845	0.856878	24.9118779069	Atom	
-1355.14	54.4156	-3996.98	-0.135258	0.503206	0.853516	24.877386929	Atom	
-1355.26	54.879	-3996.19	-0.178491	0.488854	0.85391	24.8751118387	Atom	
-1359.65	66.8964	-3975.2	-0.186436	0.468109	0.86378	24.8143706657	Atom	
-1362.33	73.6219	-3962.79	-0.187282	0.461916	0.866925	24.7788016108	Atom	
-1363.03	75.3477	-3959.55	-0.173311	0.452606	0.874706	24.7695413085	Atom	
-1367.29	86.4703	-3938.06	-0.24946	0.505028	0.826267	24.7086160354	Atom	
-1370.53	93.025	-3927.33	-0.510829	0.853226	-0.105165	24.6763759362	Atom	
-1375.6	101.497	-3928.38	-0.603757	0.794674	-0.0630162	24.651685558	Atom	
-1378.54	105.361	-3928.68	-0.517165	0.845202	-0.134809	24.6395850012	Atom	
-1392.41	128.033	-3932.3	-0.52623	0.842414	-0.11585	24.5728055395	Atom	
-1395.64	133.206	-3933.01	-0.538231	0.834058	-0.121052	24.5574848994	Atom	
-1406.92	150.682	-3935.55	-0.421703	0.887238	-0.187019	24.5051851357	Atom	
-1407.33	151.556	-3935.73	-0.42337	0.891255	-0.16255	24.502719862	Atom	
-1413.86	165.297	-3938.24	-0.421411	0.889987	-0.174174	24.4641700966	Atom	
-1424.7	188.187	-3942.72	-0.419424	0.888635	-0.1855	24.3997758014	Atom	
-1434.49	208.933	-3947.05	-0.42249	0.89902	-0.115177	24.341206874	Atom	
-1445.87	233.147	-3950.15	-0.416094	0.897458	-0.146407	24.2735056136	Atom	
-1451.45	245.192	-3952.12	-0.447088	0.873154	-0.194205	24.2396929322	Atom	
-1453.53	249.249	-3953.02	-0.468898	0.843222	-0.26289	24.2279752412	Atom	
-1454.48	250.955	-3953.55	-0.480437	0.864867	-0.145554	24.2228732101	Atom	
-1455.08	252.028	-3953.73	-0.526936	0.844053	-0.0995656	24.2197421088	Atom	
-1460.99	261.499	-3954.85	-0.542929	0.833869	-0.0994552	24.1914261474	Atom	
-1469.99	275.322	-3956.5	-0.447828	0.869035	-0.210307	24.1495536114	Atom	
-1481.48	297.616	-3961.89	-0.174629	0.818928	-0.546683	24.0846652692	Atom	
-1486.77	322.435	-3978.46	-0.163944	0.816458	-0.553641	24.0078462596	Atom	
-1490.3	340.005	-3990.37	-0.235368	0.751332	-0.616525	23.9531602516	Atom	
-1490.44	340.448	-3990.74	-0.222647	0.765953	-0.603112	23.9516605348	Atom	
-1496.09	359.914	-4006.07	-0.00425575	0.646324	-0.763052	23.8869593143	Atom	
-1496.1	360.065	-4006.24	0.011567	0.633399	-0.773739	23.8863630953	Atom	
-1495.95	368.065	-4016.02	0.0104522	0.630017	-0.776511	23.8541388878	Atom	
-1495.73	381.534	-4032.62	-0.0621644	0.603481	-0.79495	23.7995345341	Atom	
-1496.11	385.285	-4037.56	-0.0771109	0.584369	-0.807816	23.7836340085	Atom	
-1496.21	386.009	-4038.56	-0.121553	0.492797	-0.861613	23.7804626961	Atom	
-1498.78	396.444	-4056.8	-0.14581	0.513918	-0.845357	23.7262441499	Atom	
-1505.9	421.531	-4098.07	-0.178142	0.525814	-0.831736	23.6010395218	Atom	
-1509.82	433.099	-4116.37	-0.233829	0.479056	-0.846067	23.5443713201	Atom	
-1510.35	434.189	-4118.29	-0.227899	0.473239	-0.850945	23.5385051517	Atom	
-1516.82	447.631	-4142.46	-0.201254	0.465619	-0.861798	23.4651899662	Atom	
-1519.43	453.658	-4153.62	-0.119307	0.461983	-0.878828	23.4316999078	Atom	
-1523.9	470.963	-4186.54	-0.168832	0.432564	-0.885655	23.3346682777	Atom	
-1524.1	471.492	-4187.62	-0.247878	0.438939	-0.863649	23.3314896171	Atom	
-1526.64	475.981	-4196.45	-0.199791	0.443943	-0.873498	23.3049109385	Atom	
-1526.88	476.518	-4197.51	-0.194535	0.466564	-0.862829	23.3017646386	Atom	
-1528.17	479.601	-4203.21	-0.123741	0.273493	-0.953881	23.2845726535	Atom	
-1528.75	480.883	-4207.68	-0.178873	0.341716	-0.922624	23.2723655086	Atom	
-1533.25	489.487	-4230.91	-0.16573	0.352789	-0.920909	23.2067984248	Atom	
-1534.53	492.21	-4238.02	-0.187438	0.368128	-0.910686	23.186652222	Atom	
-1539.04	501.068	-4259.94	-0.226707	0.270465	-0.935656	23.1238011982	Atom	
-1539.79	501.965	-4263.04	-0.202771	0.390229	-0.898112	23.1151203613	Atom	
-1553.59	528.52	-4324.15	-0.327452	0.298861	-0.896358	22.936951334	Atom	
-1554.52	529.364	-4326.69	-0.27628	0.267704	-0.923041	22.929511471	Atom	
-1555.14	529.969	-4328.77	-0.279038	0.275063	-0.920043	22.9235526733	Atom	
-1558.55	533.336	-4340.03	-0.310472	0.308788	-0.899031	22.8913010604	Atom	
-1559.74	534.512	-4343.46	-0.337496	0.327106	-0.882665	22.8812468514	Atom	
-1563.99	538.632	-4354.58	-0.400847	0.335062	-0.852675	22.8480022161	Atom	
-1564.24	538.842	-4355.11	-0.397476	0.333317	-0.854934	22.8463458196	Atom	
-1568.7	542.579	-4364.7	-0.361577	0.336058	-0.869671	22.8167240891	Atom	
-1569.47	543.298	-4366.56	-0.359453	0.335983	-0.87058	22.8110634153	Atom	
-1571.14	544.859	-4370.6	-0.159472	0.258843	-0.952664	22.7987691892	Atom	
-1573.45	548.613	-4384.42	-0.0219263	0.441997	-0.896749	22.7603880424	Atom	
-1573.5	549.555	-4386.33	0.0192246	0.461258	-0.887058	22.7547415786	Atom	
-1573.33	553.509	-4393.93	-0.000504838	0.466851	-0.884336	22.7320124544	Atom	
-1573.34	554.461	-4395.73	0.0780353	0.414118	-0.906872	22.7266065792	Atom	
-1572.68	557.952	-4403.38	0.141073	0.0984591	-0.985091	22.7042354382	Atom	
-1570.23	559.66	-4420.46	0.243273	0.0922001	-0.965566	22.6581867507	Atom	
-1567.12	560.838	-4432.8	0.263107	0.122398	-0.956971	22.6242012579	Atom	
-1562.65	562.92	-4449.08	0.234647	0.281705	-0.930367	22.5789043978	Atom	
-1561.62	564.159	-4453.17	0.252091	0.263769	-0.931062	22.5671750324	Atom	
-1561.37	564.413	-4454.07	0.316186	0.24254	-0.91717	22.5645979751	Atom	
-1561.03	564.673	-4455.05	0.318245	0.251138	-0.914139	22.5617430934	Atom	
-1559.83	565.625	-4458.52	0.210439	0.259802	-0.942453	22.5516214383	Atom	
-1556.75	569.426	-4472.31	0.185536	0.249299	-0.950487	22.5125634371	Atom	
-1556.04	570.371	-4475.91	0.163542	0.130559	-0.977859	22.5024363503	Atom	
-1555.98	570.419	-4476.27	0.177612	0.181155	-0.967283	22.501453857	Atom	
-1550.59	575.918	-4505.63	0.211168	-0.0967434	-0.97265	22.4202702574	Atom	
-1540.85	571.453	-4550.52	0.216792	-0.120999	-0.96869	22.2964966137	Atom	
-1537.88	569.798	-4563.78	0.233434	-0.185776	-0.954461	22.2596351275	Atom	
-1535.28	567.727	-4574.41	0.197659	-0.294181	-0.935087	22.2295811911	Atom	
-1534.35	566.346	-4578.8	0.220995	-0.441008	-0.869869	22.2169045579	Atom	
-1505.62	509.016	-4691.88	0.236043	-0.430271	-0.871292	21.865757584	Atom	
-1505.17	508.198	-4693.54	0.217034	-0.463137	-0.859302	21.8605520604	Atom	
-1502.9	503.342	-4702.55	0.207882	-0.470631	-0.857492	21.8318696308	Atom	
-1502.75	502.999	-4703.17	0.225563	-0.475379	-0.850374	21.8298757617	Atom	
-1500.48	498.23	-4711.71	0.414748	-0.110061	-0.903255	21.8023985566	Atom	
-1500.32	498.188	-4712.05	0.452655	-0.045584	-0.89052	21.8013470554	Atom	
-1498.75	498.029	-4715.15	0.574855	0.0835932	-0.813974	21.7918010163	Atom	
-1489.04	499.44	-4728.9	0.576522	0.0766247	-0.813481	21.7454913611	Atom	
-1462.97	502.905	-4765.68	0.526386	0.0693829	-0.84741	21.6212852115	Atom	
-1452.25	504.319	-4782.94	0.490248	0.140265	-0.860223	21.5650646473	Atom	
-1443.9	506.707	-4797.59	0.51434	0.0839743	-0.853465	21.5179748685	Atom	
-1423.82	509.986	-4830.92	0.523602	0.123098	-0.843023	21.4098189568	Atom	
-1422.17	510.374	-4833.58	0.504133	0.0425307	-0.862578	21.4010474385	Atom	
-1418.86	510.653	-4839.23	0.505223	0.0309875	-0.862432	21.3828223266	Atom	
-1412.58	511.039	-4849.96	0.530166	0.0912034	-0.842975	21.3481864367	Atom	
-1397.28	513.671	-4874.29	0.446124	0.0844333	-0.89098	21.2677580749	Atom	
-1386.93	515.629	-4894.95	0.447671	0.0407652	-0.893269	21.2029302173	Atom	
-1386.88	515.634	-4895.06	0.456163	0.0315141	-0.889338	21.2025788726	Atom	
-1382.07	515.966	-4904.43	0.245946	-0.0243594	-0.968977	21.1730663135	Atom	
-1377.9	515.553	-4920.86	-0.0915686	0.0976606	-0.990998	21.1254970565	Atom	
-1379.47	517.232	-4937.9	-0.157365	0.114524	-0.980877	21.0771729861	Atom	
-1383.84	520.408	-4965.1	-0.144614	0.12484	-0.981581	20.9991049405	Atom	
-1384.53	521.005	-4969.79	-0.143817	0.141167	-0.979484	20.9856063823	Atom	
-1385.39	521.849	-4975.65	-0.2034	0.0572492	-0.977421	20.9687085624	Atom	
-1385.94	522.005	-4978.31	-0.261079	0.108344	-0.959218	20.9610242926	Atom	
-1391.85	524.455	-5000	-0.261079	0.108344	-0.959218	20.8970903839	Region	
"-----------------------------------------------------------------"
"Trajectory"	109

"NbCollisions"	176
"Zmax"	0
"Display"	256

"Collisions"

"X"	"Y"	"Z"	"Rx"	"Ry"	"Rz"	"Energy"	"CollisionType"	
-0.0772488	0.348732	-5000	3.05657e-006	3.77803e-006	1	30	Region	
-0.0771804	0.348817	-4977.63	-0.0325389	0.000506239	0.99947	29.9523697743	Atom	
-0.554985	0.35625	-4962.95	-0.00853298	0.0646916	0.997869	29.9210662363	Atom	
-0.5615	0.405644	-4962.19	-0.0569513	0.0891412	0.994389	29.919437206	Atom	
-0.600595	0.466836	-4961.51	0.44835	-0.0369847	0.893092	29.9179725103	Atom	
5.70826	-0.0535851	-4948.94	0.447779	-0.0339657	0.893499	29.8879478268	Atom	
11.5811	-0.499064	-4937.22	0.451283	-0.0813048	0.888669	29.8599400009	Atom	
22.1133	-2.39658	-4916.48	0.469168	-0.13491	0.872743	29.8100644832	Atom	
28.4163	-4.209	-4904.76	0.408579	-0.062369	0.91059	29.7813160302	Atom	
36.5553	-5.45141	-4886.62	0.350969	-0.10808	0.930129	29.7386554039	Atom	
37.7016	-5.80443	-4883.58	0.350017	-0.129437	0.927758	29.7316524668	Atom	
48.8421	-9.92422	-4854.05	0.282515	-0.241303	0.928417	29.6633986568	Atom	
52.0008	-12.6221	-4843.67	0.278727	-0.232985	0.931681	29.6393786807	Atom	
58.0729	-17.6978	-4823.37	0.261745	-0.295572	0.918764	29.5925458238	Atom	
58.6066	-18.3004	-4821.5	0.269121	-0.291674	0.917878	29.5881573069	Atom	
61.1039	-21.0069	-4812.98	0.297656	-0.289784	0.90963	29.5681813936	Atom	
73.3836	-32.962	-4775.46	0.265568	-0.370708	0.889972	29.4793231848	Atom	
73.945	-33.7456	-4773.58	0.260909	-0.474717	0.840577	29.4747591355	Atom	
80.1404	-45.0179	-4753.62	0.257155	-0.494752	0.830115	29.42348532	Atom	
82.9114	-50.3492	-4744.67	0.369487	-0.45733	0.808906	29.4001845862	Atom	
83.1511	-50.6459	-4744.15	0.335299	-0.458981	0.822746	29.398781031	Atom	
103.079	-77.9245	-4695.25	0.328631	-0.428942	0.841433	29.2701813289	Atom	
103.466	-78.4293	-4694.26	-0.0268579	-0.477285	0.878338	29.2676258405	Atom	
102.619	-93.467	-4666.58	0.611216	-0.70213	0.365279	29.1992086463	Atom	
112.107	-104.366	-4660.91	0.623265	-0.69027	0.367516	29.165437072	Atom	
148.977	-145.199	-4639.17	0.637143	-0.679653	0.363483	29.036622963	Atom	
160.461	-157.45	-4632.62	0.599608	-0.71229	0.364846	28.997234061	Atom	
171.104	-170.093	-4626.15	0.639394	-0.675081	0.368022	28.9584034805	Atom	
175.213	-174.432	-4623.78	0.599578	-0.78929	0.132393	28.9443285146	Atom	
177.179	-177.019	-4623.35	0.504622	-0.836589	0.21325	28.9371452901	Atom	
181.466	-184.126	-4621.53	0.457886	-0.859243	0.228126	28.9185314289	Atom	
184.612	-190.03	-4619.97	0.499063	-0.815906	0.291949	28.9034665076	Atom	
201.136	-217.045	-4610.3	0.448543	-0.823363	0.347681	28.830846261	Atom	
219.924	-251.532	-4595.74	0.455795	-0.828025	0.326537	28.7387945502	Atom	
225.862	-262.32	-4591.48	0.471881	-0.821399	0.320361	28.7100872609	Atom	
225.877	-262.346	-4591.47	0.489994	-0.783433	0.382281	28.7100186629	Atom	
244.587	-292.26	-4576.88	0.590319	-0.758269	0.276678	28.625821124	Atom	
249.838	-299.005	-4574.42	0.584419	-0.767502	0.26343	28.6061607904	Atom	
260.42	-312.903	-4569.65	0.573803	-0.784021	0.23677	28.5661179072	Atom	
266.873	-321.72	-4566.98	0.582587	-0.784944	0.210845	28.5412193169	Atom	
304.515	-372.437	-4553.36	0.580129	-0.783222	0.223639	28.3980748611	Atom	
311.896	-382.401	-4550.51	0.605862	-0.762902	0.225637	28.3697770959	Atom	
325.6	-399.657	-4545.41	0.61585	-0.755775	0.22256	28.3194251538	Atom	
337.024	-413.677	-4541.28	0.642212	-0.753091	0.14289	28.2780703933	Atom	
355.018	-434.778	-4537.28	0.507729	-0.850256	0.138839	28.2155358137	Atom	
357.844	-439.51	-4536.51	0.508962	-0.851869	0.123599	28.2030924134	Atom	
358.996	-441.438	-4536.23	0.496558	-0.854693	0.151428	28.1980316818	Atom	
362.547	-447.551	-4535.14	0.496532	-0.856501	0.14093	28.1820332246	Atom	
378.6	-475.242	-4530.59	0.478866	-0.871005	0.109716	28.1096812015	Atom	
379.451	-476.788	-4530.39	0.484654	-0.864924	0.130449	28.1056990957	Atom	
380.806	-479.208	-4530.03	0.483061	-0.863977	0.14211	28.0994254481	Atom	
390.473	-496.498	-4527.18	0.476515	-0.85894	0.187497	28.054535993	Atom	
395.91	-506.297	-4525.04	0.451559	-0.878019	0.158674	28.0289132688	Atom	
403.984	-521.996	-4522.21	0.416082	-0.899043	0.136376	27.9887242773	Atom	
418.728	-553.854	-4517.37	0.432736	-0.895595	0.103194	27.9089873201	Atom	
433.433	-584.288	-4513.87	0.591502	-0.805953	0.0237685	27.8323475522	Atom	
465.349	-627.776	-4512.59	0.553873	-0.832539	0.0102016	27.7103890674	Atom	
468	-631.76	-4512.54	0.531609	-0.846689	-0.022555	27.6995357948	Atom	
468.004	-631.766	-4512.54	0.608495	-0.792679	-0.0373402	27.6995189242	Atom	
504.546	-679.369	-4514.78	0.594915	-0.798605	-0.0911417	27.563266077	Atom	
510.993	-688.024	-4515.77	0.829544	-0.48254	-0.281091	27.5385795514	Atom	
517.428	-691.767	-4517.95	0.791046	-0.560952	-0.244088	27.5208997404	Atom	
535.663	-704.699	-4523.57	0.795937	-0.570641	-0.20212	27.4683261465	Atom	
539.809	-707.671	-4524.63	0.802081	-0.550889	-0.230622	27.4564312473	Atom	
543.378	-710.122	-4525.65	0.7202	-0.599777	-0.348682	27.4462632381	Atom	
547.68	-713.705	-4527.74	0.695559	-0.633769	-0.338431	27.4326107922	Atom	
569.102	-733.223	-4538.16	0.859807	-0.0863433	-0.503266	27.3621956685	Atom	
590.049	-735.327	-4550.42	0.85541	-0.0756122	-0.512403	27.3063772261	Atom	
593.637	-735.644	-4552.57	0.853553	-0.0788978	-0.514997	27.2967522812	Atom	
596.758	-735.933	-4554.45	0.875758	0.0382742	-0.481231	27.2883608473	Atom	
607.891	-735.446	-4560.57	0.883372	0.0401408	-0.466951	27.25917114	Atom	
608.318	-735.427	-4560.8	0.887224	0.0431835	-0.459313	27.2580605142	Atom	
625.649	-734.583	-4569.77	0.889944	0.0451326	-0.453832	27.213171441	Atom	
643.091	-733.698	-4578.66	0.885746	0.0582195	-0.460505	27.1680727615	Atom	
664.854	-732.268	-4589.98	0.868974	0.110722	-0.482313	27.1114615796	Atom	
665.475	-732.189	-4590.32	0.881322	0.117152	-0.457763	27.1098132081	Atom	
672.977	-731.192	-4594.22	0.872119	0.0545449	-0.486244	27.0901669165	Atom	
702.906	-729.32	-4610.9	0.933396	0.108173	-0.342156	27.0109157837	Atom	
755.944	-723.173	-4630.35	0.942557	0.0788433	-0.324606	26.8793874805	Atom	
786.014	-720.658	-4640.7	0.919831	-0.0171636	-0.391938	26.8052554322	Atom	
788.267	-720.7	-4641.66	0.904615	-0.0272568	-0.425357	26.7995500496	Atom	
803.259	-721.152	-4648.71	0.902432	-0.0208627	-0.430327	26.7609496374	Atom	
820.117	-721.541	-4656.75	0.896844	-0.0436735	-0.440185	26.7173897056	Atom	
823.112	-721.687	-4658.22	0.896112	-0.0378877	-0.442208	26.7095910842	Atom	
825.013	-721.768	-4659.16	0.889077	-0.0375468	-0.456215	26.7046355253	Atom	
825.787	-721.8	-4659.56	0.895877	-0.0223016	-0.443743	26.7026034715	Atom	
847.24	-722.334	-4670.18	0.816529	-0.344695	-0.463105	26.6466658116	Atom	
874.873	-733.999	-4685.85	0.822664	-0.326543	-0.465397	26.5674830619	Atom	
888.142	-739.266	-4693.36	0.829584	-0.326596	-0.452909	26.5296528179	Atom	
895.452	-742.144	-4697.35	0.828187	-0.311136	-0.466155	26.5089657299	Atom	
908.263	-746.957	-4704.56	0.851516	-0.317792	-0.417048	26.472620344	Atom	
915.301	-749.583	-4708.01	0.875854	-0.40355	-0.264625	26.4531826696	Atom	
920.57	-752.011	-4709.6	0.900174	-0.416417	-0.127609	26.4390249153	Atom	
921.945	-752.647	-4709.8	0.871261	-0.451785	-0.191819	26.435427893	Atom	
965.465	-775.214	-4719.38	0.825855	-0.494136	-0.271649	26.3178127561	Atom	
965.548	-775.264	-4719.41	0.735692	-0.591479	-0.330014	26.3175743575	Atom	
978.738	-785.868	-4725.32	0.624513	-0.751177	-0.213813	26.2752094726	Atom	
982.072	-789.879	-4726.46	0.640687	-0.746118	-0.181186	26.2625771938	Atom	
986.12	-794.593	-4727.61	0.605005	-0.789957	-0.0996832	26.2476236886	Atom	
988.329	-797.477	-4727.97	0.582615	-0.803987	-0.119014	26.2389791153	Atom	
990.636	-800.66	-4728.44	0.575518	-0.812593	-0.0920374	26.2296004463	Atom	
992.312	-803.027	-4728.71	0.579122	-0.811246	-0.0806081	26.2226987543	Atom	
995.229	-807.113	-4729.12	0.617248	-0.785229	-0.0491982	26.2107640959	Atom	
1011.87	-828.281	-4730.44	0.598376	-0.790814	-0.12868	26.1468577815	Atom	
1013	-829.779	-4730.69	0.602068	-0.796721	-0.0524386	26.1423576207	Atom	
1015.7	-833.354	-4730.92	0.604397	-0.79324	-0.0739919	26.1316978192	Atom	
1032.8	-855.796	-4733.02	0.620534	-0.779856	-0.0822352	26.0644681233	Atom	
1049.16	-876.35	-4735.18	0.599814	-0.799715	-0.0260536	26.0017091168	Atom	
1055.45	-884.741	-4735.46	0.608379	-0.792466	-0.0432869	25.9766782965	Atom	
1058.44	-888.633	-4735.67	0.569088	-0.820988	-0.0460198	25.9649518701	Atom	
1075.44	-913.157	-4737.04	0.608646	-0.791904	0.0493731	25.8936072625	Atom	
1095.38	-939.107	-4735.43	0.634315	-0.772332	-0.0338652	25.815169033	Atom	
1099.17	-943.717	-4735.63	0.653092	-0.756415	-0.0361611	25.8008488934	Atom	
1100.61	-945.385	-4735.71	0.656604	-0.752431	-0.0521461	25.7955542593	Atom	
1149.04	-1000.89	-4739.55	0.666926	-0.74374	-0.0453819	25.6184564121	Atom	
1169.27	-1023.45	-4740.93	0.644075	-0.762233	-0.0645539	25.5452403026	Atom	
1195.99	-1055.06	-4743.61	0.446737	-0.889453	0.096433	25.4448842502	Atom	
1198.01	-1059.08	-4743.17	0.43547	-0.899668	0.0310466	25.4339192105	Atom	
1228.98	-1123.06	-4740.96	0.501671	-0.863856	0.0455862	25.2612580744	Atom	
1243.57	-1148.2	-4739.64	0.523664	-0.84829	0.0786117	25.1902280441	Atom	
1246.02	-1152.16	-4739.27	0.455144	-0.888409	0.0597802	25.1788060443	Atom	
1246.54	-1153.18	-4739.2	0.461848	-0.884842	0.0612482	25.1760036657	Atom	
1248.14	-1156.24	-4738.99	0.431745	-0.895041	0.111791	25.1675307466	Atom	
1255.99	-1172.53	-4736.96	0.42228	-0.898973	0.11631	25.1229889013	Atom	
1258.3	-1177.43	-4736.32	0.43756	-0.896121	0.0742185	25.1096261093	Atom	
1259.78	-1180.46	-4736.07	0.526857	-0.848822	0.0438486	25.1013344085	Atom	
1264.89	-1188.7	-4735.65	0.525154	-0.850929	-0.011577	25.0775021793	Atom	
1271.23	-1198.97	-4735.79	0.495923	-0.86793	-0.0275409	25.0478720585	Atom	
1275.62	-1206.66	-4736.03	0.525843	-0.849062	0.0508257	25.0261002554	Atom	
1278.52	-1211.33	-4735.75	0.0829871	-0.307252	-0.948003	25.0125652105	Atom	
1279.15	-1213.67	-4742.96	0.0833872	-0.313899	-0.945787	24.9938573048	Atom	
1280.33	-1218.13	-4756.38	0.0193932	-0.302963	-0.952805	24.958919046	Atom	
1280.6	-1222.3	-4769.49	0.0149871	-0.311062	-0.950272	24.925006615	Atom	
1280.61	-1222.56	-4770.29	0.0229892	-0.308658	-0.950895	24.9229391806	Atom	
1280.62	-1222.6	-4770.41	-0.109827	-0.302003	-0.946959	24.9226270986	Atom	
1273.53	-1242.08	-4831.5	-0.0726345	-0.24382	-0.967097	24.7634667725	Atom	
1273.01	-1243.81	-4838.39	-0.121159	-0.277552	-0.95304	24.745798755	Atom	
1272.54	-1244.91	-4842.15	-0.0975186	-0.166975	-0.981127	24.7360051952	Atom	
1270.45	-1248.47	-4863.09	-0.138114	-0.257082	-0.956469	24.6830336633	Atom	
1266.47	-1255.9	-4890.71	-0.129407	-0.243857	-0.961139	24.6112537838	Atom	
1261.14	-1265.93	-4930.26	-0.1402	-0.237137	-0.961306	24.5087112792	Atom	
1261.03	-1266.12	-4931.01	-0.203927	-0.168801	-0.964324	24.5067578647	Atom	
1255.23	-1270.92	-4958.47	-0.145512	-0.187176	-0.971489	24.4355763661	Atom	
1255.17	-1270.99	-4958.81	-0.153025	-0.161328	-0.974965	24.4346827641	Atom	
1252.38	-1273.93	-4976.58	-0.571854	0.348383	-0.742706	24.3890125812	Atom	
1249.25	-1272.02	-4980.65	-0.581539	0.357116	-0.730945	24.375266217	Atom	
1245.57	-1269.76	-4985.28	-0.586335	0.361724	-0.724822	24.3593805594	Atom	
1243.96	-1268.76	-4987.27	-0.580651	0.415004	-0.70044	24.3524493673	Atom	
1241.29	-1266.86	-4990.5	-0.593093	0.450917	-0.667019	24.3408929936	Atom	
1232.83	-1260.43	-5000	-0.593093	0.450917	-0.667019	24.3050784475	Region	
"-----------------------------------------------------------------"
"Trajectory"	111

"NbCollisions"	200
"Zmax"	0
"Display"	256

"Collisions"

"X"	"Y"	"Z"	"Rx"	"Ry"	"Rz"	"Energy"	"CollisionType"	
-0.0208259	0.196434	-5000	2.3994e-006	-1.23767e-006	1	30	Region	
-0.0207397	0.19639	-4964.05	0.066954	0.0593506	0.995989	29.9234593055	Atom	
0.227613	0.416539	-4960.36	-0.015701	0.0916323	0.995669	29.9155457015	Atom	
0.0602393	1.39334	-4949.74	0.00769437	0.0988943	0.995068	29.8927982501	Atom	
0.0673984	1.48536	-4948.82	0.000975355	0.132356	0.991202	29.8908115909	Atom	
0.104942	6.58008	-4910.66	-0.0346292	0.147456	0.988462	29.808618367	Atom	
0.0816867	6.6791	-4910	-0.0231443	0.154313	0.987751	29.8071812253	Atom	
-0.692945	11.8439	-4876.94	-0.259744	0.0756976	0.962706	29.7355531298	Atom	
-7.95556	13.9605	-4850.02	-0.315907	0.0591212	0.946946	29.6755998471	Atom	
-10.4793	14.4328	-4842.46	-0.311165	0.0515596	0.948956	29.6584421947	Atom	
-15.3943	15.2472	-4827.47	-0.270134	0.110994	0.956403	29.6245032969	Atom	
-24.499	18.9882	-4795.23	-0.27461	0.112419	0.954961	29.5520186923	Atom	
-33.7926	22.7927	-4762.91	-0.282669	0.143508	0.948422	29.4790930766	Atom	
-40.0373	25.9631	-4741.96	-0.279585	0.136504	0.950368	29.4313952843	Atom	
-45.6621	28.7093	-4722.84	-0.270698	0.109221	0.956448	29.3879020046	Atom	
-49.5866	30.2928	-4708.97	-0.263627	-0.00393185	0.964617	29.3565229365	Atom	
-52.4909	30.2495	-4698.35	-0.266201	0.00550842	0.963902	29.3326577334	Atom	
-62.0679	30.4476	-4663.67	-0.146761	-0.249316	0.957237	29.2546725647	Atom	
-64.2535	26.7348	-4649.41	-0.178652	-0.194676	0.964461	29.2223228714	Atom	
-64.3039	26.6798	-4649.14	-0.144664	-0.212703	0.966349	29.2217086729	Atom	
-68.2349	20.9	-4622.88	-0.140355	-0.209015	0.967788	29.162628222	Atom	
-68.3191	20.7746	-4622.3	-0.0567817	-0.198057	0.978544	29.1613217989	Atom	
-68.3238	20.7581	-4622.22	-0.045843	-0.176022	0.983318	29.161139833	Atom	
-68.8104	18.8899	-4611.78	-0.0501887	-0.249748	0.967009	29.1380252824	Atom	
-70.7815	9.08153	-4573.81	-0.055392	-0.250901	0.966427	29.0524414339	Atom	
-70.8955	8.56483	-4571.82	-0.124954	-0.0949391	0.98761	29.0479430265	Atom	
-74.2933	5.9832	-4544.96	-0.0596083	-0.110425	0.992095	28.9885385714	Atom	
-74.6333	5.35348	-4539.3	-0.0449021	-0.0583251	0.997287	28.9760601477	Atom	
-76.3047	3.18244	-4502.18	-0.0367595	-0.0549263	0.997814	28.8945822355	Atom	
-77.0522	2.06539	-4481.89	0.00494612	-0.0266958	0.999631	28.8499659757	Atom	
-77.0414	2.00692	-4479.7	0.0542576	0.0224896	0.998274	28.8451550743	Atom	
-76.8002	2.1069	-4475.26	0.1039	-0.201393	0.973984	28.8353897074	Atom	
-75.1174	-1.1551	-4459.49	0.199483	-0.264116	0.943636	28.7997978772	Atom	
-73.5379	-3.24626	-4452.01	0.192928	-0.370815	0.908447	28.7823825047	Atom	
-72.0822	-6.04428	-4445.16	0.203841	-0.368201	0.907125	28.7657772902	Atom	
-70.7122	-8.51886	-4439.06	0.175357	-0.343942	0.922472	28.7509805728	Atom	
-63.1985	-23.2561	-4399.54	0.178978	-0.32936	0.927086	28.6566050843	Atom	
-60.8157	-27.6411	-4387.19	0.252243	-0.297978	0.920642	28.6272039283	Atom	
-50.8624	-39.3991	-4350.87	0.290571	-0.346629	0.891861	28.5399936642	Atom	
-49.3684	-41.1813	-4346.28	0.25764	-0.316355	0.912985	28.5286023477	Atom	
-47.5083	-43.4652	-4339.69	0.231935	-0.342948	0.910271	28.512602221	Atom	
-46.2664	-45.3016	-4334.82	0.249413	-0.334799	0.908682	28.5007295695	Atom	
-44.9901	-47.0149	-4330.17	0.246645	-0.254476	0.935098	28.4893798041	Atom	
-43.2468	-48.8136	-4323.56	0.240801	-0.257372	0.935828	28.4736980381	Atom	
-42.5542	-49.5537	-4320.86	0.170336	-0.28077	0.944539	28.467314636	Atom	
-41.8463	-50.7207	-4316.94	0.171328	-0.270377	0.947387	28.4580876585	Atom	
-40.6632	-52.5878	-4310.4	0.188043	-0.257524	0.947798	28.4427533205	Atom	
-40.2212	-53.1931	-4308.17	0.202522	-0.420905	0.884208	28.4375313892	Atom	
-33.344	-67.4859	-4278.14	0.306515	-0.368501	0.877642	28.3620822494	Atom	
-32.9061	-68.0124	-4276.89	0.311277	-0.350209	0.883437	28.3589012627	Atom	
-31.7106	-69.3574	-4273.5	0.294158	-0.351622	0.888726	28.3503488977	Atom	
-23.9714	-78.6086	-4250.11	0.2914	-0.391945	0.87262	28.2917484524	Atom	
10.2357	-124.618	-4147.68	0.315607	-0.397127	0.861791	28.0298556191	Atom	
15.1692	-130.826	-4134.21	0.317429	-0.224298	0.921374	27.9947216826	Atom	
17.5091	-132.48	-4127.42	0.18379	0.0125955	0.982885	27.9781375077	Atom	
18.9249	-132.383	-4119.84	0.306671	0.742672	0.595308	27.9607984726	Atom	
33.1803	-97.8601	-4092.17	0.292096	0.717136	0.632769	27.8561163204	Atom	
49.7195	-57.2541	-4056.34	0.322335	0.753456	0.573065	27.7282220406	Atom	
50.8187	-54.6845	-4054.39	0.307659	0.750865	0.584421	27.720490714	Atom	
51.6066	-52.7618	-4052.89	0.280611	0.724557	0.629504	27.7146843392	Atom	
53.187	-48.6811	-4049.35	0.32658	0.788206	0.521609	27.7019114997	Atom	
53.5913	-47.7051	-4048.7	0.32629	0.787141	0.523396	27.6991025245	Atom	
55.8293	-42.3062	-4045.11	0.309356	0.808913	0.499958	27.6835401717	Atom	
57.7557	-37.269	-4042	0.332279	0.796698	0.50484	27.6694051918	Atom	
68.1386	-12.3741	-4026.22	0.346147	0.785445	0.513088	27.5984471099	Atom	
78.4967	11.1293	-4010.87	0.293247	0.796887	0.528184	27.5303562477	Atom	
81.4833	19.2454	-4005.49	0.285178	0.802319	0.524364	27.5071354692	Atom	
92.4018	49.9635	-3985.41	0.221177	0.860091	0.4597	27.4197851364	Atom	
96.6135	66.3413	-3976.66	0.191028	0.886186	0.422116	27.3762314546	Atom	
116.717	159.601	-3932.24	0.106038	0.954966	0.277119	27.1352231131	Atom	
117.14	163.416	-3931.13	0.0226327	0.98784	0.153821	27.1260097112	Atom	
117.864	195.014	-3926.21	-0.017068	0.986224	0.164533	27.0522185806	Atom	
117.421	220.61	-3921.94	0.00724747	0.986429	0.164027	26.9922140181	Atom	
117.458	225.673	-3921.1	0.0205798	0.987355	0.157184	26.9803283203	Atom	
117.981	250.76	-3917.1	0.00261828	0.992413	0.122918	26.9214610463	Atom	
118.123	304.56	-3910.44	0.0112277	0.990315	0.138381	26.7956459009	Atom	
118.358	325.284	-3907.54	0.10029	0.990618	0.0928279	26.7468977215	Atom	
123.017	371.298	-3903.23	0.0611571	0.995051	0.0783184	26.6385358028	Atom	
124.867	401.403	-3900.86	0.0839842	0.991131	0.102988	26.5677297112	Atom	
125.435	408.104	-3900.17	0.684188	0.672718	-0.281668	26.5518707776	Atom	
139.747	422.177	-3906.06	0.667605	0.681045	-0.3008	26.5027851073	Atom	
142.232	424.712	-3907.18	0.664023	0.69296	-0.280855	26.4940393182	Atom	
150.348	433.182	-3910.61	0.674489	0.689749	-0.263268	26.4653091948	Atom	
159.059	442.089	-3914.01	0.686999	0.681021	-0.253462	26.4349279457	Atom	
160.759	443.775	-3914.64	0.689695	0.679456	-0.25032	26.4291015802	Atom	
207.902	490.218	-3931.75	0.682699	0.638973	-0.354451	26.2681223707	Atom	
210.462	492.614	-3933.08	0.505127	0.771459	-0.386909	26.2592486106	Atom	
211.319	493.922	-3933.73	0.510268	0.764384	-0.394135	26.2552336202	Atom	
212.364	495.489	-3934.54	0.626838	0.7011	-0.339902	26.25038259	Atom	
213.152	496.37	-3934.97	0.523128	0.820436	-0.230697	26.2474050983	Atom	
225.165	515.209	-3940.27	0.527185	0.808548	-0.261391	26.1930304881	Atom	
225.274	515.377	-3940.32	0.481967	0.829652	-0.281754	26.1925393245	Atom	
228.698	521.271	-3942.32	0.497557	0.814075	-0.299532	26.1756873436	Atom	
236.734	534.42	-3947.16	0.823081	0.504061	-0.261648	26.1373567751	Atom	
237.563	534.927	-3947.42	0.808524	0.469476	-0.354798	26.1349644482	Atom	
239.142	535.844	-3948.12	0.810362	0.466807	-0.354126	26.1303230879	Atom	
278.274	558.386	-3965.22	0.742389	0.539742	-0.396911	26.0155667919	Atom	
284.18	562.68	-3968.38	0.78588	0.29145	-0.54539	25.9965962226	Atom	
299.253	568.27	-3978.84	0.799166	0.244201	-0.549272	25.9508307503	Atom	
306.501	570.484	-3983.82	0.741611	0.341947	-0.577136	25.9291606669	Atom	
334.025	583.176	-4005.24	0.716437	0.3689	-0.592141	25.8404194855	Atom	
354.683	593.812	-4022.31	0.710743	0.384236	-0.589242	25.7712896531	Atom	
355.017	593.993	-4022.59	0.713145	0.386889	-0.584587	25.7701600879	Atom	
364.499	599.137	-4030.36	0.683865	0.426711	-0.591816	25.7382139973	Atom	
366.147	600.166	-4031.79	0.685425	0.437237	-0.582251	25.7324163711	Atom	
369.073	602.032	-4034.27	0.637909	0.453275	-0.622586	25.7221475577	Atom	
382.008	611.223	-4046.9	0.649459	0.457506	-0.607365	25.6733579758	Atom	
408.547	629.918	-4071.72	0.664027	0.346465	-0.662593	25.5748797861	Atom	
422.967	637.442	-4086.1	0.612336	0.320763	-0.722603	25.5223887124	Atom	
427.351	639.739	-4091.28	0.62133	0.301889	-0.723058	25.5050527468	Atom	
455.473	653.402	-4124	0.65597	0.315914	-0.685494	25.3954096012	Atom	
461.525	656.317	-4130.33	0.64598	0.333603	-0.686599	25.3729852937	Atom	
463.345	657.257	-4132.26	0.650751	0.344593	-0.676593	25.366129939	Atom	
467.524	659.47	-4136.61	0.709052	0.358594	-0.60717	25.3505079989	Atom	
507.704	679.79	-4171.01	0.698659	0.399511	-0.59352	25.2125689561	Atom	
514.926	683.92	-4177.15	0.676122	0.393976	-0.622609	25.1872996091	Atom	
516.38	684.767	-4178.49	0.740159	0.173326	-0.64971	25.1820386947	Atom	
523.664	686.473	-4184.88	0.691286	0.193158	-0.696285	25.1579571598	Atom	
523.947	686.552	-4185.17	0.712097	-0.0324667	-0.70133	25.1569522423	Atom	
571.455	684.386	-4231.96	0.715469	0.0190099	-0.698385	24.9935681218	Atom	
578.384	684.57	-4238.72	0.796025	-0.0612988	-0.602152	24.9697288948	Atom	
609.388	682.183	-4262.17	0.793942	-0.0478059	-0.606111	24.8737778272	Atom	
630.647	680.903	-4278.4	0.841731	-0.0278278	-0.53918	24.8076139944	Atom	
657.607	680.011	-4295.67	0.832	-0.011755	-0.554651	24.728303544	Atom	
662.131	679.947	-4298.69	0.785053	0.0089166	-0.619365	24.7148052982	Atom	
669.297	680.029	-4304.34	0.790145	0.0614059	-0.609836	24.6921356413	Atom	
683.6	681.14	-4315.38	0.817833	0.0875727	-0.568753	24.6471441266	Atom	
699.69	682.863	-4326.57	0.775627	-0.0114692	-0.631088	24.5981774644	Atom	
736.551	682.318	-4356.56	0.758032	-0.0938363	-0.645431	24.4797054175	Atom	
738.185	682.116	-4357.95	0.74499	-0.107945	-0.658284	24.4743117444	Atom	
755.725	679.574	-4373.45	0.741669	-0.126359	-0.658757	24.4153860546	Atom	
779.669	675.495	-4394.72	0.749273	-0.11531	-0.652145	24.3344309354	Atom	
805.837	671.468	-4417.5	0.718083	-0.261147	-0.645104	24.2466220614	Atom	
806.468	671.238	-4418.06	0.662884	-0.32736	-0.673365	24.2444070507	Atom	
813.652	667.69	-4425.36	0.647671	-0.367196	-0.6676	24.2170778699	Atom	
847.79	648.336	-4460.55	0.604033	-0.407118	-0.685127	24.0840533795	Atom	
871.29	632.497	-4487.2	0.61083	-0.338284	-0.715857	23.9854335635	Atom	
877.227	629.209	-4494.16	0.573093	-0.316347	-0.755969	23.9607163379	Atom	
882.716	626.179	-4501.4	0.498441	-0.400749	-0.768737	23.93633828	Atom	
903.479	609.485	-4533.42	0.727053	0.00378552	-0.686571	23.8302349595	Atom	
908.994	609.514	-4538.63	0.740525	0.00504723	-0.672009	23.8108456925	Atom	
911.997	609.535	-4541.36	0.736368	0.00752615	-0.67654	23.800473979	Atom	
922.285	609.64	-4550.81	0.624568	0.151614	-0.766112	23.7647291195	Atom	
950.769	616.554	-4585.75	0.643127	0.269822	-0.716648	23.6478994347	Atom	
970.986	625.036	-4608.28	0.615246	0.289967	-0.73307	23.5670614166	Atom	
982.821	630.614	-4622.38	0.680549	0.177807	-0.710801	23.5174579203	Atom	
984.415	631.031	-4624.04	0.728628	0.190718	-0.657821	23.5114090691	Atom	
995.894	634.035	-4634.41	0.743618	0.198965	-0.638314	23.470707864	Atom	
998.476	634.726	-4636.62	0.719505	0.0327958	-0.693713	23.4617261614	Atom	
1008.9	635.201	-4646.67	0.718338	0.020275	-0.695399	23.4242477094	Atom	
1021.45	635.556	-4658.83	0.691406	-0.179363	-0.699848	23.378953607	Atom	
1037.48	631.397	-4675.05	0.670462	-0.176054	-0.720753	23.3187934187	Atom	
1044.97	629.43	-4683.1	0.665714	-0.151571	-0.730651	23.2897431679	Atom	
1045.38	629.337	-4683.55	0.671222	-0.16215	-0.723304	23.2881452326	Atom	
1064.13	624.809	-4703.75	0.600111	-0.0333499	-0.799221	23.215449749	Atom	
1077.74	624.052	-4721.88	0.582497	-0.123861	-0.803341	23.1562819166	Atom	
1077.79	624.042	-4721.94	0.57559	-0.0943957	-0.812272	23.1560620525	Atom	
1083.81	623.054	-4730.45	0.541023	-0.113375	-0.833331	23.1286862585	Atom	
1085.16	622.771	-4732.53	0.567164	-0.0934564	-0.818285	23.1221595013	Atom	
1095.09	621.135	-4746.85	0.580965	-0.155273	-0.798981	23.0763330755	Atom	
1097.85	620.397	-4750.65	0.583769	-0.137683	-0.800161	23.0638783697	Atom	
1123.95	614.242	-4786.42	0.198662	-0.457662	-0.866648	22.9466210952	Atom	
1127.53	605.983	-4802.06	0.194034	-0.390378	-0.899975	22.8991008323	Atom	
1128.78	603.467	-4807.86	0.167599	-0.422426	-0.890767	22.8820974516	Atom	
1131.09	597.659	-4820.11	0.13945	-0.416721	-0.898275	22.8458134679	Atom	
1132.69	592.884	-4830.4	0.135226	-0.437475	-0.889005	22.815536316	Atom	
1134.71	586.347	-4843.68	0.119236	-0.425801	-0.896926	22.7760050676	Atom	
1134.81	585.965	-4844.49	0.109962	-0.310974	-0.944036	22.7736270072	Atom	
1135.79	583.203	-4852.87	0.133179	-0.21985	-0.9664	22.7501053066	Atom	
1136.68	581.729	-4859.35	0.0907117	-0.216956	-0.971957	22.732329396	Atom	
1137.26	580.356	-4865.5	0.0473343	-0.240266	-0.969552	22.7155391617	Atom	
1139.57	568.622	-4912.85	0.0486451	-0.245966	-0.968057	22.585904238	Atom	
1139.95	566.692	-4920.45	0.0189953	-0.227198	-0.973663	22.5649757024	Atom	
1140.07	565.284	-4926.48	-0.0157931	-0.219561	-0.975471	22.5484444956	Atom	
1139.1	551.765	-4986.55	-0.0414169	-0.231803	-0.971881	22.3840484771	Atom	
1138.98	551.124	-4989.23	0.00900315	-0.246551	-0.969088	22.3766255285	Atom	
1139.04	549.599	-4995.23	0.024476	-0.184584	-0.982512	22.3600064567	Atom	
1139.16	548.703	-5000	0.024476	-0.184584	-0.982512	22.346956322	Region	
"-----------------------------------------------------------------"
"Trajectory"	115

"NbCollisions"	243
"Zmax"	0
"Display"	256

"Collisions"

"X"	"Y"	"Z"	"Rx"	"Ry"	"Rz"	"Energy"	"CollisionType"	
0.0442959	-0.200604	-5000	4.93647e-008	5.2642e-007	1	30	Region	
0.0442961	-0.200601	-4994.66	-0.00578561	0.0176588	0.999827	29.9886306967	Atom	
0.00307584	-0.074789	-4987.54	-0.00648557	0.0701293	0.997517	29.973457085	Atom	
-0.0859896	0.888286	-4973.84	-0.00980481	0.067538	0.997669	29.9441978276	Atom	
-0.291883	2.30653	-4952.89	-0.0202842	0.0541891	0.998325	29.899422043	Atom	
-0.573952	3.06007	-4939.01	-0.00125023	0.0609042	0.998143	29.8697355781	Atom	
-0.574503	3.08696	-4938.56	-0.398396	-0.468709	0.788411	29.8687923592	Atom	
-12.4454	-10.879	-4915.07	-0.407329	-0.469004	0.783657	29.8051299562	Atom	
-16.0945	-15.0807	-4908.05	-0.417494	-0.465967	0.780111	29.7859564946	Atom	
-24.8553	-24.8587	-4891.68	-0.430653	-0.480645	0.763883	29.7410226463	Atom	
-28.0576	-28.4326	-4886	-0.46157	-0.463533	0.756366	29.7250813506	Atom	
-67.3715	-67.9138	-4821.58	-0.461682	-0.432086	0.774694	29.5423989604	Atom	
-70.5728	-70.9099	-4816.21	-0.477004	-0.389821	0.787722	29.5274537903	Atom	
-79.5406	-78.2386	-4801.4	-0.462668	-0.40254	0.789873	29.486915464	Atom	
-87.453	-85.1227	-4787.89	-0.404047	-0.378478	0.832767	29.4499995591	Atom	
-88.0435	-85.6758	-4786.67	-0.37296	-0.348119	0.860066	29.4468418924	Atom	
-98.2873	-95.2373	-4763.05	-0.370712	-0.313566	0.874213	29.3874885699	Atom	
-100.713	-97.289	-4757.33	-0.419163	-0.290936	0.860034	29.3733264997	Atom	
-114.853	-107.103	-4728.32	-0.41519	-0.260859	0.871533	29.3002843977	Atom	
-140.254	-123.063	-4675	-0.403024	-0.248769	0.88073	29.1675493165	Atom	
-142.584	-124.501	-4669.91	-0.379832	-0.265235	0.886215	29.1549626086	Atom	
-146.19	-127.019	-4661.49	-0.395947	-0.245504	0.884847	29.1342810277	Atom	
-159.779	-135.445	-4631.12	-0.390383	-0.249058	0.886325	29.0594849453	Atom	
-168.571	-141.054	-4611.16	-0.402137	-0.264021	0.876686	29.0103007596	Atom	
-171.934	-143.262	-4603.83	-0.40252	-0.263959	0.876529	28.9920082071	Atom	
-182.756	-150.358	-4580.27	-0.558172	-0.381711	0.736709	28.9331864123	Atom	
-200.369	-162.403	-4557.02	-0.548938	-0.400345	0.733752	28.8640351509	Atom	
-207.909	-167.902	-4546.94	-0.603245	-0.416566	0.680124	28.833876156	Atom	
-213.854	-172.007	-4540.24	-0.604646	-0.389607	0.694701	28.8122200978	Atom	
-217.919	-174.627	-4535.57	-0.602815	-0.383666	0.699582	28.7974370207	Atom	
-221.469	-176.887	-4531.45	-0.633799	-0.409395	0.656274	28.7844804016	Atom	
-223.862	-178.432	-4528.97	-0.660186	-0.363409	0.657334	28.776172047	Atom	
-249.547	-192.571	-4503.39	-0.644593	-0.368554	0.669827	28.6905395505	Atom	
-255.658	-196.065	-4497.04	-0.667726	-0.361006	0.651012	28.6696240051	Atom	
-271.993	-204.896	-4481.12	-0.659194	-0.365043	0.657425	28.6156212305	Atom	
-281.9	-210.383	-4471.24	-0.680296	-0.312426	0.663014	28.5823934154	Atom	
-288.992	-213.64	-4464.33	-0.67975	-0.321241	0.659351	28.5593241062	Atom	
-303.245	-220.375	-4450.5	-0.64172	-0.334364	0.690215	28.5128950951	Atom	
-315.587	-226.806	-4437.23	-0.675257	-0.416242	0.60891	28.4702532464	Atom	
-339.64	-241.633	-4415.54	-0.684438	-0.389099	0.616561	28.3911797613	Atom	
-358.836	-252.546	-4398.24	-0.755543	-0.296429	0.584195	28.32878236	Atom	
-410.108	-272.662	-4358.6	-0.772265	-0.297439	0.56137	28.1775450245	Atom	
-417.941	-275.679	-4352.91	-0.782168	-0.292228	0.550287	28.1548423989	Atom	
-436.303	-282.539	-4339.99	-0.780945	-0.302524	0.546447	28.1022643648	Atom	
-445.903	-286.258	-4333.27	-0.834736	-0.32646	0.44344	28.0746935272	Atom	
-458.908	-291.344	-4326.36	-0.833826	-0.341728	0.433539	28.0397223587	Atom	
-461.582	-292.44	-4324.97	-0.796545	-0.432871	0.422064	28.0325164732	Atom	
-466.251	-294.977	-4322.5	-0.762631	-0.503997	0.40544	28.0193415468	Atom	
-478.026	-302.759	-4316.24	-0.732774	-0.550804	0.399571	27.984629495	Atom	
-478.292	-302.959	-4316.09	-0.668786	-0.5965	0.44375	27.983811478	Atom	
-489.428	-312.891	-4308.7	-0.687733	-0.592938	0.418864	27.9463410648	Atom	
-497.54	-319.885	-4303.76	-0.682683	-0.612095	0.399104	27.9197650228	Atom	
-517.934	-338.171	-4291.84	-0.668176	-0.618322	0.413786	27.8524119553	Atom	
-540.128	-358.709	-4278.1	-0.673179	-0.637143	0.375337	27.7773787878	Atom	
-543.869	-362.249	-4276.01	-0.64945	-0.669879	0.359829	27.764800783	Atom	
-545.412	-363.84	-4275.16	-0.39628	-0.772654	0.495952	27.7594211351	Atom	
-547.307	-367.537	-4272.78	-0.388756	-0.758873	0.522475	27.7485849016	Atom	
-573.647	-418.953	-4237.38	-0.357511	-0.776184	0.519349	27.5950771708	Atom	
-577.883	-428.15	-4231.23	-0.348771	-0.781692	0.517026	27.568114368	Atom	
-577.89	-428.164	-4231.22	-0.346481	-0.775809	0.527325	27.5680716707	Atom	
-580.412	-433.812	-4227.38	-0.327641	-0.7955	0.509736	27.5514911482	Atom	
-583.813	-442.07	-4222.09	-0.417649	-0.798224	0.434059	27.5278374103	Atom	
-587.691	-449.481	-4218.06	-0.377003	-0.768322	0.517252	27.5066685628	Atom	
-593.574	-461.47	-4209.99	-0.394896	-0.776651	0.490785	27.4710674779	Atom	
-595.313	-464.891	-4207.83	-0.388666	-0.770867	0.50468	27.4610076917	Atom	
-598.265	-470.747	-4203.99	-0.359332	-0.783778	0.506529	27.4436552997	Atom	
-630.267	-540.549	-4158.88	-0.366042	-0.781058	0.505926	27.2400975119	Atom	
-634.244	-549.035	-4153.39	-0.370732	-0.791668	0.485612	27.2151149891	Atom	
-644.142	-570.171	-4140.42	-0.371878	-0.790617	0.486449	27.1536869046	Atom	
-648.124	-578.637	-4135.21	-0.362491	-0.831934	0.420102	27.1290040318	Atom	
-653.451	-590.864	-4129.04	-0.324133	-0.833369	0.447699	27.0951017882	Atom	
-661.406	-611.315	-4118.05	-0.299956	-0.840139	0.451877	27.0384392223	Atom	
-667.726	-629.016	-4108.53	-0.294709	-0.843096	0.449817	26.989708464	Atom	
-679.759	-663.442	-4090.16	-0.27316	-0.816065	0.509335	26.8951338463	Atom	
-680.411	-665.39	-4088.95	-0.35656	-0.852602	0.382013	26.8895878735	Atom	
-680.583	-665.8	-4088.76	-0.600549	-0.677379	0.424852	26.8884732043	Atom	
-693.206	-680.038	-4079.83	-0.601768	-0.68162	0.416256	26.8396421037	Atom	
-698.067	-685.544	-4076.47	-0.680651	-0.704743	0.20013	26.8208494865	Atom	
-704.07	-691.76	-4074.71	-0.683525	-0.69995	0.207034	26.80031999	Atom	
-728.329	-716.601	-4067.36	-0.65224	-0.695957	0.300376	26.7176569331	Atom	
-733.022	-721.609	-4065.2	-0.69577	-0.666122	0.268674	26.7008557196	Atom	
-741.816	-730.028	-4061.8	-0.704122	-0.664636	0.249942	26.6713314382	Atom	
-749.808	-737.572	-4058.96	-0.661463	-0.668082	0.340785	26.6447939735	Atom	
-772.438	-760.428	-4047.31	-0.688517	-0.642903	0.335589	26.5647403059	Atom	
-779.3	-766.836	-4043.96	-0.674314	-0.650799	0.348942	26.5413639025	Atom	
-790.281	-777.434	-4038.28	-0.67582	-0.649457	0.348529	26.5031381492	Atom	
-806.241	-792.772	-4030.05	-0.688045	-0.648723	0.325196	26.4476449255	Atom	
-811.034	-797.29	-4027.78	-0.691425	-0.593652	0.411715	26.4312503443	Atom	
-868.438	-846.577	-3993.6	-0.763721	-0.423579	0.487146	26.2357368073	Atom	
-876.519	-851.059	-3988.45	-0.772167	-0.386452	0.504393	26.2106716308	Atom	
-893.68	-859.648	-3977.24	-0.75579	-0.41647	0.505307	26.1579864649	Atom	
-895.681	-860.751	-3975.9	-0.773579	-0.36235	0.519883	26.1516983941	Atom	
-898.042	-861.856	-3974.31	-0.730834	-0.356369	0.582137	26.1444505249	Atom	
-907.888	-866.658	-3966.47	-0.707379	-0.386268	0.591956	26.1124480367	Atom	
-910.168	-867.902	-3964.56	-0.714762	-0.359087	0.600144	26.1047871284	Atom	
-917.156	-871.413	-3958.69	-0.714574	-0.378088	0.588586	26.081534164	Atom	
-950.048	-888.816	-3931.6	-0.648418	-0.449407	0.614481	25.9719853787	Atom	
-966	-899.872	-3916.48	-0.612786	-0.550054	0.567392	25.9132411142	Atom	
-969.884	-903.359	-3912.89	0.21759	-0.961686	-0.166779	25.8980791455	Atom	
-969.698	-904.177	-3913.03	0.247198	-0.957915	-0.14592	25.8960414896	Atom	
-968	-910.759	-3914.03	0.306136	-0.94566	-0.109585	25.8795956293	Atom	
-966.169	-916.416	-3914.69	0.320801	-0.938227	-0.129677	25.8652721393	Atom	
-960.509	-932.967	-3916.97	0.298349	-0.944476	-0.13767	25.8230102181	Atom	
-936.52	-1008.91	-3928.04	0.442471	-0.874516	-0.198599	25.6301270206	Atom	
-924.221	-1033.22	-3933.56	0.466854	-0.847071	-0.254006	25.5630543035	Atom	
-917.244	-1045.88	-3937.36	0.545778	-0.806241	-0.228258	25.5269137468	Atom	
-891.918	-1083.29	-3947.95	0.606154	-0.770255	-0.198203	25.4145807196	Atom	
-890.387	-1085.24	-3948.45	0.549202	-0.799173	-0.244336	25.4084445954	Atom	
-889.099	-1087.11	-3949.03	0.580285	-0.733629	-0.353636	25.402744667	Atom	
-885.057	-1092.22	-3951.49	0.608579	-0.713384	-0.347439	25.3858211676	Atom	
-879.198	-1099.09	-3954.83	0.607731	-0.721673	-0.331437	25.362411454	Atom	
-870.248	-1109.72	-3959.72	0.709505	-0.674481	-0.204152	25.3265756606	Atom	
-841.173	-1137.36	-3968.08	0.685982	-0.680329	-0.258034	25.2267509498	Atom	
-818.686	-1159.66	-3976.54	0.684567	-0.663875	-0.301062	25.1466500722	Atom	
-809.005	-1169.05	-3980.8	0.675155	-0.673639	-0.300625	25.1120044847	Atom	
-787.199	-1190.8	-3990.51	0.635096	-0.717742	-0.285481	25.03279525	Atom	
-786.301	-1191.82	-3990.91	0.415068	-0.860673	-0.294891	25.0293189109	Atom	
-768.472	-1228.79	-4003.58	0.474727	-0.854846	-0.209456	24.923704931	Atom	
-750.187	-1261.71	-4011.65	0.433238	-0.882021	-0.185322	24.8286815969	Atom	
-749.567	-1262.98	-4011.91	0.5064	-0.839251	-0.198033	24.8251358047	Atom	
-748.469	-1264.79	-4012.34	0.461131	-0.860712	-0.215715	24.81977285	Atom	
-745.602	-1270.15	-4013.68	0.422163	-0.866457	-0.266517	24.8043838425	Atom	
-743.774	-1273.9	-4014.84	-0.0554323	-0.638894	-0.767295	24.7936581476	Atom	
-745.189	-1290.2	-4034.42	-0.0372001	-0.597949	-0.80067	24.7304365321	Atom	
-745.554	-1296.07	-4042.28	-0.0753521	-0.566262	-0.820774	24.7060646232	Atom	
-746.341	-1301.99	-4050.85	-0.0340095	-0.551223	-0.833665	24.6801173825	Atom	
-746.573	-1305.76	-4056.55	-0.108578	-0.555398	-0.824466	24.6631153141	Atom	
-748.181	-1313.98	-4068.76	-0.173822	-0.457704	-0.871948	24.6262828231	Atom	
-751.747	-1323.37	-4086.65	-0.489349	-0.188386	-0.851497	24.5751910026	Atom	
-755.636	-1324.87	-4093.41	-0.486546	-0.232944	-0.842027	24.5553641475	Atom	
-759.862	-1326.89	-4100.73	-0.477818	-0.305537	-0.823612	24.5336794306	Atom	
-767.97	-1332.08	-4114.7	-0.473038	-0.284383	-0.833883	24.4912913676	Atom	
-771.736	-1334.34	-4121.34	-0.415427	-0.294087	-0.860775	24.4713758249	Atom	
-782.133	-1341.7	-4142.88	0.204617	-0.786537	-0.582659	24.4087319315	Atom	
-781.531	-1344.01	-4144.6	0.207083	-0.763608	-0.611571	24.4013519908	Atom	
-765.487	-1403.18	-4191.98	0.213908	-0.755143	-0.619679	24.2069775144	Atom	
-763.209	-1411.22	-4198.58	0.283319	-0.727956	-0.624348	24.1800918776	Atom	
-754.335	-1434.02	-4218.14	0.256846	-0.705062	-0.660998	24.1009543194	Atom	
-752.881	-1438.01	-4221.88	0.248066	-0.699628	-0.670063	24.0866118248	Atom	
-749.641	-1447.15	-4230.63	0.278709	-0.680274	-0.6779	24.0534990324	Atom	
-746.57	-1454.65	-4238.1	0.307922	-0.664856	-0.680552	24.0255405413	Atom	
-744.534	-1459.04	-4242.6	0.262484	-0.673219	-0.691287	24.0087559541	Atom	
-739.507	-1471.94	-4255.84	0.279453	-0.676814	-0.68105	23.9600813425	Atom	
-739.078	-1472.97	-4256.89	0.341419	-0.697691	-0.629809	23.9561737797	Atom	
-737.672	-1475.85	-4259.48	0.348347	-0.691405	-0.632941	23.9456940074	Atom	
-735.724	-1479.71	-4263.02	0.348297	-0.689233	-0.635332	23.9314584405	Atom	
-731.541	-1487.99	-4270.65	0.310179	-0.697879	-0.645565	23.9008568146	Atom	
-729.755	-1492.01	-4274.37	0.355767	-0.674667	-0.646725	23.8861793389	Atom	
-728.698	-1494.01	-4276.29	0.362123	-0.710358	-0.603539	23.8785977599	Atom	
-727.415	-1496.53	-4278.43	0.361702	-0.701174	-0.614432	23.8695538156	Atom	
-727.185	-1496.98	-4278.82	0.317754	-0.722992	-0.613445	23.8679283746	Atom	
-725.586	-1500.61	-4281.9	0.397601	-0.709892	-0.581349	23.8550829377	Atom	
-715.833	-1518.03	-4296.16	0.415431	-0.572564	-0.706815	23.7924343113	Atom	
-714.385	-1520.02	-4298.63	0.430278	-0.594378	-0.679394	23.7835182007	Atom	
-674.055	-1575.73	-4362.31	0.447522	-0.59181	-0.670437	23.5435591313	Atom	
-669.7	-1581.49	-4368.83	0.317376	-0.699577	-0.640206	23.5184495951	Atom	
-660.6	-1601.55	-4387.19	0.31931	-0.695482	-0.643697	23.444393174	Atom	
-655.915	-1611.76	-4396.63	0.366623	-0.686573	-0.627858	23.4064029602	Atom	
-655.15	-1613.19	-4397.94	0.335288	-0.669122	-0.663218	23.4009902447	Atom	
-653.208	-1617.07	-4401.78	0.339587	-0.613591	-0.712872	23.3859728557	Atom	
-650.631	-1621.72	-4407.19	0.338361	-0.615982	-0.711392	23.3662890852	Atom	
-649.912	-1623.03	-4408.7	0.474682	-0.782856	-0.40226	23.3607743026	Atom	
-648.574	-1625.24	-4409.84	0.462871	-0.776456	-0.427628	23.3534521662	Atom	
-640.55	-1638.7	-4417.25	0.530924	-0.764153	-0.36632	23.3084280446	Atom	
-611.639	-1680.31	-4437.2	0.495487	-0.780901	-0.380376	23.1667907083	Atom	
-610.948	-1681.4	-4437.73	0.52798	-0.759906	-0.379184	23.163145706	Atom	
-601.583	-1694.88	-4444.46	0.479772	-0.78924	-0.3833	23.1167773623	Atom	
-600.452	-1696.74	-4445.36	0.397165	-0.8006	-0.448664	23.1106070164	Atom	
-596.939	-1703.82	-4449.33	0.409001	-0.790146	-0.456495	23.0874435852	Atom	
-596.62	-1704.43	-4449.68	0.385556	-0.811309	-0.43946	23.0853995003	Atom	
-593.493	-1711.01	-4453.25	0.377827	-0.801191	-0.464047	23.0641474335	Atom	
-592.706	-1712.68	-4454.21	0.397781	-0.839111	-0.37103	23.0586831271	Atom	
-591.901	-1714.38	-4454.96	0.42033	-0.800234	-0.427724	23.0533734059	Atom	
-590.955	-1716.18	-4455.93	0.404734	-0.8035	-0.436553	23.0474656309	Atom	
-563.725	-1770.24	-4485.3	0.346652	-0.849143	-0.398484	22.8709056575	Atom	
-562.312	-1773.7	-4486.92	0.355798	-0.825015	-0.439043	22.8601449046	Atom	
-559.571	-1780.06	-4490.3	0.330987	-0.802214	-0.49689	22.8398018185	Atom	
-558.426	-1782.83	-4492.02	0.369514	-0.687786	-0.624828	22.8306541044	Atom	
-539.112	-1818.78	-4524.68	0.609773	-0.475172	-0.634341	22.6924608237	Atom	
-502.822	-1847.06	-4562.43	0.663908	-0.465647	-0.585149	22.5343604348	Atom	
-470.195	-1869.94	-4591.19	0.630922	-0.553303	-0.543869	22.4030862091	Atom	
-434.677	-1901.09	-4621.81	0.624272	-0.566164	-0.538277	22.2520151927	Atom	
-427.147	-1907.92	-4628.3	0.603017	-0.588219	-0.538858	22.2194722513	Atom	
-406.757	-1927.81	-4646.52	0.52483	-0.644606	-0.555911	22.1281444436	Atom	
-398.437	-1938.03	-4655.33	0.508653	-0.654709	-0.559132	22.0851867993	Atom	
-380.641	-1960.94	-4674.9	0.318687	-0.760672	-0.565524	21.9902389031	Atom	
-377.617	-1968.15	-4680.26	0.250497	-0.755413	-0.605477	21.9644045385	Atom	
-366.847	-2000.63	-4706.3	0.232774	-0.738024	-0.633353	21.8472160872	Atom	
-365.879	-2003.7	-4708.93	0.210879	-0.674508	-0.707509	21.835838618	Atom	
-363.05	-2012.75	-4718.42	0.212337	-0.673894	-0.707658	21.7991053886	Atom	
-362.111	-2015.73	-4721.55	0.19688	-0.675948	-0.710164	21.786974947	Atom	
-361.736	-2017.02	-4722.9	0.20915	-0.682744	-0.700084	21.781754749	Atom	
-358.577	-2027.33	-4733.48	0.149011	-0.664568	-0.732219	21.7403167063	Atom	
-353.113	-2051.7	-4760.32	0.152485	-0.661525	-0.734256	21.6395695219	Atom	
-352.841	-2052.88	-4761.64	-0.0144986	-0.644349	-0.764594	21.6346370328	Atom	
-352.965	-2058.42	-4768.21	-0.0472267	-0.645324	-0.762448	21.6109442448	Atom	
-353.605	-2067.16	-4778.54	0.0688948	-0.61168	-0.7881	21.5735240341	Atom	
-350.533	-2094.44	-4813.68	-0.0214566	-0.606406	-0.794866	21.4502649328	Atom	
-350.569	-2095.45	-4815	-0.0310076	-0.596557	-0.801971	21.4456563201	Atom	
-350.601	-2096.06	-4815.82	-0.26677	-0.559578	-0.784669	21.4428083567	Atom	
-356.566	-2108.57	-4833.37	-0.254671	-0.511363	-0.820762	21.3807011036	Atom	
-357.748	-2110.94	-4837.18	-0.258617	-0.523607	-0.811759	21.3677820846	Atom	
-362.709	-2120.99	-4852.75	-0.225595	-0.609881	-0.759706	21.3143518251	Atom	
-362.782	-2121.19	-4853	-0.256772	-0.602637	-0.755577	21.3134500342	Atom	
-365.594	-2127.78	-4861.27	-0.258769	-0.603658	-0.754079	21.2828897341	Atom	
-372.672	-2144.3	-4881.9	-0.285954	-0.616588	-0.733519	21.2064694567	Atom	
-375.996	-2151.46	-4890.42	-0.261465	-0.60953	-0.748404	21.1739029566	Atom	
-379.05	-2158.58	-4899.17	-0.309772	-0.645567	-0.698058	21.1411396713	Atom	
-379.937	-2160.43	-4901.16	-0.295068	-0.641403	-0.708193	21.1330970331	Atom	
-392.385	-2187.49	-4931.04	-0.297628	-0.647449	-0.701589	21.0145791731	Atom	
-398.36	-2200.49	-4945.13	-0.270213	-0.641756	-0.717729	20.9579260128	Atom	
-402.899	-2211.27	-4957.18	-0.375428	-0.604895	-0.702251	20.9104318052	Atom	
-405.386	-2215.27	-4961.83	-0.364828	-0.619326	-0.695224	20.8916682831	Atom	
-407.021	-2218.05	-4964.95	-0.443461	-0.654363	-0.612496	20.8789577578	Atom	
-427.145	-2247.75	-4992.74	-0.654574	-0.436443	-0.617293	20.7502594647	Atom	
-434.839	-2252.88	-5000	-0.654574	-0.436443	-0.617293	20.7167624942	Region	
"-----------------------------------------------------------------"
"Trajectory"	116

"NbCollisions"	402
"Zmax"	0
"Display"	256

"Collisions"

"X"	"Y"	"Z"	"Rx"	"Ry"	"Rz"	"Energy"	"CollisionType"	
0.0851463	0.194379	-5000	2.99707e-007	4.69232e-006	1	30	Region	
0.0851579	0.19456	-4961.45	-0.0248068	-0.04544	0.998659	29.917933693	Atom	
0.0713628	0.16929	-4960.9	0.0416838	-0.0357448	0.998491	29.916747108	Atom	
0.935422	-0.571659	-4940.2	-0.0152192	-0.0555983	0.998337	29.8725152864	Atom	
0.86062	-0.844921	-4935.3	-0.0270144	-0.0363453	0.998974	29.8620152793	Atom	
0.48878	-1.3452	-4921.54	-0.0235622	-0.0087276	0.999684	29.8326012476	Atom	
0.392228	-1.38096	-4917.45	-0.0635162	0.0463948	0.996902	29.8238376619	Atom	
-0.0246742	-1.07644	-4910.9	-0.086526	0.0177528	0.996091	29.8097969838	Atom	
-4.47624	-0.163096	-4859.66	-0.680658	-0.123248	0.72216	29.6997021733	Atom	
-14.5188	-1.98153	-4849	-0.743153	0.015198	0.668949	29.668035698	Atom	
-26.5056	-1.73639	-4838.21	-0.732016	-0.0239062	0.680868	29.6333876161	Atom	
-35.2136	-2.02078	-4830.11	-0.782775	-0.0139928	0.622148	29.6078105047	Atom	
-41.9456	-2.14112	-4824.76	-0.793532	0.0147347	0.608351	29.5893064478	Atom	
-49.6177	-1.99866	-4818.88	-0.763577	0.0496703	0.643803	29.5684939191	Atom	
-50.4369	-1.94537	-4818.19	-0.770033	0.0433376	0.636531	29.5661830777	Atom	
-54.2018	-1.73348	-4815.08	-0.419302	0.218872	0.881068	29.5556516407	Atom	
-61.62	2.13872	-4799.49	-0.419845	0.199685	0.885357	29.5175330831	Atom	
-63.3139	2.94436	-4795.92	-0.186821	0.234895	0.953899	29.508831205	Atom	
-65.5501	5.75604	-4784.5	-0.229996	0.222878	0.947327	29.4830079544	Atom	
-68.1497	8.27519	-4773.79	-0.217347	0.219838	0.951016	29.4586068929	Atom	
-69.9795	10.126	-4765.79	-0.204341	0.229599	0.951593	29.4404197257	Atom	
-91.6846	34.5139	-4664.71	-0.233317	0.246817	0.940555	29.2108437488	Atom	
-99.161	42.4229	-4634.57	-0.226954	0.241158	0.943575	29.1411523036	Atom	
-101.344	44.7427	-4625.49	-0.208759	0.259058	0.943032	29.1201912762	Atom	
-108.085	53.1074	-4595.04	-0.232983	0.264447	0.935835	29.0497927527	Atom	
-109.869	55.1329	-4587.88	-0.131313	0.44648	0.885106	29.0330611005	Atom	
-110.466	57.1627	-4583.85	-0.129998	0.452074	0.882457	29.023125741	Atom	
-112.241	63.3345	-4571.8	-0.147414	0.504823	0.850543	28.9932808405	Atom	
-116.656	78.4538	-4546.33	-0.439869	0.446068	0.779448	28.9277547524	Atom	
-129.55	91.5298	-4523.48	-0.46029	0.467125	0.754935	28.863503847	Atom	
-135.701	97.7722	-4513.39	-0.473065	0.493762	0.729663	28.8341613916	Atom	
-141.184	103.495	-4504.94	-0.472237	0.499319	0.726411	28.8086932045	Atom	
-150.186	113.013	-4491.09	-0.564171	0.364052	0.741065	28.7667743233	Atom	
-163.297	121.474	-4473.87	-0.576003	0.392008	0.717321	28.7156090388	Atom	
-165.631	123.061	-4470.96	-0.567599	0.397011	0.721259	28.7066781881	Atom	
-179.355	132.661	-4453.52	-0.56672	0.39604	0.722483	28.653354184	Atom	
-202.996	149.182	-4423.38	-0.590642	0.409358	0.695391	28.5612235951	Atom	
-205.833	151.148	-4420.04	-0.560042	0.406381	0.721947	28.5505917856	Atom	
-208.652	153.194	-4416.41	-0.515529	0.583286	0.6277	28.5394405611	Atom	
-210.402	155.174	-4414.28	-0.414538	0.550405	0.724716	28.5319183648	Atom	
-218.832	166.367	-4399.54	-0.44694	0.619667	0.64518	28.4868546816	Atom	
-222.344	171.236	-4394.47	-0.515274	0.647481	0.561482	28.4694224081	Atom	
-239.787	193.154	-4375.46	-0.607761	0.645885	0.462017	28.3942734445	Atom	
-245.548	199.277	-4371.08	-0.609926	0.643974	0.46183	28.3731855031	Atom	
-251.917	206.001	-4366.26	-0.582508	0.713262	0.389797	28.3499433739	Atom	
-281.149	241.795	-4346.7	-0.583989	0.720925	0.373126	28.2381701701	Atom	
-281.899	242.721	-4346.22	-0.58727	0.734919	0.339128	28.2352993457	Atom	
-293.94	257.789	-4339.27	-0.833373	0.517041	0.19534	28.1894835522	Atom	
-298.393	260.552	-4338.22	-0.846165	0.487913	0.214351	28.177529466	Atom	
-317.27	271.437	-4333.44	-0.844327	0.481752	0.234578	28.1275977772	Atom	
-324.078	275.321	-4331.55	-0.837766	0.414202	0.355788	28.1095254457	Atom	
-338.386	282.395	-4325.47	-0.837794	0.409056	0.361628	28.0712251451	Atom	
-384.008	304.671	-4305.78	-0.839239	0.407159	0.360417	27.9489774966	Atom	
-386.843	306.046	-4304.56	-0.876051	0.358882	0.322085	27.9413679653	Atom	
-393.099	308.609	-4302.26	-0.875422	0.354452	0.328633	27.925277177	Atom	
-438.272	326.899	-4285.31	-0.895939	0.293077	0.333766	27.8089546014	Atom	
-448.216	330.152	-4281.6	-0.894741	0.298855	0.331851	27.7838513228	Atom	
-474.387	338.893	-4271.9	-0.931047	0.218578	0.292191	27.7176479952	Atom	
-478.09	339.762	-4270.73	-0.926959	0.176163	0.33123	27.708630145	Atom	
-520.962	347.91	-4255.41	-0.934187	0.0385136	0.3547	27.6037210679	Atom	
-534.722	348.477	-4250.19	-0.939078	0.0250902	0.342786	27.5702118447	Atom	
-550.588	348.901	-4244.4	-0.96431	-0.0549376	0.259012	27.5317349712	Atom	
-559.182	348.412	-4242.09	-0.962854	-0.0162742	0.26953	27.5114167765	Atom	
-562.522	348.355	-4241.16	-0.946751	0.0185922	0.321429	27.5035038528	Atom	
-562.577	348.356	-4241.14	-0.955989	0.0384137	0.290877	27.5033707073	Atom	
-575.687	348.883	-4237.15	-0.925478	0.0176804	0.378389	27.4720800036	Atom	
-581.424	348.993	-4234.8	-0.927403	0.00156133	0.374061	27.457924274	Atom	
-591.816	349.01	-4230.61	-0.912317	0.0394761	0.407578	27.4323229611	Atom	
-596.134	349.197	-4228.68	-0.940789	0.0430632	0.336245	27.4215014531	Atom	
-599.547	349.353	-4227.46	-0.955722	0.0610328	0.287872	27.4132030791	Atom	
-604.323	349.658	-4226.02	-0.947233	0.0875306	0.308363	27.4017715184	Atom	
-614.178	350.569	-4222.81	-0.947066	0.129035	0.293968	27.3779613702	Atom	
-661.893	357.07	-4208	-0.945279	0.0995983	0.310689	27.2625875555	Atom	
-675.541	358.508	-4203.52	-0.947978	0.0793002	0.308299	27.2294117391	Atom	
-729.409	363.014	-4186	-0.947471	0.208313	0.242701	27.0987183141	Atom	
-730.316	363.213	-4185.77	-0.939631	0.20319	0.275333	27.096509211	Atom	
-749.33	367.325	-4180.2	-0.939985	0.173428	0.293856	27.0497877737	Atom	
-779.152	372.827	-4170.87	-0.925944	0.286033	0.246604	26.9764342903	Atom	
-798.847	378.911	-4165.63	-0.920863	0.389534	-0.016591	26.9271494927	Atom	
-804.951	381.493	-4165.74	-0.888947	0.456633	-0.0354914	26.9117680601	Atom	
-806.762	382.423	-4165.81	-0.954682	0.297248	-0.0150443	26.9070398633	Atom	
-812.095	384.084	-4165.89	-0.953887	0.299825	-0.0143361	26.8940700283	Atom	
-837.023	391.919	-4166.27	-0.949884	0.282287	0.134293	26.8333712928	Atom	
-852.377	396.482	-4164.1	-0.943959	0.293206	0.151566	26.7957588151	Atom	
-870.244	402.032	-4161.23	-0.90394	0.333175	0.268116	26.7516670803	Atom	
-870.887	402.269	-4161.04	-0.90785	0.195462	0.37095	26.7500076459	Atom	
-893.973	407.239	-4151.61	-0.875095	0.252624	0.412784	26.6906910964	Atom	
-903.747	410.061	-4146.99	-0.858187	0.270831	0.436079	26.6645912386	Atom	
-920.425	415.324	-4138.52	-0.846048	0.286569	0.449535	26.6191437059	Atom	
-949.748	425.256	-4122.94	-0.896858	0.242125	0.370164	26.5379830833	Atom	
-977.255	432.683	-4111.59	-0.84447	0.338495	0.41508	26.4659862991	Atom	
-991.88	438.545	-4104.4	-0.805715	0.388535	0.447061	26.4252449562	Atom	
-997.253	441.136	-4101.42	-0.812489	0.397076	0.42684	26.4095394188	Atom	
-1025.86	455.114	-4086.39	-0.532478	0.397664	0.747215	26.3265835774	Atom	
-1026.62	455.685	-4085.32	-0.561449	0.390832	0.729401	26.3231897643	Atom	
-1029.97	458.016	-4080.97	-0.552725	0.374866	0.744292	26.3091001829	Atom	
-1034.97	461.407	-4074.23	-0.53923	0.361299	0.76072	26.2877185986	Atom	
-1037.42	463.051	-4070.77	-0.538097	0.356194	0.763923	26.2769586291	Atom	
-1039.66	464.535	-4067.59	-0.500229	0.342255	0.795382	26.2671022672	Atom	
-1039.94	464.723	-4067.15	-0.498755	0.340346	0.797125	26.2658031993	Atom	
-1048.97	470.884	-4052.72	-0.507837	0.297264	0.808539	26.2229586877	Atom	
-1050.33	471.679	-4050.56	-0.472004	0.310764	0.825008	26.2166213924	Atom	
-1065.21	481.477	-4024.55	-0.481425	0.296483	0.82482	26.1418950341	Atom	
-1070.4	484.673	-4015.66	-0.473323	0.31034	0.824412	26.116286151	Atom	
-1071.22	485.211	-4014.23	-0.471155	0.298397	0.830044	26.1121605761	Atom	
-1080.98	491.395	-3997.03	-0.459626	0.248673	0.852587	26.062888604	Atom	
-1095.84	499.435	-3969.46	-0.440531	0.256104	0.860432	25.9858915205	Atom	
-1097.23	500.245	-3966.74	-0.432433	0.264156	0.862104	25.9783478544	Atom	
-1103.11	503.835	-3955.03	-0.426838	0.250597	0.868913	25.9459025287	Atom	
-1114.77	510.681	-3931.28	-0.408055	0.322925	0.853938	25.8806092986	Atom	
-1117.53	512.866	-3925.51	-0.481832	0.239605	0.842868	25.8644106104	Atom	
-1135.32	521.712	-3894.39	-0.488361	0.265627	0.831231	25.7759608846	Atom	
-1138.12	523.231	-3889.64	-0.367904	0.235509	0.899545	25.7622201279	Atom	
-1146.6	528.662	-3868.89	-0.378004	0.209621	0.901761	25.706799681	Atom	
-1148.58	529.762	-3864.16	-0.406226	0.288787	0.866938	25.6941691299	Atom	
-1149.14	530.16	-3862.97	-0.412526	0.282178	0.86614	25.6908533486	Atom	
-1149.26	530.237	-3862.73	-0.416395	0.285413	0.863223	25.6901970592	Atom	
-1154.72	533.98	-3851.41	-0.420497	0.277722	0.863743	25.6586025602	Atom	
-1160.89	538.059	-3838.72	-0.405753	0.13987	0.903217	25.6231986987	Atom	
-1163.7	539.028	-3832.46	-0.336381	0.0874664	0.937655	25.6064656155	Atom	
-1164.34	539.193	-3830.7	-0.280671	0.153114	0.947513	25.6019153676	Atom	
-1169.4	541.952	-3813.62	-0.283111	0.198595	0.938301	25.5583960064	Atom	
-1189.29	555.906	-3747.69	-0.293368	0.216968	0.931053	25.3884618979	Atom	
-1190.64	556.907	-3743.4	-0.29703	0.257379	0.919527	25.3772492988	Atom	
-1197.49	562.839	-3722.21	-0.30348	0.252961	0.918646	25.321193515	Atom	
-1207.87	571.49	-3690.79	-0.307636	0.280513	0.909215	25.2378759816	Atom	
-1208.13	571.732	-3690.01	-0.311133	0.263468	0.913116	25.2357698095	Atom	
-1209.18	572.616	-3686.94	-0.337521	0.241479	0.909817	25.227573441	Atom	
-1210.75	573.744	-3682.69	-0.321553	0.206667	0.924063	25.2161538796	Atom	
-1211.62	574.302	-3680.19	-0.329278	0.202455	0.922273	25.2095505314	Atom	
-1215.44	576.651	-3669.5	-0.338637	0.21234	0.916644	25.1811877662	Atom	
-1216.06	577.038	-3667.82	-0.388101	0.257443	0.88493	25.1767258039	Atom	
-1227.48	584.616	-3641.78	-0.393098	0.262416	0.881256	25.1046829508	Atom	
-1229.3	585.831	-3637.7	-0.384261	0.247757	0.889359	25.0933321021	Atom	
-1229.99	586.276	-3636.1	-0.202715	0.384941	0.900404	25.0889157028	Atom	
-1234.7	595.217	-3615.18	-0.229306	0.397958	0.888284	25.0319167586	Atom	
-1235.01	595.745	-3614	-0.225817	0.390009	0.892692	25.0286499166	Atom	
-1239.58	603.647	-3595.92	-0.217436	0.402661	0.889149	24.9788306095	Atom	
-1241.53	607.264	-3587.93	-0.227961	0.400073	0.88768	24.9567120325	Atom	
-1248	618.614	-3562.75	-0.208224	0.398134	0.893382	24.8867906322	Atom	
-1255.27	632.519	-3531.55	-0.257324	0.386753	0.885554	24.8005250178	Atom	
-1257.95	636.537	-3522.35	-0.252089	0.383811	0.888335	24.7747950412	Atom	
-1259.65	639.129	-3516.35	-0.271898	0.379656	0.88427	24.7580547745	Atom	
-1268.14	650.982	-3488.74	-0.607785	0.378953	0.697848	24.6806237233	Atom	
-1275.44	655.533	-3480.36	-0.586725	0.376639	0.716866	24.6507669374	Atom	
-1291.98	666.151	-3460.15	-0.57301	0.34703	0.742448	24.5806103406	Atom	
-1293.83	667.27	-3457.76	-0.579626	0.347846	0.73691	24.5725650302	Atom	
-1307.54	675.498	-3440.32	-0.514408	0.204815	0.832727	24.5135503148	Atom	
-1315.16	678.535	-3427.98	-0.69515	0.272768	0.665105	24.4764847345	Atom	
-1343.4	689.615	-3400.96	-0.646652	0.33322	0.686153	24.3748296816	Atom	
-1344.41	690.136	-3399.89	-0.553005	0.391011	0.735728	24.3708990188	Atom	
-1366.49	705.748	-3370.51	-0.541618	0.387339	0.746068	24.2706328879	Atom	
-1373.3	710.617	-3361.13	-0.604223	0.340543	0.720379	24.238963062	Atom	
-1374.51	711.298	-3359.69	-0.576829	0.390253	0.717614	24.2339205383	Atom	
-1391.09	722.517	-3339.06	-0.565715	0.385323	0.729035	24.1614089825	Atom	
-1421.56	743.269	-3299.8	-0.582671	0.385385	0.715523	24.025237515	Atom	
-1432.2	750.307	-3286.73	-0.584676	0.391995	0.710277	23.9788587986	Atom	
-1436.46	753.161	-3281.56	-0.554771	0.370133	0.745138	23.9603377259	Atom	
-1437.59	753.918	-3280.04	-0.577425	0.365068	0.730278	23.9551339591	Atom	
-1448.09	760.557	-3266.76	-0.57713	0.416877	0.702235	23.9088403583	Atom	
-1462.65	771.07	-3249.05	-0.620295	0.268917	0.736829	23.8445473193	Atom	
-1488.01	782.066	-3218.92	-0.51704	0.207704	0.830379	23.7400791348	Atom	
-1492.84	784.007	-3211.16	-0.604325	0.28379	0.744483	23.7161198397	Atom	
-1499.67	787.215	-3202.74	-0.624681	0.272171	0.731913	23.6871172847	Atom	
-1501.82	788.151	-3200.23	-0.614851	0.298678	0.729897	23.6782868282	Atom	
-1504.69	789.544	-3196.82	-0.629872	0.2809	0.724125	23.6663005236	Atom	
-1534.76	802.955	-3162.25	-0.838183	0.258946	0.479996	23.5436027459	Atom	
-1538.18	804.011	-3160.29	-0.889686	0.153428	0.430021	23.5330716862	Atom	
-1540.06	804.336	-3159.38	-0.899822	0.195852	0.389823	23.527614499	Atom	
-1547.83	806.027	-3156.02	-0.90667	0.217779	0.361278	23.5053151984	Atom	
-1554.9	807.726	-3153.2	-0.946296	0.103312	0.30635	23.485164322	Atom	
-1571.12	809.495	-3147.95	-0.948225	0.188868	0.255341	23.4408658727	Atom	
-1571.62	809.596	-3147.81	-0.94362	0.205825	0.259263	23.4394808618	Atom	
-1576.71	810.707	-3146.41	-0.937395	0.255038	0.237162	23.4255091922	Atom	
-1590.33	814.41	-3142.97	-0.917788	0.275831	0.285626	23.3878881537	Atom	
-1592.01	814.918	-3142.45	-0.934833	0.216819	0.281206	23.3831122389	Atom	
-1594.01	815.38	-3141.85	-0.937853	0.214392	0.272888	23.3775844438	Atom	
-1622.29	821.846	-3133.62	-0.935563	0.236473	0.262301	23.2993156436	Atom	
-1627.84	823.249	-3132.06	-0.95789	0.253544	0.134768	23.2838773328	Atom	
-1629.39	823.659	-3131.84	-0.938968	0.175166	0.296068	23.2796682081	Atom	
-1642.7	826.142	-3127.65	-0.89794	0.255518	0.358349	23.2427728734	Atom	
-1651.57	828.665	-3124.11	-0.994921	0.00809687	0.100329	23.2170236239	Atom	
-1658.23	828.72	-3123.43	-0.996501	0.0255397	0.0795858	23.1995647725	Atom	
-1659.43	828.75	-3123.34	-0.989203	0.0819343	0.121508	23.1964200467	Atom	
-1699.28	832.052	-3118.44	-0.995416	0.0257704	0.0921032	23.0912133623	Atom	
-1712.1	832.384	-3117.26	-0.994788	0.0341743	0.0960715	23.0574762923	Atom	
-1735.65	833.192	-3114.98	-0.995675	0.0326766	0.08697	22.9953837561	Atom	
-1785.21	834.819	-3110.65	-0.984983	0.0164006	0.171869	22.8645087305	Atom	
-1808.62	835.209	-3106.57	-0.983785	0.0165676	0.178588	22.8017362376	Atom	
-1814.22	835.303	-3105.55	-0.978271	0.0311403	0.204979	22.7866882409	Atom	
-1832.47	835.884	-3101.73	-0.970588	0.010392	0.240523	22.7372908254	Atom	
-1842.27	835.989	-3099.3	-0.972835	0.020817	0.230563	22.7105031344	Atom	
-1861.57	836.402	-3094.73	-0.9735	0.0460852	0.223995	22.6578239695	Atom	
-1874.74	837.025	-3091.7	-0.990744	0.00966068	0.135397	22.6218571473	Atom	
-1886.35	837.139	-3090.11	-0.986813	-0.0907665	0.134019	22.5906310999	Atom	
-1915.98	834.414	-3086.09	-0.981886	-0.0809146	0.171328	22.5106013816	Atom	
-1929.97	833.261	-3083.64	-0.979987	-0.0766114	0.183727	22.4724956698	Atom	
-1932.58	833.057	-3083.15	-0.964743	-0.00670094	0.263109	22.4653721991	Atom	
-1934.64	833.042	-3082.59	-0.977574	-0.0630427	0.200936	22.4596667395	Atom	
-1943.39	832.478	-3080.8	-0.00526745	-0.150803	-0.98855	22.435693628	Atom	
-1943.62	825.827	-3124.39	0.0284483	-0.164566	-0.985956	22.3174806399	Atom	
-1941.9	815.905	-3183.84	0.0349362	-0.171403	-0.984581	22.1551882755	Atom	
-1941.64	814.633	-3191.15	0.0319609	-0.141676	-0.989397	22.1350985469	Atom	
-1941.08	812.146	-3208.51	-0.00890056	-0.143263	-0.989645	22.0875486246	Atom	
-1941.13	811.378	-3213.82	0.170652	-0.157599	-0.972646	22.0729971686	Atom	
-1939.52	809.887	-3223.02	0.112106	-0.193885	-0.974598	22.0473146058	Atom	
-1938.54	808.201	-3231.5	0.184712	-0.210615	-0.95996	22.0236853213	Atom	
-1935.62	804.865	-3246.7	0.192189	-0.246541	-0.949885	21.9806091225	Atom	
-1933.62	802.304	-3256.57	0.109033	-0.449938	-0.886379	21.9523043567	Atom	
-1933.6	802.235	-3256.7	0.0885724	-0.436721	-0.895226	21.9518895928	Atom	
-1932.32	795.932	-3269.63	0.529075	-0.518758	-0.671542	21.9125312838	Atom	
-1929.81	793.466	-3272.82	0.465997	-0.703022	-0.537221	21.8995522579	Atom	
-1928.6	791.642	-3274.21	0.468556	-0.673202	-0.572061	21.8924649976	Atom	
-1920.02	779.313	-3284.69	0.460284	-0.680561	-0.570066	21.8424218035	Atom	
-1916.67	774.356	-3288.84	0.433165	-0.666804	-0.606416	21.8224794255	Atom	
-1903.77	754.503	-3306.9	0.426092	-0.680833	-0.595745	21.7409167766	Atom	
-1894.02	738.922	-3320.53	0.436903	-0.678999	-0.589979	21.6780381046	Atom	
-1890.39	733.283	-3325.43	0.415944	-0.708078	-0.570627	21.6551693109	Atom	
-1882.83	720.413	-3335.8	0.464119	-0.716256	-0.521124	21.6050733218	Atom	
-1874.7	707.864	-3344.93	0.41846	-0.535291	-0.733726	21.55669794	Atom	
-1870.62	702.648	-3352.08	0.423049	-0.547308	-0.722138	21.5297490679	Atom	
-1869.2	700.803	-3354.52	0.277922	-0.55443	-0.784453	21.5204120773	Atom	
-1867.65	697.729	-3358.86	0.222876	-0.571585	-0.789694	21.5050578229	Atom	
-1864.13	688.678	-3371.37	0.248034	-0.571278	-0.782382	21.4611791535	Atom	
-1858.51	675.751	-3389.07	0.239259	-0.567068	-0.788155	21.3983685369	Atom	
-1854.3	665.757	-3402.96	0.244125	-0.588205	-0.770985	21.3493417384	Atom	
-1852.79	662.138	-3407.71	0.263729	-0.592796	-0.760947	21.3321907832	Atom	
-1847.65	650.57	-3422.56	0.341539	-0.553178	-0.759832	21.2777697437	Atom	
-1831.65	624.661	-3458.14	0.234099	-0.572322	-0.785904	21.1468921542	Atom	
-1828.46	616.869	-3468.84	0.236042	-0.574048	-0.784061	21.108665512	Atom	
-1828.06	615.877	-3470.2	0.260104	-0.563936	-0.783787	21.1038042102	Atom	
-1822.75	604.378	-3486.18	0.226589	-0.516108	-0.826008	21.0464571871	Atom	
-1818.84	595.477	-3500.43	0.344196	-0.636541	-0.690178	20.9978518492	Atom	
-1805.93	571.589	-3526.33	0.421392	-0.627228	-0.654991	20.891887823	Atom	
-1805.92	571.581	-3526.34	0.378499	-0.670746	-0.637839	20.8918533807	Atom	
-1802.44	565.417	-3532.2	0.451596	-0.607143	-0.653788	20.8658009241	Atom	
-1798.36	559.92	-3538.12	0.479906	-0.565472	-0.67077	20.8401108347	Atom	
-1791.68	552.059	-3547.44	0.465135	-0.481507	-0.742833	20.8006280702	Atom	
-1777.44	537.315	-3570.19	0.42057	-0.499284	-0.75752	20.7135263416	Atom	
-1774.35	533.647	-3575.75	0.421735	-0.46424	-0.778859	20.6925604335	Atom	
-1772.29	531.375	-3579.56	0.391762	-0.547405	-0.739507	20.6785819749	Atom	
-1771.33	530.036	-3581.37	0.390597	-0.507659	-0.76793	20.6715960469	Atom	
-1766.12	523.263	-3591.62	0.381391	-0.526659	-0.759718	20.6334597105	Atom	
-1759.11	513.58	-3605.59	0.39301	-0.519581	-0.75867	20.5808314044	Atom	
-1751.3	503.259	-3620.66	0.372281	-0.479123	-0.794888	20.5238564111	Atom	
-1749.41	500.827	-3624.69	0.368571	-0.471787	-0.800982	20.5092663167	Atom	
-1746.95	497.677	-3630.04	0.369472	-0.478343	-0.796667	20.4900633994	Atom	
-1741.35	490.431	-3642.11	0.574507	-0.414512	-0.705778	20.4464652074	Atom	
-1730.88	482.876	-3654.97	0.650691	-0.411137	-0.63841	20.3939188067	Atom	
-1727.72	480.882	-3658.07	0.612091	-0.332109	-0.717669	20.3799056798	Atom	
-1714.32	473.609	-3673.78	0.720693	-0.249109	-0.646952	20.3166060992	Atom	
-1713.55	473.342	-3674.48	0.755518	-0.259515	-0.601536	20.3134984251	Atom	
-1706.31	470.855	-3680.24	0.757495	-0.251522	-0.602444	20.2857293773	Atom	
-1691.97	466.094	-3691.64	0.773967	-0.243326	-0.584609	20.2308290123	Atom	
-1689.8	465.412	-3693.28	0.748705	-0.222803	-0.624339	20.2226821182	Atom	
-1678.34	462.002	-3702.84	0.738074	-0.232326	-0.63346	20.1781751512	Atom	
-1666.27	458.202	-3713.2	0.716664	-0.265377	-0.644956	20.1305301494	Atom	
-1657.7	455.029	-3720.91	0.704002	-0.280048	-0.652652	20.0956359342	Atom	
-1633.97	445.587	-3742.92	0.70084	-0.272402	-0.659257	19.9971130513	Atom	
-1628.77	443.569	-3747.8	0.699386	-0.311659	-0.643216	19.9753708764	Atom	
-1628.09	443.265	-3748.43	0.673579	-0.281158	-0.68355	19.9725085992	Atom	
-1616.15	438.283	-3760.54	0.563321	0.0783219	-0.822518	19.9204780691	Atom	
-1606.21	439.665	-3775.06	0.596379	0.0771117	-0.798991	19.868536505	Atom	
-1603.18	440.056	-3779.11	0.625558	0.251847	-0.738411	19.8535824899	Atom	
-1599.43	441.567	-3783.54	0.615161	0.261211	-0.743872	19.8358867216	Atom	
-1592.88	444.349	-3791.46	0.607939	0.301238	-0.73462	19.8044490113	Atom	
-1585.38	448.064	-3800.53	0.600135	0.342583	-0.722824	19.7679930387	Atom	
-1581.69	450.171	-3804.97	0.754236	0.371344	-0.541508	19.7497912768	Atom	
-1572.29	454.801	-3811.72	0.737627	0.390334	-0.550951	19.7128549096	Atom	
-1570.83	455.573	-3812.81	0.660198	0.540524	-0.521511	19.7069909347	Atom	
-1567.07	458.653	-3815.78	0.714496	0.451439	-0.534508	19.690080082	Atom	
-1555.33	466.072	-3824.57	0.676258	0.483032	-0.556197	19.6412866024	Atom	
-1543.35	474.625	-3834.42	0.623775	0.49396	-0.605729	19.5886128186	Atom	
-1531.81	483.763	-3845.62	0.655272	0.485025	-0.57911	19.5334570882	Atom	
-1527.75	486.772	-3849.21	0.634226	0.48709	-0.600417	19.5149216735	Atom	
-1521.64	491.462	-3855	0.668742	0.555644	-0.494008	19.4861355876	Atom	
-1510.85	500.427	-3862.97	0.642567	0.56677	-0.515636	19.4378386568	Atom	
-1507.32	503.54	-3865.8	0.643783	0.524419	-0.55725	19.421366804	Atom	
-1490.35	517.365	-3880.49	0.620309	0.554736	-0.554514	19.3422438923	Atom	
-1490.02	517.656	-3880.78	0.608051	0.565617	-0.557092	19.3406639999	Atom	
-1480.51	526.505	-3889.49	0.374829	0.411194	-0.830917	19.2935614341	Atom	
-1475.2	532.33	-3901.27	0.340795	0.385353	-0.857532	19.2508237094	Atom	
-1473.38	534.385	-3905.84	0.303188	0.475786	-0.825654	19.2347081207	Atom	
-1473.22	534.641	-3906.28	0.293409	0.469713	-0.832635	19.2330809579	Atom	
-1467.46	543.863	-3922.63	0.258305	0.42186	-0.869087	19.1737105835	Atom	
-1459.52	556.832	-3949.35	0.243337	0.441402	-0.863685	19.0805176771	Atom	
-1453.78	567.246	-3969.73	0.249353	0.492551	-0.833797	19.0087257204	Atom	
-1446.21	582.2	-3995.04	0.406852	0.397436	-0.822506	18.9160733078	Atom	
-1442.06	586.255	-4003.43	0.397291	0.408015	-0.822	18.8848143479	Atom	
-1422.76	606.074	-4043.36	0.313365	0.216205	-0.924693	18.7358138541	Atom	
-1416.9	610.115	-4060.64	0.307698	0.240558	-0.920573	18.6781282271	Atom	
-1410.62	615.022	-4079.42	0.290413	0.251305	-0.923313	18.6150192567	Atom	
-1410.18	615.402	-4080.82	0.194269	0.362935	-0.911339	18.6103221867	Atom	
-1407.84	619.791	-4091.84	0.236023	0.397345	-0.886798	18.5728041105	Atom	
-1405.94	622.981	-4098.96	0.232222	0.40093	-0.886187	18.5478543425	Atom	
-1405.38	623.949	-4101.1	0.18695	0.386833	-0.903	18.5403482728	Atom	
-1404.95	624.848	-4103.2	0.107485	0.63154	-0.767857	18.5331130501	Atom	
-1403.49	633.402	-4113.6	0.504084	0.501406	-0.703201	18.4909568701	Atom	
-1396.94	639.912	-4122.73	0.486945	0.535536	-0.68999	18.4504691126	Atom	
-1395.1	641.944	-4125.35	0.478382	0.545267	-0.688356	18.4386156744	Atom	
-1390.93	646.694	-4131.34	0.40773	0.571723	-0.711962	18.4113952642	Atom	
-1371.28	674.244	-4165.65	0.374293	0.587956	-0.717086	18.2606278222	Atom	
-1367.24	680.588	-4173.39	0.373986	0.584854	-0.719778	18.2266571284	Atom	
-1363.78	685.996	-4180.04	0.351625	0.63663	-0.686339	18.1974991075	Atom	
-1363.17	687.103	-4181.24	0.332483	0.653669	-0.679832	18.1920105925	Atom	
-1362.91	687.625	-4181.78	0.226343	0.668362	-0.708563	18.1894843783	Atom	
-1361.57	691.577	-4185.97	0.172176	0.66563	-0.726148	18.1708099529	Atom	
-1357.12	708.778	-4204.73	0.179298	0.640383	-0.746835	18.0891292581	Atom	
-1353.86	720.406	-4218.29	0.166864	0.645765	-0.74508	18.0315344014	Atom	
-1351.36	730.086	-4229.46	0.0989015	0.639278	-0.762589	17.9838702146	Atom	
-1351.18	731.241	-4230.84	0.135348	0.682892	-0.717872	17.9781167678	Atom	
-1351.14	731.476	-4231.09	0.207752	0.639985	-0.739769	17.9770184528	Atom	
-1349.44	736.719	-4237.15	0.213966	0.629968	-0.746565	17.9509067302	Atom	
-1349.01	737.968	-4238.63	0.211424	0.646055	-0.733425	17.9445790949	Atom	
-1348.39	739.866	-4240.78	0.178934	0.64056	-0.74677	17.9352038967	Atom	
-1344.47	753.898	-4257.14	0.132666	0.674723	-0.72605	17.8652568829	Atom	
-1344.21	755.24	-4258.59	0.121915	0.674255	-0.728366	17.8588891124	Atom	
-1343.95	756.653	-4260.11	0.106473	0.711275	-0.694803	17.85217301	Atom	
-1343.93	756.826	-4260.28	0.0670451	0.719779	-0.690959	17.8513939962	Atom	
-1339.85	800.557	-4302.26	0.220388	0.589331	-0.77725	17.6566911515	Atom	
-1339.82	800.643	-4302.37	0.208995	0.601729	-0.770872	17.6562217339	Atom	
-1338.41	804.714	-4307.59	0.149337	0.720716	-0.676954	17.6343534566	Atom	
-1338.23	805.552	-4308.38	0.151793	0.725691	-0.671067	17.6305905201	Atom	
-1337.63	808.435	-4311.04	0.100495	0.709297	-0.697709	17.6177369499	Atom	
-1327.75	878.18	-4379.65	0.0883847	0.706837	-0.701833	17.2993888216	Atom	
-1327.19	882.637	-4384.07	0.0919759	0.698976	-0.709206	17.2786829993	Atom	
-1326.89	884.908	-4386.38	0.081923	0.685327	-0.723613	17.2680005053	Atom	
-1324.12	908.126	-4410.89	0.0745659	0.697121	-0.713066	17.1565983928	Atom	
-1323.74	911.603	-4414.45	0.13143	0.684583	-0.716989	17.1401179323	Atom	
-1323.48	912.987	-4415.9	0.102945	0.672023	-0.73334	17.1334321674	Atom	
-1322.73	917.869	-4421.23	-0.261504	0.457534	-0.84987	17.1093981057	Atom	
-1335.39	940.011	-4462.36	-0.261124	0.486534	-0.833726	16.9491227648	Atom	
-1335.94	941.042	-4464.12	-0.269993	0.480207	-0.834569	16.9420491396	Atom	
-1336.27	941.624	-4465.13	-0.264395	0.490176	-0.830556	16.9380054581	Atom	
-1347.33	962.133	-4499.88	-0.28502	0.517436	-0.80686	16.7983521787	Atom	
-1356.04	977.955	-4524.56	-0.264685	0.559215	-0.785634	16.6956329739	Atom	
-1357.2	980.397	-4527.99	-0.312775	0.680763	-0.66237	16.6808934212	Atom	
-1357.91	981.951	-4529.5	-0.38105	0.123082	-0.916325	16.6731868771	Atom	
-1359.57	982.485	-4533.47	-0.365126	0.11455	-0.923884	16.6585360621	Atom	
-1362.86	983.517	-4541.8	0.116964	0.728938	-0.674514	16.6280524489	Atom	
-1359.82	1002.45	-4559.32	0.057312	0.659149	-0.749825	16.5401217846	Atom	
-1359.51	1006.07	-4563.44	0.0363675	0.619558	-0.784108	16.5214361668	Atom	
-1359.17	1011.75	-4570.63	0.0254812	0.635963	-0.771298	16.490261979	Atom	
-1358.4	1031.09	-4594.09	0.0393083	0.640163	-0.767233	16.3865980676	Atom	
-1357.02	1053.51	-4620.96	0.0139885	0.63026	-0.776258	16.2666870097	Atom	
-1356.9	1058.91	-4627.6	-0.0500503	0.647155	-0.760714	16.2371922013	Atom	
-1357.17	1062.33	-4631.62	-0.127637	0.612459	-0.78013	16.2189686029	Atom	
-1357.55	1064.19	-4633.99	-0.125366	0.533773	-0.836283	16.2084811266	Atom	
-1358.58	1068.58	-4640.87	-0.146773	0.515688	-0.844111	16.1800741486	Atom	
-1360.06	1073.77	-4649.36	-0.14065	0.507587	-0.850043	16.1453063204	Atom	
-1360.69	1076.04	-4653.17	-0.15751	0.497136	-0.853256	16.1297940463	Atom	
-1362.89	1082.99	-4665.1	-0.0133598	0.395983	-0.91816	16.0813160532	Atom	
-1362.93	1083.99	-4667.41	0.020288	0.392182	-0.919664	16.0725676611	Atom	
-1362.53	1091.66	-4685.39	0.0157264	0.404239	-0.914518	16.0046080802	Atom	
-1362.15	1101.36	-4707.35	0.0416665	0.403767	-0.913912	15.9208779877	Atom	
-1362.04	1102.42	-4709.74	0.0459966	0.421426	-0.905695	15.9117433572	Atom	
-1361.69	1105.63	-4716.63	-0.00501979	0.453484	-0.89125	15.8850705981	Atom	
-1361.73	1108.82	-4722.91	0.00598446	0.454857	-0.890544	15.8603836635	Atom	
-1361.41	1133.35	-4770.94	-0.00670529	0.45519	-0.890369	15.6709996395	Atom	
-1361.5	1140.01	-4783.96	0.152071	0.374632	-0.914618	15.6191529155	Atom	
-1360.11	1143.45	-4792.37	0.171455	0.3631	-0.915839	15.5864819373	Atom	
-1358.16	1147.57	-4802.75	0.304889	0.319752	-0.897107	15.546149576	Atom	
-1352.25	1153.77	-4820.16	0.286008	0.322112	-0.902465	15.476931372	Atom	
-1346.91	1159.78	-4836.99	0.250616	0.343028	-0.905275	15.4102033957	Atom	
-1338.93	1170.7	-4865.82	0.267852	0.419355	-0.867408	15.2958842334	Atom	
-1334.97	1176.9	-4878.64	0.280124	0.343691	-0.89633	15.2424843037	Atom	
-1330.64	1182.21	-4892.49	0.275309	0.379897	-0.88311	15.1865420271	Atom	
-1330.49	1182.42	-4892.98	0.243568	0.442054	-0.863286	15.1845527846	Atom	
-1329.61	1184.03	-4896.11	0.180054	0.388652	-0.903621	15.1713864926	Atom	
-1327.16	1189.3	-4908.38	0.164902	0.404654	-0.899479	15.1220300262	Atom	
-1325.87	1192.47	-4915.41	0.204709	0.681233	-0.702863	15.0935587266	Atom	
-1317.78	1219.42	-4943.21	0.274821	0.703275	-0.655651	14.9492521122	Atom	
-1310.25	1238.67	-4961.17	0.236694	0.671898	-0.701804	14.8486196206	Atom	
-1306.15	1250.31	-4973.33	0.297966	0.545988	-0.783016	14.7846118452	Atom	
-1303.44	1255.28	-4980.44	-0.345402	0.735874	-0.582398	14.7509278942	Atom	
-1308.62	1266.31	-4989.18	-0.41298	0.734743	-0.538145	14.6952667018	Atom	
-1310.59	1269.82	-4991.75	-0.98226	-0.0693636	-0.174223	14.6774710689	Atom	
-1335.3	1268.08	-4996.13	-0.972847	-0.0772434	-0.218181	14.5837311276	Atom	
-1337.27	1267.92	-4996.57	-0.973975	-0.0989365	-0.20392	14.5761574236	Atom	
-1353.65	1266.26	-5000	-0.973975	-0.0989365	-0.20392	14.5131427942	Region	
"-----------------------------------------------------------------"
"Trajectory"	122

"NbCollisions"	50
"Zmax"	0
"Display"	256

"Collisions"

"X"	"Y"	"Z"	"Rx"	"Ry"	"Rz"	"Energy"	"CollisionType"	
-0.0871494	-0.0232621	-5000	-3.27267e-006	2.59057e-006	1	30	Region	
-0.0871734	-0.0232431	-4992.67	0.0447034	0.00151416	0.998999	29.9843840894	Atom	
1.29947	0.0237241	-4961.68	0.0736983	-0.0374052	0.996579	29.9183147522	Atom	
1.37769	-0.0159748	-4960.62	0.0695893	0.0127405	0.997494	29.9160501685	Atom	
3.10359	0.300005	-4935.88	0.150748	-0.0100447	0.988521	29.8631276951	Atom	
9.52714	-0.128013	-4893.76	0.194237	0.0233708	0.980676	29.7720722792	Atom	
10.7904	0.0239797	-4887.38	0.173806	0.0639189	0.982703	29.7581410293	Atom	
28.783	6.64093	-4785.65	0.2004	0.230089	0.952312	29.5363057968	Atom	
31.0943	9.29463	-4774.67	0.213431	0.221987	0.951404	29.5114429502	Atom	
39.6421	18.1851	-4736.56	-0.482724	0.218008	-0.848204	29.4250484934	Atom	
34.6099	20.4578	-4745.41	-0.465686	0.231779	-0.854058	29.4025082324	Atom	
29.9262	22.7889	-4754	-0.457007	0.284523	-0.842729	29.380747752	Atom	
29.5539	23.0207	-4754.68	-0.472738	0.223378	-0.852421	29.3789842316	Atom	
25.5267	24.9236	-4761.94	-0.526601	0.0097528	-0.850057	29.3605414138	Atom	
16.376	25.0931	-4776.72	-0.547881	0.0833586	-0.832393	29.3229027177	Atom	
-8.56032	28.8871	-4814.6	-0.556801	0.0589078	-0.828554	29.2242170461	Atom	
-24.7381	30.5987	-4838.67	-0.507565	0.0715432	-0.858638	29.1610494441	Atom	
-33.9616	31.8988	-4854.28	-0.457741	-0.0111933	-0.889015	29.1214738078	Atom	
-41.8945	31.7048	-4869.68	-0.451676	-0.0147614	-0.89206	29.083689922	Atom	
-43.5984	31.6491	-4873.05	-0.395348	0.00179638	-0.91853	29.0754567232	Atom	
-59.5494	31.7216	-4910.11	-0.462558	0.0106434	-0.886525	28.9873822841	Atom	
-65.9955	31.8699	-4922.46	-0.554016	0.0105703	-0.832439	28.9568876168	Atom	
-69.7565	31.9416	-4928.12	-0.580721	0.00350025	-0.814095	28.9420202087	Atom	
-74.4244	31.9698	-4934.66	-0.685114	-0.0496579	-0.726741	28.9244088089	Atom	
-79.829	31.578	-4940.39	-0.757675	-0.171878	-0.629593	28.9071166607	Atom	
-150.002	15.6595	-4998.7	-0.497961	0.104109	-0.860927	28.7040038697	Atom	
-150.752	15.8164	-5000	-0.497961	0.104109	-0.860927	28.7006795378	Region	
"-----------------------------------------------------------------"
"Trajectory"	125

"NbCollisions"	252
"Zmax"	0
"Display"	256

"Collisions"

"X"	"Y"	"Z"	"Rx"	"Ry"	"Rz"	"Energy"	"CollisionType"	
0.0843972	0.151786	-5000	-2.95418e-006	5.20831e-007	1	30	Region	
0.084354	0.151794	-4985.38	-0.0101873	-0.0385287	0.999206	29.9688822743	Atom	
-0.51995	-2.1337	-4926.11	-0.0313302	-0.0455219	0.998472	29.8424812764	Atom	
-0.588017	-2.23259	-4923.94	-0.0877528	-0.106673	0.990414	29.8378361777	Atom	
-0.988589	-2.71953	-4919.42	-0.128676	-0.185849	0.974116	29.8280751833	Atom	
-1.00755	-2.74691	-4919.28	-0.232971	-0.516305	0.824108	29.8277600635	Atom	
-3.85707	-9.06196	-4909.2	-0.210195	-0.594762	0.775936	29.801598702	Atom	
-5.96763	-15.034	-4901.41	-0.192931	-0.610248	0.768358	29.7801070577	Atom	
-17.0676	-50.1436	-4857.2	-0.186658	-0.610518	0.769692	29.656892226	Atom	
-23.1759	-70.1225	-4832.01	-0.169405	-0.663147	0.729067	29.5865762144	Atom	
-28.9874	-92.872	-4807	-0.0798601	-0.740556	0.667233	29.5127238608	Atom	
-31.0621	-112.111	-4789.67	-0.085291	-0.734988	0.672695	29.4566856156	Atom	
-31.1309	-112.704	-4789.13	-0.0761261	-0.734026	0.674841	29.4549424274	Atom	
-31.958	-120.679	-4781.79	-0.0796579	-0.741215	0.666524	29.4314686275	Atom	
-34.0507	-140.151	-4764.28	-0.259145	-0.964247	0.0554194	29.3746750538	Atom	
-48.1716	-192.694	-4761.26	-0.287875	-0.954596	0.0766416	29.2566929584	Atom	
-60.5425	-233.716	-4757.97	-0.245499	-0.965478	0.0870773	29.1633481234	Atom	
-63.4053	-244.974	-4756.95	-0.232685	-0.968099	0.0929596	29.1379540708	Atom	
-63.7188	-246.279	-4756.83	-0.244189	-0.962089	0.121478	29.1350179437	Atom	
-65.2319	-252.24	-4756.08	-0.290129	-0.94023	0.178306	29.1215132539	Atom	
-74.6449	-282.745	-4750.29	-0.319156	-0.926582	0.19896	29.0507794829	Atom	
-77.1794	-290.103	-4748.71	-0.189377	-0.939798	0.284459	29.0334319128	Atom	
-91.9245	-363.277	-4726.56	-0.100464	-0.955077	0.278811	28.8632692374	Atom	
-100.547	-445.249	-4702.63	-0.111059	-0.950735	0.289428	28.6748157564	Atom	
-102.344	-460.632	-4697.95	-0.177467	-0.964528	0.195427	28.6391024571	Atom	
-110.24	-503.546	-4689.26	-0.163321	-0.962267	0.217644	28.5408001731	Atom	
-112.174	-514.943	-4686.68	-0.0811267	-0.943457	0.321415	28.5145598359	Atom	
-113.282	-527.828	-4682.29	-0.0608431	-0.928057	0.367436	28.4842813384	Atom	
-116.699	-579.945	-4661.65	-0.302379	-0.888121	0.346133	28.359671026	Atom	
-131.268	-622.734	-4644.98	-0.211464	-0.930162	0.300136	28.2523873195	Atom	
-133.442	-632.299	-4641.89	-0.198845	-0.937653	0.285073	28.2294208434	Atom	
-136.241	-645.495	-4637.88	-0.114634	-0.956953	0.266647	28.1979677663	Atom	
-136.268	-645.724	-4637.82	-0.126349	-0.953179	0.274746	28.1974326593	Atom	
-139.054	-666.741	-4631.76	-0.184189	-0.935321	0.302075	28.1481103212	Atom	
-144.487	-694.333	-4622.85	-0.155817	-0.949578	0.272072	28.082029987	Atom	
-145.52	-700.626	-4621.04	-0.179031	-0.903437	0.38955	28.0671565917	Atom	
-145.769	-701.881	-4620.5	-0.222374	-0.849315	0.478763	28.0640376684	Atom	
-152.289	-726.784	-4606.46	-0.202303	-0.873896	0.442017	27.9981991211	Atom	
-152.764	-728.835	-4605.43	-0.244327	-0.831861	0.498309	27.9929204889	Atom	
-153.139	-730.113	-4604.66	-0.248389	-0.802164	0.542987	27.989463258	Atom	
-164.058	-765.373	-4580.79	-0.258685	-0.801111	0.539726	27.8905546949	Atom	
-167.217	-775.158	-4574.2	-0.304669	-0.780324	0.546143	27.8629951423	Atom	
-184.099	-818.396	-4543.94	-0.275144	-0.766258	0.580641	27.7378620691	Atom	
-184.446	-819.362	-4543.21	-0.26697	-0.726389	0.633314	27.7350049639	Atom	
-187.607	-827.963	-4535.71	-0.185141	-0.739893	0.646747	27.7081694123	Atom	
-189.993	-837.497	-4527.38	-0.236104	-0.749109	0.618943	27.6789401287	Atom	
-202.584	-877.448	-4494.37	-0.249294	-0.742069	0.622243	27.5578664439	Atom	
-206.427	-888.885	-4484.78	-0.260873	-0.702199	0.662467	27.5227543597	Atom	
-209.753	-897.838	-4476.33	-0.232599	-0.708399	0.666385	27.4936787549	Atom	
-210.925	-901.408	-4472.97	-0.230124	-0.714293	0.66093	27.4821783957	Atom	
-214.723	-913.198	-4462.06	-0.256267	-0.685336	0.681647	27.4444935364	Atom	
-227.084	-946.254	-4429.18	-0.263618	-0.792498	0.549957	27.3342499934	Atom	
-230.489	-956.491	-4422.08	-0.28486	-0.693397	0.661857	27.3046329443	Atom	
-236.952	-972.224	-4407.06	-0.272962	-0.679401	0.681106	27.252562434	Atom	
-249.485	-1003.42	-4375.79	-0.268336	-0.659328	0.702341	27.1470329571	Atom	
-250.167	-1005.09	-4374	-0.275272	-0.715991	0.641547	27.1411719148	Atom	
-260.39	-1031.68	-4350.18	-0.254179	-0.670097	0.697397	27.0555426437	Atom	
-266.795	-1048.57	-4332.61	-0.170155	-0.74653	0.643227	26.9972896291	Atom	
-272.077	-1071.74	-4312.64	-0.171818	-0.737508	0.653116	26.925407994	Atom	
-272.316	-1072.77	-4311.73	-0.117846	-0.718074	0.685916	26.9221763004	Atom	
-274.961	-1088.89	-4296.34	-0.0812703	-0.675477	0.732889	26.8700898423	Atom	
-276.017	-1097.66	-4286.81	-0.114307	-0.649447	0.751766	26.8398922948	Atom	
-276.077	-1098	-4286.42	-0.222542	-0.579032	0.784345	26.8386681793	Atom	
-276.163	-1098.23	-4286.12	-0.237175	-0.581844	0.777949	26.8377702831	Atom	
-278.395	-1103.7	-4278.79	-0.256969	-0.589032	0.766165	26.8158710309	Atom	
-287.015	-1123.46	-4253.09	-0.457359	-0.570945	0.681795	26.7377738357	Atom	
-299.405	-1138.93	-4234.62	-0.399908	-0.824729	-0.399871	26.6745640014	Atom	
-310.459	-1161.73	-4245.68	-0.392518	-0.830266	-0.395712	26.6099384177	Atom	
-320.067	-1182.05	-4255.36	-0.357689	-0.828582	-0.43071	26.5526035623	Atom	
-322.781	-1188.34	-4258.63	-0.396416	-0.779074	-0.485694	26.5348000309	Atom	
-331.955	-1206.37	-4269.87	-0.399711	-0.777671	-0.485241	26.4804718638	Atom	
-341.391	-1224.72	-4281.33	-0.382002	-0.769798	-0.511357	26.4249608022	Atom	
-348.389	-1238.83	-4290.69	-0.344249	-0.773604	-0.532005	26.3818102046	Atom	
-349.167	-1240.58	-4291.9	-0.349519	-0.77539	-0.525935	26.376477467	Atom	
-353.732	-1250.7	-4298.77	-0.376402	-0.777004	-0.504565	26.3456706089	Atom	
-362.591	-1268.99	-4310.64	-0.355274	-0.787407	-0.503757	26.2901028376	Atom	
-379.91	-1307.37	-4335.2	-0.27973	-0.830981	-0.480855	26.1748174681	Atom	
-391.465	-1341.7	-4355.06	-0.227444	-0.852325	-0.470968	26.0767866328	Atom	
-392.101	-1344.08	-4356.38	-0.270643	-0.857803	-0.436951	26.0701299944	Atom	
-392.25	-1344.56	-4356.62	-0.27472	-0.850717	-0.448117	26.0688179452	Atom	
-401.765	-1374.02	-4372.14	-0.309426	-0.827727	-0.468106	25.9863548565	Atom	
-403.27	-1378.05	-4374.42	-0.285735	-0.829111	-0.480553	25.974747256	Atom	
-403.659	-1379.17	-4375.07	-0.275704	-0.827177	-0.489659	25.971498662	Atom	
-404.285	-1381.05	-4376.18	-0.0116741	-0.92875	-0.370522	25.9660759238	Atom	
-404.489	-1397.29	-4382.66	0.0486023	-0.92072	-0.387185	25.9243184401	Atom	
-403.926	-1407.95	-4387.14	0.042638	-0.922648	-0.383278	25.8966278925	Atom	
-403.808	-1410.51	-4388.2	-0.0124125	-0.955652	-0.294237	25.8900007426	Atom	
-404.511	-1464.64	-4404.87	-0.0114334	-0.959246	-0.282342	25.7543880154	Atom	
-404.646	-1475.97	-4408.21	-0.0183115	-0.959052	-0.282638	25.7260032639	Atom	
-404.944	-1491.56	-4412.8	-0.0335355	-0.952495	-0.302703	25.6868942313	Atom	
-405.56	-1509.07	-4418.36	-0.089078	-0.93607	-0.340351	25.6426232079	Atom	
-405.865	-1512.27	-4419.53	-0.0484492	-0.955772	-0.290092	25.6343782958	Atom	
-406.005	-1515.02	-4420.37	-0.0519177	-0.952101	-0.301343	25.6274155373	Atom	
-407.016	-1533.58	-4426.24	-0.0393459	-0.947502	-0.31732	25.580383899	Atom	
-407.21	-1538.24	-4427.8	-0.0606746	-0.917454	-0.393189	25.5685006995	Atom	
-407.82	-1547.46	-4431.75	-0.0213087	-0.909837	-0.414419	25.5441991349	Atom	
-408.47	-1575.23	-4444.4	-0.0328165	-0.90664	-0.420627	25.4703620829	Atom	
-410.435	-1629.52	-4469.59	-0.0318081	-0.909237	-0.415061	25.3251340693	Atom	
-410.814	-1640.34	-4474.53	-0.0322698	-0.912146	-0.408594	25.2961451434	Atom	
-410.93	-1643.62	-4476	0.00583681	-0.932558	-0.360972	25.2873702782	Atom	
-410.88	-1651.64	-4479.1	0.0129558	-0.930702	-0.365549	25.266407875	Atom	
-410.704	-1664.27	-4484.06	-0.0188628	-0.949032	-0.314614	25.2332876918	Atom	
-411.334	-1695.97	-4494.57	0.00231515	-0.948518	-0.316714	25.1516849687	Atom	
-411.29	-1713.82	-4500.53	-0.00505872	-0.936365	-0.350992	25.1055746536	Atom	
-411.394	-1732.94	-4507.7	0.0959735	-0.925424	-0.366578	25.0554899803	Atom	
-409.519	-1751.02	-4514.86	0.161856	-0.836706	-0.523188	25.0074942857	Atom	
-408.043	-1758.65	-4519.63	0.128085	-0.845674	-0.518102	24.9850638779	Atom	
-403.416	-1789.2	-4538.34	0.154869	-0.82708	-0.540328	24.8961129235	Atom	
-400.201	-1806.37	-4549.56	0.157609	-0.828388	-0.537524	24.8448553949	Atom	
-394.884	-1834.32	-4567.7	0.0944287	-0.845778	-0.525112	24.761414661	Atom	
-387.288	-1902.36	-4609.94	0.0930927	-0.865338	-0.492466	24.5619174206	Atom	
-387.076	-1904.32	-4611.06	0.111706	-0.865568	-0.488173	24.5562382533	Atom	
-386.286	-1910.44	-4614.51	0.271942	-0.767483	-0.580532	24.5385913456	Atom	
-382.186	-1922.01	-4623.26	0.332632	-0.780904	-0.528721	24.500937062	Atom	
-375.981	-1936.58	-4633.13	-0.705307	-0.622418	-0.33932	24.4542857579	Atom	
-376.748	-1937.26	-4633.5	-0.713978	-0.614351	-0.335869	24.4515622395	Atom	
-377.329	-1937.76	-4633.77	-0.707952	-0.618363	-0.34122	24.4495251444	Atom	
-417.3	-1972.67	-4653.03	-0.7286	-0.619611	-0.291932	24.3081014537	Atom	
-443.021	-1994.55	-4663.34	-0.837952	-0.544165	0.0414844	24.2192681913	Atom	
-443.244	-1994.69	-4663.33	-0.846103	-0.52551	0.0891529	24.2185975981	Atom	
-444.77	-1995.64	-4663.17	-0.857924	-0.509781	0.0639591	24.2140442851	Atom	
-452.378	-2000.16	-4662.6	-0.825071	-0.564062	0.033044	24.1916627342	Atom	
-487.676	-2024.29	-4661.19	-0.857195	-0.487211	0.166859	24.0835988616	Atom	
-488.044	-2024.5	-4661.12	-0.86287	-0.469432	0.187321	24.0825128248	Atom	
-492.765	-2027.07	-4660.09	-0.866993	-0.468757	0.169088	24.0686427081	Atom	
-511.772	-2037.34	-4656.38	-0.739562	-0.672999	-0.0110038	24.0130440674	Atom	
-523.529	-2048.04	-4656.56	-0.73801	-0.67389	-0.034831	23.9726531391	Atom	
-540.58	-2063.61	-4657.36	-0.71624	-0.697638	0.0173712	23.9138747904	Atom	
-543.19	-2066.15	-4657.3	-0.695434	-0.718589	0.000530377	23.9045870856	Atom	
-553.022	-2076.32	-4657.29	-0.682904	-0.729864	0.0306739	23.8685349124	Atom	
-556.126	-2079.63	-4657.15	-0.628715	-0.777499	-0.0145897	23.8569316514	Atom	
-564.049	-2089.43	-4657.34	-0.600151	-0.799548	-0.023269	23.8247520521	Atom	
-570.279	-2097.73	-4657.58	-0.508712	-0.857169	-0.0804533	23.7982099877	Atom	
-572.176	-2100.93	-4657.88	-0.542509	-0.831618	-0.118721	23.7886704522	Atom	
-577.674	-2109.35	-4659.08	-0.562029	-0.818422	-0.119619	23.762729916	Atom	
-580.715	-2113.78	-4659.73	-0.595662	-0.79554	-0.110919	23.748868699	Atom	
-581.954	-2115.44	-4659.96	-0.642602	-0.727728	-0.23974	23.7435372787	Atom	
-585.671	-2119.65	-4661.35	-0.593489	-0.76265	-0.25717	23.7287102184	Atom	
-588.041	-2122.69	-4662.37	-0.612397	-0.76318	-0.206216	23.7184670116	Atom	
-609.782	-2149.79	-4669.69	-0.603408	-0.790854	-0.102225	23.6273851528	Atom	
-616.875	-2159.08	-4670.9	-0.555329	-0.823563	0.115559	23.5971344627	Atom	
-617.444	-2159.93	-4670.78	-0.527387	-0.841661	0.116059	23.594494097	Atom	
-624.981	-2171.95	-4669.12	-0.511045	-0.849944	0.128175	23.5576788735	Atom	
-625.944	-2173.56	-4668.88	-0.439907	-0.851207	0.286231	23.552818303	Atom	
-632.692	-2186.61	-4664.49	-0.406063	-0.877366	0.25562	23.513245547	Atom	
-636.04	-2193.85	-4662.38	-0.50143	-0.766546	0.401217	23.4919438853	Atom	
-636.819	-2195.04	-4661.76	-0.56	-0.721304	0.407579	23.4879273992	Atom	
-637.347	-2195.72	-4661.37	-0.567265	-0.708517	0.41978	23.4854902995	Atom	
-641.928	-2201.44	-4657.98	-0.631352	-0.67113	0.38856	23.4646082956	Atom	
-657.852	-2218.37	-4648.18	-0.63119	-0.664033	0.400824	23.3993477994	Atom	
-664.217	-2225.06	-4644.14	-0.634064	-0.672283	0.382099	23.3732009126	Atom	
-677.412	-2239.05	-4636.19	-0.619578	-0.671707	0.40612	23.3191899104	Atom	
-682.636	-2244.72	-4632.76	-0.60583	-0.67956	0.413724	23.2972640764	Atom	
-692.126	-2255.36	-4626.28	-0.604956	-0.689708	0.397908	23.256504679	Atom	
-696.093	-2259.88	-4623.67	-0.588886	-0.692386	0.416911	23.2394192739	Atom	
-701.976	-2266.8	-4619.51	-0.722008	-0.661503	0.202778	23.2133698527	Atom	
-702.829	-2267.58	-4619.27	-0.702872	-0.668846	0.242108	23.210288794	Atom	
-717.904	-2281.93	-4614.08	-0.667761	-0.726734	0.161102	23.1543122871	Atom	
-729.009	-2294.01	-4611.4	-0.645206	-0.745032	0.169226	23.1108321743	Atom	
-737.965	-2304.36	-4609.05	-0.243766	-0.965166	-0.095037	23.0744833317	Atom	
-738.568	-2306.74	-4609.28	-0.355022	-0.931494	-0.0792418	23.0679937494	Atom	
-739.35	-2308.8	-4609.46	-0.375777	-0.926013	0.0359365	23.0622183531	Atom	
-740.07	-2310.57	-4609.39	-0.33167	-0.941651	0.0573465	23.0571922772	Atom	
-746.944	-2330.09	-4608.2	-0.36236	-0.931892	-0.0165175	23.0028220203	Atom	
-748.07	-2332.98	-4608.25	-0.455331	-0.886486	0.0825551	22.9946523774	Atom	
-763.383	-2362.8	-4605.48	-0.468958	-0.881254	0.0589067	22.9062356528	Atom	
-764.009	-2363.97	-4605.4	-0.47687	-0.877439	0.0519169	22.9027160011	Atom	
-766.511	-2368.58	-4605.12	-0.519617	-0.854055	0.0242466	22.888881279	Atom	
-771.525	-2376.82	-4604.89	-0.514622	-0.856475	-0.0401821	22.8634189693	Atom	
-785.796	-2400.57	-4606	-0.539567	-0.841655	-0.0220144	22.7901812239	Atom	
-788.494	-2404.78	-4606.11	-0.547665	-0.83667	-0.00686652	22.776942177	Atom	
-809.734	-2437.22	-4606.38	-0.600648	-0.786876	-0.141593	22.67421642	Atom	
-815.016	-2444.14	-4607.63	-0.59838	-0.788451	-0.142426	22.6508388552	Atom	
-817.343	-2447.21	-4608.18	-0.495635	-0.809942	-0.313593	22.640494089	Atom	
-825.255	-2460.14	-4613.19	-0.449565	-0.822234	-0.34903	22.5980063514	Atom	
-831.867	-2472.23	-4618.32	-0.449158	-0.82777	-0.336235	22.5588092194	Atom	
-833.121	-2474.54	-4619.26	-0.445988	-0.841474	-0.304986	22.5513575938	Atom	
-847.176	-2501.06	-4628.87	-0.45985	-0.826351	-0.325088	22.467224154	Atom	
-852.953	-2511.44	-4632.95	-0.4611	-0.844465	-0.272518	22.4335873379	Atom	
-857.045	-2518.94	-4635.37	-0.501666	-0.821409	-0.271329	22.4097991598	Atom	
-861.127	-2525.62	-4637.58	-0.52012	-0.843412	-0.134654	22.3879672143	Atom	
-872.003	-2543.26	-4640.4	-0.541933	-0.827041	-0.149374	22.3318272301	Atom	
-875.071	-2547.94	-4641.24	-0.537624	-0.825133	-0.17354	22.3165940579	Atom	
-882.206	-2558.89	-4643.54	-0.604423	-0.793681	-0.0688691	22.2808699623	Atom	
-893.256	-2573.4	-4644.8	-0.714386	-0.697252	-0.0590943	22.2316027697	Atom	
-908.228	-2588.01	-4646.04	-0.771615	-0.63334	-0.0590791	22.1750190684	Atom	
-916.254	-2594.6	-4646.66	-0.637829	-0.726347	-0.256112	22.146879648	Atom	
-924.661	-2604.18	-4650.03	-0.591019	-0.765933	-0.253067	22.1111870061	Atom	
-938.697	-2622.36	-4656.04	-0.732551	-0.628972	-0.260316	22.046798712	Atom	
-953.433	-2635.02	-4661.28	-0.723993	-0.658957	-0.203985	21.9921323007	Atom	
-991.148	-2669.34	-4671.9	-0.6765	-0.653863	-0.338838	21.8502889785	Atom	
-992.087	-2670.25	-4672.38	-0.442088	-0.780838	-0.441419	21.8464924845	Atom	
-1003.79	-2690.92	-4684.06	-0.510164	-0.735212	-0.446314	21.7740573059	Atom	
-1014.03	-2705.68	-4693.02	-0.499008	-0.736493	-0.456693	21.7189459548	Atom	
-1028.3	-2726.74	-4706.08	-0.22627	-0.842976	-0.48805	21.6403145668	Atom	
-1030.7	-2735.7	-4711.26	-0.233809	-0.833391	-0.500792	21.6110159286	Atom	
-1033.41	-2745.32	-4717.05	-0.292833	-0.866491	-0.404281	21.5791324455	Atom	
-1037.29	-2756.83	-4722.42	-0.231503	-0.874244	-0.426736	21.5424349707	Atom	
-1041.93	-2774.36	-4730.97	-0.306185	-0.842291	-0.443618	21.4869539846	Atom	
-1054.77	-2809.66	-4749.57	-0.387906	-0.780739	-0.489873	21.3707075636	Atom	
-1056.1	-2812.34	-4751.25	-0.464846	-0.729774	-0.501346	21.3611735264	Atom	
-1056.33	-2812.7	-4751.49	-0.449411	-0.750723	-0.484195	21.3598084152	Atom	
-1091.05	-2870.7	-4788.9	-0.385069	-0.788439	-0.479673	21.1445519138	Atom	
-1092.73	-2874.14	-4791	-0.333343	-0.814442	-0.474938	21.1322839989	Atom	
-1095.27	-2880.36	-4794.62	-0.312711	-0.800884	-0.510683	21.1108573987	Atom	
-1113.42	-2926.82	-4824.25	-0.356416	-0.851298	-0.385045	20.9477318558	Atom	
-1115.81	-2932.55	-4826.84	-0.230162	-0.919664	-0.318187	20.9287102225	Atom	
-1116.82	-2936.58	-4828.24	-0.248172	-0.434253	-0.86593	20.9162840251	Atom	
-1117.44	-2937.66	-4830.39	-0.251542	-0.417465	-0.873184	20.9092365013	Atom	
-1121.82	-2944.93	-4845.59	-0.299655	-0.402227	-0.865113	20.8599194291	Atom	
-1122.46	-2945.78	-4847.43	-0.366415	-0.516252	-0.774096	20.8538901957	Atom	
-1130.32	-2956.86	-4864.04	-0.50811	-0.513987	-0.691116	20.7929842411	Atom	
-1135.45	-2962.05	-4871.02	-0.537209	-0.549996	-0.639461	20.7642413145	Atom	
-1136.07	-2962.68	-4871.75	-0.519963	-0.54576	-0.657103	20.7609878326	Atom	
-1139.22	-2965.99	-4875.73	-0.548697	-0.518758	-0.655608	20.7437288185	Atom	
-1153.02	-2979.04	-4892.22	-0.573839	-0.507496	-0.642773	20.6720264618	Atom	
-1157.73	-2983.21	-4897.51	-0.52334	-0.508803	-0.683546	20.648527913	Atom	
-1160.68	-2986.07	-4901.35	-0.729293	-0.385668	-0.565147	20.6324449684	Atom	
-1178.54	-2995.52	-4915.19	-0.754386	-0.387302	-0.529998	20.5623268659	Atom	
-1191.73	-3002.28	-4924.45	-0.749994	-0.387266	-0.536222	20.5121610571	Atom	
-1198.17	-3005.61	-4929.06	-0.781109	-0.380689	-0.494919	20.4874336573	Atom	
-1198.67	-3005.86	-4929.38	-0.804888	-0.376374	-0.4588	20.4855959665	Atom	
-1200.51	-3006.72	-4930.43	-0.803708	-0.423453	-0.418022	20.4790208518	Atom	
-1216.71	-3015.25	-4938.85	-0.791932	-0.437939	-0.425503	20.4209963375	Atom	
-1261.06	-3039.78	-4962.68	-0.790679	-0.43814	-0.427621	20.2593866752	Atom	
-1266.85	-3042.98	-4965.81	-0.762886	-0.395592	-0.511382	20.2381255913	Atom	
-1316.83	-3068.9	-4999.32	-0.983226	-0.15354	-0.0984454	20.0477105522	Atom	
-1320.08	-3069.41	-4999.64	-0.963448	-0.0645839	-0.259995	20.0380359794	Atom	
-1320.74	-3069.46	-4999.82	-0.964302	-0.0734859	-0.254404	20.0360160887	Atom	
-1321.41	-3069.51	-5000	-0.964302	-0.0734859	-0.254404	20.0339802106	Region	
"-----------------------------------------------------------------"
"Trajectory"	129

"NbCollisions"	49
"Zmax"	0
"Display"	256

"Collisions"

"X"	"Y"	"Z"	"Rx"	"Ry"	"Rz"	"Energy"	"CollisionType"	
0.0539579	-0.0843318	-5000	-3.54296e-006	-7.80591e-007	1	30	Region	
0.0538249	-0.0843611	-4962.45	-0.0111732	-0.00594923	0.99992	29.920059626	Atom	
-0.654424	-0.461474	-4899.07	-0.0194627	-0.0726091	0.997171	29.7848116499	Atom	
-0.684227	-0.57266	-4897.54	-0.0295715	-0.0963534	0.994908	29.7815325748	Atom	
-0.692251	-0.598804	-4897.27	-0.0796969	-0.066414	0.994604	29.7809514961	Atom	
-2.56293	-2.1577	-4873.93	-0.0708372	-0.131712	0.988754	29.7306830419	Atom	
-4.49518	-5.75045	-4846.96	-0.101612	-0.145972	0.984057	29.6721874966	Atom	
-5.59464	-7.32989	-4836.31	0.480549	0.495297	-0.723708	29.648947374	Atom	
0.329831	-1.22359	-4845.23	0.482971	0.503314	-0.716529	29.6224507737	Atom	
0.802347	-0.731172	-4845.93	0.474897	0.5103	-0.716984	29.6203465933	Atom	
4.61079	3.36119	-4851.68	0.460939	0.585752	-0.666656	29.6030976996	Atom	
17.1056	19.2393	-4869.75	0.459756	0.565971	-0.684326	29.5447667217	Atom	
19.3248	21.9713	-4873.06	0.456924	0.596939	-0.659458	29.5343631053	Atom	
21.6923	25.0642	-4876.47	0.370992	0.543925	-0.752669	29.5231929072	Atom	
29.4691	36.466	-4892.25	0.40194	0.549772	-0.732253	29.477988096	Atom	
32.891	41.1465	-4898.49	0.425185	0.550701	-0.718293	29.4596061461	Atom	
34.0931	42.7035	-4900.52	0.283912	0.540039	-0.792308	29.4534987261	Atom	
35.0884	44.5966	-4903.29	-0.0887398	0.0128978	-0.995971	29.4459246732	Atom	
34.2359	44.7205	-4912.86	-0.131899	0.0577299	-0.989581	29.4251646579	Atom	
32.7847	45.3557	-4923.75	-0.150832	0.0745016	-0.985748	29.4013749667	Atom	
32.3544	45.5682	-4926.56	-0.196312	0.0798574	-0.977284	29.3952032962	Atom	
25.861	48.2096	-4958.89	-0.206265	0.0964366	-0.973732	29.3236251128	Atom	
23.0238	49.5361	-4972.28	-0.226299	0.108612	-0.967984	29.2938017296	Atom	
20.9473	50.5327	-4981.16	-0.200372	0.0648218	-0.977573	29.2738898592	Atom	
20.3067	50.74	-4984.29	-0.234028	0.00377468	-0.972223	29.2669484908	Atom	
17.3027	50.7884	-4996.77	-0.182536	0.0981771	-0.978285	29.2390748703	Atom	
16.6995	51.1129	-5000	-0.182536	0.0981771	-0.978285	29.2318934841	Region	
"-----------------------------------------------------------------"
"Trajectory"	130

"NbCollisions"	548
"Zmax"	0
"Display"	256

"Collisions"

"X"	"Y"	"Z"	"Rx"	"Ry"	"Rz"	"Energy"	"CollisionType"	
-0.076731	0.0872524	-5000	2.19904e-006	5.86192e-007	1	30	Region	
-0.0767227	0.0872546	-4996.23	0.00482571	-0.00946943	0.999944	29.9919751484	Atom	
-0.0626331	0.0596067	-4993.31	-0.0282369	-0.00921621	0.999559	29.9857574995	Atom	
-0.41963	-0.0569128	-4980.67	-0.00347032	-0.0280876	0.999599	29.9588293271	Atom	
-0.440612	-0.226739	-4974.63	-0.0153192	0.00794901	0.999851	29.9459420356	Atom	
-0.49514	-0.198445	-4971.07	0.00405037	0.0293045	0.999562	29.93835268	Atom	
-0.388482	0.573233	-4944.75	0.0346838	0.151386	0.987866	29.8821948148	Atom	
1.55874	9.07237	-4889.29	-0.000233063	0.13367	0.991026	29.762286476	Atom	
1.55198	12.9501	-4860.54	-0.00615616	0.115442	0.993295	29.7001287161	Atom	
1.2839	17.9773	-4817.28	-0.0312156	0.10036	0.994461	29.6066650028	Atom	
1.09142	18.5962	-4811.15	-0.0545899	0.115192	0.991842	29.5933980154	Atom	
-0.0531967	21.0114	-4790.36	0.0401243	0.0813967	0.995874	29.548267035	Atom	
0.625139	22.3875	-4773.52	0.0421834	0.0716503	0.996537	29.5118342578	Atom	
1.90094	24.5545	-4743.38	0.104739	0.0791257	0.991347	29.4465928975	Atom	
3.39352	25.6821	-4729.25	0.0714588	0.103199	0.992091	29.4157980537	Atom	
5.4609	28.6678	-4700.55	-0.0639258	0.138712	0.988267	29.3532264618	Atom	
5.0796	29.4951	-4694.66	-0.0479917	0.110256	0.992744	29.3403041088	Atom	
4.17518	31.573	-4675.95	-0.050887	0.104052	0.993269	29.2994621966	Atom	
2.59138	34.8114	-4645.03	-0.0573283	0.0841106	0.994806	29.2319351176	Atom	
0.447798	37.9565	-4607.84	-0.0292056	0.0228358	0.999313	29.1506604533	Atom	
-0.907823	39.0164	-4561.45	0.113081	-0.264928	0.957615	29.049544383	Atom	
2.63352	30.7197	-4531.46	0.195221	-0.177181	0.964622	28.9811328393	Atom	
9.54829	24.4439	-4497.29	0.210178	-0.165147	0.963614	28.9036118781	Atom	
11.017	23.2898	-4490.56	0.324239	-0.126269	0.93751	28.8882849768	Atom	
12.6712	22.6456	-4485.78	0.318937	-0.127373	0.939178	28.8770905304	Atom	
12.6771	22.6433	-4485.76	0.313207	-0.0881666	0.945584	28.8770502777	Atom	
15.3692	21.8855	-4477.63	0.344409	-0.0508603	0.937441	28.8581846578	Atom	
24.6604	20.5134	-4452.34	0.321344	-0.0277998	0.946554	28.7989417933	Atom	
46.2899	18.6422	-4388.63	0.315674	-0.0529219	0.947391	28.6508853707	Atom	
53.6006	17.4166	-4366.69	0.33587	-0.102312	0.936335	28.599734344	Atom	
58.5849	15.8983	-4352.8	0.364135	-0.187069	0.912366	28.5669111209	Atom	
62.4929	13.8906	-4343	0.483211	-0.167632	0.859306	28.5431514212	Atom	
99.7905	0.951644	-4276.68	0.452752	-0.155283	0.878011	28.3721571621	Atom	
108.223	-1.94047	-4260.32	0.46027	-0.157067	0.873774	28.3306993678	Atom	
110.818	-2.82594	-4255.4	0.464755	-0.137755	0.874658	28.318135833	Atom	
116.344	-4.46406	-4245	0.455626	-0.105034	0.883953	28.2916256774	Atom	
122.332	-5.84435	-4233.38	0.54141	-0.0943344	0.83545	28.2623071251	Atom	
123.896	-6.1169	-4230.97	0.482189	-0.177868	0.857821	28.2558560107	Atom	
124.016	-6.16098	-4230.75	0.488724	-0.181562	0.853337	28.2553026135	Atom	
125.591	-6.7461	-4228	0.46497	-0.178376	0.867171	28.2481054511	Atom	
127.296	-7.4005	-4224.82	0.463429	-0.194279	0.864575	28.2399106794	Atom	
136.359	-11.1997	-4207.92	0.493699	-0.252108	0.832288	28.196218704	Atom	
138.651	-12.3701	-4204.05	0.502754	-0.253182	0.826521	28.1858334325	Atom	
152.695	-19.4423	-4180.96	0.548418	-0.243166	0.800068	28.1233287306	Atom	
170.449	-27.3145	-4155.06	0.538782	-0.227644	0.811106	28.0507585136	Atom	
172.788	-28.3028	-4151.54	0.492074	-0.249039	0.834172	28.0410070697	Atom	
184.979	-34.4728	-4130.87	0.495299	-0.233945	0.836629	27.9853412525	Atom	
205.111	-43.9817	-4096.87	0.528504	-0.344046	0.77609	27.8938708198	Atom	
216.822	-51.6052	-4079.67	0.523164	-0.307954	0.794647	27.843875807	Atom	
217.394	-51.942	-4078.8	0.531757	-0.292199	0.794893	27.8414045429	Atom	
218.61	-52.6102	-4076.99	0.607196	-0.239401	0.757628	27.8362374416	Atom	
228.086	-56.3461	-4065.16	0.619223	-0.218161	0.7543	27.8009692998	Atom	
251.345	-64.5406	-4036.83	0.615194	-0.261698	0.743674	27.7159942164	Atom	
255.837	-66.4517	-4031.4	0.612226	-0.235671	0.754744	27.6994336499	Atom	
278.7	-75.2525	-4003.21	0.436364	-0.551716	0.710772	27.6147062335	Atom	
279.143	-75.8128	-4002.49	0.394389	-0.505092	0.767685	27.6123962789	Atom	
279.863	-76.735	-4001.09	0.402552	-0.524977	0.7499	27.608243328	Atom	
290.819	-91.0224	-3980.68	0.403021	-0.512728	0.758079	27.5463332847	Atom	
309.339	-114.584	-3945.85	0.412219	-0.516116	0.7508	27.441610765	Atom	
309.715	-115.054	-3945.16	0.411024	-0.511623	0.754521	27.4395272369	Atom	
317.221	-124.398	-3931.38	0.650866	-0.749133	-0.123177	27.3977810797	Atom	
336.114	-146.143	-3934.96	0.660403	-0.741273	-0.119929	27.3313454456	Atom	
345.866	-157.089	-3936.73	0.706358	-0.697091	-0.122974	27.2974839683	Atom	
349.768	-160.941	-3937.41	0.72092	-0.673909	-0.16162	27.2848013741	Atom	
394.183	-202.459	-3947.36	0.753889	-0.646399	-0.117559	27.1433353717	Atom	
408.852	-215.037	-3949.65	0.717148	-0.691013	-0.0905483	27.0984686884	Atom	
410.566	-216.688	-3949.87	0.738836	-0.666161	-0.101743	27.0929526661	Atom	
425.222	-229.902	-3951.89	0.615974	-0.787509	-0.0201511	27.0471473583	Atom	
433.895	-240.991	-3952.17	0.614347	-0.789032	-0.00245535	27.0145877443	Atom	
437.801	-246.007	-3952.19	0.624227	-0.781023	-0.0185517	26.9998748055	Atom	
446.958	-257.465	-3952.46	0.71969	-0.693316	0.0368593	26.9659059202	Atom	
452.269	-262.581	-3952.19	0.765318	-0.643266	-0.0222999	26.9488023835	Atom	
462.223	-270.947	-3952.48	0.756497	-0.651396	-0.0582633	26.9186433697	Atom	
479.073	-285.457	-3953.77	0.767327	-0.633824	-0.0973427	26.8669429024	Atom	
503.101	-305.304	-3956.82	0.768894	-0.638728	-0.0287773	26.7941527009	Atom	
504.715	-306.645	-3956.88	0.762639	-0.644894	0.0499369	26.7892620745	Atom	
509.483	-310.677	-3956.57	0.83667	-0.545741	0.0463679	26.7746953389	Atom	
521.576	-318.565	-3955.9	0.904866	-0.404769	-0.131834	26.741005733	Atom	
533.039	-323.693	-3957.57	0.892508	-0.424218	-0.153194	26.7114484522	Atom	
554.412	-333.851	-3961.24	0.87775	-0.450883	-0.16205	26.6555252841	Atom	
562.299	-337.903	-3962.7	0.869564	-0.459995	-0.179619	26.6345056763	Atom	
586.032	-350.457	-3967.6	0.86762	-0.47614	-0.143267	26.5706221657	Atom	
592.98	-354.271	-3968.74	0.860204	-0.450706	-0.238566	26.5518414997	Atom	
599.686	-357.784	-3970.6	0.859446	-0.447662	-0.246885	26.5335490069	Atom	
600.195	-358.049	-3970.75	0.864763	-0.441931	-0.238498	26.5321605959	Atom	
601.31	-358.619	-3971.06	0.871572	-0.484139	-0.0772735	26.5291308156	Atom	
630.556	-374.865	-3973.65	0.895354	-0.430448	0.114258	26.4503421644	Atom	
650.409	-384.409	-3971.12	0.904071	-0.412517	0.111737	26.3981549711	Atom	
659.755	-388.674	-3969.96	0.902361	-0.40084	0.158344	26.3737865136	Atom	
671.567	-393.921	-3967.89	0.875025	-0.346418	0.33812	26.3429075433	Atom	
707.929	-408.316	-3953.84	0.686141	-0.553072	0.472569	26.2447892499	Atom	
713.608	-412.894	-3949.93	0.705621	-0.497615	0.504459	26.2251867431	Atom	
734.916	-427.92	-3934.69	0.738583	-0.46971	0.4836	26.1536314399	Atom	
742.456	-432.716	-3929.76	0.749742	-0.463022	0.472756	26.1293874193	Atom	
748.352	-436.357	-3926.04	0.822285	-0.4133	0.391191	26.1106979031	Atom	
755.59	-439.995	-3922.6	0.83354	-0.361034	0.41817	26.0897699349	Atom	
757.344	-440.755	-3921.72	0.799348	-0.407469	0.441601	26.084762162	Atom	
780.965	-452.796	-3908.67	0.745564	-0.403519	0.530383	26.0144406118	Atom	
800.573	-463.408	-3894.72	0.743246	-0.351349	0.569332	25.9517214261	Atom	
803.993	-465.024	-3892.1	0.75163	-0.363231	0.55056	25.940728505	Atom	
818.405	-471.989	-3881.54	0.727637	-0.356121	0.586278	25.8948974669	Atom	
819.083	-472.321	-3881	0.969358	-0.0521138	-0.240059	25.8926661577	Atom	
820.274	-472.385	-3881.29	0.966117	-0.0516732	-0.252881	25.8897268171	Atom	
824.395	-472.606	-3882.37	0.971617	-0.0562077	-0.229785	25.8795132542	Atom	
829.101	-472.878	-3883.48	0.97026	-0.0685557	-0.232155	25.8679153608	Atom	
831.607	-473.055	-3884.08	0.958034	-0.0753336	-0.276579	25.8617279564	Atom	
838.189	-473.573	-3885.98	0.956867	-0.106125	-0.270449	25.8452672342	Atom	
870.091	-477.111	-3895	0.943307	-0.085567	-0.320702	25.7653461224	Atom	
904.667	-480.247	-3906.75	0.937454	-0.0777889	-0.339306	25.6772652554	Atom	
937.051	-482.934	-3918.47	0.897327	-0.15357	-0.413788	25.5940256106	Atom	
965.08	-487.731	-3931.4	0.897027	-0.0265309	-0.441179	25.5185662113	Atom	
988.195	-488.415	-3942.77	0.839901	-0.219171	-0.496519	25.4561698617	Atom	
992.494	-489.537	-3945.31	0.842507	-0.219281	-0.492034	25.4437503393	Atom	
1012.71	-494.798	-3957.12	0.903367	-0.174715	-0.391666	25.3855149663	Atom	
1027.98	-497.752	-3963.74	0.933008	-0.0745418	-0.35205	25.3444045007	Atom	
1068.67	-501.003	-3979.09	0.932195	-0.0564016	-0.357536	25.2382250406	Atom	
1080.74	-501.733	-3983.72	0.935528	-0.0398586	-0.350996	25.2066156176	Atom	
1090.41	-502.145	-3987.35	0.937024	-0.0358084	-0.347425	25.1813381169	Atom	
1115.9	-503.119	-3996.8	0.926357	-0.0738131	-0.369343	25.1147702486	Atom	
1128.66	-504.136	-4001.89	0.907408	-0.0307734	-0.419123	25.0809802111	Atom	
1177.99	-505.809	-4024.67	0.924563	-0.177193	-0.337323	24.9475273454	Atom	
1178.91	-505.986	-4025.01	0.894316	-0.183288	-0.408172	24.9450679048	Atom	
1239.95	-518.495	-4052.87	0.825905	-0.124578	-0.549874	24.7768104013	Atom	
1252.62	-520.406	-4061.3	0.813914	-0.10647	-0.571147	24.7387876119	Atom	
1258.67	-521.197	-4065.54	0.811865	-0.109663	-0.573454	24.7203484951	Atom	
1259.09	-521.255	-4065.85	0.794099	-0.113059	-0.597181	24.7190433157	Atom	
1289.5	-525.583	-4088.71	0.781059	-0.12022	-0.612775	24.623965918	Atom	
1301.37	-527.411	-4098.03	0.803741	-0.104163	-0.585791	24.5861029756	Atom	
1346.4	-533.247	-4130.85	0.832345	-0.100325	-0.545103	24.4463760582	Atom	
1367.2	-535.754	-4144.47	0.842822	-0.0312714	-0.537283	24.3837702978	Atom	
1383.43	-536.356	-4154.81	0.814575	-0.0439636	-0.57839	24.3354452473	Atom	
1398.4	-537.164	-4165.44	0.631662	-0.128843	-0.764462	24.2892515997	Atom	
1407.36	-538.993	-4176.29	0.600216	-0.106027	-0.79278	24.2535194316	Atom	
1418.5	-540.96	-4191	0.635225	-0.109808	-0.764481	24.2067346124	Atom	
1423.46	-541.817	-4196.97	0.467643	-0.26272	-0.843972	24.18703597	Atom	
1430.2	-545.607	-4209.14	0.516726	-0.365921	-0.774013	24.1505976142	Atom	
1431.16	-546.284	-4210.57	0.503437	-0.397811	-0.767005	24.1459184961	Atom	
1450.98	-561.95	-4240.78	0.479195	-0.407117	-0.777578	24.0462959881	Atom	
1452.67	-563.381	-4243.51	0.499094	-0.445495	-0.743263	24.0373766951	Atom	
1459.38	-569.375	-4253.51	0.471009	-0.436802	-0.76639	24.0032194852	Atom	
1463.89	-573.556	-4260.85	0.488302	-0.585446	-0.647159	23.9788928559	Atom	
1473.05	-584.541	-4272.99	0.513539	-0.579672	-0.632659	23.9311646674	Atom	
1480.7	-593.175	-4282.41	0.529295	-0.504677	-0.682017	23.8932202563	Atom	
1482.41	-594.8	-4284.61	0.52621	-0.494454	-0.691822	23.8850085029	Atom	
1488.59	-600.612	-4292.74	0.49698	-0.502447	-0.707501	23.8550167606	Atom	
1505.39	-617.593	-4316.65	0.554798	-0.499443	-0.665399	23.768697631	Atom	
1529.7	-639.481	-4345.81	0.576903	-0.544241	-0.609084	23.6564495225	Atom	
1537.82	-647.134	-4354.38	0.609165	-0.53174	-0.588363	23.6202992035	Atom	
1547.93	-655.964	-4364.15	0.570423	-0.558303	-0.602425	23.5775570252	Atom	
1554.36	-662.254	-4370.94	0.568241	-0.566815	-0.596509	23.5485151968	Atom	
1556.78	-664.673	-4373.48	0.509438	-0.579602	-0.636031	23.5375002054	Atom	
1568.76	-678.3	-4388.44	0.540147	-0.581458	-0.608398	23.476818584	Atom	
1570.87	-680.571	-4390.81	0.533839	-0.56127	-0.632449	23.4667144488	Atom	
1572.72	-682.52	-4393.01	0.534015	-0.57692	-0.618055	23.4577307492	Atom	
1574.23	-684.149	-4394.75	0.565858	-0.565162	-0.600331	23.4504254183	Atom	
1590.63	-700.525	-4412.15	0.528523	-0.554048	-0.643191	23.375415185	Atom	
1591.26	-701.184	-4412.91	0.595136	-0.462746	-0.657023	23.3723262578	Atom	
1599.29	-707.434	-4421.79	0.582095	-0.444358	-0.680963	23.3372703204	Atom	
1607.79	-713.919	-4431.72	0.527457	-0.481552	-0.699926	23.2993497142	Atom	
1608.77	-714.814	-4433.03	0.5527	-0.452816	-0.699628	23.2945126601	Atom	
1609.09	-715.075	-4433.43	0.41505	-0.59703	-0.686505	23.2930102613	Atom	
1609.98	-716.355	-4434.9	0.426488	-0.611216	-0.666725	23.2874335003	Atom	
1622.46	-734.241	-4454.41	0.398215	-0.629024	-0.667648	23.2112613007	Atom	
1623.27	-735.516	-4455.76	0.403962	-0.62265	-0.670166	23.2059706311	Atom	
1624.95	-738.11	-4458.56	0.386024	-0.618816	-0.684143	23.1950982768	Atom	
1629.83	-745.94	-4467.21	0.367275	-0.593701	-0.715981	23.162056541	Atom	
1637.21	-757.863	-4481.59	0.361515	-0.605773	-0.708764	23.1095623131	Atom	
1638.78	-760.495	-4484.67	0.487565	-0.597661	-0.63646	23.0981856633	Atom	
1639.18	-760.98	-4485.19	0.514106	-0.586063	-0.626279	23.0960563562	Atom	
1666.62	-792.264	-4518.62	0.482263	-0.592565	-0.645205	22.9562071676	Atom	
1678.91	-807.363	-4535.06	0.448323	-0.610051	-0.653333	22.8891265929	Atom	
1704.89	-842.721	-4572.93	0.458279	-0.642664	-0.613974	22.7361953065	Atom	
1714.31	-855.923	-4585.54	0.409654	-0.674056	-0.614681	22.6817048958	Atom	
1721.93	-868.464	-4596.97	0.376418	-0.685749	-0.622942	22.632263282	Atom	
1732.29	-887.345	-4614.13	0.325259	-0.682318	-0.654713	22.5589654899	Atom	
1757.6	-940.435	-4665.07	0.346603	-0.692217	-0.63301	22.3512989432	Atom	
1768.52	-962.253	-4685.02	0.382035	-0.638383	-0.668219	22.2665643489	Atom	
1769.24	-963.442	-4686.26	0.326963	-0.600752	-0.729515	22.2615427687	Atom	
1770.72	-966.172	-4689.58	0.329264	-0.596137	-0.732261	22.2492849029	Atom	
1771.22	-967.071	-4690.68	0.306033	-0.603995	-0.73589	22.2452176405	Atom	
1772.55	-969.707	-4693.9	0.322537	-0.672979	-0.665635	22.2334392719	Atom	
1778.3	-981.695	-4705.75	0.275307	-0.771587	-0.573463	22.1853519008	Atom	
1787.86	-1008.49	-4725.67	0.325492	-0.734215	-0.595805	22.0914416507	Atom	
1795.37	-1025.43	-4739.42	0.460452	-0.795904	-0.393092	22.0288218293	Atom	
1801.62	-1036.24	-4744.75	0.464424	-0.786385	-0.40732	21.9919032291	Atom	
1808.2	-1047.37	-4750.52	0.490516	-0.794923	-0.357058	21.953353908	Atom	
1814.16	-1057.04	-4754.86	0.436673	-0.659689	-0.611659	21.9201883	Atom	
1814.38	-1057.37	-4755.17	0.517693	-0.771019	-0.370842	21.9188202061	Atom	
1816.81	-1060.99	-4756.91	0.531812	-0.750019	-0.393253	21.9059978074	Atom	
1839.44	-1092.9	-4773.64	0.548195	-0.758608	-0.352131	21.789796173	Atom	
1850.78	-1108.6	-4780.93	0.573512	-0.743029	-0.344952	21.7330457748	Atom	
1851.63	-1109.7	-4781.44	0.598727	-0.727755	-0.334512	21.7289946245	Atom	
1891.35	-1157.97	-4803.63	0.816671	-0.410016	-0.406122	21.5466518911	Atom	
1912.17	-1168.43	-4813.98	0.822879	-0.407197	-0.396309	21.4760947362	Atom	
1921.76	-1173.18	-4818.6	0.8232	-0.412895	-0.389691	21.4437568623	Atom	
1947.21	-1185.94	-4830.65	0.811519	-0.432254	-0.393184	21.3579030699	Atom	
1953.14	-1189.1	-4833.52	0.83589	-0.368193	-0.407089	21.3375374267	Atom	
1958.79	-1191.59	-4836.28	0.868472	-0.275704	-0.411999	21.3186996454	Atom	
1962.3	-1192.7	-4837.94	0.869959	-0.192808	-0.453868	21.3074330697	Atom	
1987.86	-1198.36	-4851.28	0.55395	0.283868	-0.782661	21.22541108	Atom	
1992.56	-1195.95	-4857.92	0.561827	0.281287	-0.777964	21.2016383387	Atom	
1992.7	-1195.89	-4858.1	0.547526	0.284009	-0.787118	21.2009766554	Atom	
2014.15	-1184.76	-4888.95	0.516696	0.205962	-0.831026	21.0911558739	Atom	
2014.36	-1184.67	-4889.29	0.833482	0.426475	0.351321	21.0900232194	Atom	
2021.33	-1181.11	-4886.35	0.812904	0.424587	0.398639	21.0664853569	Atom	
2027.1	-1178.1	-4883.52	0.820655	0.408678	0.399385	21.0465201948	Atom	
2028.89	-1177.2	-4882.65	0.806649	0.389703	0.444353	21.0403463588	Atom	
2035.56	-1173.98	-4878.98	0.632741	0.52	0.573794	21.0170640027	Atom	
2037.69	-1172.23	-4877.04	0.665804	0.556697	0.496784	21.0075555551	Atom	
2055.97	-1156.94	-4863.4	0.674942	0.542988	0.499617	20.9300453083	Atom	
2068.81	-1146.62	-4853.9	0.71877	0.527545	0.452842	20.8762130785	Atom	
2070.71	-1145.22	-4852.7	0.72678	0.507773	0.462555	20.8686993019	Atom	
2080.7	-1138.24	-4846.34	0.6725	0.61916	0.405445	20.8297020551	Atom	
2087.88	-1131.63	-4842.01	0.648055	0.597046	0.472822	20.7993569478	Atom	
2094.58	-1125.46	-4837.13	0.601647	0.633165	0.486952	20.7699711276	Atom	
2095.53	-1124.46	-4836.36	0.509908	0.726007	0.46142	20.7654823936	Atom	
2096.84	-1122.59	-4835.17	0.51949	0.705555	0.481998	20.7581555834	Atom	
2100.39	-1117.77	-4831.88	0.547015	0.593612	0.590254	20.7386682197	Atom	
2102.94	-1115.01	-4829.13	0.561101	0.59166	0.578882	20.725401726	Atom	
2106.04	-1111.74	-4825.93	0.597457	0.577096	0.556781	20.7096366272	Atom	
2108.84	-1109.03	-4823.32	0.55376	0.636018	0.53743	20.6962313116	Atom	
2121.57	-1094.41	-4810.96	0.549681	0.647825	0.527422	20.6305866974	Atom	
2127.05	-1087.95	-4805.71	0.54369	0.672676	0.501905	20.602062036	Atom	
2130.53	-1083.64	-4802.49	0.552835	0.733682	0.395075	20.5837130008	Atom	
2137.34	-1074.61	-4797.63	0.752811	0.637945	-0.162177	20.5483987	Atom	
2162.77	-1053.06	-4803.11	0.774679	0.611361	-0.161585	20.4513916151	Atom	
2176.9	-1041.91	-4806.05	0.950917	0.299761	0.0768065	20.3988043272	Atom	
2208.32	-1032	-4803.52	0.947906	0.311528	0.0665162	20.303360299	Atom	
2212.28	-1030.7	-4803.24	0.953667	0.279469	0.111429	20.2912698274	Atom	
2230.12	-1025.47	-4801.15	0.904435	0.323925	0.277613	20.2370030342	Atom	
2232.43	-1024.65	-4800.44	0.907221	0.325397	0.266583	20.2295777762	Atom	
2237.18	-1022.94	-4799.05	0.938686	-0.194072	0.284965	20.2143602051	Atom	
2273.9	-1030.53	-4787.9	0.94991	-0.172	0.260933	20.1005896776	Atom	
2283.78	-1032.32	-4785.19	0.946732	-0.209196	0.244815	20.070182872	Atom	
2289.38	-1033.56	-4783.74	0.947983	-0.223396	0.226764	20.0528898729	Atom	
2318.37	-1040.39	-4776.8	0.952855	-0.206141	0.222651	19.9633581384	Atom	
2324.96	-1041.82	-4775.27	0.952138	-0.206247	0.225602	19.9430509713	Atom	
2348.61	-1046.94	-4769.66	0.959295	-0.163712	0.230113	19.8700496799	Atom	
2353.72	-1047.81	-4768.44	0.970803	-0.158626	0.179945	19.8543453307	Atom	
2373.84	-1051.1	-4764.71	0.974209	-0.159808	0.159308	19.7932023083	Atom	
2394.44	-1054.48	-4761.34	0.975591	-0.129607	0.177267	19.7306565995	Atom	
2395.51	-1054.62	-4761.14	0.97796	-0.131522	0.162161	19.7274149934	Atom	
2411.26	-1056.74	-4758.53	0.985331	-0.0665372	0.157148	19.6796775837	Atom	
2413.98	-1056.92	-4758.1	0.994877	-0.032339	0.0957847	19.6714811392	Atom	
2415.33	-1056.97	-4757.97	0.721084	-0.652216	0.233777	19.6674333958	Atom	
2415.96	-1057.54	-4757.76	0.689218	-0.678307	0.254712	19.6648266232	Atom	
2422.97	-1064.44	-4755.17	0.728605	-0.65801	0.190151	19.634594469	Atom	
2428.99	-1069.87	-4753.6	0.660043	-0.672298	0.3352	19.6100200702	Atom	
2434.48	-1075.46	-4750.81	0.695468	-0.682645	0.224321	19.5852392299	Atom	
2461.41	-1101.9	-4742.13	0.717919	-0.654004	0.238476	19.4697999615	Atom	
2462.81	-1103.17	-4741.66	0.735382	-0.648977	0.195043	19.4639464888	Atom	
2464.72	-1104.86	-4741.16	0.755187	-0.63353	0.168324	19.4561648583	Atom	
2464.9	-1105.01	-4741.12	0.74735	-0.651606	0.129912	19.4554593862	Atom	
2474.02	-1112.96	-4739.53	0.734807	-0.663476	0.140919	19.4188922857	Atom	
2477.12	-1115.76	-4738.94	0.781943	-0.601691	0.162889	19.4062192218	Atom	
2488.38	-1124.42	-4736.59	0.916488	-0.394073	0.0689703	19.362976534	Atom	
2488.51	-1124.48	-4736.58	0.864118	-0.445566	-0.234034	19.3625469352	Atom	
2496.75	-1128.73	-4738.81	0.967497	-0.229522	-0.106155	19.3338710495	Atom	
2503.84	-1130.41	-4739.59	0.964789	-0.262681	-0.0134388	19.3117931113	Atom	
2518.28	-1134.34	-4739.79	0.932685	-0.287407	0.217937	19.2666843261	Atom	
2537.39	-1140.23	-4735.33	0.931731	-0.296533	0.209632	19.2048105384	Atom	
2538.27	-1140.51	-4735.13	0.830593	-0.481512	0.279753	19.2019549033	Atom	
2540.05	-1141.54	-4734.53	0.846025	-0.458054	0.272816	19.1954535555	Atom	
2543.01	-1143.14	-4733.57	0.799018	-0.456031	0.391927	19.1848624625	Atom	
2572.76	-1160.13	-4718.98	0.847003	-0.480839	-0.226672	19.0720301712	Atom	
2576.79	-1162.41	-4720.06	0.848643	-0.455203	-0.269435	19.0575653546	Atom	
2583.66	-1166.1	-4722.24	0.836986	-0.472068	-0.276777	19.0328980324	Atom	
2600.24	-1175.45	-4727.72	0.840843	-0.471652	-0.26557	18.972509306	Atom	
2601.92	-1176.39	-4728.25	0.810455	-0.52364	-0.262609	18.9663903695	Atom	
2609.05	-1181	-4730.56	0.831667	-0.50715	-0.226119	18.9395133893	Atom	
2609.42	-1181.22	-4730.66	0.848791	-0.475804	-0.230573	18.9381391877	Atom	
2632.88	-1194.37	-4737.03	0.848662	-0.470487	-0.241693	18.8535499539	Atom	
2643.66	-1200.35	-4740.1	0.898459	-0.43863	0.019379	18.8145326628	Atom	
2644.59	-1200.8	-4740.08	0.901023	-0.432132	0.0376734	18.8113437641	Atom	
2648.49	-1202.68	-4739.92	0.888427	-0.458743	0.0158754	18.7980185342	Atom	
2655.39	-1206.24	-4739.8	0.89434	-0.447383	-0.00222113	18.7741144225	Atom	
2668.38	-1212.73	-4739.83	0.936777	-0.345737	-0.053996	18.7293692268	Atom	
2679.69	-1216.91	-4740.48	0.944239	-0.329173	0.00762009	18.692071143	Atom	
2680.01	-1217.02	-4740.48	0.693697	0.717214	0.0662494	18.6910254164	Atom	
2689.08	-1207.65	-4739.61	0.695851	0.713777	0.0794584	18.6506173654	Atom	
2697.09	-1199.44	-4738.7	0.739951	0.671941	0.031121	18.6149720408	Atom	
2706.76	-1190.65	-4738.29	0.704348	0.682533	-0.195043	18.5744247406	Atom	
2718.55	-1179.23	-4741.56	0.701922	0.681012	-0.208634	18.5224184429	Atom	
2724.58	-1173.37	-4743.35	0.864354	0.44411	-0.235922	18.4956471311	Atom	
2730.91	-1170.13	-4745.08	0.856935	0.448503	-0.253984	18.4728372515	Atom	
2748.22	-1161.06	-4750.21	0.94596	0.247376	-0.20968	18.4097903489	Atom	
2751.07	-1160.32	-4750.84	0.927505	0.200512	-0.315482	18.4003551736	Atom	
2766.19	-1157.05	-4755.98	0.930951	0.206156	-0.301381	18.3493216201	Atom	
2779.97	-1154	-4760.44	0.935958	0.21961	-0.275234	18.3029009876	Atom	
2789.35	-1151.8	-4763.2	0.938985	0.230804	-0.255024	18.2714080555	Atom	
2804.03	-1148.19	-4767.19	0.921434	0.247671	-0.299362	18.2222008489	Atom	
2828.3	-1141.66	-4775.08	0.913562	0.172797	-0.368164	18.1391164284	Atom	
2841.11	-1139.24	-4780.24	0.924721	0.155087	-0.347619	18.0947510677	Atom	
2846.42	-1138.35	-4782.23	0.925459	0.0987278	-0.365756	18.0765419961	Atom	
2852.26	-1137.73	-4784.54	0.941375	0.0882474	-0.325617	18.05650693	Atom	
2897.17	-1133.52	-4800.08	0.945887	0.029694	-0.323135	17.9049630051	Atom	
2943.58	-1132.06	-4815.93	0.972125	0.125032	-0.198343	17.7480965989	Atom	
2948.04	-1131.49	-4816.84	0.985052	0.0370528	-0.168227	17.7333391502	Atom	
2961.67	-1130.98	-4819.17	0.996701	-0.00238632	-0.0811219	17.6887552307	Atom	
2974.64	-1131.01	-4820.22	0.998981	-0.0212047	0.0398356	17.6467632454	Atom	
2974.7	-1131.01	-4820.22	0.992871	-0.108459	-0.0494308	17.6465661262	Atom	
2975.16	-1131.06	-4820.24	0.994535	-0.0963179	-0.0402973	17.6450845815	Atom	
2986.19	-1132.13	-4820.69	0.987398	-0.0987345	-0.123681	17.6092183948	Atom	
2993.89	-1132.9	-4821.66	0.977961	-0.0832037	-0.191493	17.5839450142	Atom	
3011.74	-1134.41	-4825.15	0.977414	-0.0724739	-0.198517	17.5247723106	Atom	
3045.65	-1136.93	-4832.04	0.986106	-0.0438052	-0.160236	17.4119666569	Atom	
3049.66	-1137.11	-4832.69	0.995011	-0.0422994	-0.090354	17.3986971336	Atom	
3060.52	-1137.57	-4833.68	0.998545	-0.00631067	-0.0535495	17.3630184107	Atom	
3061.58	-1137.58	-4833.73	0.99604	0.0668288	-0.0586445	17.3595269244	Atom	
3062.39	-1137.52	-4833.78	0.995454	0.0660583	-0.0686071	17.3568659044	Atom	
3089.8	-1135.7	-4835.67	0.994993	0.0814198	-0.0579713	17.2666840793	Atom	
3098.67	-1134.98	-4836.19	0.996833	0.0795199	0.000482924	17.2373767354	Atom	
3109.88	-1134.08	-4836.18	0.99866	0.0127686	-0.0501425	17.2003314702	Atom	
3114.39	-1134.02	-4836.41	0.999783	-0.014361	-0.0150582	17.1854566774	Atom	
3130.05	-1134.25	-4836.64	0.951846	-0.155728	0.264081	17.1337528619	Atom	
3145.51	-1136.78	-4832.35	0.946559	-0.17408	0.271518	17.080013016	Atom	
3150.01	-1137.61	-4831.07	0.946482	-0.180323	0.267686	17.0642712346	Atom	
3154.13	-1138.39	-4829.9	0.908701	-0.377703	0.17777	17.0498200788	Atom	
3154.66	-1138.61	-4829.8	0.899536	-0.388279	0.200185	17.0478705091	Atom	
3155.34	-1138.91	-4829.64	0.886637	-0.402642	0.227496	17.0453469361	Atom	
3176.33	-1148.44	-4824.26	0.902522	-0.34661	0.255569	16.9667346644	Atom	
3190.89	-1154.03	-4820.14	0.880846	-0.408691	0.238918	16.9129565785	Atom	
3225.04	-1169.88	-4810.87	0.89174	-0.399999	0.211662	16.7833896572	Atom	
3236	-1174.79	-4808.27	0.870517	-0.446411	0.207167	16.742075656	Atom	
3258.02	-1186.09	-4803.03	0.862468	-0.474102	0.177133	16.6568751126	Atom	
3262.87	-1188.75	-4802.03	0.915383	-0.395852	-0.0733158	16.637865597	Atom	
3268.17	-1191.04	-4802.46	0.925171	-0.366479	-0.098749	16.6182881818	Atom	
3309.47	-1207.4	-4806.87	0.931475	-0.348106	-0.105724	16.4670817419	Atom	
3319.57	-1211.18	-4808.01	0.938899	-0.322839	-0.11935	16.4300737636	Atom	
3324.78	-1212.97	-4808.67	0.946786	-0.292927	-0.133377	16.4111154417	Atom	
3327.86	-1213.92	-4809.11	0.904791	-0.315849	-0.285644	16.3999873118	Atom	
3355.69	-1223.64	-4817.9	0.851563	-0.3787	-0.362529	16.2947217616	Atom	
3355.86	-1223.71	-4817.96	0.842782	-0.384822	-0.376338	16.294067304	Atom	
3391.43	-1239.95	-4833.85	0.744128	0.65764	0.1174	16.1488944436	Atom	
3391.82	-1239.6	-4833.79	0.687586	0.692924	0.216983	16.1470619065	Atom	
3393.99	-1237.42	-4833.1	0.686453	0.682754	0.25026	16.136133163	Atom	
3399.42	-1232.02	-4831.12	0.689161	0.684929	0.236494	16.1087301066	Atom	
3404.79	-1226.68	-4829.28	0.704664	0.640476	0.30535	16.0816944308	Atom	
3410.31	-1221.66	-4826.89	0.731929	0.627181	0.266316	16.0544787864	Atom	
3422.02	-1211.63	-4822.63	0.793354	0.574201	0.202193	15.9988328457	Atom	
3435.83	-1201.63	-4819.11	0.817797	0.544496	0.186367	15.9380975993	Atom	
3439.74	-1199.03	-4818.22	0.822997	0.540488	0.174782	15.9213783722	Atom	
3447.75	-1193.77	-4816.52	0.829035	0.525419	0.191404	15.8873253486	Atom	
3497.16	-1162.46	-4805.11	0.85506	0.419205	0.305187	15.6782929822	Atom	
3518.2	-1152.14	-4797.6	0.962419	0.00305338	0.271551	15.591126987	Atom	
3554.28	-1152.03	-4787.42	0.960153	0.0257643	0.278284	15.4577172928	Atom	
3559.8	-1151.88	-4785.82	0.946543	0.0580778	0.317306	15.4371423119	Atom	
3596.55	-1149.63	-4773.5	0.94555	0.0678731	0.318322	15.2979396592	Atom	
3607.93	-1148.81	-4769.67	0.906087	-0.0109801	0.422949	15.2544778348	Atom	
3608.79	-1148.82	-4769.27	0.974759	-0.0892755	0.204631	15.2510516085	Atom	
3642.26	-1151.88	-4762.24	0.973394	-0.0631103	0.220276	15.1267778119	Atom	
3650.75	-1152.44	-4760.32	0.990127	-0.0209006	0.138607	15.0949915221	Atom	
3665.6	-1152.75	-4758.24	0.987159	-0.0833382	0.136275	15.0403002274	Atom	
3691.83	-1154.96	-4754.62	0.990136	-0.0700301	0.121356	14.9431146714	Atom	
3694.95	-1155.18	-4754.24	0.968105	-0.167862	0.185995	14.9315259059	Atom	
3703.01	-1156.58	-4752.69	0.970137	-0.154229	0.187211	14.9008868842	Atom	
3718.61	-1159.06	-4749.68	0.969479	-0.170685	0.176006	14.8416402086	Atom	
3739.35	-1162.71	-4745.91	0.972076	-0.158278	0.173253	14.762591363	Atom	
3743.05	-1163.32	-4745.26	0.950496	-0.247282	0.188174	14.7484810819	Atom	
3743.24	-1163.37	-4745.22	0.965785	-0.213902	0.146645	14.747721547	Atom	
3759.37	-1166.94	-4742.77	0.4719	0.200158	0.858631	14.6857064899	Atom	
3760.75	-1166.35	-4740.26	0.397135	-0.00497682	0.917747	14.6748234532	Atom	
3761.07	-1166.36	-4739.51	0.511146	0.285516	0.810685	14.6717726758	Atom	
3773.07	-1159.66	-4720.48	0.532233	0.281285	0.798503	14.5842856367	Atom	
3773.25	-1159.56	-4720.22	0.532008	0.229473	0.815052	14.5830353571	Atom	
3779.03	-1157.07	-4711.35	0.516856	0.234393	0.823359	14.5422932863	Atom	
3780.44	-1156.43	-4709.12	0.504508	0.233603	0.831205	14.5321045651	Atom	
3786.2	-1153.76	-4699.62	0.490675	0.207098	0.846374	14.4891700908	Atom	
3792.47	-1151.11	-4688.8	0.453584	0.220242	0.863571	14.4410603889	Atom	
3794.23	-1150.26	-4685.45	0.449552	0.238824	0.860736	14.4264259647	Atom	
3797.42	-1148.57	-4679.35	0.38432	0.0482589	0.921938	14.399656993	Atom	
3802.67	-1147.91	-4666.76	0.389015	0.0733719	0.918305	14.348020759	Atom	
3804.16	-1147.63	-4663.24	0.357069	0.0861262	0.930099	14.333497338	Atom	
3804.31	-1147.59	-4662.84	0.450947	-0.00574992	0.892532	14.3318481046	Atom	
3804.77	-1147.6	-4661.93	0.509517	-0.0170983	0.860291	14.327989054	Atom	
3807.33	-1147.68	-4657.62	0.404473	0.122548	0.906302	14.3089497345	Atom	
3814.83	-1145.41	-4640.8	0.46945	0.230638	0.852304	14.2384351967	Atom	
3818.45	-1143.63	-4634.22	0.693058	0.0603006	0.718355	14.2089844071	Atom	
3821.6	-1143.35	-4630.96	0.760246	0.152557	0.631469	14.1916534014	Atom	
3826.37	-1142.4	-4627	0.759946	0.175638	0.625806	14.1676537395	Atom	
3835.6	-1140.26	-4619.4	0.741818	0.170416	0.648587	14.1211360435	Atom	
3848.3	-1137.35	-4608.3	0.764253	0.150177	0.627187	14.0554122487	Atom	
3859.9	-1135.07	-4598.78	0.933858	0.100021	0.343372	13.9969472279	Atom	
3864.31	-1134.59	-4597.16	0.857352	0.257015	0.445972	13.9786898875	Atom	
3869.54	-1133.03	-4594.44	0.847064	0.276609	0.45384	13.95507964	Atom	
3924.71	-1115.01	-4564.87	0.880246	0.278352	0.384301	13.7027541167	Atom	
3925.73	-1114.69	-4564.43	0.879353	0.289162	0.378316	13.6982242707	Atom	
3928.75	-1113.69	-4563.13	0.847102	0.274208	0.455222	13.6847211623	Atom	
3936.4	-1111.22	-4559.02	0.855825	0.246793	0.454595	13.6491963639	Atom	
3942.05	-1109.59	-4556.02	0.794884	0.496804	0.348347	13.6232052392	Atom	
3944.26	-1108.21	-4555.05	0.761474	0.482068	0.433321	13.6122207396	Atom	
3959.19	-1098.76	-4546.56	0.761604	0.436564	0.478927	13.5348330231	Atom	
3966.1	-1094.79	-4542.21	0.707477	0.503936	0.495505	13.4988294551	Atom	
3986.28	-1080.42	-4528.07	-0.567716	0.778945	-0.266352	13.3854947687	Atom	
3976.85	-1067.48	-4532.5	-0.4938	0.838048	-0.232027	13.3190639859	Atom	
3976.37	-1066.65	-4532.73	-0.453983	0.84645	-0.278249	13.3151054976	Atom	
3974.24	-1062.69	-4534.03	-0.628938	0.725233	-0.280132	13.2962936858	Atom	
3964.21	-1051.13	-4538.5	-0.714945	0.539775	-0.444406	13.2322154676	Atom	
3962.02	-1049.47	-4539.86	-0.699224	0.614011	-0.366164	13.2198208004	Atom	
3957.73	-1045.71	-4542.1	-0.760921	0.504207	-0.40838	13.1951028763	Atom	
3950.42	-1040.86	-4546.03	-0.743803	0.49219	-0.452224	13.1562212605	Atom	
3928.01	-1026.03	-4559.65	-0.750831	0.472972	-0.461032	13.0341851244	Atom	
3927.87	-1025.94	-4559.74	-0.821764	0.343448	-0.454695	13.0333746879	Atom	
3923.03	-1023.92	-4562.42	-0.851728	0.270341	-0.448861	13.0093755279	Atom	
3911.62	-1020.3	-4568.43	-0.854104	0.187545	-0.485111	12.9546109497	Atom	
3902.54	-1018.31	-4573.59	-0.738864	0.161159	-0.6543	12.9110480026	Atom	
3896.54	-1017	-4578.91	-0.788753	0.209232	-0.578006	12.8776382624	Atom	
3890.99	-1015.52	-4582.97	-0.781305	0.227954	-0.581033	12.8486702686	Atom	
3873.16	-1010.32	-4596.23	-0.76123	0.215875	-0.611495	12.7545321268	Atom	
3863.77	-1007.66	-4603.78	-0.842003	0.40029	-0.361661	12.7033244039	Atom	
3863.35	-1007.46	-4603.95	-0.841379	0.426457	-0.331989	12.701283071	Atom	
3854.47	-1002.96	-4607.46	-0.85059	0.405995	-0.334162	12.657345594	Atom	
3854.22	-1002.84	-4607.56	-0.865686	0.349851	-0.35804	12.6561156481	Atom	
3852.26	-1002.05	-4608.37	-0.853354	0.337158	-0.397632	12.6466430486	Atom	
3846.64	-999.829	-4610.98	-0.865195	0.335387	-0.372764	12.6191893007	Atom	
3843.21	-998.498	-4612.46	-0.871935	0.31729	-0.372903	12.6025913418	Atom	
3826.26	-992.328	-4619.72	-0.871611	0.320641	-0.370787	12.521179131	Atom	
3818.09	-989.325	-4623.19	-0.865705	0.328348	-0.377813	12.4817785049	Atom	
3768.95	-970.686	-4644.63	-0.837389	0.360844	-0.410574	12.2423847238	Atom	
3768.92	-970.672	-4644.65	-0.829178	0.374279	-0.415185	12.2422218786	Atom	
3761.96	-967.533	-4648.13	-0.852819	0.385957	-0.351763	12.2063254807	Atom	
3742.19	-958.583	-4656.29	-0.822619	0.450132	-0.347389	12.1068670682	Atom	
3733.61	-953.889	-4659.91	-0.727123	0.534097	-0.431315	12.061856848	Atom	
3726.26	-948.49	-4664.27	-0.71429	0.526805	-0.460723	12.0181047905	Atom	
3722.26	-945.54	-4666.85	-0.730162	0.472122	-0.493927	11.9938085709	Atom	
3712.41	-939.17	-4673.52	-0.736203	0.468064	-0.488796	11.9351613239	Atom	
3709.94	-937.603	-4675.15	-0.660263	0.431644	-0.614602	11.9205518946	Atom	
3701.08	-931.807	-4683.41	-0.65896	0.411845	-0.629409	11.8619248869	Atom	
3695.6	-928.386	-4688.63	-0.648349	0.398928	-0.64846	11.8255145365	Atom	
3677.92	-917.503	-4706.32	-0.631196	0.432409	-0.643905	11.7056627478	Atom	
3667.82	-910.584	-4716.63	-0.625446	0.482681	-0.613055	11.6348257123	Atom	
3662.99	-906.859	-4721.36	-0.70444	0.473962	-0.528322	11.6005068211	Atom	
3660.11	-904.922	-4723.52	-0.756315	0.382931	-0.530426	11.582288138	Atom	
3644.07	-896.802	-4734.77	-0.99114	0.063899	-0.116442	11.4876594915	Atom	
3637.43	-896.374	-4735.55	-0.975691	-0.200641	0.0881455	11.4575634919	Atom	
3606.96	-902.64	-4732.79	-0.973611	-0.200704	0.108627	11.3170439917	Atom	
3597.15	-904.661	-4731.7	-0.980504	-0.172059	0.0949055	11.2713261714	Atom	
3591.7	-905.618	-4731.17	-0.976618	-0.138551	0.16438	11.2459890272	Atom	
3589.93	-905.869	-4730.87	-0.991849	-0.00368739	0.127369	11.2377009936	Atom	
3582.66	-905.896	-4729.94	-0.98948	-0.0331296	0.140825	11.2042765426	Atom	
3582.24	-905.911	-4729.88	-0.98236	-0.0682935	0.174085	11.2022978001	Atom	
3574.12	-906.475	-4728.44	-0.987477	-0.0943738	0.12642	11.1644890029	Atom	
3565.88	-907.262	-4727.39	-0.984825	-0.171776	0.0247531	11.1262203835	Atom	
3556.66	-908.871	-4727.15	-0.972633	-0.167939	0.160569	11.0831378555	Atom	
3555.41	-909.087	-4726.95	-0.966048	-0.165257	0.1986	11.0772004327	Atom	
3551.51	-909.753	-4726.15	-0.976212	-0.195504	0.0937445	11.0585974287	Atom	
3545.52	-910.954	-4725.57	-0.928334	-0.37172	0.00442898	11.0302137979	Atom	
3545.43	-910.988	-4725.57	-0.894958	-0.438157	-0.0840771	11.0297953484	Atom	
3543.34	-912.013	-4725.77	-0.845084	-0.52964	0.0729047	11.0189650983	Atom	
3537.24	-915.832	-4725.24	-0.814245	-0.572916	0.0936568	10.9855519813	Atom	
3520.03	-927.948	-4723.26	-0.780369	-0.623653	-0.045616	10.8873488538	Atom	
3514.93	-932.021	-4723.56	-0.768174	-0.637701	-0.0569818	10.8568112481	Atom	
3510.78	-935.469	-4723.87	-0.757295	-0.652207	-0.033625	10.8314819106	Atom	
3507.83	-938.003	-4724	-0.760717	-0.647952	-0.0383091	10.8132469793	Atom	
3501.99	-942.979	-4724.29	-0.775916	-0.630121	-0.0300202	10.777155969	Atom	
3500.36	-944.305	-4724.36	-0.754377	-0.656212	-0.017332	10.7672492405	Atom	
3499.65	-944.92	-4724.37	-0.751049	-0.659196	-0.0372359	10.7628242195	Atom	
3473.51	-967.869	-4725.67	-0.760317	-0.648936	-0.0283007	10.5986560938	Atom	
3460.98	-978.561	-4726.13	-0.725733	-0.687975	-0.00133496	10.5200552977	Atom	
3456.05	-983.235	-4726.14	-0.74272	-0.621139	0.250105	10.4874654954	Atom	
3450.18	-988.143	-4724.17	-0.677197	-0.71604	0.169385	10.4494713541	Atom	
3441.08	-997.759	-4721.89	-0.659427	-0.685998	0.307511	10.3847248119	Atom	
3435.76	-1003.3	-4719.41	-0.68592	-0.675942	0.269473	10.3455869221	Atom	
3427.45	-1011.49	-4716.14	-0.736737	-0.628662	0.249003	10.2867524344	Atom	
3424.54	-1013.97	-4715.16	-0.804406	-0.561811	0.193131	10.267523182	Atom	
3424.25	-1014.17	-4715.09	-0.864096	-0.481233	0.147487	10.2657427191	Atom	
3419.58	-1016.77	-4714.29	-0.868815	-0.466363	0.166333	10.239316959	Atom	
3418.08	-1017.58	-4714.01	-0.866877	-0.460955	0.189856	10.2309084589	Atom	
3418.05	-1017.59	-4714	-0.869208	-0.451859	0.20075	10.2307328374	Atom	
3402.01	-1025.93	-4710.3	-0.896934	-0.417806	0.144734	10.1403186547	Atom	
3395.18	-1029.11	-4709.19	-0.890657	-0.452192	0.0474479	10.1027779157	Atom	
3393.37	-1030.03	-4709.1	-0.886539	-0.462552	0.00974158	10.0927548706	Atom	
3389.41	-1032.1	-4709.05	-0.842924	-0.537985	-0.00711115	10.0706024449	Atom	
3384.36	-1035.32	-4709.1	-0.969926	-0.241672	-0.0289405	10.0409443879	Atom	
3349.32	-1044.05	-4710.14	-0.911898	-0.347259	-0.218752	9.86147940375	Atom	
3347.39	-1044.79	-4710.6	-0.890429	-0.395091	-0.225918	9.85084259937	Atom	
3347.11	-1044.91	-4710.68	-0.838456	-0.41856	-0.348996	9.84924501641	Atom	
3338.5	-1049.21	-4714.26	-0.819014	-0.422374	-0.38835	9.79752756631	Atom	
3338.2	-1049.36	-4714.4	-0.775573	-0.500924	-0.384136	9.79565352291	Atom	
3331.28	-1053.84	-4717.83	-0.62928	-0.646932	-0.430681	9.75049235749	Atom	
3331.19	-1053.92	-4717.89	-0.899694	-0.281687	-0.333472	9.74979722714	Atom	
3323.49	-1056.34	-4720.74	-0.916753	-0.271381	-0.293116	9.70633617624	Atom	
3316.55	-1058.39	-4722.96	-0.924301	-0.227482	-0.306464	9.66779940664	Atom	
3314.6	-1058.87	-4723.61	-0.925014	-0.192978	-0.327275	9.65697638102	Atom	
3313.46	-1059.11	-4724.01	0.172595	-0.203538	-0.963734	9.65069332819	Atom	
3315.64	-1061.68	-4736.2	0.187212	-0.170003	-0.967497	9.58601068359	Atom	
3315.94	-1061.95	-4737.75	0.169579	-0.143186	-0.975059	9.577747633	Atom	
3315.96	-1061.97	-4737.83	0.347265	-0.132371	-0.928378	9.57733573044	Atom	
3316.15	-1062.04	-4738.36	0.245279	-0.130106	-0.960682	9.57439388473	Atom	
3316.45	-1062.2	-4739.51	0.256513	-0.0498242	-0.965256	9.5682562637	Atom	
3324.12	-1063.69	-4768.37	-0.154653	-0.0386084	-0.987214	9.41430731921	Atom	
3322.77	-1064.02	-4776.98	-0.0924464	-0.0500306	-0.99446	9.3688664999	Atom	
3322.22	-1064.32	-4782.84	-0.056191	-0.0422222	-0.997527	9.33805786486	Atom	
3321.68	-1064.73	-4792.48	0.312326	0.353588	-0.881719	9.287351056	Atom	
3327.29	-1058.37	-4808.33	0.188744	0.31905	-0.928753	9.19273205989	Atom	
3328.26	-1056.74	-4813.07	0.32546	0.19186	-0.925886	9.16567667912	Atom	
3329.19	-1056.19	-4815.73	0.192225	0.315241	-0.92934	9.15042928286	Atom	
3331.2	-1052.89	-4825.45	0.222212	0.315102	-0.922677	9.09474681746	Atom	
3337.53	-1043.91	-4851.74	0.11892	0.333723	-0.93514	8.94241215825	Atom	
3337.86	-1042.99	-4854.33	0.0321198	0.478814	-0.877329	8.92741599799	Atom	
3338.88	-1027.84	-4882.1	-0.0248528	0.489467	-0.871667	8.75589128287	Atom	
3338.78	-1025.83	-4885.67	0.0284431	0.605803	-0.795106	8.73337803127	Atom	
3338.8	-1025.3	-4886.36	0.0482873	0.59913	-0.799194	8.728546222	Atom	
3338.85	-1024.71	-4887.16	0.0756808	0.593499	-0.801269	8.72305559799	Atom	
3339.75	-1017.7	-4896.62	0.0708668	0.576241	-0.814202	8.65794733027	Atom	
3339.88	-1016.61	-4898.16	0.0783402	0.537512	-0.839609	8.64749009165	Atom	
3341.09	-1008.31	-4911.12	0.0730103	0.488988	-0.86923	8.56183870533	Atom	
3341.52	-1005.43	-4916.25	0.131446	0.538959	-0.832012	8.52882907134	Atom	
3342.14	-1002.89	-4920.16	0.156103	0.493543	-0.855598	8.50245935804	Atom	
3342.62	-1001.38	-4922.78	0.382739	0.646351	-0.660106	8.48527388723	Atom	
3349.39	-989.937	-4934.47	0.352342	0.622135	-0.699144	8.38565582333	Atom	
3350.88	-987.314	-4937.42	0.287085	0.756248	-0.587938	8.36172653576	Atom	
3354.59	-977.535	-4945.02	0.32981	0.736416	-0.590691	8.28817309886	Atom	
3354.95	-976.736	-4945.66	0.243848	0.751133	-0.613463	8.2819633251	Atom	
3357.38	-969.233	-4951.79	0.134869	0.706634	-0.694607	8.22474890485	Atom	
3357.75	-967.318	-4953.67	0.146126	0.699756	-0.699277	8.20914612816	Atom	
3360.47	-954.301	-4966.68	0.114207	0.735215	-0.668143	8.10189693453	Atom	
3361.18	-949.725	-4970.84	0.0361972	0.717238	-0.695887	8.06566517814	Atom	
3361.32	-946.964	-4973.52	0.209837	0.483189	-0.849998	8.04318113464	Atom	
3362.02	-945.335	-4976.38	0.0551906	0.461712	-0.885311	8.02346014949	Atom	
3362.09	-944.741	-4977.52	-0.0130051	0.483847	-0.875056	8.0159111947	Atom	
3361.9	-937.44	-4990.72	0.162202	0.538687	-0.826745	7.92738847878	Atom	
3362.03	-936.994	-4991.41	0.0180617	0.471872	-0.881482	7.92248364715	Atom	
3362.05	-936.428	-4992.46	0.228753	0.441797	-0.867461	7.91539641032	Atom	
3364.04	-932.591	-5000	0.228753	0.441797	-0.867461	7.86395868315	Region	
"-----------------------------------------------------------------"
"Trajectory"	135

"NbCollisions"	261
"Zmax"	0
"Display"	256

"Collisions"

"X"	"Y"	"Z"	"Rx"	"Ry"	"Rz"	"Energy"	"CollisionType"	
-0.119007	-0.235359	-5000	-4.59262e-006	1.05632e-006	1	30	Region	
-0.11915	-0.235326	-4968.75	-0.00111054	0.0172089	0.999851	29.9334643398	Atom	
-0.175526	0.638261	-4917.99	-0.149282	0.0109002	0.988735	29.8251914432	Atom	
-1.86596	0.761693	-4906.8	-0.141591	0.0143106	0.989822	29.8009692096	Atom	
-2.8859	0.864779	-4899.67	-0.0692434	0.00722986	0.997574	29.7855506299	Atom	
-2.91314	0.867623	-4899.27	-0.0676113	0.0535596	0.996273	29.7847084432	Atom	
-6.28216	3.53646	-4849.63	-0.0418696	0.0641214	0.997063	29.6780052407	Atom	
-6.31398	3.58519	-4848.87	-0.0822465	0.0526492	0.99522	29.6763732023	Atom	
-10.6988	6.3921	-4795.81	-0.19985	0.181721	0.962828	29.5618766104	Atom	
-14.9826	10.2872	-4775.18	-0.183527	0.172783	0.96771	29.515700673	Atom	
-16.6057	11.8153	-4766.62	-0.206024	0.177887	0.962242	29.4966248086	Atom	
-20.0111	14.7556	-4750.71	-0.165599	0.0644202	0.984087	29.4609544895	Atom	
-25.1307	16.7472	-4720.29	-0.172253	0.0333487	0.984488	29.3941725875	Atom	
-25.398	16.799	-4718.76	-0.224896	0.103361	0.968885	29.3908139874	Atom	
-30.0304	18.928	-4698.8	-0.211295	0.0958152	0.972715	29.3462350444	Atom	
-33.8265	20.6494	-4681.33	0.0374854	0.110594	0.993159	29.3073050011	Atom	
-33.0459	22.9526	-4660.65	0.0431406	0.100568	0.993994	29.2621298767	Atom	
-31.7241	26.034	-4630.19	0.0208305	0.160113	0.986879	29.1955865769	Atom	
-30.8186	32.9937	-4587.29	-0.105549	0.0772939	0.991406	29.1010103417	Atom	
-31.0521	33.1647	-4585.1	-0.117888	0.0747131	0.990212	29.0961840016	Atom	
-31.3074	33.3265	-4582.95	-0.104739	0.0972196	0.989736	29.0914593484	Atom	
-32.2703	34.2203	-4573.86	-0.184008	0.327054	0.926918	29.0714000405	Atom	
-36.7487	42.1802	-4551.3	-0.250758	0.355199	0.90053	29.0182652386	Atom	
-50.7068	61.9518	-4501.17	-0.25943	0.352522	0.899124	28.8965644501	Atom	
-54.1003	66.563	-4489.41	-0.226438	0.492393	0.840402	28.8678689522	Atom	
-54.8702	68.2371	-4486.55	-0.224696	0.46836	0.854489	28.8604046739	Atom	
-59.1977	77.2576	-4470.09	-0.198775	0.497658	0.84429	28.8181124115	Atom	
-63.3477	87.6475	-4452.47	-0.227661	0.52611	0.819377	28.7722133028	Atom	
-64.0699	89.3165	-4449.87	-0.210179	0.479714	0.85188	28.7652304886	Atom	
-69.0955	100.787	-4429.5	-0.22196	0.497002	0.838882	28.712586269	Atom	
-74.2731	112.38	-4409.93	-0.176384	0.588905	0.78872	28.6611529066	Atom	
-74.6086	113.501	-4408.43	-0.211975	0.621711	0.754018	28.6569524642	Atom	
-76.6066	119.36	-4401.32	-0.266252	0.562258	0.782928	28.6361385296	Atom	
-81.9137	130.568	-4385.72	-0.251241	0.719869	0.647044	28.5920951927	Atom	
-94.1192	165.54	-4354.28	-0.259055	0.729001	0.633599	28.4846194212	Atom	
-100.109	182.395	-4339.63	-0.215904	0.755374	0.618705	28.433314316	Atom	
-101.224	186.296	-4336.44	-0.184202	0.739382	0.647599	28.4218390457	Atom	
-103.073	193.717	-4329.94	-0.192662	0.753818	0.628204	28.3995290479	Atom	
-104.246	198.31	-4326.11	-0.21186	0.725318	0.655004	28.3859773916	Atom	
-104.545	199.333	-4325.19	-0.221203	0.721188	0.656474	28.3828393727	Atom	
-104.737	199.956	-4324.62	-0.0698845	0.62713	0.775773	28.3809144957	Atom	
-106.43	215.151	-4305.82	-0.0129944	0.650698	0.759226	28.3269954313	Atom	
-106.63	225.173	-4294.13	0.0843372	0.711633	0.697471	28.2926671324	Atom	
-105.626	233.649	-4285.82	0.0644421	0.726441	0.684201	28.2660975974	Atom	
-105.294	237.389	-4282.3	0.0613893	0.744007	0.665346	28.2546028566	Atom	
-104.44	247.741	-4273.04	0.0629754	0.733013	0.677293	28.2235266382	Atom	
-103.577	257.779	-4263.77	-0.0221331	0.614272	0.788784	28.1929192361	Atom	
-103.603	258.488	-4262.86	0.00944869	0.560281	0.828249	28.1903356472	Atom	
-103.189	283.008	-4226.61	0.166876	0.601231	0.781456	28.0924201148	Atom	
-99.0285	297.998	-4207.13	0.136579	0.487866	0.862168	28.0364806125	Atom	
-97.7935	302.41	-4199.33	0.305294	0.408354	0.860257	28.016159833	Atom	
-93.763	307.801	-4187.97	0.422047	0.416868	0.805045	27.9864762276	Atom	
-93.39	308.17	-4187.26	0.573135	0.529675	0.625268	27.984487156	Atom	
-84.3634	316.512	-4177.41	0.602153	0.511425	0.613071	27.9490437043	Atom	
-82.6179	317.994	-4175.64	0.587342	0.592539	0.551295	27.9425136068	Atom	
-79.4812	321.159	-4172.69	0.58237	0.599224	0.549341	27.93048049	Atom	
-64.8137	336.251	-4158.86	0.616882	0.581436	0.530461	27.87371357	Atom	
-38.1086	361.421	-4135.89	0.619485	0.610634	0.49332	27.7759818026	Atom	
-29.9569	369.457	-4129.4	0.479374	0.733842	0.481328	27.746191721	Atom	
-23.8082	378.869	-4123.23	0.0361556	0.991479	0.125148	27.7171291022	Atom	
-23.4247	389.385	-4121.9	-0.0130655	0.998924	0.0444923	27.6930779599	Atom	
-24.3505	460.161	-4118.75	-0.056697	0.998367	-0.00704725	27.5322942885	Atom	
-26.1608	492.039	-4118.97	0.0638775	0.997955	-0.00238793	27.4594983439	Atom	
-25.6418	500.148	-4118.99	0.0836924	0.996487	-0.00288462	27.4409344575	Atom	
-24.7671	510.563	-4119.02	0.0401537	0.993207	-0.109216	27.4170438486	Atom	
-24.4	519.642	-4120.02	0.0896716	0.988823	-0.119112	27.3961336237	Atom	
-23.267	532.137	-4121.53	0.16816	0.926034	-0.33791	27.3672130228	Atom	
-21.4545	542.118	-4125.17	0.165542	0.929017	-0.330943	27.3425230643	Atom	
-17.5826	563.847	-4132.91	0.712874	0.68284	0.15981	27.2889053293	Atom	
-13.2779	567.97	-4131.94	0.733045	0.664633	0.1446	27.2750413345	Atom	
-9.70611	571.209	-4131.24	0.738895	0.667343	0.0932056	27.2638495642	Atom	
2.3194	582.07	-4129.72	0.721273	0.682306	0.119263	27.2264555195	Atom	
14.0536	593.17	-4127.78	0.708	0.694424	0.128497	27.1890348657	Atom	
17.9376	596.979	-4127.08	0.660696	0.728782	0.17988	27.1764028573	Atom	
25.9713	605.841	-4124.89	0.666359	0.727193	0.16479	27.1483934042	Atom	
31.8083	612.211	-4123.45	0.624505	0.767934	0.142372	27.1281992156	Atom	
45.4538	628.99	-4120.33	0.630436	0.757335	0.170277	27.0777960445	Atom	
82.4818	673.472	-4110.33	0.736188	0.673256	-0.068949	26.9421105248	Atom	
87.6903	678.235	-4110.82	0.723604	0.686859	-0.067985	26.9257007819	Atom	
113.869	703.084	-4113.28	0.665626	0.745395	0.0364416	26.8417484939	Atom	
137.483	729.528	-4111.99	0.667144	0.7443	0.0305901	26.7592190477	Atom	
148.837	742.196	-4111.47	0.653825	0.755574	0.0402713	26.7195308124	Atom	
154.398	748.621	-4111.13	0.82632	0.563194	0.00278441	26.6996752967	Atom	
156.08	749.768	-4111.12	0.731218	0.675105	-0.0977429	26.6949200024	Atom	
158.51	752.011	-4111.44	0.729775	0.677734	-0.090032	26.6871544202	Atom	
170.544	763.187	-4112.93	0.740352	0.672102	0.0125608	26.6486189354	Atom	
175.638	767.811	-4112.84	0.692747	0.721065	0.0129273	26.6325202684	Atom	
179.941	772.29	-4112.76	0.667124	0.744696	0.0193312	26.6179812154	Atom	
207.052	802.554	-4111.98	0.676231	0.735445	0.0428021	26.5228123219	Atom	
212.273	808.233	-4111.65	0.685506	0.722606	0.0890049	26.5046782128	Atom	
223.597	820.17	-4110.18	0.81945	0.555039	0.142943	26.4658624247	Atom	
246.999	836.02	-4106.09	0.800159	0.584606	0.134093	26.3986817589	Atom	
247.37	836.291	-4106.03	0.784429	0.619224	0.0351018	26.3975874426	Atom	
248.829	837.443	-4105.97	0.80251	0.595741	0.0327189	26.3932029855	Atom	
307.977	881.351	-4103.55	0.790527	0.61106	0.0408968	26.219439445	Atom	
323.007	892.97	-4102.78	0.833802	0.549727	0.0507378	26.1743764689	Atom	
327.956	896.232	-4102.48	0.823248	0.561555	0.0831791	26.1602915878	Atom	
370.594	925.316	-4098.17	0.836536	0.546379	0.0409549	26.0373244558	Atom	
372.612	926.634	-4098.07	0.753249	0.657208	-0.0263337	26.0315746726	Atom	
390.884	942.577	-4098.71	0.739716	0.668663	-0.0755662	25.9737543198	Atom	
409.295	959.219	-4100.59	0.753004	0.657757	-0.0184551	25.9143261623	Atom	
430.075	977.371	-4101.1	0.756801	0.6532	-0.0241241	25.8483112379	Atom	
448.471	993.248	-4101.68	0.762588	0.646541	-0.0210616	25.7900487526	Atom	
471.849	1013.07	-4102.33	0.765607	0.643273	0.00669153	25.7164362026	Atom	
506.726	1042.37	-4102.03	0.779328	0.626507	0.0117273	25.6068013366	Atom	
508.782	1044.03	-4101.99	0.793991	0.607783	0.0133508	25.6004285046	Atom	
510.473	1045.32	-4101.97	0.768567	0.639527	-0.0176042	25.5952853146	Atom	
518.023	1051.6	-4102.14	0.786726	0.616906	-0.0221221	25.5715549337	Atom	
522.95	1055.47	-4102.28	0.774589	0.632401	-0.00900505	25.556415725	Atom	
533.749	1064.28	-4102.4	0.827234	0.548971	-0.119642	25.5226954632	Atom	
540.554	1068.8	-4103.39	0.690191	0.544356	-0.476772	25.5027783161	Atom	
542.39	1070.25	-4104.66	0.769207	0.466258	-0.43695	25.4963335731	Atom	
543.808	1071.11	-4105.46	0.790019	0.445318	-0.421381	25.4918688708	Atom	
544.107	1071.28	-4105.62	0.680366	0.546762	-0.48801	25.4909505375	Atom	
564.612	1087.75	-4120.33	0.704058	0.535496	-0.466418	25.4179104154	Atom	
582.311	1101.22	-4132.05	0.696586	0.531896	-0.481514	25.3568461332	Atom	
594.601	1110.6	-4140.55	0.710479	0.567689	-0.415871	25.3139117122	Atom	
596.307	1111.96	-4141.55	0.715434	0.563645	-0.412866	25.3080571837	Atom	
617.547	1128.7	-4153.8	0.708653	0.572603	-0.412234	25.2356979935	Atom	
639.85	1146.72	-4166.78	0.681062	0.583591	-0.44224	25.1588135699	Atom	
648.312	1153.97	-4172.27	0.678013	0.580897	-0.450396	25.128384798	Atom	
654.289	1159.09	-4176.24	0.677163	0.600564	-0.425175	25.1067769929	Atom	
658.283	1162.63	-4178.75	0.64549	0.679052	-0.349615	25.0923127736	Atom	
664.005	1168.65	-4181.85	0.662434	0.697838	-0.272404	25.070558224	Atom	
664.838	1169.53	-4182.19	0.651936	0.69621	-0.300451	25.0674701406	Atom	
669.259	1174.25	-4184.23	0.680239	0.686494	-0.256907	25.0508146547	Atom	
676.429	1181.49	-4186.94	0.652124	0.715641	-0.250183	25.0249145075	Atom	
689.92	1196.29	-4192.11	0.218424	0.936642	-0.273849	24.974039276	Atom	
692.35	1206.71	-4195.16	0.200732	0.939368	-0.27802	24.9466464885	Atom	
698.676	1236.31	-4203.92	-0.105317	0.99435	0.013271	24.8689547547	Atom	
698.591	1237.11	-4203.91	-0.0518349	0.9984	-0.0225924	24.866974998	Atom	
696.027	1286.49	-4205.03	-0.135922	0.990054	-0.0363168	24.7447220253	Atom	
692.763	1310.27	-4205.9	-0.243621	0.96799	-0.060363	24.6851338799	Atom	
680.927	1357.3	-4208.83	-0.378146	0.918488	-0.115694	24.5643604491	Atom	
666.115	1393.27	-4213.36	-0.287991	0.957362	-0.022787	24.4666105124	Atom	
662.398	1405.63	-4213.66	-0.293	0.955668	-0.0291501	24.4342937181	Atom	
661.919	1407.19	-4213.71	-0.308138	0.951337	-0.00290195	24.4302033632	Atom	
660.895	1410.35	-4213.72	-0.309608	0.950508	0.0260434	24.4218747101	Atom	
654.237	1430.79	-4213.16	-0.352776	0.931391	0.0897762	24.367961205	Atom	
645.667	1453.42	-4210.97	-0.269162	0.958267	0.0963094	24.3069487096	Atom	
645.279	1454.8	-4210.84	-0.393834	0.914673	0.0909266	24.3033212989	Atom	
643.938	1457.92	-4210.53	-0.408936	0.907295	0.0979098	24.2947470238	Atom	
638.621	1469.71	-4209.25	-0.390411	0.913788	0.112121	24.2620209326	Atom	
616.16	1522.29	-4202.8	-0.401417	0.915605	0.0230792	24.1170304629	Atom	
612.046	1531.67	-4202.57	-0.412251	0.911063	-0.00361429	24.091081418	Atom	
606.324	1544.32	-4202.62	-0.440834	0.897582	-0.00357483	24.0559069967	Atom	
603.908	1549.23	-4202.64	-0.368716	0.923666	0.104355	24.0420022936	Atom	
584.791	1597.13	-4197.23	-0.390517	0.912914	0.118678	23.9103938916	Atom	
575.186	1619.58	-4194.31	-0.250113	0.891202	0.37842	23.8476953521	Atom	
568.265	1644.24	-4183.84	-0.260745	0.891549	0.370341	23.7770091635	Atom	
567.883	1645.54	-4183.29	-0.283352	0.888707	0.360433	23.7732549382	Atom	
560.643	1668.25	-4174.08	-0.265765	0.914138	0.306138	23.7078193691	Atom	
544.198	1724.82	-4155.14	-0.125965	0.979779	0.155452	23.5490076208	Atom	
541.179	1748.3	-4151.41	-0.123207	0.979826	0.157354	23.4871737187	Atom	
539.422	1762.27	-4149.17	-0.105235	0.979909	0.16942	23.4503001085	Atom	
538.765	1768.39	-4148.11	-0.0990998	0.979234	0.176864	23.4341429436	Atom	
538.426	1771.74	-4147.51	-0.0939736	0.978662	0.182726	23.4252833915	Atom	
536.843	1788.23	-4144.43	-0.104121	0.974063	0.200898	23.3816342753	Atom	
536.539	1791.07	-4143.84	-0.105711	0.732824	-0.672156	23.3740520517	Atom	
536.252	1793.06	-4145.67	-0.124843	0.730001	-0.671947	23.3670082272	Atom	
535.697	1796.31	-4148.65	-0.0960525	0.784177	-0.613058	23.3554630287	Atom	
534.492	1806.15	-4156.35	-0.126432	0.775258	-0.618861	23.322883345	Atom	
533.559	1811.87	-4160.91	-0.113905	0.798974	-0.590479	23.3036952887	Atom	
533.495	1812.31	-4161.24	-0.135032	0.809251	-0.571734	23.3022517186	Atom	
531.255	1825.74	-4170.73	-0.18635	0.798115	-0.572962	23.2590774794	Atom	
523.623	1858.43	-4194.19	-0.231082	0.733783	-0.638877	23.1523727185	Atom	
522.586	1861.72	-4197.06	-0.203232	0.738095	-0.64336	23.1406390738	Atom	
515.863	1886.14	-4218.34	-0.218871	0.733329	-0.64368	23.0541005031	Atom	
511.498	1900.76	-4231.18	-0.23917	0.731033	-0.639053	23.0017815355	Atom	
511.436	1900.95	-4231.35	-0.25039	0.679233	-0.689889	23.0010922203	Atom	
507.255	1912.29	-4242.86	-0.251761	0.605979	-0.75459	22.957208572	Atom	
500.039	1929.66	-4264.49	-0.252283	0.600248	-0.758983	22.8817613429	Atom	
492.845	1946.78	-4286.14	-0.284243	0.647904	-0.706701	22.8064964016	Atom	
490.011	1953.24	-4293.18	-0.269309	0.661242	-0.700165	22.7801144884	Atom	
488.061	1958.02	-4298.25	-0.242172	0.632563	-0.735675	22.7609390308	Atom	
486.685	1961.62	-4302.43	-0.223861	0.632391	-0.741598	22.7458826903	Atom	
480.426	1979.3	-4323.17	-0.224308	0.632529	-0.741346	22.6717369632	Atom	
477.902	1986.42	-4331.51	-0.207004	0.634287	-0.744868	22.6418253085	Atom	
476.38	1991.08	-4336.99	-0.392954	0.473338	-0.788377	22.6222570377	Atom	
451.181	2021.43	-4387.54	-0.356951	0.468288	-0.808265	22.4514801716	Atom	
450.02	2022.96	-4390.17	-0.377546	0.462974	-0.801944	22.4427688829	Atom	
449.68	2023.37	-4390.89	-0.411082	0.419625	-0.809275	22.4403584865	Atom	
436.51	2036.82	-4416.82	-0.402275	0.413833	-0.81665	22.3544975942	Atom	
434.461	2038.93	-4420.98	-0.430329	0.43573	-0.790541	22.3408055068	Atom	
430.005	2043.44	-4429.17	-0.437279	0.381772	-0.814271	22.3129571521	Atom	
428.372	2044.86	-4432.21	-0.433453	0.393509	-0.810721	22.3029041272	Atom	
428.209	2045.01	-4432.51	-0.437711	0.375173	-0.817101	22.3018914346	Atom	
415.328	2056.05	-4456.56	-0.346126	0.343912	-0.872881	22.2226392218	Atom	
410.027	2061.32	-4469.93	-0.355762	0.330099	-0.874339	22.181274135	Atom	
408.915	2062.35	-4472.66	-0.34809	0.343641	-0.872207	22.1728241356	Atom	
406.078	2065.15	-4479.77	-0.421546	0.252953	-0.870812	22.1507717963	Atom	
405.803	2065.32	-4480.34	-0.347859	0.192577	-0.917555	22.1490033008	Atom	
405.11	2065.7	-4482.16	-0.407141	0.000939201	-0.913365	22.143613649	Atom	
385.863	2065.74	-4525.34	-0.383062	0.0149516	-0.923602	22.0155860901	Atom	
380.011	2065.97	-4539.45	-0.377666	0.0362775	-0.925231	21.974019879	Atom	
367.462	2067.18	-4570.19	-0.391741	0.0424742	-0.919094	21.883487579	Atom	
366.924	2067.24	-4571.46	-0.406621	0.0208733	-0.913358	21.8797316018	Atom	
364.746	2067.35	-4576.35	-0.388236	0.0076932	-0.921528	21.8650895351	Atom	
360.556	2067.43	-4586.29	-0.390915	-0.00566171	-0.920409	21.8355721728	Atom	
353.322	2067.33	-4603.33	-0.349463	-0.0102827	-0.936894	21.7849006158	Atom	
352.794	2067.31	-4604.74	-0.358128	-0.00522513	-0.933658	21.7807525104	Atom	
346.179	2067.21	-4621.99	-0.376597	0.0176009	-0.92621	21.7300758209	Atom	
343.63	2067.33	-4628.26	-0.117565	-0.628965	-0.768493	21.7114764807	Atom	
342.728	2062.5	-4634.16	-0.126803	-0.650786	-0.748598	21.6903544401	Atom	
341.183	2054.58	-4643.28	-0.180644	-0.624551	-0.759805	21.6568196844	Atom	
339.375	2048.33	-4650.88	-0.229364	-0.439066	-0.868685	21.6292483866	Atom	
338.067	2045.82	-4655.83	-0.188945	-0.403181	-0.895402	21.6135149896	Atom	
337.728	2045.1	-4657.44	-0.143936	-0.368829	-0.918285	21.6085627989	Atom	
337.716	2045.07	-4657.52	-0.183343	-0.371983	-0.909953	21.6083284926	Atom	
334.66	2038.87	-4672.69	-0.152186	-0.408942	-0.899781	21.5623110466	Atom	
334.363	2038.07	-4674.44	-0.0869559	-0.406152	-0.909659	21.5569177895	Atom	
333.576	2034.39	-4682.68	0.0554056	-0.428477	-0.901852	21.5318622402	Atom	
334.316	2028.66	-4694.74	0.0641613	-0.50241	-0.862246	21.4948468267	Atom	
334.64	2026.13	-4699.09	0.0457128	-0.271495	-0.961354	21.4808514096	Atom	
335.887	2018.72	-4725.3	-0.0116654	-0.382783	-0.923765	21.405235263	Atom	
335.608	2009.6	-4747.33	0.0536818	-0.281688	-0.958003	21.3389120432	Atom	
335.905	2008.04	-4752.62	0.0526897	-0.288985	-0.955883	21.3235251553	Atom	
337.666	1998.38	-4784.57	0.092415	-0.303431	-0.948361	21.2302608347	Atom	
343.138	1980.41	-4840.72	0.245929	-0.548349	-0.79927	21.0645184434	Atom	
347.268	1971.21	-4854.15	0.239775	-0.587242	-0.773082	21.0172245712	Atom	
361.08	1937.38	-4898.68	0.27699	-0.584352	-0.762764	20.8546870023	Atom	
361.392	1936.72	-4899.54	0.275516	-0.590721	-0.75838	20.851493383	Atom	
363.29	1932.65	-4904.76	0.331797	-0.599852	-0.728071	20.8319386139	Atom	
367.621	1924.82	-4914.27	0.409481	-0.523818	-0.746954	20.7948468319	Atom	
374.168	1916.45	-4926.21	0.4131	-0.52574	-0.743604	20.7493590481	Atom	
377.438	1912.28	-4932.1	0.442806	-0.477698	-0.758767	20.7268002152	Atom	
379.411	1910.16	-4935.48	0.404486	-0.528061	-0.746688	20.7140904972	Atom	
384.686	1903.27	-4945.21	0.381478	-0.542285	-0.7486	20.6768732573	Atom	
388.385	1898.01	-4952.47	0.375816	-0.563099	-0.73599	20.6491638434	Atom	
390.515	1894.82	-4956.64	0.386163	-0.582895	-0.71492	20.6329485973	Atom	
402.926	1876.09	-4979.62	0.409947	-0.594373	-0.691855	20.5409499423	Atom	
403.772	1874.86	-4981.05	0.4262	-0.586385	-0.688845	20.5350231996	Atom	
404.727	1873.54	-4982.59	0.3817	-0.594542	-0.707689	20.5285796389	Atom	
407.863	1868.66	-4988.41	0.408306	-0.590258	-0.696335	20.5049671214	Atom	
414.661	1858.83	-5000	0.408306	-0.590258	-0.696335	20.457078923	Region	
"-----------------------------------------------------------------"
"Trajectory"	140

"NbCollisions"	291
"Zmax"	0
"Display"	256

"Collisions"

"X"	"Y"	"Z"	"Rx"	"Ry"	"Rz"	"Energy"	"CollisionType"	
0.352296	-0.450395	-5000	1.02955e-006	-1.01518e-006	1	30	Region	
0.352307	-0.450406	-4989.68	-0.0114693	0.00874186	0.999896	29.9780331014	Atom	
-0.0564003	-0.13889	-4954.05	-0.00470792	-0.00764201	0.99996	29.9021183312	Atom	
-0.224795	-0.412233	-4918.28	0.106899	-0.0755943	0.991392	29.8257647272	Atom	
0.352622	-0.820558	-4912.93	0.129693	-0.0888138	0.987569	29.814210747	Atom	
1.0891	-1.3249	-4907.32	0.120112	-0.0741599	0.989987	29.8020602318	Atom	
2.00103	-1.88795	-4899.8	0.212249	-0.132457	0.968197	29.7858098071	Atom	
3.32227	-2.71249	-4893.78	0.275918	-0.130192	0.952323	29.7724801926	Atom	
7.35438	-4.61504	-4879.86	0.322529	-0.104274	0.940799	29.7411771181	Atom	
16.8976	-7.70036	-4852.02	0.329784	-0.122007	0.936139	29.6777429325	Atom	
18.0877	-8.14067	-4848.65	0.216047	-0.113742	0.969735	29.6699927341	Atom	
18.788	-8.50937	-4845.5	0.237818	-0.118725	0.964026	29.6630299666	Atom	
22.5671	-10.396	-4830.18	0.269575	0.0192518	0.962787	29.6288911457	Atom	
26.2872	-10.1303	-4816.9	0.180103	0.0826411	0.98017	29.5992161264	Atom	
31.9311	-7.54056	-4786.18	0.0798154	0.0749064	0.993991	29.5317763744	Atom	
32.737	-6.78426	-4776.15	0.0696504	0.0755855	0.994704	29.5100079444	Atom	
34.861	-4.47923	-4745.81	0.0652297	0.0761982	0.994957	29.4442207792	Atom	
35.3662	-3.88907	-4738.11	0.330111	0.114794	0.936936	29.4274828824	Atom	
35.4607	-3.85624	-4737.84	0.336244	0.122965	0.933713	29.4268645259	Atom	
50.6128	1.68493	-4695.76	0.334744	0.108411	0.936052	29.3294326351	Atom	
55.4547	3.25304	-4682.22	0.274914	0.134438	0.952023	29.2980757332	Atom	
57.5856	4.29511	-4674.84	0.222833	0.0571275	0.973181	29.2812575836	Atom	
58.4011	4.50416	-4671.28	0.294519	0.131019	0.946622	29.2733141686	Atom	
58.492	4.54463	-4670.99	0.406747	0.0941526	0.908676	29.2726436158	Atom	
61.521	5.24576	-4664.22	0.397414	0.089609	0.913254	29.2564749828	Atom	
71.6543	7.53063	-4640.94	0.377689	0.110802	0.919279	29.2010887261	Atom	
89.6344	12.8054	-4597.17	0.39317	0.0859614	0.915439	29.0975256134	Atom	
91.0801	13.1215	-4593.81	0.395085	-0.117775	0.911063	29.0895036971	Atom	
100.706	10.2521	-4571.61	0.43112	-0.155387	0.888814	29.0363411156	Atom	
119.703	3.405	-4532.45	0.416556	-0.140858	0.898131	28.9400465436	Atom	
120.44	3.15566	-4530.86	0.350643	-0.19202	0.916612	28.936168037	Atom	
126.773	-0.312481	-4514.3	0.301059	-0.263671	0.916428	28.8965899516	Atom	
128.019	-1.40333	-4510.51	0.305071	-0.240599	0.921436	28.887514243	Atom	
128.855	-2.06272	-4507.98	0.305171	-0.242486	0.920908	28.8815005914	Atom	
142.65	-13.0246	-4466.35	0.298909	-0.172826	0.938501	28.782290636	Atom	
142.685	-13.0443	-4466.25	0.297974	-0.198658	0.933674	28.7820387206	Atom	
152.343	-19.4832	-4435.98	0.304948	-0.190201	0.933183	28.7107109263	Atom	
152.656	-19.6786	-4435.03	0.28565	-0.237121	0.928535	28.7084465295	Atom	
159.288	-25.184	-4413.47	0.317702	-0.210469	0.924537	28.6572476543	Atom	
161.423	-26.5983	-4407.25	0.338016	-0.250823	0.907101	28.6424082591	Atom	
161.426	-26.6007	-4407.25	0.36676	-0.232844	0.900706	28.6423872293	Atom	
161.724	-26.79	-4406.51	0.343779	-0.279265	0.896564	28.6405909074	Atom	
165.875	-30.1617	-4395.69	0.33866	-0.348911	0.873825	28.613916883	Atom	
167.948	-32.2973	-4390.34	0.256064	-0.426045	0.867708	28.6003842585	Atom	
169.704	-35.22	-4384.39	0.252054	-0.419922	0.871857	28.5852112099	Atom	
174.061	-42.4778	-4369.32	0.357801	-0.289386	0.887826	28.5469667907	Atom	
178.597	-46.1469	-4358.06	0.346707	-0.240508	0.906615	28.5188820539	Atom	
186.932	-51.9285	-4336.27	0.346838	-0.218954	0.91201	28.4655913729	Atom	
188.64	-53.007	-4331.78	0.432059	-0.08425	0.897902	28.4546562427	Atom	
199.888	-55.2003	-4308.4	0.468784	-0.0620792	0.881129	28.3968421942	Atom	
204.895	-55.8633	-4298.99	0.480573	-0.0899632	0.872328	28.3730846921	Atom	
205.878	-56.0474	-4297.2	0.487205	-0.112365	0.866028	28.3685302457	Atom	
218.659	-58.9951	-4274.49	0.474911	-0.123846	0.871276	28.3101304364	Atom	
223.055	-60.1415	-4266.42	0.555877	-0.207896	0.804848	28.2894887633	Atom	
230.073	-62.766	-4256.26	0.501076	-0.213583	0.838633	28.2613233536	Atom	
236.659	-65.5734	-4245.24	0.307816	-0.0344842	0.950821	28.231972823	Atom	
242.278	-66.203	-4227.88	0.307303	-0.00658592	0.951589	28.1911751154	Atom	
243.574	-66.2307	-4223.87	0.320963	-0.0127869	0.947005	28.1817410716	Atom	
245.016	-66.2882	-4219.61	0.342628	-0.0442639	0.938428	28.1716875116	Atom	
256.083	-67.718	-4189.3	0.307436	-0.042488	0.95062	28.0993799534	Atom	
259.386	-68.1743	-4179.09	0.614261	-0.000677587	0.789102	28.0752869123	Atom	
273.096	-68.1894	-4161.48	0.843328	-0.435422	0.314968	28.0251857664	Atom	
274.814	-69.0765	-4160.83	0.849567	-0.414809	0.325837	28.0206065046	Atom	
294.49	-78.6837	-4153.29	0.857544	-0.399715	0.3238	27.9685379749	Atom	
305.033	-83.5978	-4149.31	0.847843	-0.38422	0.365428	27.9408581051	Atom	
328.949	-94.4359	-4139	0.850198	-0.382274	0.36198	27.8772983906	Atom	
331.178	-95.4381	-4138.05	0.809518	-0.417859	0.412402	27.8713804639	Atom	
336.791	-98.3355	-4135.19	0.813414	-0.410705	0.411922	27.8557253958	Atom	
339.052	-99.4772	-4134.05	0.813462	-0.394485	0.427389	27.8494464961	Atom	
380.581	-119.616	-4112.23	0.807444	-0.393522	0.439517	27.7341147713	Atom	
422.218	-139.909	-4089.56	0.804324	-0.389804	0.44846	27.6172339775	Atom	
461.994	-159.186	-4067.38	0.789478	-0.392869	0.471571	27.5047659252	Atom	
478.916	-167.607	-4057.28	0.832167	-0.359165	0.422492	27.4558618707	Atom	
482.361	-169.094	-4055.53	0.805798	-0.381278	0.453119	27.4464014073	Atom	
486.776	-171.182	-4053.05	0.849326	-0.364771	0.381559	27.433880593	Atom	
558.411	-201.949	-4020.86	0.879282	-0.274038	0.389572	27.2410452526	Atom	
559.475	-202.28	-4020.39	0.855543	-0.295245	0.425295	27.238263141	Atom	
579.151	-209.07	-4010.61	0.799999	-0.34375	0.491771	27.1853811243	Atom	
587.337	-212.588	-4005.58	0.801266	-0.342072	0.490877	27.1618178707	Atom	
624.937	-228.64	-3982.54	0.796813	-0.362262	0.483587	27.0536787611	Atom	
656.359	-242.926	-3963.47	0.796615	-0.344085	0.497001	26.9625112871	Atom	
725.497	-272.789	-3920.34	0.79821	-0.344761	0.493964	26.7613320952	Atom	
726.919	-273.402	-3919.46	0.825417	-0.441153	0.352237	26.7571797043	Atom	
732.287	-276.271	-3917.17	0.844946	-0.433161	0.313749	26.742012832	Atom	
745.386	-282.987	-3912.3	0.911272	-0.32849	0.248351	26.7058422015	Atom	
749.479	-284.462	-3911.19	0.90898	-0.350875	0.225039	26.6953516271	Atom	
762.563	-289.513	-3907.95	0.958003	-0.253617	0.133826	26.661719692	Atom	
775.667	-292.982	-3906.12	0.962879	-0.245616	0.111969	26.6297307798	Atom	
782.696	-294.775	-3905.3	0.968595	-0.233644	0.0850543	26.612639791	Atom	
814.461	-302.437	-3902.51	0.979333	-0.132813	0.152536	26.5358302139	Atom	
817.446	-302.842	-3902.05	0.975835	-0.149098	0.159734	26.5286749578	Atom	
818.934	-303.069	-3901.8	0.970318	-0.151712	0.188326	26.525092819	Atom	
820.323	-303.286	-3901.53	0.983108	-0.0688897	0.169564	26.521733297	Atom	
885.587	-307.86	-3890.28	0.991837	-0.0705805	0.106201	26.3658236091	Atom	
888.984	-308.101	-3889.91	0.979517	-0.181172	0.0878854	26.3577426374	Atom	
949.134	-319.227	-3884.52	0.979443	-0.123541	0.159463	26.212810784	Atom	
953.668	-319.799	-3883.78	0.974855	-0.149505	0.165244	26.2018392381	Atom	
992.978	-325.827	-3877.12	0.97921	-0.120341	0.163297	26.1062194408	Atom	
995.338	-326.117	-3876.72	0.991692	-0.114614	0.0583924	26.1004881157	Atom	
1011.04	-327.932	-3875.8	0.989632	-0.0850287	0.115751	26.0628334557	Atom	
1048.15	-331.121	-3871.46	0.974326	-0.13883	0.177241	25.9735277305	Atom	
1061.58	-333.034	-3869.01	0.980108	-0.12212	0.156443	25.9406186942	Atom	
1071.69	-334.294	-3867.4	0.964027	-0.0252135	0.264605	25.9159629039	Atom	
1078.9	-334.482	-3865.42	0.958834	-0.0109718	0.283756	25.8980686558	Atom	
1086.85	-334.573	-3863.07	0.970353	0.0151511	0.241217	25.8782260503	Atom	
1086.98	-334.571	-3863.04	0.969044	0.0465696	0.242454	25.8779092063	Atom	
1115.31	-333.21	-3855.95	0.971816	0.0673659	0.225908	25.8078992161	Atom	
1115.44	-333.201	-3855.92	0.91811	0.0745663	0.389248	25.8075821213	Atom	
1120.54	-332.787	-3853.76	0.91846	0.0934093	0.384325	25.7942465266	Atom	
1142.42	-330.562	-3844.6	0.916006	0.108249	0.386284	25.737057804	Atom	
1143.35	-330.451	-3844.21	0.909464	-0.0210067	0.415253	25.73460011	Atom	
1148.11	-330.561	-3842.03	0.914899	-0.00295882	0.403672	25.7220128578	Atom	
1156.77	-330.589	-3838.21	0.802287	0.589647	-0.0930132	25.6992496913	Atom	
1159.01	-328.943	-3838.47	0.789662	0.609747	-0.0681281	25.6925284146	Atom	
1163.37	-325.578	-3838.85	0.786806	0.612798	-0.0735791	25.6792354372	Atom	
1183.16	-310.161	-3840.7	0.813035	0.580739	-0.0414325	25.6186202966	Atom	
1221.94	-282.458	-3842.68	0.775926	0.622837	-0.100067	25.5034643987	Atom	
1244.12	-264.657	-3845.54	0.798506	0.590095	-0.119064	25.434227574	Atom	
1245.76	-263.447	-3845.78	0.823887	0.563307	-0.0624092	25.4292489933	Atom	
1263.46	-251.343	-3847.12	0.744799	0.667088	0.0163734	25.3770757983	Atom	
1291.12	-226.573	-3846.51	0.758458	0.650186	0.0447133	25.286765251	Atom	
1318.55	-203.058	-3844.9	0.781533	0.623861	0.00193666	25.198556406	Atom	
1321.19	-200.948	-3844.89	0.777726	0.623529	0.0797075	25.190284182	Atom	
1329.04	-194.656	-3844.09	0.623151	0.76907	-0.142176	25.1655968481	Atom	
1346.88	-172.641	-3848.16	0.616235	0.748513	-0.244913	25.0955142259	Atom	
1379.62	-132.867	-3861.17	0.623683	0.747001	-0.230239	24.9651315235	Atom	
1380.36	-131.988	-3861.44	0.634971	0.741104	-0.218121	24.9622333656	Atom	
1381.16	-131.044	-3861.72	0.636722	0.741316	-0.212214	24.9590939473	Atom	
1386.39	-124.964	-3863.46	0.628396	0.737668	-0.246908	24.9388813569	Atom	
1387.47	-123.695	-3863.88	0.625107	0.746898	-0.226682	24.9346394812	Atom	
1389.32	-121.482	-3864.56	0.627098	0.737448	-0.250833	24.9273316106	Atom	
1392.81	-117.379	-3865.95	0.622866	0.726577	-0.29004	24.9136085003	Atom	
1396.66	-112.888	-3867.74	0.616191	0.704531	-0.352059	24.8983548117	Atom	
1399.96	-109.118	-3869.63	0.623352	0.695956	-0.356479	24.8851404525	Atom	
1408.39	-99.6968	-3874.45	0.631506	0.667237	-0.394962	24.8517039178	Atom	
1412.79	-95.0558	-3877.2	0.618848	0.69072	-0.374076	24.8345050238	Atom	
1421.29	-85.5674	-3882.34	0.605856	0.742005	-0.286996	24.8005186791	Atom	
1433.33	-70.8219	-3888.04	0.565455	0.787049	-0.246608	24.7512992392	Atom	
1434.36	-69.3824	-3888.49	0.212457	0.876934	-0.431101	24.7467622255	Atom	
1447.83	-13.7871	-3915.82	0.211694	0.87293	-0.439522	24.5894725558	Atom	
1449.75	-5.88375	-3919.8	0.198677	0.846302	-0.494268	24.5668963894	Atom	
1451.18	0.221018	-3923.37	0.261001	0.800362	-0.539722	24.5488961743	Atom	
1451.39	0.873098	-3923.81	0.293989	0.801757	-0.520343	24.5468619451	Atom	
1461.61	28.7259	-3941.89	0.268596	0.83479	-0.480606	24.4601177499	Atom	
1468.28	49.4755	-3953.83	0.290598	0.83679	-0.464042	24.3978790065	Atom	
1468.4	49.7981	-3954.01	0.450341	0.781643	-0.43154	24.3969117868	Atom	
1469.49	51.6962	-3955.06	0.45419	0.770584	-0.447115	24.3908189144	Atom	
1477.22	64.8056	-3962.67	0.427638	0.810113	-0.401051	24.348124998	Atom	
1507.66	122.478	-3991.22	0.428708	0.811251	-0.397594	24.1692198799	Atom	
1509.74	126.415	-3993.15	0.403208	0.861822	-0.307711	24.1569507564	Atom	
1512.88	133.124	-3995.54	0.390984	0.870594	-0.29866	24.1372659462	Atom	
1512.89	133.154	-3995.55	0.381999	0.877308	-0.29053	24.1371795811	Atom	
1524.91	160.756	-4004.69	0.382356	0.870837	-0.308944	24.0575673169	Atom	
1525.22	161.466	-4004.94	0.372995	0.884538	-0.28012	24.0554984043	Atom	
1528.61	169.511	-4007.49	0.372348	0.885059	-0.279334	24.0324233298	Atom	
1528.73	169.785	-4007.58	0.372269	0.88033	-0.293997	24.0316380527	Atom	
1531.62	176.619	-4009.86	0.406365	0.608206	-0.681874	24.0119262956	Atom	
1544.97	196.605	-4032.27	0.407289	0.619707	-0.670879	23.9284328527	Atom	
1548.11	201.379	-4037.44	0.375481	0.664904	-0.64569	23.9088055134	Atom	
1550.29	205.233	-4041.18	0.353445	0.767951	-0.534162	23.8940283717	Atom	
1552.18	209.342	-4044.04	0.340075	0.815871	-0.467657	23.8803790278	Atom	
1555.49	217.293	-4048.59	0.360582	0.839348	-0.406787	23.8555095766	Atom	
1565.01	239.446	-4059.33	0.427161	0.808266	-0.405265	23.7881055421	Atom	
1566.23	241.759	-4060.49	0.446563	0.797234	-0.406201	23.7807776737	Atom	
1567.72	244.408	-4061.84	0.448829	0.802969	-0.392165	23.7722725647	Atom	
1568.11	245.117	-4062.19	0.427462	0.793548	-0.433079	23.7700118449	Atom	
1571.81	251.974	-4065.93	0.44252	0.762368	-0.472197	23.74787924	Atom	
1573.89	255.568	-4068.15	0.462029	0.754525	-0.466071	23.7357957059	Atom	
1574.5	256.567	-4068.77	0.38752	0.809825	-0.440469	23.7324032063	Atom	
1590.95	290.94	-4087.47	0.40022	0.811721	-0.425362	23.6235543315	Atom	
1612.63	334.913	-4110.51	0.567954	0.758664	-0.31915	23.4841296152	Atom	
1616.11	339.553	-4112.46	0.510978	0.750014	-0.419976	23.4683168011	Atom	
1626.49	354.795	-4121	0.58501	0.729442	-0.354511	23.4157405493	Atom	
1627.02	355.46	-4121.32	0.797904	0.580445	-0.162585	23.4133793516	Atom	
1647.64	370.457	-4125.52	0.793443	0.580064	-0.184322	23.346410562	Atom	
1652.49	374.001	-4126.65	0.800988	0.566375	-0.194003	23.3305379704	Atom	
1657.69	377.682	-4127.91	0.814307	0.54896	-0.188539	23.31364736	Atom	
1661.39	380.177	-4128.76	0.766211	0.552337	-0.328397	23.3018239261	Atom	
1693.86	403.579	-4142.68	0.773495	0.527817	-0.350878	23.1915952697	Atom	
1704.46	410.817	-4147.49	0.784784	0.516556	-0.342468	23.1557840947	Atom	
1704.54	410.867	-4147.52	0.768528	0.525704	-0.364692	23.1555311177	Atom	
1719.52	421.115	-4154.63	0.744403	0.55018	-0.378373	23.1045599105	Atom	
1723.63	424.151	-4156.72	0.737202	0.556188	-0.383652	23.0901084413	Atom	
1723.82	424.294	-4156.82	0.742385	0.562045	-0.364652	23.089434489	Atom	
1748.19	442.742	-4168.79	0.705239	0.57617	-0.413118	23.0034198099	Atom	
1768.81	459.591	-4180.87	0.721362	0.582705	-0.37429	22.9265619282	Atom	
1800.38	485.092	-4197.25	0.703219	0.597758	-0.384926	22.8112379777	Atom	
1810.44	493.643	-4202.76	0.648702	0.638732	-0.413773	22.7733929921	Atom	
1820.59	503.64	-4209.23	0.585374	0.715964	-0.380438	22.731931185	Atom	
1869.49	563.449	-4241.01	0.625629	0.684461	-0.374301	22.5103139043	Atom	
1875.32	569.825	-4244.5	0.616535	0.69529	-0.369399	22.4854077322	Atom	
1878.47	573.377	-4246.39	0.601818	0.697477	-0.389026	22.471738935	Atom	
1886.25	582.391	-4251.41	0.667031	0.680323	-0.303695	22.4371423851	Atom	
1907.57	604.134	-4261.12	0.58004	0.71484	-0.390587	22.3514794071	Atom	
1909.43	606.427	-4262.37	0.520695	0.732666	-0.438266	22.3428570607	Atom	
1914.07	612.963	-4266.28	0.547529	0.734598	-0.400721	22.3188665306	Atom	
1914.77	613.905	-4266.8	0.468074	0.73309	-0.493443	22.3154151895	Atom	
1920.37	622.666	-4272.69	0.483394	0.767322	-0.421363	22.2832461048	Atom	
1920.82	623.383	-4273.09	0.485276	0.757158	-0.437286	22.2807286178	Atom	
1924.45	629.051	-4276.36	0.421086	0.807362	-0.413344	22.2605510231	Atom	
1932.86	645.175	-4284.62	0.489655	0.781112	-0.387431	22.2066887011	Atom	
1936.3	650.665	-4287.34	0.457961	0.756619	-0.466689	22.1876954765	Atom	
1937.29	652.297	-4288.34	0.357898	0.805298	-0.472657	22.1818640594	Atom	
1940.95	660.523	-4293.17	0.357105	0.798899	-0.48398	22.1542374551	Atom	
1941.61	662.008	-4294.07	0.430912	0.771641	-0.467852	22.1492054846	Atom	
1943.63	665.628	-4296.27	0.456138	0.744575	-0.487388	22.1365050816	Atom	
1947.22	671.482	-4300.1	0.483372	0.73987	-0.467914	22.1152066291	Atom	
1956.35	685.458	-4308.94	0.43731	0.748785	-0.498077	22.063996659	Atom	
1973.03	714.018	-4327.94	0.439078	0.74885	-0.496422	21.9604071371	Atom	
1984.43	733.457	-4340.82	0.354255	0.73172	-0.582314	21.8896468845	Atom	
1987.72	740.267	-4346.24	0.334697	0.702345	-0.628244	21.8642100917	Atom	
1992.61	750.522	-4355.41	0.210925	0.67835	-0.703813	21.8242727995	Atom	
2003.17	784.473	-4390.64	0.24976	0.656041	-0.712201	21.6871699875	Atom	
2011.47	806.289	-4414.32	0.30422	0.607552	-0.73371	21.5956259976	Atom	
2015.5	814.334	-4424.04	0.288262	0.61921	-0.7304	21.5590545283	Atom	
2017.83	819.332	-4429.93	0.0646218	0.594964	-0.80115	21.536730628	Atom	
2018.21	822.86	-4434.69	0.0503694	0.585447	-0.809145	21.5203141376	Atom	
2019.41	836.797	-4453.95	0.0644937	0.628092	-0.775461	21.454382698	Atom	
2020.77	850.079	-4470.35	0.0663217	0.615448	-0.785382	21.3956726391	Atom	
2022.05	861.88	-4485.4	0.331194	0.453032	-0.827691	21.3423257361	Atom	
2027.1	868.789	-4498.03	0.351123	0.439563	-0.826739	21.2998115258	Atom	
2037.74	882.11	-4523.08	0.359532	0.443525	-0.820988	21.2151965697	Atom	
2041.85	887.186	-4532.48	0.377899	0.436111	-0.8167	21.1831389109	Atom	
2044.6	890.361	-4538.42	0.1692	0.344264	-0.923501	21.1627258383	Atom	
2044.9	890.958	-4540.03	0.141312	0.364798	-0.920301	21.1578547361	Atom	
2047.8	898.462	-4558.96	0.165298	0.333068	-0.928301	21.1001232853	Atom	
2048.74	900.342	-4564.2	0.183346	0.404687	-0.895886	21.0842439009	Atom	
2049.1	901.139	-4565.96	0.19887	0.380009	-0.903351	21.0787002244	Atom	
2051.03	904.828	-4574.73	0.204104	0.378087	-0.902991	21.0513742397	Atom	
2051.03	904.839	-4574.76	0.174703	0.402866	-0.898431	21.0512913778	Atom	
2051.05	904.867	-4574.82	0.0925514	0.423834	-0.900999	21.0510941161	Atom	
2052.04	909.432	-4584.52	0.115314	0.417973	-0.901111	21.0207465938	Atom	
2052.05	909.456	-4584.58	0.108567	0.357745	-0.927487	21.0205844497	Atom	
2055.69	921.466	-4615.71	0.176327	0.307212	-0.935163	20.9258769321	Atom	
2055.78	921.607	-4616.14	0.152381	0.284464	-0.946499	20.9245779389	Atom	
2061.26	931.845	-4650.21	0.146115	0.271442	-0.951299	20.8226772667	Atom	
2062.92	934.923	-4661	0.165867	0.250553	-0.953788	20.7904436745	Atom	
2063.14	935.263	-4662.29	0.13478	0.311948	-0.940491	20.7865886823	Atom	
2064.15	937.597	-4669.33	0.127927	0.37354	-0.918751	20.7652920339	Atom	
2064.5	938.632	-4671.87	0.0816522	0.30327	-0.9494	20.7574011702	Atom	
2064.88	940.027	-4676.24	0.0555069	0.358293	-0.931958	20.7442975892	Atom	
2064.93	940.368	-4677.12	0.00694829	0.312143	-0.95001	20.7415845056	Atom	
2064.94	940.565	-4677.72	0.0242064	0.29795	-0.954275	20.7397812089	Atom	
2064.96	940.819	-4678.54	0.0329916	0.29456	-0.955063	20.7373556186	Atom	
2064.98	941.058	-4679.31	0.0372962	0.279658	-0.959375	20.7350345762	Atom	
2067.35	958.81	-4740.21	0.0158068	0.260072	-0.96546	20.5540279865	Atom	
2067.4	959.672	-4743.41	0.0389466	0.239704	-0.970065	20.544514425	Atom	
2068.39	965.707	-4767.84	0.0532921	0.23936	-0.969467	20.4722002413	Atom	
2069.08	968.849	-4780.56	0.134378	0.183436	-0.973804	20.4343966739	Atom	
2069.67	969.655	-4784.84	0.0311541	0.187548	-0.981761	20.4217229535	Atom	
2069.78	970.272	-4788.07	0.34248	-0.0525107	-0.938057	20.4122196403	Atom	
2070.88	970.104	-4791.09	0.365615	-0.0241163	-0.930454	20.4029292715	Atom	
2075.2	969.819	-4802.08	0.301147	-0.107129	-0.947541	20.3688137561	Atom	
2077.32	969.065	-4808.75	0.213679	-0.178217	-0.96051	20.3484715301	Atom	
2077.32	969.06	-4808.77	0.20273	-0.116936	-0.972228	20.3483965573	Atom	
2079.42	967.849	-4818.84	0.210001	-0.113452	-0.971096	20.3184307543	Atom	
2083.01	965.913	-4835.42	0.199032	-0.103009	-0.974564	20.268977045	Atom	
2083.07	965.878	-4835.74	0.214514	-0.109015	-0.970618	20.2680071888	Atom	
2087.19	963.785	-4854.39	0.179321	0.084696	-0.980138	20.2122525093	Atom	
2088.62	964.46	-4862.2	0.206626	0.0999249	-0.973304	20.1890543186	Atom	
2089.43	964.848	-4865.98	0.19926	0.124116	-0.972055	20.1777588316	Atom	
2090.5	965.515	-4871.2	0.213054	0.143714	-0.966413	20.1621007797	Atom	
2092.01	966.538	-4878.08	0.333538	-0.0385837	-0.941947	20.1413574545	Atom	
2105.8	964.943	-4917.01	0.343587	-0.0643005	-0.936917	20.0207992244	Atom	
2107.11	964.697	-4920.59	0.435575	0.00410333	-0.900143	20.0096005383	Atom	
2109.59	964.721	-4925.72	0.403309	0.0231197	-0.914772	19.9928969795	Atom	
2110.92	964.797	-4928.73	0.40372	0.00225811	-0.91488	19.9832374579	Atom	
2119.5	964.845	-4948.18	0.375927	0.00220795	-0.926646	19.9208455606	Atom	
2140.53	964.968	-5000	0.375927	0.00220795	-0.926646	19.7562971548	Region	
"-----------------------------------------------------------------"
"Trajectory"	142

"NbCollisions"	369
"Zmax"	0
"Display"	256

"Collisions"

"X"	"Y"	"Z"	"Rx"	"Ry"	"Rz"	"Energy"	"CollisionType"	
0.316591	-0.229335	-5000	1.5202e-006	-3.44137e-006	1	30	Region	
0.316619	-0.229397	-4981.79	0.113315	-0.0366867	0.992882	29.9612250958	Atom	
2.84834	-1.04906	-4959.6	0.216278	-0.100443	0.971151	29.9136070683	Atom	
4.05014	-1.6072	-4954.21	0.209344	-0.0852726	0.974117	29.9017489509	Atom	
5.42852	-2.16865	-4947.79	0.197835	0.0642249	0.978129	29.8876936358	Atom	
15.2229	1.01098	-4899.37	0.220957	-0.00866174	0.975245	29.7819705387	Atom	
15.4028	1.00393	-4898.58	0.194478	0.00233185	0.980904	29.7802274226	Atom	
18.5965	1.04222	-4882.47	0.134251	0.0148906	0.990835	29.7450575198	Atom	
20.3644	1.23831	-4869.42	-0.00134245	-0.300448	0.953797	29.7168286987	Atom	
20.3563	-0.56921	-4863.68	0.00456251	-0.289494	0.957169	29.7039225327	Atom	
20.4029	-3.52925	-4853.89	0.0175092	-0.290937	0.956582	29.6819796717	Atom	
20.6178	-7.09983	-4842.15	0.0341137	-0.297448	0.954128	29.6556266826	Atom	
20.628	-7.18859	-4841.87	0.011288	-0.313771	0.949432	29.6549854284	Atom	
20.8213	-12.5607	-4825.61	-0.0422702	-0.167528	0.984961	29.6181945811	Atom	
19.4309	-18.071	-4793.22	-0.0554306	-0.150682	0.987027	29.5474453626	Atom	
19.2126	-18.6644	-4789.33	0.0267517	-0.232249	0.972288	29.5389581858	Atom	
19.9371	-24.9544	-4763	0.0201086	-0.215198	0.976363	29.4805783637	Atom	
20.6206	-32.2684	-4729.81	0.0108236	-0.242255	0.970152	29.407200701	Atom	
21.0007	-40.7766	-4695.74	0.0724281	-0.207658	0.975516	29.3312241786	Atom	
21.5936	-42.4765	-4687.76	0.0701597	-0.205309	0.976179	29.3134792867	Atom	
22.0589	-43.8381	-4681.28	0.0364291	-0.106275	0.993669	29.2990950529	Atom	
23.7627	-48.8086	-4634.81	0.0303553	-0.127246	0.991407	29.1976206531	Atom	
24.5459	-52.0916	-4609.23	0.0880097	-0.273538	0.957826	29.1414881263	Atom	
24.803	-52.8906	-4606.43	0.0853612	-0.272089	0.958479	29.1351231332	Atom	
26.541	-58.4307	-4586.92	0.195528	-0.552695	0.810122	29.0907480205	Atom	
29.3731	-66.436	-4575.18	0.17387	-0.555973	0.812812	29.059142969	Atom	
31.1768	-72.2036	-4566.75	0.185291	-0.619986	0.76242	29.0364872848	Atom	
39.1977	-99.0416	-4533.75	0.214022	-0.627357	0.748744	28.9418905293	Atom	
52.5555	-138.197	-4487.01	0.196734	-0.602635	0.773386	28.8051441476	Atom	
53.309	-140.505	-4484.05	0.247844	-0.615329	0.748294	28.7967204893	Atom	
55.3202	-145.499	-4477.98	0.23233	-0.59887	0.766405	28.7788697399	Atom	
61.5263	-161.496	-4457.51	0.17778	-0.593501	0.784952	28.7200794792	Atom	
66.8256	-179.187	-4434.11	0.145819	-0.578429	0.802593	28.6543687749	Atom	
67.8219	-183.139	-4428.63	0.150135	-0.573404	0.805399	28.6392789214	Atom	
68.4724	-185.623	-4425.14	0.174538	-0.612367	0.771066	28.6297069512	Atom	
77.7404	-218.14	-4384.19	0.153891	-0.598732	0.786026	28.5123557115	Atom	
81.1644	-231.462	-4366.7	0.0770908	-0.569597	0.818301	28.463023244	Atom	
84.2945	-254.589	-4333.48	-0.158491	-0.280911	0.946557	28.3728725192	Atom	
79.2505	-263.529	-4303.35	-0.205354	-0.204678	0.957046	28.3020322763	Atom	
73.8553	-268.907	-4278.21	0.395583	-0.176971	0.901219	28.2434358103	Atom	
74.5615	-269.223	-4276.6	0.384198	-0.171222	0.907235	28.2394476324	Atom	
75.4478	-269.618	-4274.51	0.443567	-0.269069	0.854897	28.2342933454	Atom	
79.789	-272.251	-4266.14	0.371312	-0.330085	0.867854	28.2124232524	Atom	
88.8547	-280.31	-4244.95	0.410867	-0.0656823	0.909326	28.1578309196	Atom	
97.8175	-281.743	-4225.12	0.390084	-0.0665042	0.918375	28.1089793443	Atom	
98.9999	-281.944	-4222.33	0.303335	-0.0359173	0.952207	28.1021820158	Atom	
112.549	-283.549	-4179.8	0.346761	-0.0964702	0.932979	28.0019975725	Atom	
116.843	-284.743	-4168.25	0.467103	-0.178257	0.866048	27.9741405723	Atom	
121.601	-286.559	-4159.42	0.477783	-0.202167	0.854899	27.9512089197	Atom	
131.983	-290.952	-4140.85	0.47895	-0.204118	0.853782	27.9022609548	Atom	
171.094	-307.62	-4071.13	0.415207	-0.177172	0.892308	27.7180605737	Atom	
173.758	-308.757	-4065.4	0.407892	-0.174333	0.896232	27.7035114646	Atom	
176.232	-309.814	-4059.97	0.39581	-0.0981404	0.913074	27.6897522814	Atom	
184.581	-311.885	-4040.71	0.405893	-0.0299439	0.91343	27.6418777444	Atom	
190.459	-312.318	-4027.48	0.386085	-0.0321334	0.921904	27.6089689045	Atom	
210.149	-313.957	-3980.46	0.441516	-0.0499557	0.895862	27.4929546922	Atom	
212.447	-314.217	-3975.8	0.412473	-0.0615035	0.908891	27.4810751537	Atom	
217.484	-314.968	-3964.7	0.404137	-0.0777377	0.911389	27.4531923321	Atom	
228.651	-317.116	-3939.52	0.388236	-0.0431078	0.920551	27.3900536566	Atom	
236.951	-318.038	-3919.84	0.656478	-0.146777	0.739928	27.3411113542	Atom	
251.801	-321.358	-3903.1	0.753367	-0.235829	0.613859	27.2892546941	Atom	
261.058	-324.256	-3895.56	0.766428	-0.250842	0.591327	27.2610437708	Atom	
295.636	-335.572	-3868.88	0.750091	-0.304563	0.587031	27.1573757692	Atom	
306.172	-339.85	-3860.63	0.751469	-0.263406	0.604907	27.1250011169	Atom	
323.35	-345.872	-3846.81	0.836226	-0.140612	0.530051	27.0722650401	Atom	
340.089	-348.686	-3836.2	0.798927	-0.172985	0.576014	27.0260141115	Atom	
409.687	-363.756	-3786.02	0.803505	-0.196574	0.561906	26.824455114	Atom	
431.901	-369.191	-3770.48	0.816901	-0.195505	0.542632	26.760108787	Atom	
466.658	-377.509	-3747.39	0.729827	-0.250745	0.635987	26.6608914511	Atom	
477.806	-381.339	-3737.68	0.68753	-0.306481	0.65831	26.6251665619	Atom	
483.096	-383.697	-3732.61	0.692129	-0.300671	0.656167	26.6071531701	Atom	
492.433	-387.753	-3723.76	0.655465	-0.330272	0.67918	26.5755481603	Atom	
492.643	-387.859	-3723.54	0.652056	-0.359851	0.667331	26.5747984493	Atom	
514.898	-400.141	-3700.77	0.649682	-0.375989	0.660716	26.4947685316	Atom	
538.817	-413.983	-3676.44	0.618623	-0.381784	0.686693	26.4082325701	Atom	
557.38	-425.439	-3655.84	0.524538	-0.464656	0.71341	26.3375209588	Atom	
567.655	-434.542	-3641.86	0.594678	-0.62392	0.507031	26.2912589561	Atom	
575.858	-443.148	-3634.87	0.573463	-0.601045	0.556673	26.2586356958	Atom	
576.567	-443.891	-3634.18	0.563218	-0.606038	0.561696	26.2557102759	Atom	
577.523	-444.92	-3633.23	0.522273	-0.543569	0.657087	26.2516919814	Atom	
579.38	-446.852	-3630.89	0.433696	-0.59096	0.680202	26.2432742139	Atom	
579.65	-447.22	-3630.47	0.453387	-0.563588	0.690514	26.2418003531	Atom	
590.237	-460.381	-3614.34	0.446762	-0.568771	0.690582	26.1864926867	Atom	
599.807	-472.565	-3599.55	0.489558	-0.512575	0.705408	26.1356744359	Atom	
600.185	-472.96	-3599.01	0.497019	-0.514923	0.698445	26.1338435426	Atom	
608.611	-481.689	-3587.17	0.453475	-0.498914	0.738543	26.0935602835	Atom	
610.664	-483.948	-3583.82	0.477728	-0.447396	0.756051	26.0827879293	Atom	
611.841	-485.05	-3581.96	0.485569	-0.459619	0.743622	26.0769250007	Atom	
619.479	-492.28	-3570.26	0.482147	-0.454009	0.749273	26.0394848037	Atom	
627.329	-499.672	-3558.06	0.485528	-0.445102	0.752427	26.0006841998	Atom	
636.24	-507.841	-3544.25	0.475834	-0.435809	0.763971	25.9568967897	Atom	
672.929	-541.444	-3485.35	0.455173	-0.444816	0.771334	25.7726934274	Atom	
681.23	-549.557	-3471.28	0.648291	-0.473047	0.596612	25.7288780822	Atom	
687.052	-553.805	-3465.92	0.579702	-0.707087	0.404935	25.7072736396	Atom	
691.503	-559.233	-3462.81	0.571982	-0.706824	0.416216	25.6887910163	Atom	
698.311	-567.647	-3457.86	0.569099	-0.723463	0.390804	25.6601194036	Atom	
701.055	-571.134	-3455.97	0.521291	-0.728765	0.444024	25.6484971998	Atom	
732.847	-615.581	-3428.89	0.5643	-0.707382	0.425649	25.5014082392	Atom	
744.933	-630.73	-3419.78	0.260627	-0.931725	0.252908	25.4495213126	Atom	
749.035	-645.395	-3415.8	0.259902	-0.943295	0.206506	25.4113270443	Atom	
750.346	-650.155	-3414.76	0.28109	-0.937507	0.205107	25.3990667268	Atom	
755.49	-667.312	-3411	0.119554	-0.982291	0.144261	25.3545890223	Atom	
755.758	-669.513	-3410.68	0.120783	-0.982003	0.145198	25.3491342474	Atom	
757.359	-682.527	-3408.75	0.105342	-0.982843	0.151402	25.316874476	Atom	
758.348	-691.756	-3407.33	0.101674	-0.979297	0.175044	25.2939926547	Atom	
758.626	-694.436	-3406.85	0.141208	-0.975457	0.16895	25.2873194291	Atom	
761.576	-714.813	-3403.32	0.179647	-0.974179	0.136758	25.2363698946	Atom	
763.762	-726.668	-3401.66	0.210062	-0.959088	0.1898	25.2066415659	Atom	
764.181	-728.58	-3401.28	0.227926	-0.938555	0.259162	25.2017685271	Atom	
771.648	-759.327	-3392.79	0.250282	-0.934357	0.253645	25.1216509051	Atom	
771.652	-759.342	-3392.79	0.265032	-0.928003	0.261856	25.1216130566	Atom	
774.149	-768.084	-3390.32	0.344124	-0.803427	0.485884	25.0985172778	Atom	
781.931	-786.254	-3379.33	0.333072	-0.800767	0.497831	25.0430290115	Atom	
783.734	-790.589	-3376.64	0.312738	-0.810722	0.494898	25.0297254839	Atom	
788.67	-803.385	-3368.83	0.431659	-0.824545	0.36578	24.9909164756	Atom	
789.483	-804.938	-3368.14	0.45244	-0.810187	0.372686	24.9862799305	Atom	
794.059	-813.131	-3364.37	0.463983	-0.820183	0.334693	24.9613793811	Atom	
815.71	-851.404	-3348.75	0.777185	-0.574054	0.257769	24.8463941754	Atom	
819.379	-854.114	-3347.53	0.802842	-0.540533	0.251534	24.8347188853	Atom	
821.569	-855.588	-3346.85	0.838449	-0.505353	0.204012	24.8279679159	Atom	
832.684	-862.288	-3344.14	0.865585	-0.453102	0.213218	24.7951630486	Atom	
843.709	-868.059	-3341.43	0.881107	-0.425344	0.206721	24.7636115161	Atom	
858.68	-875.286	-3337.91	0.885845	-0.451313	0.10768	24.7214795729	Atom	
896.223	-894.413	-3333.35	0.864752	-0.427334	0.263798	24.6162439348	Atom	
905.103	-898.801	-3330.64	0.867644	-0.396336	0.300184	24.5906605861	Atom	
905.413	-898.943	-3330.54	0.902778	0.222626	0.368007	24.5897704409	Atom	
921.789	-894.904	-3323.86	0.908081	0.0904524	0.40891	24.5445376455	Atom	
954.279	-891.668	-3309.23	0.91349	0.126557	0.386676	24.4551913602	Atom	
955.754	-891.464	-3308.6	0.875739	-0.140208	0.461977	24.4511476027	Atom	
956.003	-891.503	-3308.47	0.870541	-0.152072	0.468009	24.4504352613	Atom	
975.415	-894.894	-3298.04	0.870494	-0.123605	0.476405	24.3945825235	Atom	
980.107	-895.561	-3295.47	0.883273	-0.139046	0.447766	24.3810576571	Atom	
987.172	-896.673	-3291.89	0.872691	-0.124232	0.472204	24.3609760837	Atom	
1010.56	-900.002	-3279.24	0.871896	-0.0930561	0.480768	24.2936669025	Atom	
1016.31	-900.616	-3276.06	0.891943	-0.042311	0.450165	24.2770435982	Atom	
1038.56	-901.672	-3264.83	0.89601	-0.00657665	0.443985	24.2142116727	Atom	
1043.59	-901.708	-3262.34	0.902058	-0.0188485	0.431204	24.2000446095	Atom	
1048.17	-901.804	-3260.15	0.891523	-0.00103275	0.452974	24.1872122863	Atom	
1060.18	-901.818	-3254.05	0.888235	0.00219985	0.459383	24.1531926008	Atom	
1105.27	-901.706	-3230.73	0.862435	-0.0348021	0.50497	24.0248100638	Atom	
1122.46	-902.4	-3220.66	0.857106	-0.0167323	0.514868	23.97418071	Atom	
1123.3	-902.417	-3220.16	0.852131	-0.00843595	0.523261	23.971698617	Atom	
1128.55	-902.469	-3216.93	0.856053	-0.0762721	0.51123	23.9560136448	Atom	
1142.53	-903.714	-3208.59	0.856383	-0.104168	0.505725	23.9144446334	Atom	
1143.53	-903.836	-3208	0.864615	-0.200334	0.460768	23.9114719562	Atom	
1144.62	-904.087	-3207.42	0.877662	-0.214136	0.428783	23.9082680934	Atom	
1181.65	-913.122	-3189.33	0.822064	-0.193155	0.535632	23.8007025227	Atom	
1192.88	-915.762	-3182.01	0.790336	-0.358734	0.496668	23.7657284388	Atom	
1217.13	-926.768	-3166.77	0.806919	-0.396234	0.438041	23.687136131	Atom	
1217.48	-926.942	-3166.57	0.851795	-0.357765	0.382688	23.6860102871	Atom	
1241.94	-937.213	-3155.59	0.857417	-0.35337	0.374119	23.6122768953	Atom	
1257.82	-943.759	-3148.66	0.810951	-0.433321	0.393181	23.5645807607	Atom	
1280.47	-955.859	-3137.68	0.715198	-0.488195	0.500157	23.4925722132	Atom	
1282.9	-957.518	-3135.98	0.653832	-0.469525	0.593338	23.4837867363	Atom	
1293.53	-965.152	-3126.33	0.632294	-0.486989	0.602533	23.4417454533	Atom	
1299.88	-970.043	-3120.28	0.620689	-0.498669	0.605041	23.4157393332	Atom	
1304.93	-974.102	-3115.36	0.654444	-0.536482	0.532813	23.394642766	Atom	
1308.39	-976.937	-3112.54	0.626281	-0.513101	0.586941	23.3809348597	Atom	
1313.6	-981.208	-3107.66	0.631909	-0.501252	0.591132	23.3593382563	Atom	
1322.46	-988.237	-3099.37	0.701426	-0.548785	-0.454793	23.3229237923	Atom	
1355.14	-1013.8	-3120.55	0.717255	-0.547061	-0.431589	23.2018022344	Atom	
1365.74	-1021.89	-3126.93	0.73539	-0.566922	-0.371215	23.1632306478	Atom	
1387.34	-1038.54	-3137.83	0.381109	-0.647834	-0.659596	23.0864487682	Atom	
1399.61	-1059.39	-3159.07	0.408676	-0.628992	-0.661327	23.0020859737	Atom	
1401.4	-1062.15	-3161.97	0.40669	-0.619699	-0.67125	22.990562462	Atom	
1401.78	-1062.73	-3162.59	0.409791	-0.642878	-0.647132	22.9881041499	Atom	
1415.96	-1084.97	-3184.98	0.296666	-0.689866	-0.660359	22.8971207252	Atom	
1416.52	-1086.28	-3186.24	0.336427	-0.68372	-0.647567	22.8921112479	Atom	
1418.62	-1090.55	-3190.28	0.322424	-0.711671	-0.624154	22.8756289627	Atom	
1424.36	-1103.22	-3201.39	0.336757	-0.722219	-0.604148	22.8286504093	Atom	
1440.21	-1137.22	-3229.83	0.362753	-0.714546	-0.598193	22.7041862275	Atom	
1447.06	-1150.72	-3241.13	0.236118	-0.770278	-0.592385	22.6540175644	Atom	
1450.16	-1160.81	-3248.9	0.241262	-0.777925	-0.580195	22.6191409684	Atom	
1450.81	-1162.91	-3250.46	0.223549	-0.78787	-0.573836	22.6119557701	Atom	
1451	-1163.56	-3250.94	0.241929	-0.768249	-0.592675	22.6097530858	Atom	
1456.94	-1182.43	-3265.49	0.19467	-0.741518	-0.642071	22.5443115622	Atom	
1457.32	-1183.87	-3266.74	0.154983	-0.752439	-0.640168	22.5391296716	Atom	
1459.19	-1192.95	-3274.46	0.150378	-0.756245	-0.636773	22.5069219003	Atom	
1459.94	-1196.72	-3277.64	-0.0557305	-0.739595	-0.670741	22.4935780286	Atom	
1459.39	-1203.98	-3284.22	0.363862	-0.680538	-0.635982	22.4673378264	Atom	
1464.25	-1213.07	-3292.71	0.389906	-0.659952	-0.642212	22.4315731659	Atom	
1472.19	-1226.5	-3305.78	0.390663	-0.661491	-0.640166	22.3770053342	Atom	
1473.61	-1228.91	-3308.11	0.370622	-0.65785	-0.655647	22.3672284884	Atom	
1477.79	-1236.34	-3315.52	0.35868	-0.630708	-0.688155	22.3368860138	Atom	
1485.1	-1249.18	-3329.53	0.338099	-0.642115	-0.688025	22.2821092058	Atom	
1485.4	-1249.76	-3330.16	0.316987	-0.620275	-0.71748	22.2796690118	Atom	
1496.02	-1270.54	-3354.19	0.3322	-0.61012	-0.719303	22.1893696597	Atom	
1497.57	-1273.39	-3357.55	0.341834	-0.604102	-0.719868	22.1767699914	Atom	
1502.08	-1281.35	-3367.04	0.464289	-0.503516	-0.728634	22.1411050798	Atom	
1516.89	-1297.41	-3390.27	0.560435	-0.496841	-0.662617	22.0547303273	Atom	
1517.3	-1297.78	-3390.77	0.644064	-0.437979	-0.627181	22.052713658	Atom	
1520.05	-1299.65	-3393.44	0.73275	-0.262067	-0.628012	22.0411063914	Atom	
1546.07	-1308.96	-3415.75	0.61262	-0.322608	-0.72154	21.9445828029	Atom	
1555.16	-1313.74	-3426.45	0.59785	-0.35153	-0.720418	21.9041102112	Atom	
1567.2	-1320.82	-3440.96	0.539015	-0.390606	-0.74625	21.8491135915	Atom	
1579.46	-1329.7	-3457.93	0.540382	-0.430801	-0.72277	21.7868788155	Atom	
1590.34	-1338.38	-3472.49	0.506794	-0.41858	-0.753625	21.7316217568	Atom	
1595.8	-1342.88	-3480.59	0.570678	-0.396969	-0.718848	21.702059276	Atom	
1596.13	-1343.11	-3481.01	0.508918	-0.195694	-0.838276	21.7004621199	Atom	
1604.75	-1346.43	-3495.21	0.550648	-0.136556	-0.823492	21.6538584505	Atom	
1618.54	-1349.85	-3515.84	0.555438	-0.150925	-0.817747	21.5848173399	Atom	
1620.57	-1350.4	-3518.83	0.538051	-0.155155	-0.828509	21.5747151647	Atom	
1622.49	-1350.95	-3521.78	0.538981	-0.162446	-0.826505	21.5648497336	Atom	
1629.24	-1352.99	-3532.14	0.545057	-0.149273	-0.825003	21.530202293	Atom	
1631.66	-1353.65	-3535.8	0.557977	-0.138178	-0.818271	21.5179151784	Atom	
1637.07	-1354.99	-3543.73	0.637906	-0.269653	-0.721362	21.4910841508	Atom	
1644.37	-1358.08	-3551.98	0.638883	-0.264607	-0.722366	21.4593491482	Atom	
1673.99	-1370.34	-3585.47	0.630895	-0.269616	-0.727515	21.3306594639	Atom	
1685.26	-1375.16	-3598.47	0.643052	-0.284978	-0.710825	21.2808315051	Atom	
1689.65	-1377.11	-3603.32	0.657001	-0.316454	-0.684256	21.2617665137	Atom	
1704.83	-1384.42	-3619.14	0.650113	-0.304305	-0.696242	21.1971392983	Atom	
1717.98	-1390.57	-3633.21	0.654286	-0.260032	-0.710136	21.1404821092	Atom	
1736.31	-1397.86	-3653.11	0.650382	-0.256604	-0.714953	21.0617830606	Atom	
1766.87	-1409.92	-3686.7	0.647091	-0.242138	-0.72294	20.9294274267	Atom	
1767.42	-1410.12	-3687.32	0.620817	-0.253998	-0.741668	20.9270264835	Atom	
1767.87	-1410.31	-3687.86	0.52855	-0.392039	-0.752954	20.9249443449	Atom	
1777.1	-1417.15	-3701	0.537542	-0.387134	-0.749117	20.875541878	Atom	
1778.14	-1417.9	-3702.45	0.511517	-0.373653	-0.773779	20.8700571438	Atom	
1782.79	-1421.3	-3709.49	0.410088	-0.430923	-0.803824	20.8442379365	Atom	
1783.35	-1421.88	-3710.58	0.311181	-0.537966	-0.783428	20.8403894525	Atom	
1787.33	-1428.77	-3720.61	0.350078	-0.587651	-0.72946	20.8040233699	Atom	
1792.12	-1436.81	-3730.6	0.131915	-0.712061	-0.689614	20.7650947382	Atom	
1792.76	-1440.23	-3733.91	0.0842534	-0.732467	-0.67557	20.7514102546	Atom	
1793.68	-1448.25	-3741.3	-0.146321	-0.788035	-0.597989	20.7202230613	Atom	
1788.27	-1477.4	-3763.42	-0.108285	-0.779023	-0.617573	20.6146917266	Atom	
1785.65	-1496.22	-3778.34	-0.0857045	-0.777407	-0.623132	20.5454795549	Atom	
1784.61	-1505.65	-3785.9	-0.119857	-0.819415	-0.560529	20.5106536447	Atom	
1783.54	-1512.98	-3790.91	-0.130305	-0.833271	-0.53729	20.4849153317	Atom	
1781.77	-1524.28	-3798.2	-0.196026	-0.818696	-0.539731	20.4458875023	Atom	
1779.2	-1535.04	-3805.29	-0.194522	-0.833074	-0.517831	20.4079936564	Atom	
1778.43	-1538.31	-3807.33	0.0792697	-0.823713	-0.561438	20.3966482833	Atom	
1778.56	-1539.61	-3808.21	0.0435109	-0.842524	-0.536898	20.3921033151	Atom	
1778.7	-1542.45	-3810.02	-0.0137516	-0.874641	-0.484576	20.3823498888	Atom	
1778.64	-1546.8	-3812.44	0.122325	-0.906227	-0.40471	20.3679669226	Atom	
1779.89	-1556.1	-3816.59	0.251233	-0.872072	-0.419967	20.3383073653	Atom	
1781.87	-1562.96	-3819.89	0.272524	-0.859788	-0.43185	20.3155140401	Atom	
1785.41	-1574.13	-3825.5	0.224962	-0.865891	-0.446795	20.2778790836	Atom	
1791.21	-1596.45	-3837.02	0.151608	-0.860333	-0.486664	20.2030769889	Atom	
1793.65	-1610.33	-3844.87	0.239132	-0.853836	-0.462364	20.1561394171	Atom	
1794.26	-1612.49	-3846.04	0.171432	-0.867726	-0.466544	20.148766123	Atom	
1797.61	-1629.45	-3855.16	0.170677	-0.878132	-0.446938	20.0917507434	Atom	
1800.55	-1644.6	-3862.87	0.14791	-0.880809	-0.449776	20.041346299	Atom	
1800.78	-1645.95	-3863.56	0.32276	-0.859283	-0.39681	20.0368542696	Atom	
1801.43	-1647.67	-3864.35	0.307455	-0.871021	-0.383137	20.0309866737	Atom	
1806.12	-1660.96	-3870.2	0.302789	-0.869744	-0.389698	19.9862849233	Atom	
1817.98	-1695.04	-3885.47	0.314876	-0.880385	-0.354649	19.871276658	Atom	
1823.27	-1709.82	-3891.42	0.401084	-0.862526	-0.308515	19.8217949033	Atom	
1826.47	-1716.71	-3893.89	0.385684	-0.832007	-0.398763	19.7982190852	Atom	
1827.89	-1719.77	-3895.35	0.43957	-0.821324	-0.3636	19.7873307746	Atom	
1829.99	-1723.7	-3897.09	0.387556	-0.884545	-0.25958	19.7731727568	Atom	
1831.87	-1727.97	-3898.35	0.379154	-0.875049	-0.300885	19.7588759307	Atom	
1832.12	-1728.55	-3898.55	0.394822	-0.865911	-0.307105	19.7569223487	Atom	
1833.82	-1732.29	-3899.87	0.374196	-0.867858	-0.326803	19.7441427207	Atom	
1834.07	-1732.88	-3900.09	0.529343	-0.037358	-0.847585	19.7421332166	Atom	
1839.64	-1733.27	-3909	0.5309	-0.0151254	-0.847299	19.7109818386	Atom	
1842.76	-1733.36	-3913.98	0.519551	-0.00855284	-0.854396	19.6935453417	Atom	
1854.98	-1733.56	-3934.08	0.476619	-0.0835081	-0.875135	19.6237100986	Atom	
1861.16	-1734.64	-3945.42	0.477043	-0.0980337	-0.873395	19.5851364972	Atom	
1861.9	-1734.79	-3946.78	0.490027	0.0260602	-0.871317	19.5805104765	Atom	
1861.95	-1734.79	-3946.88	0.477862	0.0207908	-0.878189	19.5801557382	Atom	
1879.89	-1734.01	-3979.85	0.424214	0.0756235	-0.902399	19.4681984346	Atom	
1888.94	-1732.4	-3999.09	0.00161341	0.210482	-0.977596	19.4043151476	Atom	
1888.94	-1731.92	-4001.32	0.012186	0.151271	-0.988417	19.3974825085	Atom	
1889.26	-1728.02	-4026.82	0.0578707	0.153531	-0.986448	19.3199658682	Atom	
1890.29	-1725.29	-4044.36	-0.0133268	0.120034	-0.99268	19.2664033757	Atom	
1890.06	-1723.2	-4061.63	-0.0253147	0.144405	-0.989195	19.2138370123	Atom	
1889.46	-1719.83	-4084.71	-0.026855	0.187433	-0.98191	19.1432371855	Atom	
1889.17	-1717.8	-4095.35	-0.0494434	0.189328	-0.980668	19.1103414618	Atom	
1886.88	-1709	-4140.91	-0.0710979	0.139549	-0.987659	18.9691674109	Atom	
1886.32	-1707.9	-4148.71	-0.0386236	0.108651	-0.993329	18.9450275568	Atom	
1885.38	-1705.27	-4172.72	-0.0542115	0.175943	-0.982907	18.8710544329	Atom	
1884.45	-1702.24	-4189.66	-0.109394	0.224507	-0.968313	18.8181623123	Atom	
1874.12	-1681.05	-4281.04	-0.120997	0.239685	-0.963281	18.5278766865	Atom	
1871.75	-1676.36	-4299.91	-0.0686272	0.0562573	-0.996055	18.4668886124	Atom	
1868.33	-1673.55	-4349.62	-0.0998216	0.0666462	-0.992771	18.3111185968	Atom	
1868.25	-1673.5	-4350.44	-0.0575227	0.0501176	-0.997085	18.3085063108	Atom	
1866.29	-1671.79	-4384.32	-0.367651	0.0730862	-0.927087	18.2017448571	Atom	
1862.89	-1671.12	-4392.89	-0.421938	0.0355949	-0.905926	18.1725576804	Atom	
1860.94	-1670.95	-4397.09	-0.407956	0.0419983	-0.912035	18.1579226836	Atom	
1860.21	-1670.88	-4398.72	-0.507601	0.0371524	-0.860791	18.1522458955	Atom	
1858.86	-1670.78	-4401	-0.510531	0.0563063	-0.858014	18.1438812281	Atom	
1857.67	-1670.65	-4403.01	-0.452052	-0.0332411	-0.891372	18.1364833005	Atom	
1843.74	-1671.67	-4430.47	-0.323277	-0.0430762	-0.945323	18.0389558183	Atom	
1842.07	-1671.89	-4435.35	-0.244608	0.00981184	-0.969572	18.0225469629	Atom	
1840.95	-1671.85	-4439.79	-0.24873	-0.0353851	-0.967926	18.0079857162	Atom	
1836.41	-1672.5	-4457.47	-0.277909	-0.0736836	-0.957777	17.9498476458	Atom	
1835.5	-1672.74	-4460.62	-0.324061	-0.0893988	-0.941803	17.9393502308	Atom	
1832.95	-1673.44	-4468.01	-0.339992	-0.106308	-0.9344	17.9143026564	Atom	
1831.95	-1673.75	-4470.78	-0.28639	0.00103343	-0.958112	17.9048168883	Atom	
1831.04	-1673.75	-4473.79	-0.210435	-0.0101425	-0.977555	17.8947634943	Atom	
1829.96	-1673.8	-4478.83	-0.202299	-0.0254588	-0.978993	17.8782810874	Atom	
1829.41	-1673.87	-4481.5	-0.1534	-0.0651044	-0.986017	17.8695432618	Atom	
1827.18	-1674.82	-4495.8	-0.113663	0.0492089	-0.9923	17.8230973541	Atom	
1824.26	-1673.55	-4521.35	-0.152295	0.0413576	-0.987469	17.7404995728	Atom	
1818.18	-1671.9	-4560.73	-0.15859	0.0282942	-0.986939	17.6120782606	Atom	
1815.89	-1671.49	-4575.01	-0.153281	0.0428535	-0.987253	17.5652103947	Atom	
1815.78	-1671.46	-4575.72	-0.189068	-0.000764928	-0.981964	17.5628822461	Atom	
1813.72	-1671.47	-4586.42	-0.230286	-0.124439	-0.965134	17.5275079581	Atom	
1810.45	-1673.24	-4600.12	-0.179192	-0.0303504	-0.983346	17.4813804987	Atom	
1809.48	-1673.4	-4605.47	-0.3063	-0.00936993	-0.951889	17.4636767074	Atom	
1785.26	-1674.14	-4680.73	-0.181138	-0.16152	-0.970103	17.2059295208	Atom	
1784.06	-1675.21	-4687.14	-0.193583	-0.121571	-0.973523	17.1841630721	Atom	
1781.66	-1676.72	-4699.23	-0.118509	0.0179576	-0.992791	17.1431689001	Atom	
1779.94	-1676.46	-4713.58	-0.0463718	0.0479605	-0.997772	17.095357547	Atom	
1779.69	-1676.2	-4718.93	-0.060454	-0.0818621	-0.994808	17.0775888413	Atom	
1777.99	-1678.51	-4746.97	-0.0782185	-0.0619667	-0.995009	16.9841096615	Atom	
1777.78	-1678.67	-4749.62	-0.102221	-0.065716	-0.992589	16.9752256066	Atom	
1777.61	-1678.78	-4751.3	-0.314633	0.0468302	-0.948057	16.9695988183	Atom	
1772.65	-1678.05	-4766.26	-0.287879	-0.189421	-0.938747	16.9170179212	Atom	
1770.27	-1679.61	-4773.99	-0.292214	-0.245568	-0.924287	16.8894887053	Atom	
1768.05	-1681.47	-4781.02	-0.279396	-0.241559	-0.929294	16.8640509999	Atom	
1766.28	-1683	-4786.9	-0.280032	-0.25961	-0.924221	16.8428497971	Atom	
1765.02	-1684.17	-4791.06	-0.280508	-0.258594	-0.924361	16.827750583	Atom	
1764.74	-1684.43	-4792	-0.293121	-0.275286	-0.915586	16.8243575788	Atom	
1764.13	-1685.01	-4793.91	-0.370763	-0.34279	-0.863151	16.8173661573	Atom	
1755.16	-1693.3	-4814.78	-0.35243	-0.398496	-0.846755	16.7362176301	Atom	
1753.15	-1695.57	-4819.61	-0.350341	-0.401609	-0.846151	16.7169886319	Atom	
1748.99	-1700.34	-4829.65	-0.236364	-0.548622	-0.801964	16.6769703668	Atom	
1748.47	-1701.55	-4831.43	-0.265066	-0.473272	-0.840091	16.6695000903	Atom	
1739.09	-1718.31	-4861.17	-0.287778	-0.509027	-0.811218	16.54985839	Atom	
1737.25	-1721.55	-4866.35	-0.349454	-0.504868	-0.789297	16.5281714393	Atom	
1732.91	-1727.83	-4876.15	-0.409188	-0.478658	-0.776822	16.4859154215	Atom	
1727.77	-1733.84	-4885.91	-0.396563	-0.517161	-0.758474	16.4430761767	Atom	
1713.57	-1752.36	-4913.07	-0.287959	-0.445775	-0.847564	16.3208122553	Atom	
1709.75	-1758.26	-4924.29	-0.174077	-0.656772	-0.733722	16.2753232641	Atom	
1708.66	-1762.41	-4928.92	-0.269525	-0.659377	-0.701839	16.2535869351	Atom	
1707.57	-1765.07	-4931.76	-0.254233	-0.671718	-0.695817	16.2396696193	Atom	
1706.35	-1768.29	-4935.1	-0.224206	-0.765733	-0.602814	16.2231395969	Atom	
1705.23	-1772.12	-4938.11	-0.249095	-0.774037	-0.582081	16.2058719993	Atom	
1699.79	-1789.02	-4950.82	-0.268334	-0.842109	-0.467814	16.1304633815	Atom	
1693.34	-1809.25	-4962.06	-0.25137	-0.810264	-0.52942	16.0472035393	Atom	
1688.91	-1823.53	-4971.39	0.254956	-0.889315	-0.379628	15.9858632966	Atom	
1690.05	-1827.49	-4973.08	0.244422	-0.908291	-0.339507	15.9703226213	Atom	
1692.31	-1835.92	-4976.23	0.338977	-0.877714	-0.338693	15.9379205377	Atom	
1692.82	-1837.22	-4976.73	0.371297	-0.868369	-0.328747	15.9327345939	Atom	
1693.79	-1839.5	-4977.6	0.327123	-0.875306	-0.356132	15.9235416499	Atom	
1695.55	-1844.2	-4979.51	0.368969	-0.872225	-0.32107	15.9047474369	Atom	
1701.77	-1858.9	-4984.92	0.246184	-0.896271	-0.368906	15.8456907024	Atom	
1702.83	-1862.79	-4986.52	0.17403	-0.888013	-0.425614	15.8304411911	Atom	
1703.83	-1867.85	-4988.95	0.193377	-0.883619	-0.426407	15.8103815183	Atom	
1706.69	-1880.93	-4995.26	0.0261989	-0.8305	-0.556403	15.7582918284	Atom	
1706.76	-1883.04	-4996.67	0.065238	-0.844989	-0.53079	15.7493429878	Atom	
1706.86	-1884.44	-4997.55	0.0408086	-0.872875	-0.486235	15.7434533458	Atom	
1706.91	-1885.42	-4998.09	0.225685	-0.801045	-0.554431	15.7395277903	Atom	
1707.69	-1888.17	-5000	0.225685	-0.801045	-0.554431	15.7273810862	Region	
"-----------------------------------------------------------------"
"Trajectory"	143

"NbCollisions"	210
"Zmax"	0
"Display"	256

"Collisions"

"X"	"Y"	"Z"	"Rx"	"Ry"	"Rz"	"Energy"	"CollisionType"	
0.0548682	0.29528	-5000	4.04345e-006	4.24908e-006	1	30	Region	
0.0548873	0.2953	-4995.27	-0.0810895	-0.0736126	0.993985	29.9899334997	Atom	
-4.60024	-3.9306	-4938.21	-0.0986954	-0.0997618	0.990104	29.8676750726	Atom	
-5.45599	-4.7956	-4929.63	-0.0856097	-0.116342	0.989513	29.849149092	Atom	
-7.13217	-7.07349	-4910.25	-0.0901956	-0.105648	0.990305	29.8072948195	Atom	
-9.10502	-9.38432	-4888.59	-0.0890171	-0.0954161	0.991449	29.7604848822	Atom	
-9.58558	-9.89943	-4883.24	-0.0869786	-0.0928227	0.991876	29.7489171331	Atom	
-10.4329	-10.8037	-4873.58	-0.0447587	-0.0874107	0.995166	29.7280363992	Atom	
-11.3273	-12.5503	-4853.69	-0.0458551	-0.0678972	0.996638	29.6851829022	Atom	
-12.1657	-13.7918	-4835.47	0.0962004	0.036513	0.994692	29.6459244839	Atom	
-12.1293	-13.7779	-4835.09	0.100867	0.0174399	0.994747	29.6451112387	Atom	
-11.0585	-13.5928	-4824.53	0.185082	0.016095	0.982591	29.6222929648	Atom	
-10.7405	-13.5651	-4822.84	0.189214	-0.00456345	0.981925	29.6185977311	Atom	
-10.5686	-13.5693	-4821.95	0.177662	-0.0749374	0.981234	29.6166437201	Atom	
-8.60955	-14.3956	-4811.13	0.192337	-0.0419311	0.980433	29.5929242584	Atom	
-7.9147	-14.5471	-4807.59	0.192209	-0.0593594	0.979557	29.5851481668	Atom	
-4.36347	-15.6438	-4789.49	0.738464	-0.305269	0.601234	29.5453716689	Atom	
8.55607	-20.9845	-4778.97	0.705125	-0.317156	0.634201	29.5076659536	Atom	
16.6547	-24.6272	-4771.69	0.703586	-0.298803	0.644735	29.4828872995	Atom	
26.2163	-28.6879	-4762.93	0.709687	-0.30716	0.634032	29.453548952	Atom	
36.0794	-32.9567	-4754.11	0.715996	-0.337576	0.611058	29.4235216693	Atom	
46.7436	-37.9847	-4745.01	0.767017	-0.274888	0.57976	29.3913155419	Atom	
57.6384	-41.8892	-4736.78	0.769489	-0.267558	0.579914	29.3605747448	Atom	
119.364	-63.3517	-4690.26	0.740725	-0.308134	0.596975	29.1868244806	Atom	
121.234	-64.1298	-4688.75	0.743985	-0.275442	0.608784	29.1813288318	Atom	
127.04	-66.2791	-4684	0.758417	-0.256258	0.599279	29.1643438818	Atom	
130.736	-67.5279	-4681.08	0.747114	-0.248455	0.616515	29.1537321689	Atom	
161.264	-77.6802	-4655.89	0.748929	-0.243487	0.616295	29.0647242787	Atom	
171.083	-80.8723	-4647.81	0.777663	-0.226441	0.586485	29.03609777	Atom	
174.543	-81.8799	-4645.2	0.80675	-0.156176	0.56988	29.0263739469	Atom	
179.134	-82.7687	-4641.96	0.796676	-0.142274	0.587422	29.0139339134	Atom	
192.958	-85.2374	-4631.76	0.78952	-0.144146	0.596557	28.9759925534	Atom	
216.05	-89.4534	-4614.32	0.775995	-0.130328	0.617127	28.911970729	Atom	
216.592	-89.5445	-4613.88	0.770995	-0.128426	0.623758	28.9104380605	Atom	
220.365	-90.173	-4610.83	0.788725	-0.0974932	0.606966	28.8997061109	Atom	
234.383	-91.9057	-4600.04	0.817965	-0.0916282	0.567923	28.8607203995	Atom	
234.506	-91.9195	-4599.96	0.866103	-0.0708141	0.494824	28.8603914005	Atom	
244.882	-92.7678	-4594.03	0.867206	-0.0616534	0.494118	28.8340840578	Atom	
280.865	-95.326	-4573.53	0.885568	-0.0873548	0.456222	28.7429035186	Atom	
322.385	-99.4217	-4552.14	0.875745	-0.0871565	0.474841	28.6396119069	Atom	
359.349	-103.1	-4532.1	0.874255	-0.129515	0.467872	28.5463577838	Atom	
403.393	-109.625	-4508.53	0.867049	-0.0978345	0.488523	28.4347628219	Atom	
409.152	-110.275	-4505.28	0.862003	-0.100161	0.496909	28.4200021793	Atom	
409.775	-110.347	-4504.92	0.889026	-0.0643748	0.453308	28.4183969942	Atom	
412.063	-110.513	-4503.76	0.924725	-0.164224	0.343385	28.4126762959	Atom	
414.677	-110.977	-4502.78	0.922777	-0.193425	0.333272	28.406390496	Atom	
469.997	-122.573	-4482.8	0.900781	-0.264791	0.344208	28.273073821	Atom	
472.323	-123.257	-4481.92	0.906586	-0.254971	0.336291	28.2673093807	Atom	
473.179	-123.498	-4481.6	0.909591	-0.154176	0.385842	28.2652019293	Atom	
477.235	-124.185	-4479.88	0.911378	-0.101914	0.398752	28.255245543	Atom	
478.302	-124.304	-4479.41	0.923548	-0.0647477	0.377978	28.2526323776	Atom	
488.252	-125.002	-4475.34	0.965246	-0.0770406	0.249732	28.2285695968	Atom	
490.329	-125.168	-4474.8	0.974703	-0.104093	0.197783	28.2237585873	Atom	
519.098	-128.24	-4468.96	0.974793	-0.136129	0.176768	28.1577841043	Atom	
530.521	-129.835	-4466.89	0.978799	-0.106659	0.17486	28.1315422895	Atom	
531.148	-129.904	-4466.78	0.985605	-0.0353543	0.165327	28.1301067384	Atom	
547.125	-130.477	-4464.1	0.987434	-0.0255608	0.155948	28.0937753547	Atom	
601.897	-131.895	-4455.45	0.986281	-0.090292	0.138193	27.969332381	Atom	
608.343	-132.485	-4454.55	0.98497	-0.0909123	0.146862	27.9546177151	Atom	
634.312	-134.882	-4450.67	0.978938	-0.122167	0.16357	27.8952314294	Atom	
638.164	-135.362	-4450.03	0.961057	0.0332072	0.274349	27.8863546425	Atom	
649.351	-134.976	-4446.84	0.96911	0.0510598	0.241284	27.860083975	Atom	
656.016	-134.625	-4445.18	0.946311	0.184361	0.265529	27.844553351	Atom	
659.288	-133.987	-4444.26	0.960422	0.145373	0.237606	27.8367410107	Atom	
675.367	-131.553	-4440.28	0.929686	0.157944	0.332773	27.7989056328	Atom	
686.976	-129.581	-4436.13	0.937718	0.174318	0.300496	27.7706527631	Atom	
687.336	-129.514	-4436.01	0.954045	0.13514	0.267461	27.7697836329	Atom	
693.269	-128.674	-4434.35	0.955354	0.146407	0.256639	27.7557024151	Atom	
721.278	-124.381	-4426.82	0.953368	0.157453	0.257482	27.68929307	Atom	
724.852	-123.791	-4425.86	0.962616	0.113288	0.24604	27.6807830356	Atom	
729.763	-123.213	-4424.6	0.948372	0.141736	0.283728	27.6692019785	Atom	
774.55	-116.52	-4411.2	0.951143	0.161698	0.263023	27.5619617095	Atom	
789.695	-113.945	-4407.02	0.951822	0.14407	0.270699	27.5256907237	Atom	
804.472	-111.708	-4402.81	0.952348	0.129352	0.276228	27.4902919097	Atom	
813.138	-110.531	-4400.3	0.946694	0.127865	0.295671	27.4695198988	Atom	
816.093	-110.132	-4399.38	0.866075	0.401522	0.297816	27.4623905863	Atom	
821.721	-107.523	-4397.44	0.883913	0.415806	0.214016	27.447547504	Atom	
854.644	-92.0357	-4389.47	0.879354	0.432027	0.200223	27.3624229669	Atom	
856.998	-90.879	-4388.93	0.816322	0.499727	0.28964	27.3562891678	Atom	
876.743	-78.7919	-4381.93	0.790966	0.568651	0.22585	27.3008641615	Atom	
878.206	-77.7401	-4381.51	0.800484	0.562189	0.207773	27.2966190755	Atom	
901.42	-61.4363	-4375.49	0.792886	0.560098	0.240047	27.2300499132	Atom	
931.63	-40.0957	-4366.34	0.774833	0.574804	0.263124	27.142419525	Atom	
938.784	-34.7889	-4363.91	0.785186	0.553982	0.276742	27.1211316071	Atom	
961.614	-18.6811	-4355.86	0.815996	0.517106	0.258364	27.0540453966	Atom	
988.096	-1.89907	-4347.48	0.749831	0.610177	0.255807	26.9790191735	Atom	
994.576	3.37346	-4345.27	0.717688	0.693267	0.0656082	26.9589989099	Atom	
1002.31	10.8492	-4344.56	0.735242	0.676197	0.0466575	26.9340004197	Atom	
1014.38	21.9437	-4343.8	0.73006	0.67931	0.0745055	26.8959360188	Atom	
1035.24	41.3595	-4341.67	0.745061	0.666982	-0.00431932	26.8295531342	Atom	
1037.01	42.9377	-4341.68	0.717794	0.696245	-0.0038339	26.8240465905	Atom	
1042.7	48.457	-4341.71	0.710924	0.703063	-0.0170247	26.805595996	Atom	
1052.41	58.0638	-4341.94	0.77422	0.632165	0.0308274	26.7737747444	Atom	
1056.22	61.1707	-4341.79	0.694027	0.718858	-0.0396181	26.7623188178	Atom	
1075.91	81.5737	-4342.91	0.714356	0.693532	-0.0933188	26.6961370185	Atom	
1090.75	95.9736	-4344.85	0.704236	0.706269	-0.0723555	26.6476267436	Atom	
1094.3	99.5392	-4345.21	0.698524	0.71359	-0.0534215	26.6358147267	Atom	
1101.85	107.253	-4345.79	0.711455	0.700539	-0.0554701	26.6105149726	Atom	
1109.37	114.657	-4346.38	0.699866	0.696512	-0.1583	26.585758629	Atom	
1110.33	115.611	-4346.6	0.699129	0.714327	-0.0309139	26.5825477049	Atom	
1134.4	140.202	-4347.66	0.591129	0.788782	-0.168491	26.5018433777	Atom	
1149.3	160.09	-4351.91	0.641779	0.747352	-0.172002	26.4425932105	Atom	
1149.85	160.73	-4352.06	0.661127	0.72676	-0.186363	26.440578649	Atom	
1155.39	166.821	-4353.62	0.646715	0.737177	-0.19578	26.4208444423	Atom	
1155.96	167.464	-4353.79	0.52895	0.746163	-0.404294	26.418792139	Atom	
1162.63	176.873	-4358.89	0.518304	0.752231	-0.406828	26.3890863888	Atom	
1165.19	180.589	-4360.9	0.541149	0.734445	-0.409571	26.3774378755	Atom	
1171.58	189.264	-4365.73	0.537321	0.742135	-0.400652	26.349574856	Atom	
1172.73	190.846	-4366.59	0.499211	0.762754	-0.411089	26.3445435489	Atom	
1181.18	203.768	-4373.55	0.502873	0.756705	-0.417752	26.3045430062	Atom	
1185.32	209.991	-4376.99	0.518477	0.750774	-0.409293	26.2851029382	Atom	
1191.8	219.38	-4382.11	0.509271	0.760559	-0.402733	26.2555230013	Atom	
1213.54	251.844	-4399.3	0.503016	0.748438	-0.432222	26.1544712165	Atom	
1216.79	256.678	-4402.09	0.489337	0.801569	-0.343565	26.1391336949	Atom	
1225.64	271.173	-4408.3	0.575232	0.637047	-0.513107	26.0961710509	Atom	
1234.52	281.004	-4416.22	0.614871	0.556013	-0.55927	26.059462522	Atom	
1252.13	296.93	-4432.24	0.654748	0.532705	-0.536219	25.9912479529	Atom	
1255.16	299.399	-4434.72	0.668909	0.661623	-0.338845	25.9801853726	Atom	
1274.4	318.431	-4444.47	0.600861	0.699875	-0.386188	25.9115122357	Atom	
1276.95	321.4	-4446.11	0.610127	0.691145	-0.38738	25.9013646782	Atom	
1277.14	321.617	-4446.23	0.612296	0.715393	-0.336609	25.9006149711	Atom	
1324.28	376.685	-4472.14	0.598911	0.70183	-0.385668	25.7164011122	Atom	
1338.75	393.649	-4481.46	0.603813	0.713168	-0.356092	25.6582295766	Atom	
1339.66	394.723	-4482	0.614332	0.731861	-0.294916	25.6545985651	Atom	
1352.45	409.963	-4488.14	0.624432	0.721776	-0.298538	25.6043890018	Atom	
1355.14	413.068	-4489.43	0.656489	0.715365	-0.239323	25.5939987885	Atom	
1358.38	416.597	-4490.61	0.67739	0.695578	-0.239402	25.5820798176	Atom	
1359.83	418.082	-4491.12	0.623611	0.736816	-0.261173	25.5769221479	Atom	
1360.28	418.623	-4491.31	0.605575	0.753178	-0.256908	25.575145538	Atom	
1361.47	420.104	-4491.81	0.630572	0.744377	-0.219731	25.5703938549	Atom	
1378.13	439.763	-4497.62	0.600562	0.756764	-0.258134	25.5065470509	Atom	
1388.26	452.534	-4501.97	0.612969	0.727065	-0.309266	25.4656674444	Atom	
1394.42	459.836	-4505.08	0.283609	0.736963	-0.613557	25.4413069722	Atom	
1406.88	492.228	-4532.05	0.183735	0.755628	-0.628703	25.3346206139	Atom	
1411.36	510.62	-4547.35	0.197868	0.763703	-0.614496	25.2753440754	Atom	
1419.07	540.384	-4571.3	0.179951	0.76344	-0.620303	25.1802534028	Atom	
1419.25	541.176	-4571.94	0.169997	0.744464	-0.645658	25.1777155475	Atom	
1424.05	562.184	-4590.16	0.154186	0.753544	-0.63906	25.108651924	Atom	
1425.29	568.219	-4595.28	0.123606	0.754123	-0.644996	25.0890111585	Atom	
1425.75	571.061	-4597.71	0.121887	0.746649	-0.653956	25.0797619882	Atom	
1426.88	577.957	-4603.75	0.129181	0.751307	-0.647186	25.0570884125	Atom	
1429.46	592.989	-4616.7	0.119389	0.74652	-0.654564	25.0079351661	Atom	
1437.02	640.271	-4658.16	0.0380792	0.765473	-0.64234	24.8520935593	Atom	
1437.31	646.073	-4663.03	0.01067	0.765582	-0.64325	24.8333538385	Atom	
1437.32	646.489	-4663.38	0.329055	0.862475	-0.384525	24.8320066901	Atom	
1445.4	667.671	-4672.82	0.269132	0.891491	-0.364434	24.7712407584	Atom	
1446.49	671.297	-4674.3	0.253724	0.885277	-0.389755	24.7611562495	Atom	
1449.11	680.406	-4678.31	0.233271	0.882872	-0.407581	24.7356412979	Atom	
1450.09	684.143	-4680.04	0.242326	0.868053	-0.433314	24.7251350213	Atom	
1451.19	688.081	-4682	0.277713	0.852497	-0.44286	24.7138721764	Atom	
1454.14	697.122	-4686.7	0.311359	0.854344	-0.416115	24.6875332475	Atom	
1473.94	751.462	-4713.17	0.265657	0.878844	-0.396308	24.5294287582	Atom	
1476.46	759.788	-4716.92	0.210065	0.924456	-0.318205	24.5057590575	Atom	
1478.33	768.033	-4719.76	0.233905	0.940172	-0.24772	24.4834597784	Atom	
1480.04	774.883	-4721.56	0.274248	0.931988	-0.237037	24.4652319278	Atom	
1497.88	835.509	-4736.98	0.184623	0.962615	-0.19821	24.3023745473	Atom	
1497.89	835.569	-4737	0.190371	0.959518	-0.20757	24.3022166033	Atom	
1503.35	863.123	-4742.96	0.251396	0.951344	-0.178169	24.2299436379	Atom	
1509.26	885.483	-4747.14	0.219805	0.952862	-0.209142	24.1706484415	Atom	
1514.52	908.271	-4752.15	0.212097	0.963063	-0.165908	24.110198319	Atom	
1521.22	938.692	-4757.39	0.130212	0.974858	-0.180823	24.0301988107	Atom	
1522.81	950.573	-4759.59	0.237918	0.968151	0.0779686	23.9992528589	Atom	
1527.57	969.947	-4758.03	0.186823	0.950797	0.247148	23.9483841991	Atom	
1528.73	975.841	-4756.5	0.199896	0.947855	0.248217	23.9326008323	Atom	
1530.22	982.908	-4754.65	0.184885	0.95184	0.244576	23.9136077203	Atom	
1530.8	985.899	-4753.88	0.27229	0.857908	-0.43572	23.9055969822	Atom	
1546.94	1036.76	-4779.71	0.574242	0.587814	-0.569843	23.7544257011	Atom	
1552.61	1042.56	-4785.33	0.593414	0.568316	-0.56998	23.7291447527	Atom	
1554.58	1044.45	-4787.23	0.600982	0.571234	-0.559027	23.7206273781	Atom	
1564.26	1053.65	-4796.23	0.623208	0.482396	-0.615554	23.6792934934	Atom	
1566.17	1055.13	-4798.12	0.546652	0.517434	-0.658357	23.6714241509	Atom	
1575.43	1063.89	-4809.27	0.536091	0.538616	-0.649999	23.6279084793	Atom	
1578.48	1066.96	-4812.97	0.557646	0.539554	-0.630803	23.613251619	Atom	
1602.41	1090.12	-4840.04	0.567027	0.484326	-0.666265	23.5027600192	Atom	
1602.6	1090.28	-4840.27	0.664371	0.298521	-0.685198	23.5018814134	Atom	
1607.99	1092.7	-4845.82	0.581345	0.430425	-0.690486	23.4809481536	Atom	
1626.75	1106.59	-4868.11	0.630207	0.403315	-0.663458	23.3974724782	Atom	
1631.43	1109.59	-4873.03	0.642377	0.345593	-0.684045	23.3782244092	Atom	
1654.45	1121.97	-4897.55	0.626304	0.398889	-0.6698	23.2852153732	Atom	
1655.02	1122.33	-4898.15	0.558464	0.408005	-0.722254	23.282867307	Atom	
1656.39	1123.34	-4899.93	0.555298	0.349967	-0.754432	23.276445586	Atom	
1669.7	1131.73	-4918.01	0.557405	0.342392	-0.756352	23.2140528621	Atom	
1677.95	1136.79	-4929.2	0.562888	0.196404	-0.802859	23.1754430993	Atom	
1709.73	1147.88	-4974.53	0.531344	0.284907	-0.797811	23.0279285256	Atom	
1711.4	1148.78	-4977.05	0.542663	0.27506	-0.793636	23.0196333526	Atom	
1727.1	1156.73	-5000	0.542663	0.27506	-0.793636	22.9436705138	Region	
"-----------------------------------------------------------------"
"Trajectory"	159

"NbCollisions"	355
"Zmax"	0
"Display"	256

"Collisions"

"X"	"Y"	"Z"	"Rx"	"Ry"	"Rz"	"Energy"	"CollisionType"	
-0.106748	-0.066061	-5000	-1.47119e-006	-6.82227e-007	1	30	Region	
-0.106748	-0.0660612	-4999.73	-0.0468721	-0.0915237	0.994699	29.9994237941	Atom	
-2.94592	-5.6099	-4939.48	-0.0325262	-0.107495	0.993673	29.8704565059	Atom	
-4.14899	-9.58589	-4902.72	-0.0698752	-0.116225	0.990762	29.7914334784	Atom	
-5.57728	-11.9616	-4882.47	-0.0977243	-0.0978958	0.990387	29.7476705389	Atom	
-7.3587	-13.7461	-4864.42	-0.0683519	-0.0552843	0.996128	29.708596492	Atom	
-7.41567	-13.7922	-4863.59	-0.0554349	-0.0348071	0.997855	29.7068079984	Atom	
-7.53051	-13.8643	-4861.52	-0.169151	0.0126471	0.985509	29.7023625727	Atom	
-11.0478	-13.6014	-4841.03	-0.160791	0.0174957	0.986833	29.657736816	Atom	
-17.7169	-12.8757	-4800.1	-0.167517	0.0279114	0.985474	29.5686161377	Atom	
-21.0648	-12.3179	-4780.4	-0.0490887	0.0886553	0.994852	29.5255705792	Atom	
-21.4465	-11.6284	-4772.67	-0.0402978	0.0684719	0.996839	29.5088017888	Atom	
-21.5373	-11.4741	-4770.42	-0.02317	0.0573662	0.998084	29.5039392317	Atom	
-21.842	-10.7198	-4757.3	-0.0274451	0.0630223	0.997635	29.4755671529	Atom	
-21.8424	-10.7189	-4757.28	-0.0264158	0.10286	0.994345	29.4755374258	Atom	
-21.9074	-10.4658	-4754.83	-0.0496306	0.0669354	0.996522	29.4702239576	Atom	
-22.6582	-9.4532	-4739.76	-0.215727	0.230963	0.948745	29.4375542685	Atom	
-24.2012	-7.80123	-4732.97	-0.13534	0.295927	0.945574	29.4220940197	Atom	
-27.8748	0.231267	-4707.31	-0.191578	0.30281	0.933597	29.3633986439	Atom	
-29.0566	2.09932	-4701.55	-0.215183	0.415022	0.883998	29.3500373516	Atom	
-29.8303	3.59153	-4698.37	-0.242101	0.417289	0.875932	29.3422471792	Atom	
-31.8959	7.15177	-4690.9	-0.330208	0.447179	0.83126	29.3237577846	Atom	
-33.0896	8.76837	-4687.89	-0.345282	0.454371	0.821174	29.3159195038	Atom	
-34.0719	10.061	-4685.56	-0.357521	0.472193	0.805737	29.3097501269	Atom	
-35.3395	11.7351	-4682.7	-0.392264	0.425762	0.815387	29.3020597888	Atom	
-43.2937	20.3686	-4666.16	-0.494312	0.377414	0.78308	29.2580677281	Atom	
-51.8813	26.9254	-4652.56	-0.49947	0.445644	0.742921	29.2203323868	Atom	
-64.9721	38.6054	-4633.09	-0.453115	0.478796	0.751958	29.1633447521	Atom	
-79.3032	53.7487	-4609.31	-0.462739	0.481688	0.744211	29.094468421	Atom	
-84.5989	59.2613	-4600.79	-0.478613	0.53016	0.6999	29.06949908	Atom	
-94.3189	70.0282	-4586.57	-0.388699	0.802747	0.452227	29.0251588097	Atom	
-104.989	92.0635	-4574.16	-0.376885	0.800943	0.46524	28.96515379	Atom	
-128.916	142.913	-4544.62	-0.374351	0.786869	0.490609	28.8261440822	Atom	
-138.949	164.001	-4531.48	-0.342412	0.893016	0.29202	28.7672358457	Atom	
-143.793	176.636	-4527.34	-0.384482	0.875726	0.292023	28.736088346	Atom	
-143.897	176.873	-4527.26	-0.401675	0.869472	0.287534	28.7354911552	Atom	
-148.615	187.084	-4523.89	-0.401719	0.850387	0.339798	28.7096128484	Atom	
-159.837	210.84	-4514.4	-0.394092	0.841806	0.368856	28.6480139807	Atom	
-172.075	236.981	-4502.94	-0.0861416	0.984441	-0.15315	28.5794205699	Atom	
-172.425	240.985	-4503.56	-0.0941506	0.983842	-0.152285	28.5704183675	Atom	
-175.084	268.769	-4507.86	-0.104673	0.984938	-0.137622	28.5079059235	Atom	
-178.907	304.745	-4512.89	-0.0678924	0.990772	-0.117309	28.4269088997	Atom	
-179.186	308.814	-4513.37	0.725442	0.506922	-0.465579	28.4177803226	Atom	
-177.184	310.213	-4514.66	0.691851	0.540118	-0.479182	28.4116460632	Atom	
-177.08	310.295	-4514.73	0.766251	0.451642	-0.457032	28.4113097327	Atom	
-164.769	317.551	-4522.07	0.767168	0.442985	-0.463915	28.3755861125	Atom	
-123.67	341.283	-4546.93	0.759197	0.439616	-0.479956	28.2563476962	Atom	
-122.015	342.241	-4547.97	0.723209	0.429844	-0.540558	28.2514798126	Atom	
-117.928	344.67	-4551.03	0.72158	0.4271	-0.544893	28.2388577714	Atom	
-114.808	346.517	-4553.38	0.699406	0.372374	-0.610056	28.2291986529	Atom	
-79.1823	365.484	-4584.46	0.657366	0.355147	-0.664636	28.1153570945	Atom	
-77.2763	366.514	-4586.39	0.651503	0.345205	-0.675557	28.1088562892	Atom	
-63.5417	373.792	-4600.63	0.916163	-0.0510047	0.397548	28.0615804335	Atom	
-29.5356	371.898	-4585.87	0.955286	-0.113634	0.272975	27.9782305018	Atom	
-19.9062	370.753	-4583.12	0.963087	-0.0298413	0.26753	27.9555416476	Atom	
-14.0112	370.57	-4581.48	0.98948	-0.00474785	0.144592	27.9417553225	Atom	
6.13208	370.474	-4578.54	0.99783	-0.0459843	0.0471183	27.8958859012	Atom	
12.3632	370.186	-4578.24	0.999236	0.0219959	-0.0323071	27.8817969593	Atom	
28.9751	370.552	-4578.78	0.999408	-0.0165781	0.0301342	27.844274384	Atom	
54.9607	370.121	-4578	0.999556	0.023865	0.0178188	27.7855258185	Atom	
86.3168	370.87	-4577.44	0.997361	0.00927672	0.0720003	27.7145269759	Atom	
110.333	371.093	-4575.7	0.997883	-0.0400606	0.0512316	27.6599173695	Atom	
135.013	370.102	-4574.44	0.997533	-0.0520402	0.0471198	27.6037396765	Atom	
141.852	369.746	-4574.11	0.998198	-0.0474133	0.0367752	27.5881411006	Atom	
165.235	368.635	-4573.25	0.993492	-0.0856893	0.0750354	27.5348207231	Atom	
188.103	366.662	-4571.53	0.982212	-0.152597	0.109427	27.4823483072	Atom	
197.151	365.257	-4570.52	0.991785	-0.101866	0.0773661	27.4613178063	Atom	
200.32	364.931	-4570.27	0.995373	-0.0754672	0.0594722	27.4540179693	Atom	
205.354	364.55	-4569.97	0.996059	-0.0193891	0.0865471	27.4424628358	Atom	
228.223	364.105	-4567.98	0.995463	-0.0025929	0.0951141	27.3899823202	Atom	
228.987	364.103	-4567.91	0.98841	0.00996076	0.151478	27.3882263164	Atom	
233.78	364.151	-4567.18	0.966833	0.0958664	0.236736	27.3771234392	Atom	
266.822	367.427	-4559.08	0.962065	0.124103	0.24296	27.2988598715	Atom	
294.444	370.99	-4552.11	0.973814	0.0905852	0.20852	27.2329591713	Atom	
297.382	371.264	-4551.48	0.964132	0.084585	0.251586	27.2260205345	Atom	
299.486	371.448	-4550.93	0.974479	-0.0261957	0.222943	27.2209999128	Atom	
310.923	371.141	-4548.31	0.978264	-0.0313	0.204988	27.1940016892	Atom	
337.053	370.305	-4542.84	0.975088	-0.0291148	0.219899	27.1325037323	Atom	
342.284	370.149	-4541.66	0.973919	-0.0202473	0.225992	27.1201307212	Atom	
379.912	369.366	-4532.93	0.971371	0.00225055	0.237558	27.0309877732	Atom	
384.266	369.376	-4531.86	0.982118	0.0256455	0.186514	27.0206185173	Atom	
409.334	370.031	-4527.1	0.989502	-0.013576	0.143883	26.9615533831	Atom	
416.83	369.928	-4526.01	0.992223	-0.0109674	0.123988	26.9439927375	Atom	
420.263	369.89	-4525.58	0.985936	0.166204	0.0175133	26.9359662164	Atom	
433.505	372.122	-4525.35	0.956725	0.274855	-0.0955588	26.9048094547	Atom	
445.034	375.434	-4526.5	0.976632	0.19119	-0.0981632	26.8768301026	Atom	
555.8	397.119	-4537.63	0.974645	0.20985	-0.0776477	26.6132622322	Atom	
560.416	398.112	-4538	0.967576	0.249838	-0.0371079	26.6021709901	Atom	
573.313	401.443	-4538.5	0.957108	0.280293	-0.0733473	26.570940981	Atom	
591.404	406.74	-4539.88	0.958412	0.279857	-0.0559199	26.5266157232	Atom	
591.858	406.873	-4539.91	0.960033	0.262255	-0.0977661	26.5255026362	Atom	
596.196	408.058	-4540.35	0.914963	0.363687	-0.174856	26.514891203	Atom	
616.481	416.121	-4544.23	0.917833	0.357012	-0.173566	26.4628119818	Atom	
630.699	421.651	-4546.92	0.915908	0.365363	-0.166199	26.4263682639	Atom	
630.95	421.752	-4546.96	0.844552	0.491306	-0.212957	26.4257227048	Atom	
648.504	431.964	-4551.39	0.819223	0.513488	-0.255351	26.3767666948	Atom	
653.833	435.304	-4553.05	0.820543	0.471701	-0.322811	26.3614224206	Atom	
661.725	439.841	-4556.15	0.827005	0.462092	-0.320208	26.3387248199	Atom	
668.756	443.769	-4558.88	0.789749	0.510918	-0.339499	26.3186505007	Atom	
693	459.453	-4569.3	0.808066	0.48805	-0.329904	26.2461122578	Atom	
700.77	464.146	-4572.47	0.804015	0.501463	-0.319524	26.223341974	Atom	
753.803	497.223	-4593.55	0.803949	0.499947	-0.322054	26.0670343262	Atom	
759.948	501.044	-4596.01	0.799562	0.517248	-0.305211	26.0488346796	Atom	
767.595	505.991	-4598.93	0.812858	0.490331	-0.314385	26.0260504155	Atom	
767.725	506.07	-4598.98	0.756832	0.565103	-0.328427	26.0256682277	Atom	
780.895	515.903	-4604.69	0.768764	0.550744	-0.325088	25.9841844667	Atom	
788.63	521.445	-4607.96	0.818943	0.520814	-0.241011	25.9601674087	Atom	
812.32	536.51	-4614.93	0.803095	0.57621	-0.151724	25.8910666854	Atom	
825.145	545.713	-4617.36	0.748655	0.656296	-0.0937672	25.8528369201	Atom	
848.33	566.037	-4620.26	0.804596	0.588334	-0.0805512	25.778617444	Atom	
857.652	572.854	-4621.19	0.795386	0.599791	-0.0872494	25.7507871306	Atom	
860.736	575.179	-4621.53	0.788673	0.60635	-0.101663	25.7414668182	Atom	
863.222	577.09	-4621.85	0.838947	0.542875	-0.0381427	25.7338869418	Atom	
884.731	591.009	-4622.83	0.832025	0.554559	-0.0140879	25.6722160223	Atom	
907.646	606.282	-4623.22	0.885506	0.464105	-0.0220316	25.6058426789	Atom	
928.576	617.252	-4623.74	0.862113	0.505897	-0.0287918	25.5487633081	Atom	
960.229	635.826	-4624.8	0.874003	0.48496	-0.0305472	25.4599431415	Atom	
973.678	643.288	-4625.27	0.867578	0.497301	-0.000399569	25.4226127334	Atom	
982.672	648.444	-4625.27	0.863533	0.50158	0.0522309	25.3974349601	Atom	
1006.19	662.106	-4623.85	0.877466	0.477735	0.0426911	25.3312299288	Atom	
1012.17	665.358	-4623.56	0.878894	0.468179	-0.0913953	25.3146503736	Atom	
1038.07	679.156	-4626.25	0.962021	0.104535	-0.252167	25.2428336719	Atom	
1041.4	679.518	-4627.12	0.984764	0.139408	-0.103952	25.234376601	Atom	
1048.71	680.553	-4627.9	0.98097	0.189357	-0.042924	25.2162373502	Atom	
1077.62	686.134	-4629.16	0.979774	0.182075	-0.0830169	25.14419303	Atom	
1106.14	691.433	-4631.58	0.984722	0.128059	-0.118002	25.0728791917	Atom	
1126.54	694.086	-4634.02	0.982094	0.183328	-0.0433965	25.0220175428	Atom	
1138.17	696.257	-4634.54	0.978083	0.197224	-0.0667563	24.9928890024	Atom	
1165.07	701.682	-4636.37	0.980376	0.197123	0.00226671	24.9251857043	Atom	
1201.64	709.035	-4636.29	0.995126	-0.0352009	0.092118	24.8331636485	Atom	
1206.14	708.876	-4635.87	0.99433	-0.0397736	0.0986179	24.8219915582	Atom	
1248.58	707.178	-4631.66	0.98869	-0.0957445	0.115431	24.716350043	Atom	
1258	706.265	-4630.56	0.992252	-0.113066	0.0515046	24.6926717372	Atom	
1268.21	705.102	-4630.03	0.999627	0.0141733	0.0233505	24.6671147403	Atom	
1272.38	705.162	-4629.93	0.995372	0.0897386	0.0343878	24.6567199739	Atom	
1278.76	705.737	-4629.71	0.997915	0.0294206	-0.0574532	24.640768122	Atom	
1284.67	705.911	-4630.05	0.999482	0.0315069	-0.00653112	24.6260467346	Atom	
1295.64	706.257	-4630.13	0.995858	-0.0157971	0.0895361	24.5987046692	Atom	
1328.35	705.738	-4627.18	0.99229	-0.029745	0.120316	24.5168207869	Atom	
1331.59	705.641	-4626.79	0.99289	-0.0973751	0.0684609	24.5086616943	Atom	
1346.42	704.186	-4625.77	0.989083	-0.121668	0.0831354	24.471307197	Atom	
1375.14	700.654	-4623.36	0.984784	-0.156279	0.07601	24.3986467061	Atom	
1389.73	698.338	-4622.23	0.986368	-0.156734	0.0501323	24.3614686369	Atom	
1392	697.977	-4622.11	0.969497	-0.231165	0.0814783	24.3556838121	Atom	
1399.06	696.295	-4621.52	0.975256	-0.191728	0.110077	24.3373976359	Atom	
1411.43	693.862	-4620.12	0.97305	-0.189304	0.131674	24.3055027396	Atom	
1443.06	687.709	-4615.84	0.966159	-0.123696	0.226354	24.2237008877	Atom	
1449.49	686.886	-4614.34	0.917987	-0.079381	0.388586	24.2069096782	Atom	
1453.03	686.58	-4612.84	0.909079	-0.122526	0.3982	24.1971716624	Atom	
1462.4	685.317	-4608.74	0.931184	-0.120515	0.344054	24.1711511443	Atom	
1508.2	679.389	-4591.81	0.941353	-0.151882	0.301309	24.0468125725	Atom	
1510.63	678.998	-4591.04	0.394152	-0.390003	0.832191	24.0402748623	Atom	
1516.98	672.715	-4577.63	0.409043	-0.394342	0.822908	23.9993800972	Atom	
1520.12	669.683	-4571.3	0.477119	-0.451026	0.754276	23.9798382233	Atom	
1522.14	667.778	-4568.12	0.491005	-0.414724	0.766105	23.9690952764	Atom	
1528.92	662.051	-4557.54	0.538766	-0.44411	0.715889	23.9339622372	Atom	
1559.95	636.468	-4516.3	0.453221	-0.386897	0.803058	23.7872224863	Atom	
1573.83	624.621	-4491.71	0.463823	-0.42741	0.776009	23.7088404415	Atom	
1578.81	620.037	-4483.39	0.483561	-0.420315	0.767792	23.6813160795	Atom	
1579.18	619.715	-4482.8	0.497378	-0.427612	0.754827	23.6793453843	Atom	
1580.29	618.756	-4481.1	0.466955	-0.431673	0.771759	23.6735835777	Atom	
1580.66	618.416	-4480.5	0.494859	-0.402963	0.769893	23.6715586045	Atom	
1592.15	609.059	-4462.62	0.506228	-0.391115	0.768611	23.6118947692	Atom	
1602.9	600.756	-4446.3	0.569401	-0.643712	0.51129	23.5572318057	Atom	
1605.49	597.824	-4443.97	0.845453	0.209739	0.491141	23.5454834323	Atom	
1631.2	604.202	-4429.04	0.859014	0.217611	0.463402	23.4670062887	Atom	
1633.87	604.878	-4427.6	0.862794	0.208681	0.460477	23.4589773432	Atom	
1677.05	615.322	-4404.55	0.8916	0.189023	0.411485	23.3294543703	Atom	
1681.6	616.286	-4402.45	0.87781	0.162167	0.450724	23.3161950023	Atom	
1685.27	616.965	-4400.57	0.853827	0.246925	0.458265	23.3053050142	Atom	
1688.95	618.029	-4398.59	0.904232	0.19284	0.381022	23.2940937364	Atom	
1700.58	620.508	-4393.69	0.941722	0.197477	0.272328	23.2606436785	Atom	
1702.49	620.91	-4393.14	0.928387	0.215116	0.303022	23.2553423219	Atom	
1705.93	621.706	-4392.02	0.934594	0.209617	0.287395	23.245703739	Atom	
1732.19	627.596	-4383.94	0.915612	0.23933	0.323073	23.1724514562	Atom	
1735.48	628.455	-4382.78	0.957097	0.0139175	0.289433	23.1630797625	Atom	
1749.08	628.652	-4378.67	0.960459	-0.0859395	0.264825	23.1259177768	Atom	
1750.79	628.5	-4378.2	0.967753	-0.08544	0.236968	23.1212655141	Atom	
1751.12	628.471	-4378.12	0.946653	-0.153084	0.283574	23.1203788904	Atom	
1757.5	627.439	-4376.21	0.94966	-0.120329	0.289251	23.1027325713	Atom	
1760.54	627.053	-4375.28	0.953986	-0.157347	0.25525	23.0943305834	Atom	
1778.68	624.062	-4370.43	0.951507	-0.152747	0.267027	23.0445274371	Atom	
1779.04	624.004	-4370.32	0.966925	-0.0947125	0.236822	23.0435335542	Atom	
1783.42	623.575	-4369.25	0.969395	-0.0715658	0.234843	23.0316466179	Atom	
1824.84	620.517	-4359.22	0.970892	-0.0259363	0.23811	22.9194512786	Atom	
1837.46	620.18	-4356.12	0.960813	-0.0624106	0.270079	22.8852010932	Atom	
1842.92	619.825	-4354.59	0.978157	-0.138558	0.15495	22.8702051349	Atom	
1874.12	615.405	-4349.65	0.975387	-0.128094	0.179478	22.7859765901	Atom	
1883.94	614.116	-4347.84	0.977627	-0.132741	0.163175	22.7593223511	Atom	
1911.42	610.385	-4343.25	0.990819	0.0312829	0.131528	22.6848257401	Atom	
1920.77	610.68	-4342.01	0.994988	0.00880918	0.0996008	22.6597396005	Atom	
1923.96	610.709	-4341.69	0.996041	0.0493394	0.0739471	22.6512030175	Atom	
1925.47	610.783	-4341.58	0.990457	-0.111768	0.0806404	22.6471815698	Atom	
1930.88	610.173	-4341.14	0.990158	-0.0984336	0.0994861	22.6326526177	Atom	
1966.43	606.639	-4337.57	0.993821	-0.043702	0.102033	22.5370708945	Atom	
1969.67	606.496	-4337.23	0.990211	0.0801958	0.114237	22.5283639306	Atom	
1982.4	607.527	-4335.77	0.98451	0.121933	0.125989	22.4940110811	Atom	
2001.65	609.911	-4333.3	0.984266	0.131754	0.117731	22.441719321	Atom	
2003.16	610.113	-4333.12	0.980656	0.160961	0.111383	22.4376079076	Atom	
2004.34	610.307	-4332.99	0.981062	0.146031	0.127251	22.4343731227	Atom	
2004.44	610.322	-4332.97	0.975206	0.173937	0.136818	22.4341004072	Atom	
2011.58	611.596	-4331.97	0.968177	0.202426	0.147161	22.4144728242	Atom	
2022.78	613.937	-4330.27	0.974848	0.202693	0.0926696	22.3834475664	Atom	
2022.84	613.95	-4330.26	0.968042	0.250532	-0.0113594	22.3832690598	Atom	
2024.74	614.441	-4330.29	0.912183	-0.110328	-0.394653	22.378006688	Atom	
2025.47	614.353	-4330.6	0.912823	-0.109431	-0.393421	22.3758542515	Atom	
2056.54	610.628	-4344	0.923126	-0.0536062	-0.380742	22.284418134	Atom	
2058.62	610.507	-4344.85	0.939109	-0.0772246	-0.33483	22.2783675642	Atom	
2059.13	610.465	-4345.03	0.94098	-0.0623496	-0.332669	22.2768872808	Atom	
2064.67	610.098	-4346.99	0.955354	-0.014708	-0.295098	22.2610098666	Atom	
2065.46	610.086	-4347.24	0.989834	-0.0491293	-0.13347	22.2587809521	Atom	
2094.9	608.624	-4351.21	0.968204	-0.103899	-0.227564	22.1785621148	Atom	
2116.88	606.266	-4356.37	0.969734	-0.0754976	-0.232197	22.1171706118	Atom	
2145.12	604.067	-4363.13	0.965852	-0.0643398	-0.250979	22.0382199425	Atom	
2171.89	602.284	-4370.09	0.962103	-0.0817514	-0.260142	21.9628747836	Atom	
2176.72	601.874	-4371.4	0.955998	-0.107896	-0.272812	21.9491910701	Atom	
2181.76	601.305	-4372.84	0.928694	-0.14888	-0.33965	21.934812539	Atom	
2205.64	597.477	-4381.57	0.938715	-0.146201	-0.312152	21.8646641646	Atom	
2218.01	595.55	-4385.68	0.936521	-0.186812	-0.296696	21.8286096975	Atom	
2224.47	594.261	-4387.73	0.877691	-0.405013	-0.25617	21.8097121467	Atom	
2245.16	584.717	-4393.77	0.822321	-0.46887	-0.322411	21.7451234321	Atom	
2272.56	569.093	-4404.51	0.849099	-0.437736	-0.295664	21.6535863112	Atom	
2273.48	568.617	-4404.83	0.875036	-0.414251	-0.250417	21.6505861459	Atom	
2285.97	562.704	-4408.41	0.862611	-0.403367	-0.305281	21.6112431261	Atom	
2297.71	557.218	-4412.56	0.884068	-0.367234	-0.289074	21.5736939	Atom	
2311.61	551.442	-4417.1	0.882142	-0.413714	-0.225091	21.5302202678	Atom	
2325.38	544.982	-4420.62	0.904025	-0.361553	-0.228075	21.4869908597	Atom	
2349.81	535.214	-4426.78	0.905026	-0.375923	-0.199022	21.4120667738	Atom	
2356	532.643	-4428.14	0.881703	-0.409228	-0.234801	21.3930518449	Atom	
2365.11	528.415	-4430.57	0.902319	-0.394256	-0.174305	21.3643023736	Atom	
2386.32	519.146	-4434.67	0.897287	-0.333401	-0.289343	21.298820552	Atom	
2386.7	519.006	-4434.79	0.868638	-0.395536	-0.298362	21.2976444727	Atom	
2394.94	515.255	-4437.62	0.913933	-0.327486	-0.239749	21.2711627399	Atom	
2400.38	513.305	-4439.04	0.864272	-0.414213	-0.285414	21.2545239164	Atom	
2419.85	503.971	-4445.48	0.887083	-0.406013	-0.219628	21.1914965748	Atom	
2434.27	497.371	-4449.05	0.143737	-0.59555	-0.790355	21.1459291328	Atom	
2435.19	493.576	-4454.08	0.243068	-0.660008	-0.71085	21.1280333716	Atom	
2439.99	480.553	-4468.11	0.257376	-0.715844	-0.649095	21.0725913714	Atom	
2443.31	471.302	-4476.5	0.13987	-0.753282	-0.642653	21.0362050754	Atom	
2445.37	460.235	-4485.94	0.101121	-0.741475	-0.663317	20.9947802883	Atom	
2445.85	456.712	-4489.09	0.0637358	-0.778046	-0.624966	20.9813653606	Atom	
2446.34	450.724	-4493.9	0.108648	-0.676281	-0.728588	20.9596207088	Atom	
2447.05	446.269	-4498.7	0.150304	-0.657381	-0.738417	20.9409927556	Atom	
2447.4	444.736	-4500.42	0.105098	-0.69271	-0.713517	20.9343957794	Atom	
2448.02	440.69	-4504.59	0.116612	-0.690678	-0.713698	20.9178645514	Atom	
2450.64	425.156	-4520.64	0.505546	-0.793364	-0.339112	20.8541695042	Atom	
2455.6	417.366	-4523.97	0.494389	-0.809999	-0.315406	20.8262957652	Atom	
2457.69	413.946	-4525.3	0.499711	-0.79033	-0.354496	20.8142996629	Atom	
2459.15	411.643	-4526.34	0.468457	-0.798148	-0.378825	20.8060135659	Atom	
2467.64	397.167	-4533.21	0.453886	-0.80777	-0.376158	20.7544327034	Atom	
2471.94	389.529	-4536.76	0.447821	-0.810317	-0.377945	20.7274917688	Atom	
2475.82	382.505	-4540.04	0.388884	-0.843895	-0.369609	20.7027656335	Atom	
2477.2	379.502	-4541.36	0.359202	-0.845865	-0.394317	20.6926048577	Atom	
2482.21	367.703	-4546.86	0.32265	-0.838752	-0.438625	20.6527679592	Atom	
2489.7	348.245	-4557.03	0.34602	-0.821176	-0.453806	20.5864066685	Atom	
2495.62	334.179	-4564.8	0.357547	-0.820013	-0.446922	20.5372885806	Atom	
2496.52	332.126	-4565.92	0.412158	-0.803775	-0.429036	20.5300964518	Atom	
2508.87	308.042	-4578.78	0.385394	-0.795915	-0.466896	20.4439848057	Atom	
2515.35	294.66	-4586.63	0.391757	-0.790815	-0.470254	20.3955110759	Atom	
2521.04	283.177	-4593.46	0.502201	-0.762183	-0.408499	20.3535654962	Atom	
2549.04	240.678	-4616.23	0.499001	-0.767361	-0.402685	20.1922368806	Atom	
2549.7	239.66	-4616.77	0.494886	-0.765365	-0.411466	20.1883764855	Atom	
2551.65	236.646	-4618.39	0.482471	-0.783749	-0.391099	20.1769090163	Atom	
2562.91	218.359	-4627.51	0.448026	-0.768008	-0.457643	20.1089404603	Atom	
2564.2	216.149	-4628.83	0.473707	-0.755163	-0.453135	20.1005365911	Atom	
2571.89	203.883	-4636.19	0.45006	-0.782757	-0.429812	20.0530777715	Atom	
2573.69	200.76	-4637.91	0.443997	-0.809454	-0.384253	20.0414000737	Atom	
2579.9	189.424	-4643.29	0.448083	-0.808846	-0.380774	20.000389283	Atom	
2582.9	184.019	-4645.83	0.490927	-0.755038	-0.434636	19.9807893392	Atom	
2590.31	172.625	-4652.39	0.496758	-0.757911	-0.42285	19.9364917831	Atom	
2603.3	152.806	-4663.45	0.338655	-0.827262	-0.448276	19.8595968355	Atom	
2604.41	150.1	-4664.92	0.33852	-0.822293	-0.457425	19.8499506604	Atom	
2607.71	142.075	-4669.38	0.383593	-0.794429	-0.470892	19.8211558514	Atom	
2610.97	135.315	-4673.39	0.401157	-0.792313	-0.459689	19.7960220818	Atom	
2614.74	127.884	-4677.7	0.412778	-0.7866	-0.459211	19.7682911834	Atom	
2615.18	127.038	-4678.19	0.556126	-0.713948	-0.425442	19.7651065582	Atom	
2620.9	119.689	-4682.57	0.555471	-0.71565	-0.423435	19.7346328602	Atom	
2623.58	116.244	-4684.61	0.532327	-0.716669	-0.45057	19.7203661439	Atom	
2626.95	111.707	-4687.46	0.515077	-0.715187	-0.472445	19.7015931972	Atom	
2655.42	72.1744	-4713.58	0.51743	-0.709583	-0.478287	19.537542538	Atom	
2660.64	65.0099	-4718.41	0.480371	-0.703041	-0.524383	19.5073808863	Atom	
2668.11	54.0868	-4726.55	0.476196	-0.707119	-0.522705	19.460911818	Atom	
2670.01	51.2637	-4728.64	0.49254	-0.695146	-0.523618	19.4489487906	Atom	
2679.35	38.0797	-4738.57	0.501066	-0.68048	-0.534677	19.3920915941	Atom	
2685.46	29.7853	-4745.09	0.50404	-0.689911	-0.519583	19.3554671485	Atom	
2690.91	22.316	-4750.71	0.487622	-0.663881	-0.566997	19.3228886303	Atom	
2697.8	12.9472	-4758.71	0.46888	-0.668965	-0.576748	19.2803666625	Atom	
2714.04	-10.2277	-4778.69	0.465654	-0.759459	-0.4543	19.1758039601	Atom	
2733.84	-42.517	-4798.01	0.489255	-0.689465	-0.534105	19.0469320453	Atom	
2735.01	-44.1693	-4799.29	0.478413	-0.716161	-0.508168	19.039629812	Atom	
2752.34	-70.1102	-4817.7	0.473882	-0.689829	-0.547332	18.9292242195	Atom	
2757.28	-77.3095	-4823.41	0.477934	-0.687415	-0.546846	18.8972697601	Atom	
2768.74	-93.7882	-4836.52	0.525345	-0.575425	-0.626816	18.8237746404	Atom	
2792.9	-120.248	-4865.34	0.542196	-0.582597	-0.605478	18.682369694	Atom	
2799.64	-127.488	-4872.87	0.5028	-0.605046	-0.617342	18.6439251298	Atom	
2800.52	-128.555	-4873.95	0.504352	-0.602984	-0.618093	18.6384639258	Atom	
2802.48	-130.893	-4876.35	0.613819	-0.551539	-0.564828	18.6264478847	Atom	
2812.8	-140.171	-4885.85	0.471853	-0.706874	-0.526957	18.5742871865	Atom	
2824.04	-156.997	-4898.4	0.68428	-0.662812	-0.304042	18.5003233987	Atom	
2829.45	-162.24	-4900.8	0.636346	-0.693378	-0.338068	18.4756710221	Atom	
2839.05	-172.708	-4905.9	0.641188	-0.687776	-0.340354	18.4285654628	Atom	
2844.22	-178.25	-4908.65	0.667924	-0.674222	-0.315122	18.4033718522	Atom	
2848.23	-182.292	-4910.54	0.659478	-0.66609	-0.348443	18.3846100281	Atom	
2850.24	-184.324	-4911.6	0.667574	-0.662424	-0.339912	18.3750514958	Atom	
2854.47	-188.525	-4913.75	0.709639	-0.641399	-0.291582	18.3551824125	Atom	
2869.93	-202.494	-4920.1	0.665429	-0.665396	-0.338308	18.2868795232	Atom	
2876.14	-208.703	-4923.26	0.686638	-0.631426	-0.360319	18.257529707	Atom	
2882.21	-214.288	-4926.45	0.716503	-0.61603	-0.327307	18.2296742775	Atom	
2898.08	-227.934	-4933.7	0.628155	-0.655018	-0.419968	18.1598344173	Atom	
2898.97	-228.864	-4934.3	0.652589	-0.620906	-0.434285	18.1553472579	Atom	
2899.52	-229.388	-4934.66	0.64544	-0.634715	-0.424905	18.152678137	Atom	
2936.06	-265.317	-4958.71	0.657348	-0.637836	-0.40132	17.9736152312	Atom	
2936.61	-265.853	-4959.05	0.638713	-0.662197	-0.391844	17.9709380402	Atom	
2938.1	-267.395	-4959.96	0.56346	-0.728082	-0.390397	17.9635110373	Atom	
2939.39	-269.063	-4960.86	0.544969	-0.728227	-0.415565	17.9562045861	Atom	
2941.04	-271.262	-4962.11	0.577158	-0.722697	-0.380259	17.94657341	Atom	
2948.91	-281.116	-4967.3	0.497784	-0.778683	-0.381922	17.9030550533	Atom	
2950.65	-283.843	-4968.64	0.487847	-0.783363	-0.385159	17.8918608881	Atom	
2952.09	-286.159	-4969.77	0.562058	-0.73114	-0.386684	17.8824024431	Atom	
2952.66	-286.901	-4970.17	0.541382	-0.765756	-0.347166	17.879154828	Atom	
2959.77	-296.961	-4974.73	0.533485	-0.769199	-0.351749	17.8371051823	Atom	
2969.74	-311.328	-4981.3	0.524687	-0.756486	-0.390427	17.77720899	Atom	
2973.48	-316.717	-4984.08	0.476633	-0.783772	-0.398149	17.7543085266	Atom	
2981.3	-329.586	-4990.62	0.560821	-0.642431	-0.522266	17.7014647756	Atom	
2984.11	-332.801	-4993.23	0.588452	-0.598559	-0.543553	17.6853215226	Atom	
2991.44	-340.256	-5000	0.588452	-0.598559	-0.543553	17.6451167308	Region	
"-----------------------------------------------------------------"
"Trajectory"	160

"NbCollisions"	77
"Zmax"	0
"Display"	256

"Collisions"

"X"	"Y"	"Z"	"Rx"	"Ry"	"Rz"	"Energy"	"CollisionType"	
-0.0372165	0.118176	-5000	4.01397e-006	1.38165e-006	1	30	Region	
-0.03716	0.118196	-4985.92	-0.0375546	0.00105162	0.999294	29.9700138692	Atom	
-0.127632	0.120729	-4983.51	0.0349103	0.021736	0.999154	29.9648805804	Atom	
-0.0925737	0.142558	-4982.51	0.0318873	0.0255839	0.999164	29.9627404263	Atom	
0.145207	0.333335	-4975.05	-0.0403853	0.00347765	0.999178	29.9468481546	Atom	
-1.89714	0.509205	-4924.52	-0.0527099	-0.000679884	0.99861	29.8390235914	Atom	
-2.00083	0.507868	-4922.56	0.14378	0.166826	0.975447	29.8348174156	Atom	
2.70631	5.96951	-4890.63	0.122308	0.160933	0.979358	29.7648058114	Atom	
3.11881	6.51227	-4887.32	0.106967	0.15402	0.982261	29.7575800151	Atom	
3.43811	6.97203	-4884.39	0.0643802	0.18557	0.98052	29.7511831519	Atom	
3.43887	6.97421	-4884.38	0.0780834	0.150712	0.985489	29.751158056	Atom	
3.64962	7.38099	-4881.72	0.0962148	0.112542	0.988978	29.7453730629	Atom	
4.00201	7.79319	-4878.1	0.110153	0.0986823	0.989004	29.7375218579	Atom	
4.85499	8.55734	-4870.44	0.142493	0.101783	0.984549	29.720918961	Atom	
6.08589	9.43657	-4861.93	0.142604	0.121261	0.982324	29.7023894463	Atom	
6.74839	9.99991	-4857.37	0.149236	0.12754	0.980542	29.6924192203	Atom	
7.8413	10.9339	-4850.19	0.150645	0.125004	0.980653	29.6766982073	Atom	
10.5384	13.1719	-4832.63	0.620729	0.730842	-0.283839	29.6382488035	Atom	
23.0821	27.9408	-4838.37	0.634818	0.701643	-0.323578	29.5948053443	Atom	
23.3444	28.2307	-4838.5	0.641758	0.693322	-0.327799	29.5939159166	Atom	
29.9721	35.391	-4841.89	0.639075	0.702002	-0.314287	29.5716871471	Atom	
31.5986	37.1776	-4842.69	0.579897	0.738718	-0.343534	29.5662059127	Atom	
37.9022	45.2076	-4846.42	0.558939	0.748817	-0.356175	29.5427915696	Atom	
50.7425	62.41	-4854.6	0.537967	0.74823	-0.388256	29.4932772302	Atom	
52.4403	64.7714	-4855.83	0.500584	0.826232	-0.258373	29.4864658727	Atom	
54.0126	67.3664	-4856.64	0.4988	0.822234	-0.274099	29.4796860435	Atom	
59.2168	75.9452	-4859.5	0.548742	0.815649	-0.183302	29.4571595159	Atom	
63.9886	83.0379	-4861.09	0.541934	0.804856	-0.2419	29.4383735197	Atom	
66.5418	86.8299	-4862.23	0.570165	0.791845	-0.218843	29.4281900103	Atom	
70.4888	92.3115	-4863.75	0.570002	0.789209	-0.228578	29.4132232135	Atom	
75.5619	99.3356	-4865.78	0.544005	0.785927	-0.293899	29.3939726792	Atom	
77.3604	101.934	-4866.75	0.468146	0.783737	-0.408161	29.3868185509	Atom	
79.1319	104.9	-4868.3	0.458066	0.779804	-0.426709	29.3786276031	Atom	
102.167	144.114	-4889.76	0.486314	0.759232	-0.432511	29.2697578276	Atom	
134.234	194.178	-4918.28	0.430022	0.802164	-0.414264	29.1265765038	Atom	
137.017	199.369	-4920.96	0.45369	0.745436	-0.488355	29.112468772	Atom	
153.793	226.932	-4939.02	0.480338	0.724238	-0.494727	29.0318341518	Atom	
153.884	227.07	-4939.11	0.525865	0.706963	-0.472937	29.0314184525	Atom	
156.636	230.769	-4941.58	0.513973	0.709915	-0.481511	29.019982248	Atom	
162.725	239.18	-4947.29	0.748625	0.629772	-0.207237	28.9940813435	Atom	
170.117	245.398	-4949.33	0.75105	0.605998	-0.262089	28.9724795114	Atom	
183.391	256.108	-4953.97	0.762947	0.615119	-0.198848	28.9337880881	Atom	
187.595	259.497	-4955.06	0.818913	0.542719	-0.186648	28.9217141644	Atom	
194.399	264.007	-4956.61	0.817402	0.555915	-0.151035	28.9034997899	Atom	
216.495	279.035	-4960.7	0.819224	0.551609	-0.156839	28.844209741	Atom	
217.285	279.567	-4960.85	0.788728	0.593951	-0.158527	28.8420906746	Atom	
237.868	295.066	-4964.98	0.779044	0.60322	-0.17093	28.7847585126	Atom	
246.782	301.968	-4966.94	0.770535	0.623764	-0.131125	28.759579472	Atom	
247.268	302.362	-4967.02	0.873116	0.38735	-0.29602	28.7581903069	Atom	
292.332	322.354	-4982.3	0.826888	0.498669	-0.25997	28.6445311514	Atom	
333.886	347.414	-4995.37	0.841009	0.425119	-0.33463	28.5335187515	Atom	
338.543	349.768	-4997.22	0.844858	0.411637	-0.341716	28.5212473566	Atom	
345.419	353.118	-5000	0.844858	0.411637	-0.341716	28.5032062621	Region	
"-----------------------------------------------------------------"
"Trajectory"	172

"NbCollisions"	243
"Zmax"	0
"Display"	256

"Collisions"

"X"	"Y"	"Z"	"Rx"	"Ry"	"Rz"	"Energy"	"CollisionType"	
-0.0848059	0.0334595	-5000	-3.52827e-006	4.87024e-007	1	30	Region	
-0.0848602	0.033467	-4984.59	-0.0502355	-0.0229139	0.998475	29.9671949983	Atom	
-0.315654	-0.0718048	-4980	0.0147109	-0.0275574	0.999512	29.9574048872	Atom	
0.0581292	-0.771997	-4954.61	0.0278453	-0.0218763	0.999373	29.9032463398	Atom	
0.638659	-1.22808	-4933.77	-0.0434366	0.037922	0.998336	29.8587433864	Atom	
-0.340083	-0.373601	-4911.28	-0.00108828	0.0271117	0.999632	29.8105881158	Atom	
-0.345438	-0.240193	-4906.36	-0.0998022	-0.0476269	0.993867	29.8000584219	Atom	
-0.709824	-0.414083	-4902.73	-0.0972328	-0.0973506	0.990489	29.7922433039	Atom	
-1.27493	-0.979875	-4896.97	-0.0818636	-0.0884041	0.992715	29.7798003514	Atom	
-1.63261	-1.36613	-4892.64	-0.0829216	-0.0428828	0.995633	29.7704429567	Atom	
-1.96558	-1.53833	-4888.64	0.145968	0.0263492	0.988938	29.7618409811	Atom	
2.40262	-0.74981	-4859.04	0.148465	0.0222761	0.988667	29.6977194097	Atom	
10.5727	0.476053	-4804.64	0.211702	-0.0406697	0.976488	29.5796033767	Atom	
11.1035	0.374086	-4802.19	0.236396	-0.022214	0.971403	29.5742048182	Atom	
13.6034	0.139165	-4791.92	0.23313	-0.00983164	0.972396	29.5514304852	Atom	
18.0682	-0.0491234	-4773.29	0.226669	-0.0272421	0.973591	29.5101622765	Atom	
22.6225	-0.596485	-4753.73	0.0183586	0.324912	0.945566	29.4668176443	Atom	
22.925	4.75784	-4738.15	-0.0264303	0.304707	0.952079	29.4312258566	Atom	
22.7223	7.0955	-4730.85	-0.0893068	0.196406	0.976447	29.4146403354	Atom	
22.003	8.67724	-4722.98	-0.105296	0.182587	0.977535	29.3972219469	Atom	
19.3817	13.2227	-4698.65	-0.0285581	0.0507033	0.998305	29.3433531499	Atom	
18.113	15.4752	-4654.3	-0.0358633	0.0402717	0.998545	29.247080186	Atom	
17.9552	15.6524	-4649.9	-0.0138352	0.0270536	0.999538	29.2375226041	Atom	
17.6969	16.1576	-4631.24	-0.0670077	0.0330507	0.997205	29.196937452	Atom	
16.8438	16.5784	-4618.54	-0.0494761	0.0324749	0.998247	29.1692375892	Atom	
15.3035	17.5894	-4587.46	-0.0323848	0.0380732	0.99875	29.1014510147	Atom	
15.2571	17.6439	-4586.03	-0.0164739	0.0449315	0.998854	29.0983277396	Atom	
14.5686	19.5219	-4544.29	-0.0388784	0.0308743	0.998767	29.0071481383	Atom	
12.8031	20.9238	-4498.93	-0.0525998	-0.318672	0.946404	28.9078361022	Atom	
11.5853	13.5456	-4477.02	-0.121164	-0.297343	0.947052	28.8570610514	Atom	
9.65542	8.8097	-4461.94	-0.0880714	-0.313272	0.945571	28.8220825263	Atom	
9.17763	7.11021	-4456.81	-0.112638	-0.456366	0.882634	28.8101572022	Atom	
8.81471	5.6398	-4453.96	-0.152403	-0.427563	0.891046	28.8030722098	Atom	
3.40364	-9.54086	-4422.33	-0.126914	-0.290947	0.948284	28.7249830417	Atom	
1.07338	-14.8829	-4404.91	-0.0481343	-0.386162	0.921174	28.684512772	Atom	
0.387277	-20.3872	-4391.78	0.49025	-0.137479	0.860671	28.6530598806	Atom	
4.76212	-21.6141	-4384.1	0.402377	-0.0789159	0.912066	28.6333514325	Atom	
6.49939	-21.9548	-4380.17	0.385679	-0.0716665	0.919845	28.6238107474	Atom	
8.26814	-22.2835	-4375.95	0.344932	-0.0762749	0.935524	28.6136739307	Atom	
13.2493	-23.385	-4362.44	0.31037	-0.114746	0.943665	28.5817449509	Atom	
15.3629	-24.1663	-4356.01	0.31858	-0.160797	0.934158	28.5666755028	Atom	
16.9634	-24.9742	-4351.32	0.285169	-0.208824	0.935452	28.5555529478	Atom	
17.8081	-25.5927	-4348.55	0.311728	-0.204625	0.927876	28.5489936078	Atom	
26.1535	-31.0708	-4323.71	0.323501	-0.22362	0.919425	28.4896957552	Atom	
33.9728	-36.4759	-4301.48	0.315143	-0.223684	0.922307	28.4360690932	Atom	
38.6338	-39.7842	-4287.84	0.608623	-0.280839	0.742096	28.4032064652	Atom	
71.2229	-54.8219	-4248.11	0.610107	-0.25959	0.748587	28.2841203707	Atom	
75.4204	-56.6079	-4242.96	0.625967	-0.233905	0.743945	28.2687681059	Atom	
102.17	-66.6033	-4211.17	0.61926	-0.241514	0.74712	28.173370439	Atom	
114.244	-71.3125	-4196.6	0.613639	-0.213713	0.760114	28.1297239604	Atom	
137.067	-79.261	-4168.33	0.595637	-0.207245	0.776058	28.0463674835	Atom	
141.776	-80.8993	-4162.19	0.594454	-0.197883	0.779402	28.0286081061	Atom	
152.732	-84.5466	-4147.83	0.570526	-0.195369	0.797704	27.9871808252	Atom	
164.917	-88.719	-4130.79	0.642992	-0.316513	0.69741	27.9391227456	Atom	
167.865	-90.1701	-4127.59	0.654713	-0.282842	0.700965	27.9287918996	Atom	
186.617	-98.2711	-4107.52	0.63797	-0.346946	0.687476	27.864232798	Atom	
186.828	-98.3862	-4107.29	0.631333	-0.361769	0.68596	27.8634842174	Atom	
193.295	-102.092	-4100.26	0.622726	-0.371347	0.688704	27.8403514082	Atom	
197.306	-104.483	-4095.83	0.689031	-0.279119	0.668826	27.8257992786	Atom	
203.898	-107.154	-4089.43	0.691484	-0.30566	0.654539	27.8041703295	Atom	
209.869	-109.793	-4083.78	0.693919	-0.319837	0.64512	27.784636534	Atom	
217.54	-113.329	-4076.64	0.757774	-0.219282	0.614568	27.7596158929	Atom	
224.256	-115.273	-4071.2	0.770406	-0.221996	0.597655	27.7395425918	Atom	
268.876	-128.13	-4036.58	0.793642	-0.240887	0.558664	27.6082870368	Atom	
290.776	-134.777	-4021.17	0.807789	-0.219526	0.54707	27.5455144044	Atom	
294.068	-135.672	-4018.94	0.856622	-0.437763	0.273061	27.53622715	Atom	
316.204	-146.984	-4011.88	0.817001	-0.396791	0.418409	27.4773221592	Atom	
323.943	-150.743	-4007.92	0.811484	-0.410588	0.415826	27.4556916108	Atom	
336.971	-157.334	-4001.24	0.785718	-0.420279	0.453887	27.4190082546	Atom	
340.866	-159.418	-3998.99	0.798449	-0.405703	0.444843	27.4076715521	Atom	
360.047	-169.164	-3988.3	0.808278	-0.382549	0.447596	27.3527045693	Atom	
387.079	-181.958	-3973.34	0.849498	-0.487161	0.202551	27.2760610202	Atom	
423.261	-202.707	-3964.71	0.848822	-0.478181	0.225486	27.1782367322	Atom	
434.283	-208.916	-3961.78	0.576156	-0.802792	0.153522	27.1483260382	Atom	
458.367	-242.474	-3955.36	0.557868	-0.812809	0.167702	27.0519557277	Atom	
464.853	-251.924	-3953.41	0.308485	-0.935354	0.173061	27.0250768757	Atom	
470.152	-267.991	-3950.44	0.33098	-0.921516	0.203129	26.9853338781	Atom	
472.136	-273.515	-3949.22	0.329596	-0.923919	0.19427	26.9714473133	Atom	
484.142	-307.169	-3942.15	0.46588	-0.858487	0.214373	26.8870360888	Atom	
494.813	-326.833	-3937.24	0.0722264	-0.966292	-0.247108	26.8338211715	Atom	
496.368	-347.639	-3942.56	0.0778932	-0.964748	-0.251385	26.7837199309	Atom	
500.731	-401.671	-3956.64	0.0871776	-0.96206	-0.258535	26.653208765	Atom	
500.96	-404.198	-3957.31	0.0884237	-0.959163	-0.268676	26.6470648329	Atom	
502.621	-422.218	-3962.36	0.100958	-0.929814	-0.353911	26.6031060446	Atom	
505.007	-444.19	-3970.73	0.0852942	-0.925735	-0.368428	26.5477433083	Atom	
505.291	-447.272	-3971.95	0.361638	-0.932137	-0.018396	26.5399307904	Atom	
511.561	-463.433	-3972.27	0.33841	-0.939608	-0.0511395	26.499235733	Atom	
521.179	-490.138	-3973.72	0.245856	-0.963306	-0.107685	26.4324410878	Atom	
522.012	-493.401	-3974.09	0.137784	-0.984995	-0.103927	26.4244641529	Atom	
524.645	-512.23	-3976.08	0.114262	-0.99088	-0.0714195	26.3794394121	Atom	
525.199	-517.034	-3976.42	0.19259	-0.980895	-0.0274698	26.3680044774	Atom	
525.421	-518.165	-3976.45	0.248345	-0.968155	0.0316458	26.3652844398	Atom	
527.881	-527.755	-3976.14	0.224379	-0.972255	-0.0661355	26.3419123091	Atom	
529.324	-534.008	-3976.57	0.375392	-0.921867	-0.0961342	26.3267246857	Atom	
531.26	-538.761	-3977.06	0.142468	-0.961619	-0.234504	26.3145462236	Atom	
534.537	-560.878	-3982.46	0.146541	-0.950959	-0.272401	26.2601912623	Atom	
536.371	-572.786	-3985.87	0.12905	-0.952498	-0.27585	26.23055247	Atom	
541.285	-609.051	-3996.37	0.0892007	-0.96133	-0.260553	26.1403463041	Atom	
543.043	-627.994	-4001.5	0.158188	-0.942975	-0.292873	26.0935342324	Atom	
544.925	-639.215	-4004.99	0.132079	-0.946721	-0.293725	26.0652246981	Atom	
546.751	-652.306	-4009.05	0.098123	-0.963361	-0.249615	26.0322985459	Atom	
547.823	-662.828	-4011.78	0.148042	-0.967085	-0.206957	26.0062667307	Atom	
548.812	-669.286	-4013.16	0.108906	-0.97203	-0.208082	25.9903371855	Atom	
550.833	-687.331	-4017.02	0.166878	-0.959133	-0.228509	25.9460319137	Atom	
551.969	-693.861	-4018.58	0.160615	-0.968081	-0.192411	25.9297622618	Atom	
555.093	-712.686	-4022.32	0.134181	-0.968545	-0.209563	25.8832687715	Atom	
561.093	-755.999	-4031.69	-0.0421187	-0.919134	-0.391686	25.776192671	Atom	
560.256	-774.26	-4039.47	0.0396744	-0.912019	-0.408224	25.7284650126	Atom	
560.736	-785.283	-4044.41	0.0527125	-0.922656	-0.382004	25.6993869035	Atom	
560.878	-787.776	-4045.44	0.16625	-0.945487	-0.280027	25.6928822329	Atom	
561.823	-793.148	-4047.03	0.160434	-0.954057	-0.253055	25.6791977245	Atom	
564.493	-809.023	-4051.24	0.147198	-0.966519	-0.210177	25.6391053153	Atom	
565.197	-813.65	-4052.25	0.150213	-0.962395	-0.226347	25.6275565714	Atom	
566.541	-822.26	-4054.27	0.136495	-0.955687	-0.26083	25.6059676964	Atom	
567.525	-829.149	-4056.15	0.0492429	-0.952925	-0.299181	25.5885580118	Atom	
570.969	-895.799	-4077.08	0.0249595	-0.963639	-0.266038	25.4195630189	Atom	
571.331	-909.761	-4080.93	0.0681386	-0.956778	-0.282723	25.3843724094	Atom	
572.2	-921.96	-4084.54	0.0588469	-0.962647	-0.264286	25.3533694777	Atom	
575.371	-973.841	-4098.78	0.0651786	-0.961571	-0.266708	25.2221948716	Atom	
575.841	-980.773	-4100.7	0.12222	-0.964769	-0.232989	25.2045759895	Atom	
576.228	-983.829	-4101.44	0.113799	-0.963342	-0.242943	25.19683092	Atom	
576.516	-986.269	-4102.06	0.120433	-0.984907	-0.124318	25.19063671	Atom	
576.645	-987.321	-4102.19	0.106083	-0.983879	-0.143975	25.188022972	Atom	
576.916	-989.831	-4102.56	0.121482	-0.980062	-0.157228	25.1817807384	Atom	
578.268	-1000.74	-4104.31	0.144135	-0.96948	-0.198328	25.1545328255	Atom	
585.403	-1048.74	-4114.12	-0.047923	-0.992662	0.111022	25.0332950948	Atom	
584.776	-1061.72	-4112.67	0.00649735	-0.994323	0.106206	25.0011294802	Atom	
584.785	-1063.04	-4112.53	0.103788	-0.971816	0.211664	24.9978587363	Atom	
585.129	-1066.26	-4111.83	0.101723	-0.973967	0.202586	24.9897102716	Atom	
586.541	-1079.78	-4109.02	0.0934317	-0.977163	0.190846	24.9555346169	Atom	
587.081	-1085.43	-4107.91	0.185112	-0.972015	0.14464	24.941294745	Atom	
589.833	-1099.88	-4105.76	0.205167	-0.973523	0.100798	24.9046340124	Atom	
590.897	-1104.93	-4105.24	0.0653087	-0.991923	0.108739	24.8918265179	Atom	
591.715	-1117.35	-4103.88	0.0731549	-0.993249	0.0900319	24.8609172871	Atom	
592.063	-1122.08	-4103.45	0.0823168	-0.990931	0.106207	24.8491359057	Atom	
592.316	-1125.13	-4103.12	0.064181	-0.997212	0.0380735	24.8415313832	Atom	
592.49	-1127.83	-4103.02	0.159611	-0.982638	0.0945841	24.8348299228	Atom	
593.637	-1134.89	-4102.34	0.180113	-0.981332	0.0674321	24.8170622149	Atom	
594.342	-1138.73	-4102.08	0.185161	-0.981069	0.0567308	24.8073739059	Atom	
594.846	-1141.4	-4101.92	0.200478	-0.977802	0.0609317	24.8006277872	Atom	
595.925	-1146.66	-4101.6	0.142168	-0.988741	0.04668	24.7873022603	Atom	
596.912	-1153.53	-4101.27	0.168783	-0.985204	0.0297389	24.7700876947	Atom	
598.009	-1159.93	-4101.08	0.20688	-0.974971	0.0814371	24.7539759436	Atom	
598.444	-1161.98	-4100.91	0.263089	-0.956743	0.124204	24.7487616694	Atom	
605.744	-1188.53	-4097.46	0.239929	-0.961594	0.133305	24.6799228089	Atom	
608.131	-1198.09	-4096.13	0.267814	-0.956645	0.114483	24.6551888312	Atom	
611.317	-1209.48	-4094.77	0.26466	-0.957562	0.114148	24.6255875315	Atom	
612.832	-1214.96	-4094.12	-0.480599	-0.857399	0.184097	24.6113275434	Atom	
598.262	-1240.95	-4088.54	-0.474545	-0.861503	0.180609	24.5357844622	Atom	
596.541	-1244.07	-4087.88	-0.418964	-0.887532	0.19172	24.5267265319	Atom	
587.414	-1263.41	-4083.71	-0.40556	-0.873736	0.268526	24.472293593	Atom	
579.755	-1279.91	-4078.63	-0.548479	-0.796992	0.252932	24.4250236692	Atom	
560.797	-1307.46	-4069.89	-0.363276	-0.165009	-0.916953	24.3383771001	Atom	
559.67	-1307.97	-4072.74	-0.385544	-0.113778	-0.915647	24.3305809788	Atom	
557.155	-1308.71	-4078.71	-0.350841	-0.135711	-0.926549	24.3141768908	Atom	
554.52	-1309.73	-4085.67	-0.341486	-0.113841	-0.932967	24.2952791964	Atom	
549.997	-1311.24	-4098.03	-0.355875	-0.131029	-0.925303	24.2619398049	Atom	
546.471	-1312.54	-4107.19	-0.366806	-0.114355	-0.923242	24.2369660229	Atom	
542.619	-1313.74	-4116.89	-0.380318	-0.117551	-0.917355	24.2104814069	Atom	
526.484	-1318.73	-4155.81	-0.403404	-0.127739	-0.906062	24.1033847348	Atom	
520.129	-1320.74	-4170.08	-0.404681	-0.169063	-0.898694	24.0634818858	Atom	
515.407	-1322.71	-4180.57	-0.374874	-0.113737	-0.920073	24.0338838009	Atom	
514.083	-1323.11	-4183.82	-0.182022	-0.0427816	-0.982363	24.0249114342	Atom	
513.796	-1323.18	-4185.37	-0.250995	0.0367752	-0.96729	24.0209138293	Atom	
513.323	-1323.11	-4187.19	-0.255008	-0.0328409	-0.966381	24.0161256085	Atom	
505.457	-1324.12	-4217	-0.216329	-0.0716148	-0.97369	23.9377633635	Atom	
486.847	-1330.28	-4300.76	-0.204001	-0.0621424	-0.976996	23.7186535288	Atom	
485.484	-1330.7	-4307.29	-0.200382	-0.0814437	-0.976327	23.701514853	Atom	
484.455	-1331.12	-4312.3	-0.210407	-0.06168	-0.975666	23.6883241916	Atom	
476.981	-1333.31	-4346.96	-0.237161	-0.0191077	-0.971282	23.5971054319	Atom	
475.658	-1333.42	-4352.38	-0.252955	-0.246709	-0.935494	23.5827347809	Atom	
471.522	-1337.45	-4367.67	-0.242511	-0.262007	-0.934099	23.5405948259	Atom	
470.243	-1338.83	-4372.6	-0.521256	0.156548	-0.838919	23.5269782338	Atom	
467.097	-1337.89	-4377.66	-0.534274	0.0903739	-0.840467	23.5113958499	Atom	
450.738	-1335.12	-4403.4	-0.598483	0.124717	-0.791368	23.4322918323	Atom	
446.671	-1334.27	-4408.78	-0.490073	0.12167	-0.863148	23.4146924346	Atom	
445.367	-1333.95	-4411.07	-0.486858	0.180644	-0.854597	23.407797024	Atom	
441.915	-1332.67	-4417.13	-0.46114	0.168729	-0.871137	23.3894133612	Atom	
437.195	-1330.94	-4426.05	-0.501841	0.219839	-0.836556	23.3628640993	Atom	
434.739	-1329.86	-4430.14	-0.503202	0.209691	-0.838342	23.3501564556	Atom	
426.897	-1326.6	-4443.21	-0.619093	0.168215	-0.76709	23.3096755019	Atom	
425.88	-1326.32	-4444.47	-0.597924	0.197396	-0.776867	23.3054053939	Atom	
425.533	-1326.21	-4444.92	-0.686104	0.150097	-0.711851	23.3038966532	Atom	
422.2	-1325.48	-4448.38	-0.733139	0.105602	-0.671829	23.291258483	Atom	
420.429	-1325.22	-4450	-0.668923	0.00250412	-0.743328	23.2849691263	Atom	
419.755	-1325.22	-4450.75	-0.675402	-0.0257763	-0.736999	23.2823485944	Atom	
415.438	-1325.38	-4455.46	-0.680374	-0.0371544	-0.731923	23.2657081872	Atom	
398.716	-1326.3	-4473.45	-0.685166	-0.0344863	-0.72757	23.2016857768	Atom	
397.033	-1326.38	-4475.23	-0.645978	-0.070783	-0.760067	23.1952722441	Atom	
384.806	-1327.72	-4489.62	-0.666145	0.00474788	-0.745807	23.1458509832	Atom	
375.846	-1327.66	-4499.65	-0.658729	0.00261412	-0.752376	23.1106687657	Atom	
359.496	-1327.59	-4518.33	-0.636913	-0.00264533	-0.770931	23.0456721786	Atom	
352.778	-1327.62	-4526.46	-0.715539	0.114793	-0.689077	23.0179928692	Atom	
332.152	-1324.31	-4546.32	-0.703432	0.147012	-0.695393	22.9422669239	Atom	
314.624	-1320.65	-4563.65	-0.701436	0.137431	-0.699357	22.8766394666	Atom	
312.88	-1320.31	-4565.39	-0.706294	0.192392	-0.681274	22.8700771287	Atom	
302.101	-1317.37	-4575.79	-0.676068	0.216274	-0.704385	22.8297839027	Atom	
281.803	-1310.88	-4596.93	-0.671511	0.140898	-0.727476	22.7504004947	Atom	
279.948	-1310.49	-4598.94	-0.665491	0.128655	-0.735234	22.7430757767	Atom	
277.488	-1310.01	-4601.66	-0.613234	0.0919	-0.784537	22.7332754977	Atom	
254.784	-1306.61	-4630.71	-0.60577	0.0902977	-0.790499	22.6350556396	Atom	
253.713	-1306.45	-4632.11	-0.568581	0.0203656	-0.822375	22.6303503711	Atom	
241.43	-1306.01	-4649.87	-0.582568	0.0142596	-0.812657	22.5728376488	Atom	
214.86	-1305.36	-4686.94	-0.53422	0.00238235	-0.845342	22.4511693371	Atom	
208.66	-1305.33	-4696.74	-0.593985	-0.0386349	-0.803548	22.4200810681	Atom	
181.393	-1307.11	-4733.63	-0.603693	-0.0482703	-0.795755	22.296963478	Atom	
177.739	-1307.4	-4738.45	-0.59517	-0.041768	-0.802514	22.2806600008	Atom	
173.159	-1307.72	-4744.62	-0.59596	-0.172247	-0.784323	22.2599244913	Atom	
154.252	-1313.18	-4769.51	-0.602945	-0.161246	-0.781318	22.1743553409	Atom	
152.781	-1313.58	-4771.41	-0.572088	-0.164295	-0.803569	22.1677573281	Atom	
148.423	-1314.83	-4777.53	-0.5821	-0.128517	-0.802897	22.1471445856	Atom	
128.097	-1319.32	-4805.57	-0.583261	-0.0680543	-0.809429	22.0525879782	Atom	
125.727	-1319.59	-4808.86	-0.557829	-0.0862359	-0.825464	22.0415464409	Atom	
107.145	-1322.47	-4836.36	-0.564152	-0.0836533	-0.821422	21.9510085244	Atom	
98.1325	-1323.8	-4849.48	-0.565125	-0.0320959	-0.824381	21.9074438989	Atom	
87.107	-1324.43	-4865.56	-0.559762	-0.0511083	-0.827076	21.8541599202	Atom	
72.38	-1325.77	-4887.32	-0.563308	-0.0391592	-0.825318	21.7821675904	Atom	
0.773755	-1330.75	-4992.24	-0.546589	0.0440535	-0.836242	21.4334260392	Atom	
0.477416	-1330.73	-4992.69	-0.508557	0.0741595	-0.857829	21.4319196797	Atom	
-3.85718	-1330.1	-5000	-0.508557	0.0741595	-0.857829	21.408236825	Region	
"-----------------------------------------------------------------"
"Trajectory"	173

"NbCollisions"	318
"Zmax"	0
"Display"	256

"Collisions"

"X"	"Y"	"Z"	"Rx"	"Ry"	"Rz"	"Energy"	"CollisionType"	
-0.125649	-0.193572	-5000	-4.88158e-006	3.33014e-007	1	30	Region	
-0.125741	-0.193566	-4981.16	-0.0112817	-0.018727	0.999761	29.9598873605	Atom	
-0.354241	-0.572864	-4960.91	-0.048329	0.0846084	0.995242	29.9167183104	Atom	
-0.436318	-0.429174	-4959.22	-0.0315725	0.131075	0.99087	29.913094432	Atom	
-0.479901	-0.248233	-4957.85	5.01733e-005	0.209282	0.977855	29.9101485384	Atom	
-0.479008	3.47987	-4940.43	-0.0192048	0.188419	0.981901	29.8721303587	Atom	
-0.545758	4.13476	-4937.02	0.0432827	0.138912	0.989358	29.8647049399	Atom	
0.0254538	5.96801	-4923.96	0.0101896	0.168682	0.985618	29.836505187	Atom	
0.221482	9.21313	-4905	0.0128033	0.164445	0.986303	29.7953662706	Atom	
0.491795	12.685	-4884.18	0.0487407	0.112626	0.992441	29.750168718	Atom	
4.54905	22.0602	-4801.57	0.138942	0.252431	0.957588	29.5717520483	Atom	
4.91768	22.7299	-4799.03	0.130932	0.23515	0.9631	29.5660381003	Atom	
5.33028	23.4709	-4795.99	0.0310394	0.287646	0.957234	29.5592502604	Atom	
5.40683	24.1804	-4793.63	0.0252058	0.231466	0.972516	29.5539366751	Atom	
6.20376	31.4986	-4762.88	-0.0947435	0.347312	0.932951	29.4858117497	Atom	
2.14117	46.3913	-4722.88	-0.0706537	0.369602	0.9265	29.3932478631	Atom	
1.74115	48.4839	-4717.63	-0.0651492	0.369764	0.926839	29.3809952081	Atom	
0.828373	53.6645	-4704.65	-0.0674955	0.422009	0.904076	29.3506649618	Atom	
-0.508148	62.0209	-4686.74	-0.000826531	0.461627	0.887074	29.3077626977	Atom	
-0.51409	65.3397	-4680.37	0.0851533	0.473198	0.876831	29.2921682915	Atom	
-0.327169	66.3784	-4678.44	0.0857766	0.434981	0.896345	29.2874047757	Atom	
0.713727	71.6568	-4667.56	0.10362	0.506016	0.856277	29.2610678531	Atom	
2.1058	78.4548	-4656.06	0.153844	0.495569	0.854836	29.2318899029	Atom	
3.5527	83.1156	-4648.02	0.152767	0.51633	0.842654	29.2114470407	Atom	
6.1899	92.029	-4633.47	0.163906	0.552854	0.816999	29.1739031741	Atom	
7.96291	98.0093	-4624.64	0.151401	0.533938	0.831858	29.1503533129	Atom	
9.84727	104.655	-4614.28	0.182252	0.4825	0.856725	29.1232398096	Atom	
12.877	112.676	-4600.04	0.188299	0.493674	0.849017	29.0869986887	Atom	
14.2155	116.185	-4594.01	0.192217	0.479	0.856511	29.0714858444	Atom	
14.9005	117.892	-4590.95	0.205605	0.469738	0.858529	29.0637059333	Atom	
24.3493	139.479	-4551.5	0.036424	0.419285	0.907124	28.9633541392	Atom	
24.8966	145.779	-4537.87	0.0343465	0.399106	0.916261	28.9304547107	Atom	
25.4309	151.988	-4523.62	0.0524373	0.401908	0.914177	28.8963576564	Atom	
27.1961	165.518	-4492.84	0.00561072	0.404566	0.914491	28.8225106108	Atom	
27.2626	170.311	-4482.01	0.0218818	0.46588	0.884577	28.7964672968	Atom	
27.7462	180.608	-4462.46	0.0901456	0.524471	0.846643	28.7478464403	Atom	
28.4435	184.664	-4455.91	0.0786598	0.547949	0.832806	28.730809294	Atom	
29.5309	192.24	-4444.39	0.0268932	0.587972	0.808434	28.7003430394	Atom	
29.686	195.631	-4439.73	0.0261731	0.5866	0.809454	28.6876190125	Atom	
29.7846	197.841	-4436.68	0.0144669	0.626285	0.77946	28.6793087363	Atom	
30.2921	219.812	-4409.34	0.026238	0.634924	0.772129	28.6018861781	Atom	
30.8188	232.557	-4393.84	0.0581002	0.597717	0.799599	28.5574892735	Atom	
31.5269	239.841	-4384.09	0.0113895	0.534275	0.845234	28.5305030569	Atom	
32.0535	264.545	-4345.01	0.12021	0.562715	0.817864	28.4280358351	Atom	
35.8113	282.136	-4319.44	0.11559	0.550413	0.826852	28.3585598214	Atom	
36.0683	283.359	-4317.61	0.128848	0.546848	0.827258	28.3536095117	Atom	
38.8187	295.032	-4299.95	0.0871008	0.600081	0.795183	28.3060698713	Atom	
40.9503	309.718	-4280.49	0.0602048	0.565239	0.822727	28.2514925948	Atom	
41.6153	315.961	-4271.4	0.0606	0.552184	0.831517	28.2268229241	Atom	
42.2537	321.778	-4262.64	0.0517917	0.558999	0.82755	28.2032774394	Atom	
43.1281	331.216	-4248.67	0.0767217	0.571736	0.816843	28.1655183144	Atom	
44.1598	338.904	-4237.68	0.0763089	0.572584	0.816287	28.1354101321	Atom	
47.5736	364.52	-4201.17	0.0896892	0.609123	0.787988	28.0351619052	Atom	
51.224	389.311	-4169.09	0.0264209	0.61328	0.789424	27.9436980701	Atom	
52.1022	409.695	-4142.86	0.942629	0.327263	0.0659572	27.8688112136	Atom	
64.1004	413.861	-4142.02	0.9515	0.307468	0.0105204	27.8400718173	Atom	
66.3531	414.589	-4141.99	0.95461	0.254847	0.154186	27.8347217288	Atom	
85.515	419.704	-4138.9	0.953095	0.228095	0.198951	27.7893550289	Atom	
102.815	423.845	-4135.29	0.961171	0.207286	0.182162	27.7482787581	Atom	
112.477	425.929	-4133.45	0.957007	0.226572	0.181116	27.725501891	Atom	
119.555	427.604	-4132.11	0.957956	0.221733	0.182082	27.7087344059	Atom	
127.607	429.468	-4130.58	0.954802	0.22948	0.188925	27.6896693191	Atom	
157.707	436.702	-4124.63	0.953759	0.254819	0.159412	27.6181227698	Atom	
170.298	440.066	-4122.52	0.961664	0.235317	0.140811	27.5881006724	Atom	
220.437	452.335	-4115.18	0.947237	0.243874	0.208008	27.4694282361	Atom	
224.809	453.461	-4114.22	0.948268	0.142016	0.283935	27.4588878364	Atom	
227.424	453.852	-4113.44	0.95154	0.177173	0.251359	27.4525875664	Atom	
257.084	459.375	-4105.6	0.960755	0.156366	0.229129	27.3813597575	Atom	
272.898	461.949	-4101.83	0.961171	0.165374	0.220913	27.3436697373	Atom	
284.234	463.899	-4099.23	0.963468	0.124905	0.236913	27.3166350925	Atom	
313.826	467.735	-4091.95	0.974784	0.0634158	0.213951	27.2461728672	Atom	
341.079	469.508	-4085.97	0.978422	0.0395247	0.202801	27.181903041	Atom	
355.036	470.072	-4083.08	0.963563	0.0897909	0.251958	27.1490493137	Atom	
376.333	472.057	-4077.51	0.956632	0.0833207	0.27913	27.0980961681	Atom	
382.418	472.587	-4075.73	0.953106	0.0568026	0.297259	27.0834094231	Atom	
382.8	472.61	-4075.61	0.960042	0.0639519	0.272449	27.0824838289	Atom	
518.276	481.634	-4037.17	0.952022	-0.0822336	0.294775	26.7565293618	Atom	
530.415	480.586	-4033.41	0.686217	0.484665	-0.542408	26.7267941173	Atom	
535.009	483.83	-4037.04	0.688043	0.486444	-0.538488	26.7111670299	Atom	
538.094	486.012	-4039.45	0.696667	0.482113	-0.531247	26.7006954814	Atom	
579.786	514.864	-4071.25	0.693846	0.455767	-0.557542	26.5608954631	Atom	
588.748	520.75	-4078.45	0.694511	0.454503	-0.557747	26.5305963837	Atom	
591.545	522.581	-4080.69	0.580782	0.473667	-0.662067	26.5211413625	Atom	
614.183	541.044	-4106.5	0.563824	0.545235	-0.620339	26.4295963298	Atom	
620.032	546.7	-4112.94	0.59506	0.523262	-0.61	26.4051662168	Atom	
650.963	573.899	-4144.64	0.596759	0.542204	-0.591518	26.2826623686	Atom	
664.44	586.144	-4158	0.597962	0.568487	-0.565034	26.2292389127	Atom	
668.412	589.92	-4161.76	0.53983	0.635808	-0.551663	26.2135002661	Atom	
672.525	594.764	-4165.96	0.523328	0.682842	-0.50976	26.1954409207	Atom	
679.089	603.329	-4172.35	0.521137	0.679075	-0.516985	26.1656945098	Atom	
681.949	607.055	-4175.19	0.564995	0.665469	-0.487781	26.1526674494	Atom	
697.12	624.924	-4188.29	0.599851	0.665486	-0.444194	26.088900428	Atom	
707.097	635.994	-4195.67	0.610924	0.664986	-0.429612	26.0493222151	Atom	
721.428	651.592	-4205.75	0.566363	0.766041	-0.303996	25.9934421308	Atom	
727.866	660.301	-4209.21	0.523979	0.780492	-0.340995	25.9663127972	Atom	
744.042	684.395	-4219.73	0.484715	0.818208	-0.30917	25.8925860152	Atom	
754.006	701.214	-4226.09	0.48841	0.809071	-0.326893	25.8433805296	Atom	
755.857	704.281	-4227.33	0.413665	0.818807	-0.398041	25.8342936018	Atom	
768.583	729.471	-4239.57	0.411038	0.835474	-0.364734	25.7605209087	Atom	
769.721	731.783	-4240.58	0.409302	0.835311	-0.367053	25.7538703744	Atom	
771.489	735.392	-4242.17	0.361606	0.861616	-0.356172	25.7434830578	Atom	
773.701	740.663	-4244.35	0.348423	0.866397	-0.357712	25.7287740438	Atom	
778.606	752.859	-4249.38	0.187151	0.852203	-0.488595	25.694908819	Atom	
782.897	772.399	-4260.59	0.148459	0.865057	-0.479203	25.6396884588	Atom	
782.988	772.927	-4260.88	0.130294	0.876764	-0.462934	25.6382167537	Atom	
785.827	792.035	-4270.97	0.110036	0.870741	-0.479273	25.5856395225	Atom	
786.037	793.693	-4271.88	-0.179103	0.963161	-0.200607	25.5810394893	Atom	
783.782	805.818	-4274.41	-0.201524	0.962203	-0.183175	25.5506148124	Atom	
779.389	826.793	-4278.4	-0.154732	0.969321	-0.190984	25.4978826166	Atom	
778.769	830.673	-4279.16	-0.157809	0.980558	-0.116627	25.4881827414	Atom	
777.85	836.384	-4279.84	-0.125018	0.987389	-0.097128	25.4740669714	Atom	
777.329	840.504	-4280.25	-0.130696	0.985559	-0.107663	25.4639501177	Atom	
774.11	864.774	-4282.9	-0.170586	0.979977	-0.102691	25.4042176939	Atom	
770.237	887.024	-4285.23	-0.189154	0.979192	-0.0735114	25.349045593	Atom	
767.06	903.472	-4286.47	-0.154169	0.983286	-0.0968578	25.3081563889	Atom	
766.011	910.165	-4287.13	-0.205359	0.965758	-0.158556	25.2915654537	Atom	
764.702	916.321	-4288.14	-0.169006	0.970375	-0.172655	25.2760209319	Atom	
760.624	939.735	-4292.3	-0.167766	0.969569	-0.178297	25.2171514028	Atom	
757.498	957.797	-4295.62	-0.244842	0.937273	-0.248136	25.1716156167	Atom	
750.562	984.351	-4302.65	-0.335229	0.896224	-0.290522	25.1022655758	Atom	
742.815	1005.06	-4309.37	-0.182636	0.934686	-0.304968	25.045577103	Atom	
742.674	1005.78	-4309.6	-0.230017	0.918724	-0.320996	25.043681352	Atom	
740.881	1012.94	-4312.1	-0.205208	0.932133	-0.298357	25.02452347	Atom	
737.92	1026.39	-4316.41	-0.358125	0.899445	-0.250488	24.9890407042	Atom	
730.154	1045.9	-4321.84	-0.355969	0.909251	-0.215752	24.9356486601	Atom	
724.331	1060.77	-4325.37	-0.558523	0.829045	-0.0271255	24.8953072195	Atom	
713.787	1076.42	-4325.88	-0.563066	0.826185	-0.0193852	24.8486904774	Atom	
711.708	1079.47	-4325.95	-0.460028	0.886833	0.0436143	24.8395612813	Atom	
699.949	1102.14	-4324.84	-0.462778	0.883635	0.0708949	24.7763319739	Atom	
691.376	1118.51	-4323.53	-0.516773	0.853699	0.0643793	24.7304136528	Atom	
688.972	1122.48	-4323.23	-0.504457	0.861985	0.0500447	24.7188640785	Atom	
679.392	1138.85	-4322.28	-0.466415	0.872998	0.142591	24.6717042485	Atom	
651.719	1190.65	-4313.82	-0.411147	0.902638	0.127292	24.5241518107	Atom	
650.389	1193.57	-4313.4	-0.411877	0.909375	0.0582659	24.5160686924	Atom	
646.765	1201.57	-4312.89	-0.428108	0.901037	0.0696847	24.4940762655	Atom	
627.41	1242.31	-4309.74	-0.406508	0.910481	0.0760031	24.3809944489	Atom	
606.561	1289	-4305.84	-0.38652	0.920791	0.052405	24.252239564	Atom	
605.127	1292.42	-4305.65	-0.31805	0.947778	0.0236875	24.2428899944	Atom	
602.196	1301.15	-4305.43	-0.33394	0.94254	-0.0101282	24.2196520989	Atom	
597.815	1313.52	-4305.56	-0.818296	0.544074	0.185406	24.1865441794	Atom	
581.207	1324.56	-4301.8	-0.73484	0.46943	0.489537	24.1352684176	Atom	
526.799	1359.32	-4265.56	-0.72194	0.526894	0.448537	23.9479075414	Atom	
523.109	1362.01	-4263.26	-0.721243	0.550535	0.420382	23.9348917372	Atom	
521.574	1363.18	-4262.37	-0.779115	0.513433	0.359675	23.9294694786	Atom	
517.925	1365.59	-4260.68	-0.783249	0.503184	0.365139	23.9175384478	Atom	
510.138	1370.59	-4257.05	-0.734424	0.550956	0.39632	23.8921985417	Atom	
505.122	1374.35	-4254.35	-0.817778	0.450253	-0.358485	23.8747780254	Atom	
504.263	1374.83	-4254.72	-0.818376	0.434311	-0.376343	23.8720968657	Atom	
475.439	1390.12	-4267.98	-0.826488	0.430645	-0.362577	23.7821916073	Atom	
467.871	1394.07	-4271.3	-0.510701	0.786269	-0.347801	23.7587493074	Atom	
453.891	1415.59	-4280.82	-0.506275	0.786568	-0.353547	23.6886133953	Atom	
453.233	1416.61	-4281.28	-0.503423	0.782428	-0.366567	23.6852762065	Atom	
446.622	1426.89	-4286.09	-0.512361	0.774761	-0.370448	23.6515461832	Atom	
427.454	1455.87	-4299.95	-0.494502	0.784793	-0.373588	23.5553495399	Atom	
385.043	1523.18	-4331.99	-0.48679	0.799338	-0.352271	23.3341121458	Atom	
377.614	1535.38	-4337.37	-0.334675	0.82798	-0.449936	23.29445045	Atom	
368.222	1558.61	-4349.99	-0.333929	0.869525	-0.363892	23.2214247516	Atom	
366.653	1562.7	-4351.7	-0.37033	0.88161	-0.292609	23.2091666643	Atom	
359.11	1580.65	-4357.66	-0.36151	0.877046	-0.316387	23.1560086318	Atom	
355.258	1590	-4361.04	-0.347124	0.859168	-0.375945	23.1281439664	Atom	
351.308	1599.78	-4365.31	-0.304004	0.870341	-0.387412	23.0983693832	Atom	
350.281	1602.72	-4366.62	-0.361398	0.846048	-0.391912	23.0895157777	Atom	
349.863	1603.7	-4367.08	-0.351147	0.870358	-0.345215	23.0864831629	Atom	
349.357	1604.95	-4367.57	-0.353854	0.876132	-0.327385	23.0827053842	Atom	
348.173	1607.88	-4368.67	-0.273201	0.947537	-0.165935	23.0739379054	Atom	
342.827	1626.43	-4371.92	-0.290839	0.937591	-0.190621	23.0226279275	Atom	
341.778	1629.8	-4372.6	-0.275514	0.940497	-0.198889	23.0131618708	Atom	
338.278	1641.75	-4375.13	-0.273239	0.953588	-0.126533	22.9797839264	Atom	
330.036	1670.52	-4378.95	-0.269244	0.952184	-0.144405	22.9004404012	Atom	
327.417	1679.78	-4380.35	-0.373283	0.907856	-0.190936	22.8747826204	Atom	
321.294	1694.67	-4383.48	-0.435898	0.872605	-0.22035	22.8314809186	Atom	
317.97	1701.32	-4385.16	-0.429534	0.857856	-0.282106	22.8113220995	Atom	
306.313	1724.61	-4392.82	-0.489603	0.816597	-0.305709	22.7395202529	Atom	
304.606	1727.45	-4393.89	-0.557163	0.57813	-0.5961	22.7302723974	Atom	
288.51	1744.16	-4411.11	-0.526421	0.676287	-0.515282	22.653627029	Atom	
282.262	1752.18	-4417.22	-0.539609	0.635205	-0.552572	22.6220522359	Atom	
281.666	1752.88	-4417.83	-0.521492	0.626288	-0.57949	22.6191119027	Atom	
273.024	1763.26	-4427.43	-0.497199	0.626526	-0.600215	22.5749782276	Atom	
263.997	1774.64	-4438.33	-0.461587	0.630791	-0.623731	22.5265452999	Atom	
252.038	1790.98	-4454.49	-0.462013	0.580727	-0.670299	22.4573191511	Atom	
232.67	1815.32	-4482.59	-0.469991	0.585036	-0.66094	22.3450383404	Atom	
232.581	1815.44	-4482.72	-0.474368	0.568242	-0.672366	22.3445281436	Atom	
227.697	1821.29	-4489.64	-0.474947	0.559401	-0.679334	22.3168451338	Atom	
220.116	1830.22	-4500.48	-0.485787	0.511281	-0.708945	22.2738800419	Atom	
213.905	1836.75	-4509.55	-0.471764	0.488233	-0.734212	22.2394141531	Atom	
208.151	1842.71	-4518.5	-0.469551	0.493547	-0.732075	22.2064962151	Atom	
204.608	1846.43	-4524.03	-0.476182	0.508342	-0.717523	22.1861038521	Atom	
200.766	1850.53	-4529.81	-0.371863	0.617231	-0.693356	22.164288738	Atom	
197.984	1855.15	-4535	-0.407594	0.620923	-0.669568	22.1440433446	Atom	
192.889	1862.91	-4543.37	-0.32643	0.763761	-0.556877	22.1101901431	Atom	
188.216	1873.85	-4551.34	-0.344193	0.773488	-0.532211	22.0713735823	Atom	
177.244	1898.5	-4568.31	-0.230972	0.80809	-0.541887	21.9848223508	Atom	
176.645	1900.6	-4569.72	-0.24181	0.78355	-0.572343	21.9777551838	Atom	
174.65	1907.06	-4574.44	-0.234996	0.775265	-0.586294	21.9552787267	Atom	
173.008	1912.48	-4578.53	-0.203074	0.784431	-0.586028	21.9362295783	Atom	
169.688	1925.31	-4588.12	-0.284624	0.76473	-0.57808	21.8916199221	Atom	
164.752	1938.57	-4598.14	-0.321744	0.768413	-0.553192	21.8442288954	Atom	
164.132	1940.05	-4599.21	-0.344653	0.737275	-0.581068	21.8389536246	Atom	
164.078	1940.16	-4599.3	-0.361365	0.727794	-0.582865	21.8385298227	Atom	
160.275	1947.82	-4605.43	-0.355445	0.759358	-0.545008	21.8097145749	Atom	
160.168	1948.05	-4605.6	-0.347256	0.749847	-0.563155	21.8088868814	Atom	
159.849	1948.74	-4606.11	-0.275196	0.744061	-0.608802	21.8063722292	Atom	
157.5	1955.09	-4611.31	-0.260046	0.75483	-0.602169	21.7829775939	Atom	
155.419	1961.13	-4616.13	-0.162586	0.851393	-0.498695	21.7610148895	Atom	
154.159	1967.73	-4619.99	-0.176824	0.873248	-0.454062	21.7397431147	Atom	
153.784	1969.58	-4620.96	-0.129872	0.873488	-0.469203	21.7339157645	Atom	
151.009	1988.25	-4630.98	-0.125298	0.87487	-0.467871	21.6751887621	Atom	
149.244	2000.57	-4637.57	-0.0817035	0.890559	-0.44747	21.6363962146	Atom	
147.766	2016.68	-4645.67	-0.0475848	0.901726	-0.429681	21.586506697	Atom	
147.728	2017.4	-4646.01	-0.00715021	0.901331	-0.433072	21.5842889443	Atom	
147.581	2035.87	-4654.88	0.000338379	0.897658	-0.440693	21.5276905689	Atom	
147.586	2049.99	-4661.82	0.00348695	0.89896	-0.438016	21.4841116017	Atom	
147.617	2057.8	-4665.62	0.547974	0.785512	-0.287568	21.4600325306	Atom	
172.977	2094.15	-4678.93	0.561081	0.771739	-0.299345	21.3315695909	Atom	
179.78	2103.51	-4682.56	0.561986	0.766519	-0.310837	21.297759596	Atom	
182.125	2106.71	-4683.86	0.561269	0.752125	-0.345376	21.2861046635	Atom	
184.557	2109.97	-4685.35	0.540135	0.708722	-0.453836	21.274000358	Atom	
188.279	2114.85	-4688.48	0.561544	0.678186	-0.47406	21.2547422763	Atom	
188.537	2115.16	-4688.7	0.57258	0.680109	-0.457825	21.2534580927	Atom	
195.973	2124	-4694.64	0.524189	0.75658	-0.390913	21.2171337695	Atom	
196.975	2125.44	-4695.39	0.573665	0.72561	-0.379997	21.2117806256	Atom	
206.73	2137.78	-4701.85	0.650752	0.715348	-0.254557	21.1641485038	Atom	
208.611	2139.85	-4702.59	0.585186	0.770854	-0.251676	21.1560382702	Atom	
237.161	2177.46	-4714.87	0.609981	0.747026	-0.264339	21.0190925106	Atom	
248.819	2191.73	-4719.92	0.665279	0.737357	-0.11708	20.9651720016	Atom	
262.228	2206.6	-4722.28	0.628698	0.772432	-0.0899259	20.9081914726	Atom	
268.229	2213.97	-4723.14	0.650608	0.754564	-0.08569	20.8811502776	Atom	
269.178	2215.07	-4723.26	0.753584	0.643857	-0.132513	20.8770160464	Atom	
317.039	2255.96	-4731.68	0.783263	0.600805	-0.159788	20.6968782166	Atom	
396.817	2317.15	-4747.95	0.78932	0.595029	-0.151375	20.4060203778	Atom	
404.068	2322.62	-4749.34	0.778978	0.618099	-0.10558	20.3794959428	Atom	
412.289	2329.14	-4750.46	0.707591	0.705486	-0.0400509	20.3489926892	Atom	
418.829	2335.66	-4750.83	0.642316	0.766338	-0.0124883	20.3222456098	Atom	
422.709	2340.29	-4750.9	0.643075	0.765754	-0.00871037	20.3047499337	Atom	
430.55	2349.63	-4751.01	0.579639	0.814854	0.0056627	20.2694032955	Atom	
433.261	2353.44	-4750.98	0.50199	0.864396	0.0287207	20.2558264837	Atom	
439.37	2363.96	-4750.63	0.503906	0.862994	0.036323	20.2204890278	Atom	
450.748	2383.45	-4749.81	0.501354	0.858404	0.108568	20.1548186841	Atom	
456.977	2394.11	-4748.47	0.519058	0.838854	0.164024	20.1185956958	Atom	
459.104	2397.55	-4747.79	0.540449	0.831095	0.131133	20.106631322	Atom	
463.338	2404.06	-4746.77	0.55655	0.814828	0.162195	20.0837483942	Atom	
466.763	2409.07	-4745.77	0.614488	0.777949	0.131144	20.0657572692	Atom	
467.871	2410.48	-4745.53	0.644712	0.754499	0.122789	20.0604808474	Atom	
469.689	2412.6	-4745.19	-0.110112	0.956743	-0.269291	20.0522320389	Atom	
467.655	2430.28	-4750.16	-0.172247	0.924264	-0.340685	19.9981609027	Atom	
467.594	2430.6	-4750.28	-0.184118	0.94538	-0.268993	19.9971240415	Atom	
463.954	2449.29	-4755.6	-0.213257	0.938712	-0.270815	19.9391381407	Atom	
462.508	2455.66	-4757.43	-0.210011	0.941749	-0.262688	19.9191943384	Atom	
461.929	2458.26	-4758.16	-0.159181	0.953494	-0.25595	19.9110796527	Atom	
456.422	2491.24	-4767.01	-0.142162	0.945104	-0.294224	19.8092512031	Atom	
454.57	2503.56	-4770.85	-0.153947	0.940264	-0.303652	19.7707495386	Atom	
450.993	2525.4	-4777.9	-0.0318055	0.979054	-0.2011	19.7019853897	Atom	
450.585	2537.96	-4780.48	-0.0476515	0.97633	-0.210969	19.6639215154	Atom	
450.419	2541.36	-4781.22	0.0236123	0.980976	-0.192687	19.6535783064	Atom	
450.504	2544.89	-4781.91	0.116719	0.965802	-0.231521	19.6428528304	Atom	
450.605	2545.73	-4782.11	0.195359	0.935998	-0.292817	19.6402752476	Atom	
451.068	2547.95	-4782.8	0.434765	0.893611	-0.111532	19.6332240817	Atom	
455.612	2557.29	-4783.97	0.447097	0.889268	-0.096476	19.602124497	Atom	
459.039	2564.1	-4784.71	0.440933	0.893098	-0.0891882	19.5792882343	Atom	
459.346	2564.73	-4784.77	0.417413	0.907411	-0.048712	19.5772064096	Atom	
469.449	2586.69	-4785.95	0.493245	0.861715	-0.11898	19.5050216774	Atom	
473.01	2592.91	-4786.81	0.473798	0.866699	-0.156042	19.4834267239	Atom	
474.997	2596.54	-4787.46	0.378545	0.925499	0.012445	19.4708714746	Atom	
486.553	2624.8	-4787.08	0.264755	0.890568	-0.369857	19.3794378131	Atom	
487.103	2626.65	-4787.85	0.244138	0.891519	-0.381565	19.3731883833	Atom	
489.981	2637.16	-4792.35	0.289823	0.875302	-0.387104	19.3377343593	Atom	
492.365	2644.36	-4795.54	0.273267	0.874548	-0.400614	19.3129733984	Atom	
496.603	2657.92	-4801.75	0.225948	0.88859	-0.399193	19.266217165	Atom	
496.847	2658.88	-4802.18	0.223279	0.897002	-0.381489	19.2629645689	Atom	
498.281	2664.64	-4804.63	0.156189	0.880301	-0.447967	19.2435646265	Atom	
500.784	2678.75	-4811.81	0.168168	0.890282	-0.423222	19.1951110286	Atom	
503.439	2692.8	-4818.49	0.0208958	0.867992	-0.496139	19.1473062982	Atom	
504.225	2725.48	-4837.17	0.0704684	0.847001	-0.5269	19.033077937	Atom	
504.313	2726.53	-4837.82	0.0682759	0.845012	-0.530371	19.0292887638	Atom	
504.804	2732.61	-4841.63	0.195134	0.84577	-0.496584	19.0073589568	Atom	
504.862	2732.86	-4841.78	0.172198	0.814157	-0.554524	19.0064450954	Atom	
509.389	2754.26	-4856.36	0.136147	0.816044	-0.561727	18.9262094903	Atom	
510.246	2759.4	-4859.89	0.391111	0.723624	-0.568683	18.9069462292	Atom	
524.122	2785.07	-4880.07	0.507277	0.67615	-0.534314	18.798209595	Atom	
551.712	2821.84	-4909.13	0.532623	0.667425	-0.520439	18.6307831702	Atom	
555.12	2826.12	-4912.46	0.522761	0.675722	-0.519731	18.6109435638	Atom	
563.13	2836.47	-4920.43	0.527273	0.704947	-0.474377	18.5634093733	Atom	
567.042	2841.7	-4923.94	0.543371	0.671112	-0.504337	18.5403445788	Atom	
572.586	2848.55	-4929.09	0.666403	0.527018	-0.527408	18.5085911519	Atom	
572.717	2848.65	-4929.19	0.698545	0.514502	-0.497315	18.5079820566	Atom	
575.313	2850.56	-4931.04	0.701468	0.517105	-0.490454	18.496401307	Atom	
576.689	2851.58	-4932	0.709739	0.504217	-0.491971	18.490287673	Atom	
591.763	2862.29	-4942.45	0.710622	0.514042	-0.480394	18.4240582408	Atom	
600.369	2868.51	-4948.27	0.71671	0.48745	-0.498718	18.3861859796	Atom	
619.679	2881.64	-4961.71	0.773134	0.423183	-0.47242	18.3018033137	Atom	
651.458	2899.04	-4981.13	0.540175	0.323986	-0.776688	18.172603444	Atom	
661.783	2905.23	-4995.97	0.557805	0.319711	-0.765923	18.1121924437	Atom	
664.717	2906.91	-5000	0.557805	0.319711	-0.765923	18.0955289083	Region	
"-----------------------------------------------------------------"
"Trajectory"	174

"NbCollisions"	235
"Zmax"	0
"Display"	256

"Collisions"

"X"	"Y"	"Z"	"Rx"	"Ry"	"Rz"	"Energy"	"CollisionType"	
-0.0722681	-0.0527953	-5000	2.17259e-006	2.33756e-006	1	30	Region	
-0.0722351	-0.0527599	-4984.85	-0.034632	-0.00601966	0.999382	29.9677400824	Atom	
-1.23289	-0.254502	-4951.35	-0.0265695	-0.00588825	0.99963	29.8963243085	Atom	
-1.76917	-0.373351	-4931.18	-0.0488709	-0.0301866	0.998349	29.8532315548	Atom	
-2.03803	-0.539422	-4925.69	-0.0395248	-0.0465751	0.998133	29.8414724645	Atom	
-3.81208	-2.62992	-4880.89	-0.0383085	-0.046119	0.998201	29.7455041387	Atom	
-5.00163	-4.06201	-4849.89	-0.0214724	-0.098269	0.994928	29.6789399885	Atom	
-5.31303	-5.4871	-4835.46	-0.014792	-0.136629	0.990512	29.6477976236	Atom	
-5.38246	-6.12842	-4830.81	0.143758	-0.190217	0.97116	29.6377091462	Atom	
-4.7969	-6.90322	-4826.86	0.32303	-0.0855371	0.942515	29.6289523306	Atom	
0.810165	-8.38795	-4810.5	0.312389	-0.0913886	0.945548	29.591627144	Atom	
2.47076	-8.87375	-4805.47	0.19133	-0.130464	0.972817	29.5801847657	Atom	
4.69894	-10.3931	-4794.14	0.196554	-0.133583	0.971351	29.5551094053	Atom	
9.20518	-13.4556	-4771.87	0.200343	-0.136368	0.970189	29.5057116866	Atom	
10.9747	-14.6601	-4763.3	0.19251	-0.053347	0.979844	29.4866553646	Atom	
22.5466	-17.8668	-4704.4	0.180457	-0.0655289	0.981398	29.3568997194	Atom	
25.1124	-18.7985	-4690.45	0.131065	-0.0520843	0.990005	29.3260989627	Atom	
27.4271	-19.7184	-4672.96	0.13675	-0.0659466	0.988408	29.2878093241	Atom	
28.8724	-20.4154	-4662.52	0.189052	-0.208196	0.959642	29.2648717725	Atom	
37.429	-29.8385	-4619.08	0.193587	-0.30659	0.931948	29.1665803938	Atom	
37.4852	-29.9276	-4618.81	0.205631	-0.368453	0.906619	29.1659477226	Atom	
40.5056	-35.3395	-4605.5	0.209709	-0.329843	0.920449	29.1339633667	Atom	
41.1615	-36.3712	-4602.62	0.198072	-0.334114	0.921485	29.1271466846	Atom	
47.9949	-47.8979	-4570.83	0.200898	-0.359859	0.911121	29.0519434251	Atom	
66.3087	-80.7026	-4487.77	0.203581	-0.383045	0.901017	28.8528179373	Atom	
66.3368	-80.7555	-4487.65	0.34426	-0.364406	0.865271	28.8525145684	Atom	
68.2343	-82.764	-4482.88	0.352767	-0.382686	0.853877	28.8404084458	Atom	
75.0567	-90.165	-4466.36	0.356038	-0.409782	0.839831	28.7979172579	Atom	
94.0567	-112.033	-4421.54	0.3967	-0.412492	0.820049	28.6805301642	Atom	
94.3899	-112.38	-4420.86	0.379373	-0.424796	0.821964	28.6786769069	Atom	
98.1665	-116.608	-4412.67	0.540068	-0.441817	0.716327	28.6567066228	Atom	
101.408	-119.261	-4408.37	0.577869	-0.444228	0.684638	28.6434503705	Atom	
110.052	-125.905	-4398.13	0.584891	-0.448196	0.676035	28.6104069469	Atom	
131.263	-142.159	-4373.62	0.536556	-0.44325	0.718079	28.5302177894	Atom	
137.351	-147.188	-4365.47	0.125932	-0.916098	0.380666	28.5050745599	Atom	
137.928	-151.387	-4363.72	0.189309	-0.938786	0.287825	28.4949101882	Atom	
138.996	-156.685	-4362.1	0.18012	-0.941808	0.283822	28.4823917289	Atom	
139.129	-157.379	-4361.89	0.133699	-0.938098	0.319526	28.4807546534	Atom	
145.228	-200.172	-4347.32	0.162308	-0.9795	0.119315	28.3795244265	Atom	
146.945	-210.534	-4346.05	0.0114652	-0.940243	0.34031	28.3559807912	Atom	
147.098	-223.032	-4341.53	-0.028181	-0.922952	0.383882	28.3263783707	Atom	
146.762	-234.008	-4336.96	0.0801961	-0.937484	0.338663	28.2998729309	Atom	
147.175	-238.835	-4335.22	0.122212	-0.939754	0.31926	28.2883904732	Atom	
149.234	-254.664	-4329.84	-0.0810971	-0.967044	0.241348	28.2508079579	Atom	
148.421	-264.358	-4327.42	-0.135624	-0.937982	0.319056	28.2284186556	Atom	
139.164	-328.376	-4305.65	-0.110283	-0.941683	0.317917	28.0758791024	Atom	
136.953	-347.262	-4299.27	-0.119743	-0.870735	0.476952	28.0308616026	Atom	
135.577	-357.266	-4293.79	-0.141582	-0.874506	0.463889	28.0050396376	Atom	
135.378	-358.494	-4293.14	-0.191246	-0.699298	0.688772	28.0018822328	Atom	
131.854	-371.38	-4280.45	-0.200427	-0.690542	0.694968	27.9604337865	Atom	
129.278	-380.256	-4271.52	-0.255493	-0.705485	0.661071	27.9314856829	Atom	
123.962	-394.933	-4257.76	-0.249815	-0.695032	0.674183	27.8845972901	Atom	
123.719	-395.611	-4257.1	-0.248254	-0.69532	0.674463	27.8823961356	Atom	
110.896	-431.525	-4222.27	-0.228464	-0.706961	0.669336	27.7658172251	Atom	
104.449	-451.476	-4203.38	-0.237756	-0.698756	0.674694	27.7019128008	Atom	
100.193	-463.984	-4191.3	-0.22584	-0.7089	0.668174	27.6612995408	Atom	
95.4816	-478.772	-4177.36	-0.216524	-0.706436	0.673844	27.6139189724	Atom	
94.5305	-481.875	-4174.4	-0.214382	-0.704532	0.676517	27.6039280008	Atom	
86.6481	-507.779	-4149.53	-0.171251	-0.710418	0.682626	27.5202774265	Atom	
85.3064	-513.345	-4144.18	-0.284483	-0.701407	0.653527	27.5024092474	Atom	
81.6309	-522.407	-4135.74	-0.287359	-0.702948	0.650607	27.472929037	Atom	
81.4254	-522.91	-4135.27	-0.277757	-0.744867	0.60665	27.4712954591	Atom	
78.5555	-530.606	-4129	-0.329395	-0.71777	0.613437	27.4476982946	Atom	
72.9752	-542.766	-4118.61	-0.182654	-0.957659	0.222546	27.4089809557	Atom	
68.8214	-564.545	-4113.55	-0.22361	-0.94155	0.251956	27.3569497329	Atom	
67.087	-571.848	-4111.6	-0.213323	-0.94391	0.252046	27.3391764218	Atom	
64.7614	-582.138	-4108.85	-0.200592	-0.951182	0.234555	27.3141830272	Atom	
59.7452	-605.924	-4102.98	-0.213651	-0.947447	0.238113	27.2568111834	Atom	
59.1718	-608.467	-4102.34	-0.203413	-0.952896	0.22497	27.250643087	Atom	
57.7345	-615.2	-4100.75	-0.193648	-0.953118	0.232523	27.2344023174	Atom	
57.3145	-617.267	-4100.25	-0.200398	-0.962195	0.184451	27.2294137325	Atom	
55.9259	-623.935	-4098.97	-0.187596	-0.976869	0.102641	27.2134772087	Atom	
53.8093	-634.956	-4097.81	-0.15722	-0.987151	-0.0285456	27.1875153866	Atom	
53.4688	-637.094	-4097.88	-0.159023	-0.986926	-0.0262614	27.1825286701	Atom	
53.4045	-637.493	-4097.89	-0.211679	-0.975219	-0.0643503	27.181597711	Atom	
51.9017	-644.417	-4098.34	-0.176397	-0.982855	-0.0536613	27.1652458392	Atom	
47.3229	-669.929	-4099.74	-0.167306	-0.983079	-0.0745991	27.1054336757	Atom	
46.4097	-675.295	-4100.14	-0.192696	-0.980238	-0.0447458	27.0928342425	Atom	
41.3108	-701.233	-4101.33	-0.183091	-0.980713	-0.0684011	27.0317322906	Atom	
41.177	-701.95	-4101.38	-0.196201	-0.977245	-0.0806068	27.0300420029	Atom	
34.8943	-733.242	-4103.96	-0.184025	-0.982698	-0.0209874	26.955963077	Atom	
34.8104	-733.691	-4103.97	-0.241804	-0.94831	-0.205522	26.9549054866	Atom	
34.0653	-736.613	-4104.6	-0.33442	-0.917018	-0.217351	26.9477617543	Atom	
31.98	-742.331	-4105.96	-0.319125	-0.927051	-0.196811	26.9333009892	Atom	
10.91	-803.539	-4118.95	-0.353341	-0.916615	-0.186997	26.7801244705	Atom	
0.666678	-830.111	-4124.37	-0.368175	-0.894415	-0.253906	26.7125624657	Atom	
-20.3169	-881.087	-4138.84	-0.352784	-0.902076	-0.2486	26.5794704649	Atom	
-25.699	-894.849	-4142.64	-0.341066	-0.920803	-0.189199	26.5437027514	Atom	
-25.7961	-895.111	-4142.69	-0.3297	-0.928638	-0.170085	26.543034467	Atom	
-28.159	-901.767	-4143.91	-0.333915	-0.933377	-0.131558	26.526214059	Atom	
-40.7022	-936.828	-4148.85	-0.342991	-0.913432	-0.219089	26.43800515	Atom	
-51.0513	-964.389	-4155.46	-0.377957	-0.863042	-0.335122	26.3669639582	Atom	
-62.1488	-989.73	-4165.3	-0.381452	-0.859263	-0.340825	26.2976855983	Atom	
-63.7785	-993.401	-4166.76	-0.538145	-0.752582	-0.3795	26.2875842395	Atom	
-89.2367	-1029	-4184.71	-0.555234	-0.730933	-0.396803	26.1756964482	Atom	
-96.1057	-1038.05	-4189.62	-0.564976	-0.72911	-0.386265	26.1463375535	Atom	
-97.4269	-1039.75	-4190.52	-0.597429	-0.690262	-0.408187	26.1407828104	Atom	
-119.806	-1065.61	-4205.81	-0.617732	-0.680198	-0.394636	26.0517925062	Atom	
-126.795	-1073.3	-4210.28	-0.471249	-0.739352	-0.480919	26.0248430228	Atom	
-128.138	-1075.41	-4211.65	-0.441915	-0.705919	-0.553525	26.0180499926	Atom	
-136.191	-1088.27	-4221.73	-0.47575	-0.693989	-0.540409	25.9745958587	Atom	
-145.505	-1101.86	-4232.31	-0.441658	-0.711311	-0.546786	25.9278515114	Atom	
-149.038	-1107.55	-4236.69	-0.42167	-0.755163	-0.501919	25.9087219656	Atom	
-150.332	-1109.87	-4238.23	-0.427395	-0.754568	-0.497957	25.9013814313	Atom	
-162.71	-1131.72	-4252.65	-0.457362	-0.741716	-0.490589	25.8320757559	Atom	
-166.074	-1137.18	-4256.26	-0.462179	-0.741767	-0.485976	25.8144364762	Atom	
-167.548	-1139.54	-4257.81	-0.412234	-0.796172	-0.442914	25.8067811332	Atom	
-170.43	-1145.11	-4260.91	-0.434056	-0.775147	-0.459068	25.790003431	Atom	
-195.925	-1190.64	-4287.87	-0.433941	-0.762469	-0.479933	25.6489665599	Atom	
-196.526	-1191.69	-4288.53	-0.415649	-0.790431	-0.449949	25.6456246054	Atom	
-197.928	-1194.36	-4290.05	-0.417892	-0.777162	-0.470516	25.6374871793	Atom	
-198.363	-1195.17	-4290.54	-0.421536	-0.760342	-0.494153	25.6349792991	Atom	
-201.078	-1200.07	-4293.72	-0.422722	-0.767551	-0.481843	25.6194354139	Atom	
-208.473	-1213.49	-4302.15	-0.28812	-0.793319	-0.536313	25.5772089252	Atom	
-224.731	-1258.26	-4332.42	-0.267979	-0.754319	-0.599324	25.4408241331	Atom	
-227.894	-1267.16	-4339.49	-0.270254	-0.744526	-0.610446	25.4121717235	Atom	
-234.589	-1285.61	-4354.61	-0.090921	-0.869781	-0.484989	25.351985805	Atom	
-238.153	-1319.7	-4373.63	-0.105095	-0.867584	-0.486058	25.2565675362	Atom	
-238.959	-1326.36	-4377.35	-0.0658554	-0.862053	-0.502521	25.2378418141	Atom	
-239.941	-1339.21	-4384.84	-0.0692841	-0.862247	-0.501727	25.2014333272	Atom	
-240.515	-1346.35	-4389	-0.0747473	-0.863024	-0.499602	25.1811632277	Atom	
-242.082	-1364.45	-4399.48	-0.0840352	-0.847127	-0.524704	25.1298552642	Atom	
-244.904	-1392.9	-4417.1	-0.074535	-0.868332	-0.490351	25.0475475281	Atom	
-245.36	-1398.21	-4420.1	-0.0715873	-0.89443	-0.441441	25.0325186581	Atom	
-246.787	-1416.03	-4428.89	-0.0740553	-0.916124	-0.393997	24.9835272198	Atom	
-250.24	-1458.76	-4447.27	-0.0703145	-0.907095	-0.415011	24.8686852042	Atom	
-252.863	-1492.59	-4462.75	-0.136956	-0.888653	-0.437652	24.7764981923	Atom	
-253.56	-1497.11	-4464.97	-0.207701	-0.86713	-0.45271	24.7638979547	Atom	
-259.165	-1520.51	-4477.19	-0.175501	-0.894083	-0.412086	24.6969710812	Atom	
-262.001	-1534.96	-4483.85	-0.175367	-0.889986	-0.420918	24.656825552	Atom	
-262.651	-1538.26	-4485.41	-0.178766	-0.887245	-0.425251	24.6475994988	Atom	
-267.078	-1560.23	-4495.94	-0.142018	-0.895858	-0.421033	24.5859663869	Atom	
-271.696	-1589.36	-4509.63	-0.231528	-0.906652	-0.352671	24.5048732724	Atom	
-274.495	-1600.32	-4513.89	-0.176765	-0.896698	-0.405816	24.4746484419	Atom	
-277.483	-1615.48	-4520.76	-0.241924	-0.939519	-0.242439	24.4323337208	Atom	
-279.806	-1624.5	-4523.08	-0.244294	-0.943798	-0.222635	24.4082724865	Atom	
-282.572	-1635.19	-4525.6	-0.284695	-0.942817	-0.173334	24.3798768536	Atom	
-284.505	-1641.59	-4526.78	-0.281599	-0.94991	-0.135547	24.3628257259	Atom	
-285.404	-1644.62	-4527.21	-0.2773	-0.949372	-0.14764	24.3548093851	Atom	
-289.064	-1657.15	-4529.16	-0.29697	-0.93771	-0.180303	24.3216437455	Atom	
-294.739	-1675.07	-4532.61	-0.13716	-0.90686	-0.398487	24.2735807815	Atom	
-301.202	-1717.8	-4551.38	-0.114297	-0.854595	-0.506561	24.1548866318	Atom	
-302.604	-1728.29	-4557.6	-0.161235	-0.849671	-0.502058	24.1238488336	Atom	
-302.847	-1729.56	-4558.35	-0.110784	-0.868452	-0.483237	24.1200449265	Atom	
-308.75	-1775.84	-4584.11	-0.0544986	-0.845369	-0.531396	23.9851255914	Atom	
-310.426	-1801.83	-4600.44	-0.110548	-0.794513	-0.597101	23.9069399979	Atom	
-310.479	-1802.21	-4600.73	-0.137583	-0.823579	-0.550263	23.9057199762	Atom	
-312.014	-1811.41	-4606.87	-0.116376	-0.815258	-0.567284	23.877265436	Atom	
-317.583	-1850.42	-4634.02	-0.161458	-0.781596	-0.602528	23.7551400273	Atom	
-319.62	-1860.28	-4641.62	-0.181821	-0.788668	-0.587319	23.7228039691	Atom	
-324.004	-1879.3	-4655.78	-0.182929	-0.782688	-0.594926	23.6609553298	Atom	
-336.341	-1932.08	-4695.9	-0.165842	-0.87072	-0.462973	23.487596626	Atom	
-338.687	-1944.4	-4702.45	-0.150397	-0.883432	-0.443766	23.4510214804	Atom	
-340.162	-1953.06	-4706.8	-0.163783	-0.810725	-0.56205	23.425640793	Atom	
-347.948	-1991.6	-4733.52	-0.0825205	-0.72116	-0.687836	23.3024760797	Atom	
-352.525	-2031.61	-4771.68	-0.0710108	-0.723565	-0.686593	23.158157097	Atom	
-353.594	-2042.49	-4782.01	-0.0794696	-0.744897	-0.66243	23.1188252968	Atom	
-353.644	-2042.96	-4782.43	-0.0154577	-0.678356	-0.734571	23.1171754111	Atom	
-353.684	-2044.73	-4784.34	-0.006279	-0.712526	-0.701617	23.110350932	Atom	
-353.777	-2055.31	-4794.75	0.0477924	-0.736241	-0.675029	23.0714812368	Atom	
-353.643	-2057.37	-4796.65	0.0359563	-0.765591	-0.642322	23.0641258717	Atom	
-353.056	-2069.88	-4807.15	0.308463	-0.806465	-0.504445	23.0212609859	Atom	
-343.59	-2094.63	-4822.63	0.319716	-0.780442	-0.537301	22.9406586155	Atom	
-341.262	-2100.31	-4826.54	0.316704	-0.791388	-0.52288	22.9214804347	Atom	
-323.679	-2144.25	-4855.57	0.281824	-0.799178	-0.530933	22.7751543488	Atom	
-316.385	-2164.93	-4869.31	0.273547	-0.806027	-0.524873	22.7065930795	Atom	
-304.317	-2200.49	-4892.46	0.211476	-0.867422	-0.450397	22.5894527905	Atom	
-303.781	-2202.69	-4893.6	0.0851349	-0.832883	-0.546861	22.5826988947	Atom	
-303.664	-2203.84	-4894.36	0.0841369	-0.828609	-0.553469	22.5790318264	Atom	
-303.522	-2205.23	-4895.29	0.122527	-0.894544	-0.429859	22.5745326482	Atom	
-298.861	-2239.27	-4911.64	0.136669	-0.893127	-0.428538	22.4730454642	Atom	
-298.774	-2239.84	-4911.92	0.139976	-0.9164	-0.374991	22.471340755	Atom	
-295.614	-2260.52	-4920.38	-0.0507796	-0.921461	-0.385137	22.4109054341	Atom	
-297.382	-2292.62	-4933.8	-0.0693839	-0.917742	-0.39107	22.3174716846	Atom	
-298.829	-2311.75	-4941.95	-0.00403966	-0.92283	-0.385187	22.2613432745	Atom	
-298.859	-2318.54	-4944.78	-0.252114	-0.95949	0.12577	22.2415124551	Atom	
-299.489	-2320.94	-4944.47	-0.273612	-0.96165	-0.0191411	22.2347622463	Atom	
-300.537	-2324.62	-4944.54	-0.219374	-0.97372	-0.0611973	22.224423365	Atom	
-305.422	-2346.3	-4945.91	-0.243281	-0.968842	-0.0464613	22.1642934936	Atom	
-307.535	-2354.72	-4946.31	-0.249142	-0.967459	-0.0441798	22.1407911177	Atom	
-307.598	-2354.96	-4946.32	-0.179917	-0.983218	-0.0301985	22.1401076283	Atom	
-311.766	-2377.74	-4947.02	-0.0691164	-0.989064	0.130292	22.0773513658	Atom	
-314.407	-2415.52	-4942.04	-0.121999	-0.988709	0.0870118	21.9736518105	Atom	
-317.866	-2443.56	-4939.58	-0.954972	-0.18828	0.2293	21.8963969301	Atom	
-356.718	-2451.22	-4930.25	-0.933684	-0.177204	0.311179	21.7852406542	Atom	
-363.58	-2452.52	-4927.96	-0.937006	-0.196667	0.28869	21.7650791705	Atom	
-381.487	-2456.28	-4922.44	-0.939253	-0.180877	0.291698	21.7126174887	Atom	
-386.271	-2457.2	-4920.96	-0.949149	-0.190813	0.250415	21.698608037	Atom	
-387.989	-2457.55	-4920.5	-0.959927	-0.168788	0.223718	21.6936260168	Atom	
-400.168	-2459.69	-4917.66	-0.964331	-0.192861	0.181299	21.6587097421	Atom	
-404.66	-2460.59	-4916.82	-0.977377	-0.172909	-0.12181	21.6458712101	Atom	
-405.236	-2460.69	-4916.89	-0.974205	-0.123765	-0.188696	21.6442475147	Atom	
-406.925	-2460.9	-4917.22	-0.975036	-0.119492	-0.187151	21.639466029	Atom	
-420.546	-2462.57	-4919.83	-0.974838	-0.136466	-0.176261	21.6009442743	Atom	
-423.774	-2463.02	-4920.42	-0.978775	-0.104592	-0.176241	21.5917990778	Atom	
-426.034	-2463.27	-4920.82	-0.975762	-0.143917	-0.164855	21.585420786	Atom	
-429.984	-2463.85	-4921.49	-0.916184	-0.224785	-0.331782	21.5742342373	Atom	
-437.709	-2465.74	-4924.29	-0.918451	-0.238623	-0.315446	21.5509297805	Atom	
-446.158	-2467.94	-4927.19	-0.907057	-0.244385	-0.342818	21.5254800177	Atom	
-448.248	-2468.5	-4927.98	-0.897773	-0.268333	-0.349286	21.5190995798	Atom	
-451.666	-2469.52	-4929.31	-0.906935	-0.246326	-0.341748	21.5085526207	Atom	
-483.267	-2478.11	-4941.22	-0.856743	-0.226515	-0.463338	21.412007415	Atom	
-491.595	-2480.31	-4945.72	-0.81687	-0.28261	-0.502847	21.3849786283	Atom	
-508.359	-2486.11	-4956.04	-0.829112	-0.253035	-0.498544	21.3278584995	Atom	
-510.14	-2486.65	-4957.11	-0.819696	-0.267549	-0.506475	21.3218657542	Atom	
-513.197	-2487.65	-4959	-0.706058	-0.438692	-0.555906	21.3114628737	Atom	
-517.887	-2490.56	-4962.69	-0.726284	-0.431673	-0.534948	21.2929227943	Atom	
-536.206	-2501.45	-4976.19	-0.762317	-0.351306	-0.543559	21.2224800186	Atom	
-562.805	-2513.71	-4995.15	-0.756255	-0.335206	-0.561885	21.1247795641	Atom	
-569.329	-2516.6	-5000	-0.756255	-0.335206	-0.561885	21.100538004	Region	
"-----------------------------------------------------------------"
"Trajectory"	175

"NbCollisions"	62
"Zmax"	0
"Display"	256

"Collisions"

"X"	"Y"	"Z"	"Rx"	"Ry"	"Rz"	"Energy"	"CollisionType"	
-0.390312	0.0718284	-5000	-7.31396e-006	8.88981e-007	1	30	Region	
-0.390358	0.071834	-4993.71	0.429549	0.697112	0.574041	29.9865988724	Atom	
7.01638	12.0922	-4983.81	0.434507	0.723681	0.536181	29.9498736173	Atom	
8.22549	14.106	-4982.32	0.41732	0.724841	0.548133	29.9439410473	Atom	
22.6792	39.2104	-4963.33	0.426285	0.728343	0.536468	29.8700906252	Atom	
26.9619	46.5278	-4957.94	0.421943	0.807677	0.411852	29.8486261915	Atom	
39.4071	70.3503	-4945.79	0.607977	0.779843	0.149029	29.7855740632	Atom	
78.8737	120.974	-4936.12	0.597961	0.789128	0.140428	29.6465706099	Atom	
120.655	176.112	-4926.31	0.622956	0.773905	0.114	29.4963907248	Atom	
134.716	193.58	-4923.73	0.492588	0.8334	0.250602	29.4476795392	Atom	
146.771	213.977	-4917.6	0.5181	0.829417	0.208899	29.3947940966	Atom	
152.748	223.545	-4915.19	0.52183	0.831135	0.192115	29.3698307447	Atom	
155.916	228.591	-4914.03	0.517297	0.822244	0.237314	29.3566840028	Atom	
174.06	257.43	-4905.7	0.532876	0.820757	0.205918	29.280704147	Atom	
179.73	266.164	-4903.51	0.715376	0.690615	-0.10625	29.2576058727	Atom	
208.765	294.194	-4907.82	0.695541	0.708401	-0.11996	29.1694457699	Atom	
211.397	296.874	-4908.28	0.708928	0.700449	-0.0824174	29.1612070051	Atom	
213.499	298.951	-4908.52	0.770211	0.63754	-0.017801	29.1547509752	Atom	
260.6	337.939	-4909.61	0.772614	0.634785	0.01072	29.0215448456	Atom	
279.402	353.387	-4909.35	0.775579	0.627832	-0.0656066	28.9683426451	Atom	
286.46	359.1	-4909.95	0.643779	0.732321	-0.221933	28.9484208915	Atom	
292.719	366.22	-4912.1	0.664739	0.697535	-0.267519	28.9271223396	Atom	
293.652	367.199	-4912.48	0.663278	0.692908	-0.282739	28.9240454706	Atom	
312.352	386.735	-4920.45	0.678353	0.67883	-0.281118	28.862243926	Atom	
315.045	389.429	-4921.57	0.716573	0.607104	-0.343434	28.8535272778	Atom	
315.34	389.679	-4921.71	0.704557	0.55522	-0.441961	28.8526246843	Atom	
321.511	394.543	-4925.58	0.700219	0.554002	-0.450307	28.8333847017	Atom	
340.39	409.479	-4937.72	0.706266	0.546613	-0.449892	28.7741353984	Atom	
355.187	420.931	-4947.15	0.691126	0.551908	-0.466628	28.728020241	Atom	
358.703	423.738	-4949.52	0.683846	0.553298	-0.475622	28.7168098271	Atom	
383.136	443.508	-4966.51	0.689591	0.531717	-0.491672	28.638038092	Atom	
385.051	444.984	-4967.88	0.692547	0.532236	-0.486932	28.6319038259	Atom	
397.794	454.777	-4976.84	0.675133	0.532871	-0.510141	28.5912428267	Atom	
402.176	458.236	-4980.15	0.740604	0.514987	-0.431618	28.5768826162	Atom	
415.974	467.831	-4988.19	0.749728	0.444415	-0.490309	28.5356463888	Atom	
420.993	470.806	-4991.47	0.822674	0.264562	-0.503204	28.5208130292	Atom	
423.95	471.757	-4993.28	0.814437	0.268105	-0.514599	28.5128452836	Atom	
434.583	475.257	-5000	0.814437	0.268105	-0.514599	28.4838985435	Region	
"-----------------------------------------------------------------"
"Trajectory"	177

"NbCollisions"	46
"Zmax"	0
"Display"	256

"Collisions"

"X"	"Y"	"Z"	"Rx"	"Ry"	"Rz"	"Energy"	"CollisionType"	
0.207371	0.0327191	-5000	6.59313e-006	-1.81173e-006	1	30	Region	
0.207491	0.0326862	-4981.88	-0.00881908	-0.0207601	0.999746	29.9614185311	Atom	
0.199685	0.0143128	-4980.99	0.00632218	-0.0289871	0.99956	29.9595322657	Atom	
0.205313	-0.0114915	-4980.1	0.0760495	0.13603	0.987782	29.9576348973	Atom	
0.421409	0.375039	-4977.3	0.105728	0.200704	0.97393	29.9515782227	Atom	
3.32076	5.87892	-4950.59	0.0869419	0.19827	0.976284	29.8931170487	Atom	
4.13467	7.73503	-4941.45	0.107362	0.183488	0.977142	29.8731284592	Atom	
10.7166	18.984	-4881.55	0.0979603	0.17596	0.979511	29.7421587272	Atom	
10.7207	18.9913	-4881.5	0.0674559	0.134311	0.988641	29.7420697344	Atom	
11.3708	20.2858	-4871.98	-0.52408	0.00910081	-0.85162	29.7214081612	Atom	
-1.14123	20.503	-4892.31	-0.534075	0.0125195	-0.845345	29.670197454	Atom	
-10.5868	20.7244	-4907.26	-0.520111	0.0229717	-0.853789	29.6322086071	Atom	
-18.7166	21.0835	-4920.6	-0.52105	0.0204811	-0.853281	29.5985997851	Atom	
-20.2237	21.1428	-4923.07	-0.536309	0.0342788	-0.843325	29.5923750257	Atom	
-29.3853	21.7283	-4937.48	-0.516459	0.012419	-0.856222	29.5556049614	Atom	
-36.2438	21.8932	-4948.85	-0.510065	0.0366794	-0.859353	29.5269918725	Atom	
-49.2114	22.8258	-4970.7	-0.478797	0.00430724	-0.877915	29.4721717915	Atom	
-52.5848	22.8561	-4976.88	0.192393	0.716107	-0.670952	29.4569570223	Atom	
-52.1992	24.2916	-4978.23	0.190773	0.703065	-0.685058	29.4526264762	Atom	
-50.0756	32.1175	-4985.85	0.17796	0.718167	-0.67273	29.4285761351	Atom	
-49.0636	36.2016	-4989.68	-0.865346	-0.0185343	-0.500833	29.4162811872	Atom	
-66.8977	35.8196	-5000	-0.865346	-0.0185343	-0.500833	29.3717086441	Region	
"-----------------------------------------------------------------"
"Trajectory"	179

"NbCollisions"	253
"Zmax"	0
"Display"	256

"Collisions"

"X"	"Y"	"Z"	"Rx"	"Ry"	"Rz"	"Energy"	"CollisionType"	
0.00698289	0.0574724	-5000	-1.65284e-006	2.45367e-006	1	30	Region	
0.00693689	0.0575407	-4972.17	-0.0124955	-0.0181866	0.999757	29.9407436412	Atom	
-0.234751	-0.294224	-4952.83	0.147546	-0.0337713	0.988478	29.8994976659	Atom	
2.49595	-0.919242	-4934.54	0.117951	-0.0360116	0.992366	29.8599878916	Atom	
4.33972	-1.48216	-4919.02	0.138253	-0.0202474	0.99019	29.8265820469	Atom	
4.44457	-1.49752	-4918.27	0.0990339	-0.0197973	0.994887	29.8249598609	Atom	
4.45474	-1.49955	-4918.17	0.130439	0.00821298	0.991422	29.8247400977	Atom	
6.85999	-1.34811	-4899.89	0.532001	-0.329938	0.779818	29.7852961441	Atom	
37.5816	-20.4011	-4854.86	0.637898	-0.2461	0.72974	29.6616398326	Atom	
76.7621	-35.5169	-4810.04	0.639998	-0.275014	0.717475	29.5296788132	Atom	
78.7691	-36.3793	-4807.79	0.774685	-0.23329	0.587741	29.5229172218	Atom	
87.5386	-39.0202	-4801.13	0.768071	-0.205768	0.606405	29.4985053709	Atom	
100.247	-42.4248	-4791.1	0.791936	-0.223751	0.568131	29.4628004159	Atom	
104.393	-43.5962	-4788.12	0.754178	-0.270361	0.598432	29.4514916365	Atom	
120.434	-49.3467	-4775.4	0.762804	-0.261426	0.591427	29.4055343896	Atom	
126.138	-51.3015	-4770.97	0.72127	-0.274596	0.635898	29.3893585838	Atom	
132.083	-53.5647	-4765.73	0.717642	-0.26631	0.643482	29.3715200571	Atom	
142.479	-57.4226	-4756.41	0.710929	-0.33109	0.620451	29.340151316	Atom	
143.944	-58.1048	-4755.13	0.669436	-0.378795	0.639038	29.3356859898	Atom	
179.873	-78.435	-4720.84	0.626834	-0.413836	0.660166	29.219355417	Atom	
192.045	-86.4711	-4708.02	0.646952	-0.417439	0.63812	29.1771322616	Atom	
211.857	-99.2546	-4688.47	0.617579	-0.437364	0.653689	29.1104688222	Atom	
223.777	-107.696	-4675.86	0.611931	-0.469342	0.636599	29.0683769574	Atom	
227.976	-110.916	-4671.49	0.646783	-0.443622	0.620381	29.0533957469	Atom	
230.102	-112.375	-4669.45	0.655942	-0.434055	0.617524	29.0462131005	Atom	
233.836	-114.846	-4665.93	0.718131	-0.4142	0.559219	29.0337789768	Atom	
259.784	-129.812	-4645.73	0.683926	-0.465481	0.561758	28.9548128291	Atom	
279.811	-143.443	-4629.28	0.668014	-0.500543	0.550649	28.8906776869	Atom	
282.998	-145.831	-4626.65	0.672367	-0.477997	0.565192	28.8802093666	Atom	
284.181	-146.671	-4625.66	0.654681	-0.501539	0.565554	28.8763503089	Atom	
304.53	-162.26	-4608.08	0.700116	-0.500249	0.509498	28.8081264039	Atom	
318.015	-171.896	-4598.27	0.697881	-0.482219	0.529553	28.7657699797	Atom	
322.106	-174.723	-4595.16	0.529125	-0.478657	0.700653	28.7528616993	Atom	
324.062	-176.492	-4592.57	0.581039	-0.522449	0.624052	28.7447205706	Atom	
336.715	-187.869	-4578.98	0.566155	-0.519368	0.640097	28.6967499091	Atom	
339.908	-190.798	-4575.37	0.573425	-0.512848	0.638882	28.6843092908	Atom	
341.098	-191.862	-4574.05	0.620471	-0.504611	0.600319	28.6797305231	Atom	
342.126	-192.699	-4573.05	0.628371	-0.557774	0.542253	28.6760727331	Atom	
343.326	-193.764	-4572.02	0.62323	-0.612674	0.486019	28.6718572184	Atom	
348.396	-198.748	-4568.06	0.768119	-0.501802	0.397729	28.6539018817	Atom	
420.229	-245.675	-4530.87	0.806286	-0.534726	0.252924	28.4473682646	Atom	
473.988	-281.328	-4514	0.784495	-0.532937	0.317089	28.2992655895	Atom	
484.813	-288.682	-4509.63	0.76841	-0.557523	0.314189	28.2684884922	Atom	
505.225	-303.492	-4501.28	0.786418	-0.551717	0.277767	28.2091854897	Atom	
524.225	-316.821	-4494.57	0.810388	-0.518008	0.273751	28.1551591131	Atom	
552.937	-335.174	-4484.87	0.793399	-0.543094	0.274894	28.0758096183	Atom	
560.92	-340.639	-4482.11	0.816708	-0.546411	0.185537	28.0532252023	Atom	
612.598	-375.214	-4470.37	0.846726	-0.526786	0.0745068	27.9111023367	Atom	
613.261	-375.626	-4470.31	0.864582	-0.501704	-0.0281464	27.90933616	Atom	
636.739	-389.25	-4471.07	0.857864	-0.513663	-0.0147986	27.8480946823	Atom	
654.158	-399.68	-4471.37	0.856263	-0.514194	-0.049174	27.8022205889	Atom	
666.103	-406.853	-4472.06	0.834598	-0.548827	-0.0472693	27.7706616416	Atom	
692.828	-424.427	-4473.57	0.859704	-0.510659	-0.0116715	27.6981585654	Atom	
714.388	-437.234	-4473.86	0.873115	-0.486134	0.0366489	27.6412582587	Atom	
716.82	-438.588	-4473.76	0.885957	-0.463456	-0.0169759	27.6349277195	Atom	
725.704	-443.235	-4473.93	0.922264	-0.36175	-0.136257	27.6121348088	Atom	
743.953	-450.393	-4476.63	0.932621	-0.334174	-0.136181	27.5671270817	Atom	
763.621	-457.441	-4479.5	0.984053	-0.177166	-0.0158772	27.5190949926	Atom	
769.546	-458.507	-4479.6	0.984999	-0.172322	-0.00901039	27.5053649951	Atom	
800.874	-463.988	-4479.88	0.97058	-0.239772	0.0219906	27.4327985308	Atom	
820.065	-468.729	-4479.45	0.978261	-0.207364	0.00214665	27.3875896389	Atom	
825.165	-469.81	-4479.44	0.990766	-0.0632083	0.119951	27.3756548427	Atom	
826.326	-469.884	-4479.3	0.993747	-0.0195668	0.109928	27.3729711897	Atom	
843.498	-470.222	-4477.4	0.974366	-0.0816177	0.209643	27.3333929542	Atom	
869.917	-472.435	-4471.71	0.965493	-0.0780193	0.248466	27.2712221748	Atom	
878.816	-473.154	-4469.42	0.977524	-0.0566543	0.203069	27.2500488544	Atom	
948.286	-477.181	-4454.99	0.966485	-0.104505	0.234491	27.0866969328	Atom	
984.713	-481.119	-4446.15	0.966937	-0.107843	0.23109	26.9996479286	Atom	
998.103	-482.613	-4442.95	0.965706	-0.0785105	0.247482	26.9675855532	Atom	
1013.39	-483.855	-4439.04	0.963267	-0.00677313	0.26846	26.93090673	Atom	
1015.56	-483.871	-4438.43	0.974585	-0.0488868	0.218621	26.9256618889	Atom	
1043.93	-485.294	-4432.07	0.969487	-0.0532956	0.239281	26.8581099957	Atom	
1045.93	-485.404	-4431.57	0.963277	-0.117253	0.241554	26.8533195772	Atom	
1051.29	-486.056	-4430.23	0.962202	-0.130555	0.239003	26.8403765818	Atom	
1054.2	-486.451	-4429.5	0.95368	-0.224989	0.199684	26.8333369743	Atom	
1054.57	-486.538	-4429.43	0.905037	-0.409714	0.1142	26.8324345424	Atom	
1073.64	-495.168	-4427.02	0.884286	-0.455401	0.103185	26.7834221213	Atom	
1080.57	-498.736	-4426.21	0.856471	-0.471574	0.20994	26.7651638015	Atom	
1082.44	-499.766	-4425.75	0.855472	-0.460792	0.236301	26.7600715042	Atom	
1084.43	-500.839	-4425.2	0.862845	-0.498365	0.0844481	26.7546423138	Atom	
1103.87	-512.069	-4423.3	0.685619	-0.701652	-0.193934	26.7020872566	Atom	
1107.15	-515.424	-4424.23	0.72706	-0.656886	-0.199711	26.6909189284	Atom	
1125.03	-531.583	-4429.14	0.736513	-0.660144	-0.147506	26.6334347339	Atom	
1127.97	-534.215	-4429.73	0.744769	-0.651807	-0.14306	26.6241027064	Atom	
1147.12	-550.973	-4433.41	0.724504	-0.678282	-0.122591	26.5639063745	Atom	
1160.11	-563.138	-4435.61	0.82768	-0.558203	-0.0579232	26.5218391575	Atom	
1179.47	-576.192	-4436.96	0.819831	-0.570656	-0.0472099	26.4669177978	Atom	
1179.97	-576.54	-4436.99	0.835807	-0.544971	-0.0665747	26.4654839915	Atom	
1189.15	-582.524	-4437.72	0.819101	-0.564164	-0.103883	26.4396514268	Atom	
1199.86	-589.906	-4439.08	0.825939	-0.561858	-0.0462661	26.4088444924	Atom	
1214.38	-599.778	-4439.89	0.92157	-0.321067	-0.218232	26.367439274	Atom	
1226.48	-603.995	-4442.76	0.920157	-0.28958	-0.263543	26.3364520401	Atom	
1239.13	-607.976	-4446.38	0.906422	-0.29623	-0.301078	26.3039851548	Atom	
1241.62	-608.79	-4447.21	0.92151	-0.188953	-0.339287	26.2974860298	Atom	
1252.39	-610.998	-4451.17	0.914011	-0.196625	-0.354855	26.2698573795	Atom	
1278.71	-616.659	-4461.39	0.918915	-0.194737	-0.343034	26.2017253632	Atom	
1286.25	-618.258	-4464.21	0.932886	-0.164199	-0.320566	26.1822648967	Atom	
1287.56	-618.489	-4464.66	0.878638	-0.260813	-0.399965	26.1789155971	Atom	
1315.43	-626.762	-4477.35	0.973327	-0.0411405	-0.225705	26.103646805	Atom	
1316.43	-626.804	-4477.58	0.985827	-0.0220324	-0.166315	26.1012169794	Atom	
1324.63	-626.988	-4478.96	0.984739	-0.0156364	-0.173331	26.081430707	Atom	
1340.55	-627.241	-4481.76	0.983	-0.0113767	-0.183255	26.0429442761	Atom	
1347.01	-627.315	-4482.97	0.980823	-5.89604e-005	-0.1949	26.0272995303	Atom	
1366.53	-627.316	-4486.85	0.978021	0.0267944	-0.206779	25.9798503127	Atom	
1367.14	-627.3	-4486.98	0.980417	0.0241854	-0.195442	25.978358165	Atom	
1395.08	-626.61	-4492.55	0.957877	0.115619	-0.262875	25.9103210683	Atom	
1403.77	-625.562	-4494.93	0.970825	0.0659092	-0.230555	25.8886208143	Atom	
1431.94	-623.649	-4501.62	0.952967	0.0698307	-0.29492	25.8191615526	Atom	
1439.47	-623.098	-4503.95	0.944766	0.0625798	-0.321716	25.8002047549	Atom	
1451.76	-622.283	-4508.14	0.960278	0.0479405	-0.274897	25.7689726061	Atom	
1453.41	-622.201	-4508.61	0.885106	-0.166128	0.434729	25.7648334161	Atom	
1454.99	-622.497	-4507.83	0.887527	-0.164015	0.430576	25.7605526811	Atom	
1458.4	-623.126	-4506.18	0.919133	-0.156791	0.361401	25.7513285776	Atom	
1458.98	-623.226	-4505.95	0.97545	-0.11044	0.190529	25.7498000308	Atom	
1475.64	-625.111	-4502.7	0.976441	-0.17221	0.130029	25.7087548958	Atom	
1499.98	-629.405	-4499.46	0.97306	-0.184614	0.138102	25.6487386999	Atom	
1513.02	-631.879	-4497.61	0.969078	-0.178137	0.170752	25.6164159155	Atom	
1542.16	-637.236	-4492.47	0.924431	-0.290786	0.246718	25.5438192558	Atom	
1555.07	-641.297	-4489.03	0.936162	-0.26317	0.233113	25.5100298596	Atom	
1605.05	-655.347	-4476.58	0.939218	-0.256904	0.22775	25.3807238549	Atom	
1611.68	-657.159	-4474.97	0.974426	-0.157718	0.160057	25.3635720853	Atom	
1642.09	-662.081	-4469.98	0.974813	-0.163333	0.151863	25.2876261632	Atom	
1645.57	-662.665	-4469.44	0.974201	-0.143938	0.173821	25.2789155691	Atom	
1654.79	-664.027	-4467.79	0.982999	-0.119205	0.139655	25.2558283274	Atom	
1704.82	-670.094	-4460.68	0.983176	-0.130477	0.127828	25.1315660502	Atom	
1707.29	-670.421	-4460.36	0.987747	-0.0599327	0.144099	25.1254253463	Atom	
1727.69	-671.659	-4457.39	0.996589	-0.0299139	0.0769152	25.0748014869	Atom	
1736.75	-671.931	-4456.69	0.989445	-0.0423321	0.138591	25.0524582965	Atom	
1767.57	-673.25	-4452.37	0.990354	-0.138468	-0.00514382	24.9759287681	Atom	
1769.02	-673.452	-4452.38	0.98971	-0.142528	-0.0126651	24.9723339766	Atom	
1774.95	-674.306	-4452.45	0.991133	-0.122174	-0.0522447	24.9575716845	Atom	
1788.17	-675.936	-4453.15	0.978835	-0.20135	-0.0366083	24.9246893892	Atom	
1842.59	-687.131	-4455.19	0.982132	-0.187414	-0.0170875	24.7875306862	Atom	
1849.32	-688.414	-4455.3	0.977642	-0.210151	-0.00725429	24.7705584189	Atom	
1854.98	-689.63	-4455.35	0.971913	-0.185409	-0.144942	24.7562158042	Atom	
1857.53	-690.117	-4455.73	0.975356	-0.177945	-0.130449	24.74969979	Atom	
1865.37	-691.546	-4456.77	0.973914	-0.17984	-0.138381	24.7297749966	Atom	
1879.95	-694.239	-4458.85	0.969013	-0.228185	-0.0945801	24.6926071331	Atom	
1885.81	-695.62	-4459.42	0.978765	-0.19068	-0.0752333	24.6775648756	Atom	
1995.34	-716.958	-4467.84	0.964236	-0.262918	0.0335037	24.3993100477	Atom	
2015.11	-722.347	-4467.15	0.945803	-0.316745	0.0716151	24.3478859019	Atom	
2034.32	-728.781	-4465.7	0.935513	-0.350259	0.0462011	24.2968386939	Atom	
2059.83	-738.334	-4464.44	0.929892	-0.203797	-0.306215	24.2281863721	Atom	
2066.78	-739.856	-4466.72	0.964098	-0.162589	-0.20995	24.2093408044	Atom	
2091.26	-743.985	-4472.05	0.966265	-0.146362	-0.211919	24.1452379288	Atom	
2107.36	-746.424	-4475.59	0.955476	-0.148092	-0.255216	24.1030803394	Atom	
2126.47	-749.386	-4480.69	0.944599	-0.106492	-0.310471	24.052409602	Atom	
2129.01	-749.672	-4481.53	0.917513	-0.170687	-0.359216	24.0455884765	Atom	
2140.18	-751.75	-4485.9	0.918247	-0.166029	-0.359523	24.0147022915	Atom	
2153.8	-754.213	-4491.23	0.927368	-0.166398	-0.335112	23.9770093304	Atom	
2172.37	-757.545	-4497.94	0.912059	-0.183612	-0.366653	23.9260692195	Atom	
2176.09	-758.294	-4499.44	0.922361	-0.22505	-0.31401	23.9156754904	Atom	
2182.34	-759.818	-4501.56	0.926504	-0.145982	-0.346813	23.8984184293	Atom	
2189.31	-760.916	-4504.17	0.9245	-0.167526	-0.342395	23.8792234689	Atom	
2189.45	-760.942	-4504.23	0.946981	-0.124605	-0.296143	23.8788417884	Atom	
2201.29	-762.5	-4507.93	0.947971	-0.130587	-0.29034	23.8469242534	Atom	
2255.58	-769.979	-4524.56	0.951799	-0.131349	-0.277176	23.7006186156	Atom	
2259.88	-770.571	-4525.81	0.946978	-0.128615	-0.294432	23.6890441219	Atom	
2274.07	-772.499	-4530.22	0.931289	-0.129851	-0.340352	23.6505472229	Atom	
2291.75	-774.964	-4536.68	0.968452	-0.0440676	-0.245273	23.6017402032	Atom	
2292.48	-774.997	-4536.87	0.977586	-0.119956	-0.17302	23.5997818075	Atom	
2297	-775.551	-4537.67	0.972127	-0.22215	-0.0749585	23.5878936102	Atom	
2297.67	-775.704	-4537.72	0.979803	-0.194639	-0.0458403	23.5861110434	Atom	
2316.94	-779.534	-4538.62	0.982704	-0.172199	-0.0681201	23.5354119376	Atom	
2336.89	-783.028	-4540	0.988213	-0.131665	-0.0780933	23.4830315071	Atom	
2362.68	-786.465	-4542.04	0.990137	-0.127626	-0.0577974	23.4155318085	Atom	
2396.45	-790.818	-4544.01	0.99423	-0.103751	-0.0272403	23.3271327918	Atom	
2426.42	-793.945	-4544.83	0.931085	-0.258561	-0.257345	23.2487944296	Atom	
2429.38	-794.768	-4545.65	0.909935	-0.231537	-0.344104	23.2404997181	Atom	
2434.91	-796.176	-4547.74	0.722125	-0.458846	-0.517683	23.2246405087	Atom	
2453.46	-807.962	-4561.04	0.727894	-0.460527	-0.50802	23.1576407489	Atom	
2456.32	-809.767	-4563.03	0.743246	-0.459043	-0.486688	23.1473900814	Atom	
2456.63	-809.962	-4563.24	0.763707	-0.497565	-0.411316	23.1462818495	Atom	
2458.94	-811.467	-4564.48	0.767659	-0.499083	-0.402015	23.1383676181	Atom	
2459.31	-811.709	-4564.68	0.772071	-0.513529	-0.374425	23.1371025316	Atom	
2461.91	-813.434	-4565.94	0.763443	-0.552203	-0.335002	23.128311186	Atom	
2466.53	-816.78	-4567.97	0.772223	-0.564703	-0.291175	23.1124543792	Atom	
2472.02	-820.795	-4570.04	0.818521	-0.492953	-0.294992	23.0938365332	Atom	
2518.12	-848.556	-4586.65	0.869795	-0.387124	-0.305927	22.946283163	Atom	
2545.46	-860.727	-4596.27	0.865108	-0.365403	-0.343612	22.8634927117	Atom	
2553.12	-863.959	-4599.31	0.865199	-0.362732	-0.346202	22.8401306676	Atom	
2582.02	-876.078	-4610.87	0.839495	-0.425281	-0.338207	22.7518236348	Atom	
2602.45	-886.427	-4619.1	0.88769	-0.39447	-0.237486	22.6873093262	Atom	
2613.82	-891.48	-4622.15	0.885476	-0.389493	-0.253431	22.6532739826	Atom	
2638.12	-902.166	-4629.1	0.893162	-0.375012	-0.24825	22.5802912917	Atom	
2647.64	-906.163	-4631.74	0.897243	-0.370198	-0.240642	22.5518685555	Atom	
2652.97	-908.365	-4633.18	0.892607	-0.382487	-0.238656	22.5359904195	Atom	
2763.87	-955.886	-4662.83	0.87731	-0.349945	-0.328429	22.2041327471	Atom	
2766.95	-957.114	-4663.98	0.897146	-0.300411	-0.323854	22.1946438647	Atom	
2795.51	-966.676	-4674.29	0.924423	-0.225471	-0.30758	22.1086039623	Atom	
2809.33	-970.048	-4678.89	0.924369	-0.232724	-0.302295	22.0680485598	Atom	
2840.26	-977.834	-4689	0.954458	-0.23632	-0.182108	21.9772023298	Atom	
2841.15	-978.056	-4689.17	0.983783	-0.148897	-0.100001	21.9746445492	Atom	
2842.32	-978.232	-4689.29	0.979189	-0.152212	-0.134243	21.9714139236	Atom	
2860.57	-981.069	-4691.79	0.976261	-0.157407	-0.148786	21.920636458	Atom	
2865.94	-981.935	-4692.61	0.983564	-0.0923782	-0.155137	21.9056155911	Atom	
2898.98	-985.038	-4697.82	0.985869	-0.0953915	-0.137706	21.8138665914	Atom	
2905.79	-985.697	-4698.77	0.979081	-0.113596	-0.168808	21.7949371662	Atom	
2906.75	-985.808	-4698.94	0.985091	-0.138314	-0.102296	21.7922491208	Atom	
2965.7	-994.085	-4705.06	0.984286	-0.13139	-0.117971	21.6281317277	Atom	
2966.01	-994.127	-4705.1	0.991717	-0.102923	-0.0768404	21.6272640659	Atom	
2970.79	-994.623	-4705.47	0.99654	-0.0349837	-0.0753946	21.6139655838	Atom	
2975.71	-994.795	-4705.84	0.544731	-0.483178	-0.685425	21.6003447039	Atom	
2994.58	-1011.54	-4729.59	0.547453	-0.505659	-0.666786	21.50464805	Atom	
3008.85	-1024.71	-4746.97	0.540946	-0.425855	-0.725276	21.4324377593	Atom	
3028.06	-1039.84	-4772.73	0.396057	-0.532936	-0.747742	21.3337384978	Atom	
3028.9	-1040.97	-4774.31	0.410771	-0.512506	-0.754059	21.3278474455	Atom	
3030.64	-1043.14	-4777.5	0.373959	-0.519393	-0.768366	21.3160482382	Atom	
3036.95	-1051.9	-4790.46	0.351242	-0.573738	-0.739901	21.2689691688	Atom	
3042.17	-1060.43	-4801.47	0.357103	-0.573541	-0.737243	21.2273869108	Atom	
3050.05	-1073.08	-4817.73	0.330091	-0.601632	-0.727378	21.1656544327	Atom	
3051.69	-1076.07	-4821.34	0.348881	-0.616887	-0.705502	21.1517090603	Atom	
3051.69	-1076.07	-4821.35	0.115801	-0.524059	-0.843773	21.1516920902	Atom	
3054.54	-1088.97	-4842.12	0.129083	-0.470955	-0.872662	21.082588875	Atom	
3055.65	-1093.01	-4849.59	0.165469	-0.416963	-0.893735	21.0584925698	Atom	
3057.21	-1096.94	-4858.01	0.159915	-0.452144	-0.877492	21.0319279193	Atom	
3063.62	-1115.06	-4893.19	0.0844566	-0.33866	-0.937111	20.9188939525	Atom	
3065.65	-1123.23	-4915.8	0.0808223	-0.348412	-0.933851	20.8505568035	Atom	
3065.71	-1123.49	-4916.49	0.126283	-0.259147	-0.957547	20.8484525097	Atom	
3068.54	-1129.29	-4937.91	0.109471	-0.241849	-0.964119	20.7849390677	Atom	
3068.85	-1129.97	-4940.63	0.132698	-0.254749	-0.957859	20.7769303537	Atom	
3070.56	-1133.27	-4953.03	0.13311	-0.27739	-0.951492	20.7400566063	Atom	
3071.36	-1134.93	-4958.73	0.358363	-0.601053	-0.71436	20.7229871699	Atom	
3075.52	-1141.9	-4967.01	0.386787	-0.57986	-0.717048	20.689914941	Atom	
3075.88	-1142.44	-4967.68	0.384997	-0.572569	-0.723838	20.6872357728	Atom	
3076.95	-1144.04	-4969.7	0.375805	-0.573824	-0.727665	20.6792552978	Atom	
3088.83	-1162.17	-4992.69	0.379279	-0.559067	-0.737286	20.5889858071	Atom	
3092.59	-1167.71	-5000	0.379279	-0.559067	-0.737286	20.5605595141	Region	
"-----------------------------------------------------------------"
"Trajectory"	183

"NbCollisions"	154
"Zmax"	0
"Display"	256

"Collisions"

"X"	"Y"	"Z"	"Rx"	"Ry"	"Rz"	"Energy"	"CollisionType"	
0.204429	-0.112235	-5000	5.77999e-006	-9.89546e-007	1	30	Region	
0.204453	-0.112239	-4995.84	-0.00846302	-0.0271811	0.999595	29.9911361961	Atom	
-0.117568	-1.14649	-4957.8	-0.0029852	-0.0357107	0.999358	29.9101042691	Atom	
-0.145094	-1.47577	-4948.59	-0.0200793	-0.00832794	0.999764	29.8904252245	Atom	
-0.205083	-1.50065	-4945.6	0.133074	0.821445	0.554545	29.884045716	Atom	
0.891815	5.27032	-4941.03	0.24943	0.70929	0.659313	29.8664417115	Atom	
19.751	58.899	-4891.18	0.255346	0.704477	0.662201	29.7048880694	Atom	
21.7026	64.2833	-4886.12	0.254819	0.706996	0.659714	29.6884864991	Atom	
21.9893	65.0788	-4885.38	0.234152	0.690279	0.684607	29.6860709404	Atom	
22.9359	67.8695	-4882.61	0.240021	0.687059	0.685813	29.6773904264	Atom	
36.4311	106.499	-4844.05	0.218237	0.682411	0.69763	29.556643979	Atom	
40.2429	118.419	-4831.86	0.165181	0.703746	0.690983	29.5190121225	Atom	
43.1343	130.737	-4819.77	0.155706	0.679071	0.717369	29.4812589572	Atom	
45.1523	139.538	-4810.47	-0.197326	0.647731	0.735871	29.4532787187	Atom	
45.0595	139.843	-4810.12	-0.127541	0.499145	0.857081	29.4522627488	Atom	
35.0527	179.006	-4742.88	-0.0994909	0.523414	0.84625	29.2827398703	Atom	
34.8325	180.164	-4741	-0.0875743	0.49057	0.86699	29.2779348431	Atom	
27.8808	219.106	-4672.18	-0.0861546	0.517294	0.85146	29.1056064722	Atom	
26.1491	229.504	-4655.07	-0.216746	0.552011	0.805174	29.0617657571	Atom	
23.6112	235.967	-4645.64	-0.23141	0.550858	0.801876	29.0361966845	Atom	
14.8051	256.93	-4615.13	-0.249238	0.517068	0.818853	28.9530362822	Atom	
2.70491	282.033	-4575.37	-0.282225	0.512072	0.811253	28.8467006232	Atom	
0.944401	285.227	-4570.31	-0.306929	0.534126	0.787721	28.8329974841	Atom	
-3.79384	293.472	-4558.15	-0.324891	0.482	0.813709	28.7990723193	Atom	
-11.5559	304.988	-4538.71	-0.303729	0.505749	0.807445	28.7465203438	Atom	
-24.297	326.204	-4504.84	-0.129191	0.608991	0.782586	28.6541141844	Atom	
-27.4031	340.846	-4486.02	-0.156706	0.588923	0.792851	28.6010156167	Atom	
-28.4662	344.841	-4480.64	-0.0905989	0.613966	0.784116	28.5860119031	Atom	
-29.9754	355.068	-4467.58	-0.143549	0.541274	0.828503	28.5491523853	Atom	
-31.0262	359.03	-4461.52	-0.147126	0.559725	0.815513	28.5329385835	Atom	
-35.1415	374.687	-4438.71	-0.127726	0.548894	0.826076	28.4709557155	Atom	
-35.7438	377.275	-4434.81	-0.131087	0.566152	0.813811	28.460488005	Atom	
-35.8696	377.818	-4434.03	-0.0224899	0.610615	0.791608	28.4583566022	Atom	
-35.9574	380.202	-4430.94	-0.0392721	0.621027	0.782805	28.4496873164	Atom	
-36.5658	389.823	-4418.81	-0.0242321	0.720004	0.693546	28.4152786106	Atom	
-36.5977	390.772	-4417.9	0.0524184	0.709348	0.702906	28.4123477445	Atom	
-36.2335	395.701	-4413.01	0.0603853	0.705054	0.706578	28.3968981305	Atom	
-36.1327	396.878	-4411.83	0.0900834	0.756924	0.647264	28.3931844489	Atom	
-33.6093	418.081	-4393.7	0.0615089	0.754096	0.653878	28.3308687823	Atom	
-32.3982	432.929	-4380.83	0.0794484	0.825248	0.559155	28.2869894333	Atom	
-31.2643	444.707	-4372.85	0.0635359	0.833526	0.548814	28.2551434743	Atom	
-30.9438	448.912	-4370.08	0.112821	0.840018	0.530698	28.2438765867	Atom	
-28.6618	465.903	-4359.35	0.113187	0.831178	0.544364	28.1986899735	Atom	
-28.4431	467.509	-4358.29	0.131499	0.817545	0.56065	28.1943681187	Atom	
-27.9474	470.591	-4356.18	0.0910905	0.777426	0.622344	28.185934797	Atom	
-26.878	479.717	-4348.87	0.0988703	0.773244	0.626354	28.1596667983	Atom	
-21.5936	521.046	-4315.4	0.0683485	0.790317	0.608874	28.03997973	Atom	
-21.5786	521.22	-4315.26	0.0593646	0.776196	0.627691	28.0394848079	Atom	
-21.5728	521.295	-4315.2	0.000278649	0.754153	0.656699	28.0392672951	Atom	
-21.5709	526.547	-4310.63	-0.00716521	0.736975	0.675882	28.02361914	Atom	
-21.6699	536.737	-4301.28	-0.0177261	0.718309	0.695499	27.9925377885	Atom	
-21.9723	548.987	-4289.42	-0.041727	0.770801	0.635708	27.954165458	Atom	
-22.7273	562.934	-4277.92	-0.016978	0.774565	0.632266	27.9134105271	Atom	
-23.2003	584.516	-4260.3	-0.0102757	0.769099	0.639046	27.8505780225	Atom	
-23.4946	606.541	-4242	-0.134851	0.855676	0.499634	27.7858835088	Atom	
-25.172	617.185	-4235.79	-0.132588	0.876785	0.462243	27.7577308013	Atom	
-26.8577	628.332	-4229.91	-0.129466	0.853839	0.50418	27.7289328384	Atom	
-27.4451	632.206	-4227.62	-0.124522	0.858483	0.497494	27.7186480007	Atom	
-32.1762	664.824	-4208.72	-0.117147	0.858853	0.498647	27.6324909319	Atom	
-33.2682	672.829	-4204.07	-0.0755927	0.889748	0.450148	27.6113012128	Atom	
-33.292	673.109	-4203.93	-0.0680147	0.900389	0.429736	27.6105859572	Atom	
-34.3472	687.078	-4197.26	-0.247846	0.854829	0.455895	27.5752960459	Atom	
-38.0051	699.694	-4190.54	-0.246237	0.858968	0.448933	27.5416904364	Atom	
-39.1811	703.797	-4188.39	-0.11189	0.993619	-0.0142428	27.5308047388	Atom	
-39.6031	707.544	-4188.45	-0.0165032	0.998764	-0.0468737	27.5222064578	Atom	
-39.7817	718.35	-4188.95	-0.0108733	0.999181	-0.0389753	27.4975328527	Atom	
-39.8254	722.365	-4189.11	0.0100994	0.999832	-0.01531	27.4883640461	Atom	
-39.5052	754.059	-4189.59	0.00115966	0.998965	-0.0454801	27.4160025636	Atom	
-39.4721	782.6	-4190.89	0.0149659	0.998972	0.0427983	27.3506474247	Atom	
-39.3679	789.55	-4190.6	-0.025019	0.998111	0.0561138	27.3347013128	Atom	
-39.5021	794.901	-4190.29	0.0209839	0.997874	0.0617004	27.3224103904	Atom	
-39.3959	799.948	-4189.98	0.0345074	0.998147	0.0501142	27.3108078123	Atom	
-38.7695	818.069	-4189.07	0.0551147	0.997857	0.0352674	27.2691528631	Atom	
-37.75	836.526	-4188.42	0.02942	0.999047	0.0322536	27.2266617254	Atom	
-37.2512	853.466	-4187.87	0.150427	0.988506	-0.0151171	27.1876601422	Atom	
-33.9678	875.042	-4188.2	0.127325	0.99175	0.0148768	27.1373977767	Atom	
-30.9649	898.432	-4187.85	0.0954316	0.99207	0.0817973	27.0830078541	Atom	
-24.6905	963.658	-4182.47	0.244846	0.0945793	-0.964938	26.9311421937	Atom	
-23.1167	964.266	-4188.68	0.253338	0.100334	-0.962161	26.9162290238	Atom	
-8.20564	970.172	-4245.31	0.258327	0.17342	-0.950365	26.7796080598	Atom	
-6.05583	971.615	-4253.22	0.301715	-0.123006	-0.94543	26.7602128697	Atom	
-4.65432	971.043	-4257.61	0.310152	-0.133758	-0.94123	26.7493807973	Atom	
32.3072	955.103	-4369.78	0.299956	-0.120352	-0.946331	26.47139114	Atom	
40.1895	951.941	-4394.65	0.304585	-0.0721604	-0.949748	26.409583141	Atom	
46.5941	950.423	-4414.62	0.289603	-0.0419165	-0.956228	26.3600330528	Atom	
49.5132	950.001	-4424.25	0.26766	-0.0171409	-0.963361	26.3362453249	Atom	
59.4936	949.362	-4460.18	0.288897	-0.0266299	-0.95699	26.2481846255	Atom	
62.2008	949.112	-4469.14	0.274487	-0.0351075	-0.96095	26.2259950116	Atom	
64.0258	948.879	-4475.53	0.309631	-0.0426392	-0.9499	26.2102398433	Atom	
67.0803	948.458	-4484.9	0.187479	-0.0481602	-0.981087	26.1868539347	Atom	
72.6906	947.017	-4514.26	0.0020174	-0.0928033	-0.995682	26.1158613953	Atom	
72.7113	946.064	-4524.48	0.03479	-0.127625	-0.991212	26.091460537	Atom	
73.2765	943.991	-4540.58	-0.139909	-0.0525447	-0.988769	26.0528093824	Atom	
70.0757	942.789	-4563.21	-0.135809	-0.0274088	-0.990356	25.9983140568	Atom	
66.6311	942.094	-4588.32	-0.151832	0.00448791	-0.988396	25.937798734	Atom	
64.8743	942.146	-4599.76	-0.137008	-0.0167906	-0.990428	25.910139784	Atom	
64.373	942.084	-4603.38	-0.16388	0.0405834	-0.985645	25.9013867883	Atom	
58.9133	943.436	-4636.22	-0.125044	0.0232948	-0.991878	25.8216608145	Atom	
58.4155	943.529	-4640.17	-0.21043	0.0485443	-0.976403	25.8121114782	Atom	
54.9921	944.319	-4656.05	-0.201959	0.0207754	-0.979174	25.7730736369	Atom	
50.8454	944.745	-4676.16	-0.213098	0.0406115	-0.976187	25.7237443463	Atom	
48.4791	945.196	-4687	-0.507654	0.650223	-0.565241	25.6970257022	Atom	
22.4319	978.559	-4716	-0.505965	0.634655	-0.584134	25.5734676015	Atom	
14.51	988.495	-4725.15	-0.499793	0.60728	-0.61759	25.535619619	Atom	
-4.50673	1011.6	-4748.65	-0.28364	0.661842	-0.693912	25.4435339532	Atom	
-6.64649	1016.59	-4753.88	-0.251688	0.689492	-0.679157	25.4252239517	Atom	
-8.17165	1020.77	-4758	-0.281217	0.64482	-0.710721	25.410507991	Atom	
-12.7896	1031.36	-4769.67	-0.267627	0.652854	-0.70863	25.3706111298	Atom	
-17.3039	1042.37	-4781.62	-0.274878	0.66298	-0.696348	25.3295776445	Atom	
-23.4433	1057.18	-4797.17	-0.184445	0.656118	-0.731771	25.2751749366	Atom	
-26.3233	1067.43	-4808.6	-0.191371	0.644515	-0.740255	25.2370784039	Atom	
-26.7113	1068.73	-4810.1	-0.199978	0.618876	-0.759606	25.2321250816	Atom	
-27.8198	1072.16	-4814.31	-0.0168507	0.642465	-0.766129	25.218581667	Atom	
-27.8566	1073.56	-4815.98	-0.0516195	0.449207	-0.891935	25.2132526047	Atom	
-29.1009	1084.39	-4837.48	0.00107312	0.47967	-0.877448	25.1543232322	Atom	
-29.0854	1091.34	-4850.19	-0.0584511	0.496136	-0.866275	25.118849466	Atom	
-30.4664	1103.06	-4870.66	-0.0761515	0.497952	-0.863855	25.0609175099	Atom	
-30.7441	1104.88	-4873.81	-0.224042	0.540279	-0.811113	25.0519598791	Atom	
-33.8536	1112.38	-4885.07	-0.208367	0.527067	-0.823883	25.0178579742	Atom	
-36.9667	1120.25	-4897.37	-0.150871	0.59738	-0.787639	24.9811085202	Atom	
-41.562	1138.45	-4921.37	-0.170464	0.542789	-0.822388	24.9061016894	Atom	
-43.1422	1143.48	-4928.99	-0.244183	0.558964	-0.792423	24.8832192796	Atom	
-43.4337	1144.15	-4929.93	-0.255661	0.564196	-0.785061	24.8802697473	Atom	
-56.8716	1173.8	-4971.2	-0.257555	0.594849	-0.761459	24.7504173608	Atom	
-59.335	1179.49	-4978.48	-0.24233	0.602838	-0.760173	24.7266903032	Atom	
-59.56	1180.05	-4979.19	-0.206774	0.580696	-0.787424	24.724385025	Atom	
-61.1942	1184.64	-4985.41	-0.209647	0.577018	-0.789366	24.7047634208	Atom	
-61.6566	1185.91	-4987.15	-0.0821191	0.570653	-0.817075	24.6992834352	Atom	
-62.6586	1192.88	-4997.12	-0.0769254	0.602675	-0.794271	24.668965009	Atom	
-62.9374	1195.06	-5000	-0.0769254	0.602675	-0.794271	24.6599512909	Region	
"-----------------------------------------------------------------"
"Trajectory"	192

"NbCollisions"	638
"Zmax"	0
"Display"	256

"Collisions"

"X"	"Y"	"Z"	"Rx"	"Ry"	"Rz"	"Energy"	"CollisionType"	
-0.15809	0.114103	-5000	-1.9936e-006	3.55409e-006	1	30	Region	
-0.158107	0.114134	-4991.21	-0.0194793	0.0467762	0.998715	29.9812896488	Atom	
-0.260756	0.360627	-4985.95	-0.0636553	0.0951827	0.993422	29.970064548	Atom	
-0.412902	0.588128	-4983.57	-0.0970612	0.0410112	0.994433	29.9649716174	Atom	
-6.65772	3.22675	-4919.59	-0.0783123	-0.00930623	0.996885	29.8278597823	Atom	
-6.94413	3.19271	-4915.95	-0.0294371	-0.00698472	0.999542	29.8200372223	Atom	
-8.12659	2.91215	-4875.8	-0.0107841	0.0327704	0.999405	29.7341020655	Atom	
-8.1544	2.99666	-4873.22	0.0164453	0.277094	0.960702	29.7285719725	Atom	
-7.98793	5.80165	-4863.5	0.051435	0.292533	0.954871	29.7068624207	Atom	
-6.86715	12.176	-4842.69	0.0673348	0.295636	0.952925	29.660103841	Atom	
-6.78898	12.5192	-4841.58	0.0589303	0.312195	0.948189	29.6576097619	Atom	
-6.603	13.5045	-4838.59	-0.0528048	0.403611	0.913406	29.6508283541	Atom	
-6.78574	14.9013	-4835.43	0.0727683	0.285907	0.955491	29.6433907027	Atom	
-6.58834	15.6769	-4832.84	0.0446957	0.297297	0.953738	29.637559623	Atom	
-6.44106	16.6566	-4829.69	-0.288317	-0.0345611	0.956911	29.6304753643	Atom	
-10.3231	16.1912	-4816.81	-0.266617	-0.0231438	0.963525	29.6015227979	Atom	
-31.6364	14.3411	-4739.79	-0.284117	-0.0523623	0.957359	29.429496964	Atom	
-32.8364	14.12	-4735.74	-0.289169	-0.04915	0.956015	29.4203658341	Atom	
-38.5109	13.1555	-4716.98	-0.255776	-0.0636665	0.964637	29.3779295903	Atom	
-38.6601	13.1183	-4716.42	-0.353178	-0.111639	0.928872	29.3766670891	Atom	
-39.0554	12.9934	-4715.38	-0.342767	-0.114083	0.932468	29.3742436009	Atom	
-46.6156	10.4771	-4694.81	-0.306158	-0.0442827	0.95095	29.326486854	Atom	
-47.5235	10.3458	-4691.99	-0.289085	-0.0410678	0.956422	29.320057468	Atom	
-49.1377	10.1165	-4686.65	-0.278592	-0.0145999	0.960299	29.3079495827	Atom	
-50.5222	10.0439	-4681.88	-0.243367	-0.0165036	0.969794	29.2971695137	Atom	
-54.4587	9.77698	-4666.19	-0.244805	-0.00969255	0.969524	29.2620734323	Atom	
-58.1804	9.62963	-4651.45	-0.240631	-0.0047445	0.970605	29.2290562191	Atom	
-59.379	9.606	-4646.62	-0.235058	-0.0155507	0.971857	29.2182284047	Atom	
-63.0192	9.36517	-4631.57	-0.233028	-0.0239672	0.972175	29.1845536646	Atom	
-63.7851	9.28641	-4628.37	-0.189891	0.0708568	0.979245	29.1774011474	Atom	
-64.1918	9.43819	-4626.28	-0.194173	0.0730431	0.978244	29.1727379451	Atom	
-76.5011	14.0686	-4564.26	-0.18651	0.0747291	0.979607	29.0347217964	Atom	
-81.9155	16.238	-4535.82	-0.213022	0.0298508	0.976591	28.9712802138	Atom	
-89.2555	17.2666	-4502.17	-0.363626	0.0252277	0.931203	28.8958486567	Atom	
-89.5243	17.2852	-4501.49	-0.36822	0.022402	0.929469	28.8942266946	Atom	
-96.9972	17.7399	-4482.62	-0.352529	0.0100882	0.935747	28.8497033839	Atom	
-107.183	18.0314	-4455.58	-0.371064	-0.0112117	0.92854	28.7862344688	Atom	
-116.623	17.7461	-4431.96	-0.371352	-0.00370257	0.928485	28.7302579978	Atom	
-119.709	17.7154	-4424.25	-0.290129	-0.000994666	0.956987	28.7119464283	Atom	
-126.129	17.6934	-4403.07	-0.275141	0.051426	0.960028	28.6631545736	Atom	
-129.323	18.2904	-4391.93	-0.270806	0.0714045	0.959982	28.6375235451	Atom	
-131.055	18.7472	-4385.78	-0.12057	0.203112	0.971704	28.6233873865	Atom	
-132.399	21.0104	-4374.96	-0.060551	0.238427	0.969271	28.5987581078	Atom	
-135.418	32.8975	-4326.63	-0.0326596	0.178608	0.983378	28.4884811186	Atom	
-136.472	38.6664	-4294.87	0.0324714	0.180423	0.983053	28.4168185965	Atom	
-135.719	42.8512	-4272.07	-0.0418011	0.0461175	0.998061	28.3652539967	Atom	
-136.685	43.9161	-4249.02	-0.0526434	0.0962752	0.993962	28.3138441144	Atom	
-136.887	44.2871	-4245.19	-0.0946117	0.126911	0.987392	28.3052516451	Atom	
-138.407	46.3252	-4229.34	-0.0841869	0.120957	0.989081	28.2694381664	Atom	
-139.559	47.9802	-4215.8	-0.110436	0.142671	0.98359	28.2388925836	Atom	
-140	48.5507	-4211.87	-0.066151	0.184006	0.980697	28.2299575728	Atom	
-140.459	49.8255	-4205.08	-0.0654705	0.17694	0.982042	28.2144752603	Atom	
-141.404	52.3801	-4190.9	-0.0888912	0.207809	0.974122	28.1821939487	Atom	
-148.653	69.3272	-4111.46	-0.121722	0.242874	0.962391	27.9996911955	Atom	
-149.015	70.0488	-4108.6	-0.112846	0.251327	0.961302	27.9930081243	Atom	
-151.977	76.6471	-4083.36	-0.113802	0.277624	0.953925	27.9339393677	Atom	
-152.128	77.0152	-4082.09	-0.125708	0.952417	0.277666	27.9309504647	Atom	
-154.008	91.2591	-4077.94	-0.125896	0.952975	0.27566	27.8972424139	Atom	
-161.122	145.108	-4062.36	-0.087393	0.956062	0.279835	27.7697604708	Atom	
-161.165	145.581	-4062.23	-0.0402606	0.968034	0.247568	27.7686413975	Atom	
-162.854	186.18	-4051.84	-0.000770149	0.924657	0.3808	27.6736735668	Atom	
-162.862	195.862	-4047.86	0.0497177	0.874543	0.482393	27.6498989628	Atom	
-161.976	211.444	-4039.26	0.115966	0.841279	0.528017	27.6094163753	Atom	
-158.871	233.974	-4025.12	0.124304	0.914925	0.384005	27.5484979147	Atom	
-158.046	240.041	-4022.57	0.106213	0.926135	0.36193	27.5333866	Atom	
-157.314	246.428	-4020.08	0.118968	0.957479	0.26283	27.5176654278	Atom	
-156.375	253.982	-4018	0.170243	0.943005	0.285935	27.499670858	Atom	
-154.168	266.208	-4014.3	0.122609	0.975073	0.184929	27.4700844747	Atom	
-153.972	267.768	-4014	0.120862	0.976931	0.176066	27.4664300513	Atom	
-153.664	270.258	-4013.55	0.120473	0.976577	0.178278	27.4606098134	Atom	
-153.217	273.879	-4012.89	0.0648648	0.982665	0.173672	27.4521393795	Atom	
-152.915	278.451	-4012.08	0.149986	0.98306	0.105341	27.4415055935	Atom	
-142.618	345.943	-4004.85	0.101711	0.994808	-0.00356513	27.2845731824	Atom	
-141.007	361.695	-4004.91	0.0933451	0.995571	-0.0111736	27.2482142611	Atom	
-140.702	364.95	-4004.94	0.0890075	0.995965	-0.0114975	27.2406985101	Atom	
-140.155	371.075	-4005.02	0.1175	0.990512	-0.0712748	27.2265593638	Atom	
-139.862	373.544	-4005.19	0.137733	0.976443	-0.166098	27.2208263131	Atom	
-136.751	395.6	-4008.94	-0.00541513	0.988581	-0.150594	27.1688625159	Atom	
-136.77	399.013	-4009.46	-0.0199655	0.989319	-0.144392	27.1609066372	Atom	
-136.81	401.034	-4009.76	-0.0146582	0.993121	-0.116172	27.1561998479	Atom	
-136.89	406.43	-4010.39	-0.00910284	0.991991	-0.125979	27.1436753406	Atom	
-137.111	430.485	-4013.45	-0.0119256	0.992531	-0.121406	27.0877647722	Atom	
-137.457	459.308	-4016.97	-0.0522369	0.991561	-0.118651	27.0206970611	Atom	
-137.663	463.21	-4017.44	-0.0931532	0.990899	-0.0971713	27.011589496	Atom	
-140.419	492.534	-4020.31	-0.0709044	0.990306	-0.119445	26.9430923944	Atom	
-141.34	505.392	-4021.86	-0.0456714	0.998956	-0.00132426	26.9129780225	Atom	
-142.303	526.465	-4021.89	0.019899	0.998266	-0.0553955	26.8640077571	Atom	
-141.969	543.249	-4022.82	-0.0908999	0.950176	-0.298166	26.8249205291	Atom	
-144.428	568.959	-4030.89	-0.0853273	0.955404	-0.282704	26.7619444849	Atom	
-144.845	573.623	-4032.27	-0.0217488	0.972168	-0.233274	26.7505609346	Atom	
-144.88	575.198	-4032.65	0.00665886	0.985963	-0.166829	26.7467829849	Atom	
-144.752	594.174	-4035.86	-0.118001	0.971583	-0.205188	26.70188411	Atom	
-145.068	596.774	-4036.41	-0.12807	0.957606	-0.258049	26.695632738	Atom	
-150.229	635.368	-4046.81	-0.0592755	0.964097	-0.25885	26.6014700535	Atom	
-150.349	637.308	-4047.33	-0.0692373	0.963737	-0.257716	26.5967555058	Atom	
-150.537	639.93	-4048.03	-0.0852726	0.923433	-0.374165	26.5903791827	Atom	
-152.192	657.848	-4055.29	-0.271303	0.874734	-0.401541	26.5449012243	Atom	
-165.577	701.006	-4075.1	-0.255882	0.872528	-0.416196	26.4291086876	Atom	
-166.302	703.478	-4076.28	-0.188432	0.890035	-0.415128	26.422436154	Atom	
-167.62	709.704	-4079.19	-0.177963	0.889881	-0.420048	26.4059575717	Atom	
-169.667	719.941	-4084.02	-0.183059	0.883859	-0.430445	26.3788479402	Atom	
-170.594	724.415	-4086.2	-0.166385	0.877607	-0.44958	26.3669086136	Atom	
-173.227	738.305	-4093.31	-0.278232	0.902233	-0.329488	26.3295648639	Atom	
-175.493	745.651	-4096	-0.301278	0.896312	-0.325356	26.3103332968	Atom	
-190.581	790.537	-4112.29	-0.256438	0.928494	-0.268585	26.1919697378	Atom	
-192.791	798.541	-4114.6	-0.141951	0.959942	-0.241583	26.1715244199	Atom	
-203.345	869.909	-4132.57	-0.108357	0.955522	-0.274291	25.9950659608	Atom	
-209.338	922.763	-4147.74	-0.133699	0.942575	-0.306067	25.8630756896	Atom	
-211.207	935.939	-4152.02	-0.146977	0.942755	-0.299351	25.8295850228	Atom	
-212.681	945.395	-4155.02	-0.170127	0.950359	-0.260526	25.8055284427	Atom	
-216.044	964.179	-4160.17	0.0715306	0.897229	-0.435733	25.7580903836	Atom	
-216.018	964.503	-4160.32	0.0175067	0.92773	-0.37284	25.7572232693	Atom	
-215.512	991.326	-4171.1	0.0125974	0.925933	-0.377477	25.6877267415	Atom	
-214.563	1061.1	-4199.55	0.0429317	0.96113	-0.272737	25.5062135641	Atom	
-214.541	1061.58	-4199.68	-0.0192568	0.954799	-0.296627	25.5050094394	Atom	
-214.653	1067.09	-4201.4	-0.07212	0.908685	-0.411205	25.4910189771	Atom	
-215.008	1071.57	-4203.42	-0.0590543	0.906633	-0.417766	25.4790771365	Atom	
-215.209	1074.66	-4204.85	-0.0613527	0.88914	-0.453505	25.4708210448	Atom	
-216.465	1092.85	-4214.13	-0.0983575	0.854887	-0.509406	25.421196911	Atom	
-217.725	1103.8	-4220.65	-0.146206	0.863504	-0.482685	25.3900737097	Atom	
-217.773	1104.09	-4220.81	-0.122322	0.84975	-0.512798	25.3892737496	Atom	
-218.758	1110.93	-4224.94	0.00496551	0.760681	-0.649107	25.3696942598	Atom	
-218.699	1120.01	-4232.69	0.0135715	0.751479	-0.659617	25.3406600379	Atom	
-218.615	1124.63	-4236.75	6.60635e-005	0.769702	-0.638403	25.3256909216	Atom	
-218.615	1134.24	-4244.72	0.00244118	0.768448	-0.639907	25.2952770771	Atom	
-218.565	1150.01	-4257.85	0.0694789	0.733104	-0.676558	25.2452468106	Atom	
-218.509	1150.59	-4258.38	0.0967539	0.70572	-0.701854	25.2432992558	Atom	
-217.223	1159.97	-4267.71	0.098674	0.713581	-0.693589	25.2108430371	Atom	
-213.792	1184.78	-4291.83	0.0872204	0.732424	-0.67524	25.125826484	Atom	
-213.685	1185.69	-4292.66	0.0743426	0.739238	-0.669329	25.1228088079	Atom	
-213.584	1186.69	-4293.57	-0.0106288	0.765755	-0.643044	25.119479132	Atom	
-213.747	1198.49	-4303.48	0.0374299	0.73712	-0.674725	25.0816978682	Atom	
-212.302	1226.95	-4329.53	0.163373	0.738563	-0.65409	24.9869087914	Atom	
-205.665	1256.96	-4356.11	0.104647	0.836813	-0.537394	24.8868765401	Atom	
-205.127	1261.26	-4358.87	0.0693916	0.819191	-0.569308	24.874189662	Atom	
-204.574	1267.79	-4363.41	0.109593	0.662625	-0.740889	24.8544780822	Atom	
-193.678	1333.67	-4437.07	0.0715704	0.705408	-0.705179	24.6086732013	Atom	
-193.272	1337.67	-4441.07	0.0170871	0.750574	-0.660565	24.5945217259	Atom	
-193.073	1346.39	-4448.74	-0.0101689	0.744385	-0.667674	24.5655584368	Atom	
-193.094	1347.87	-4450.07	0.0247796	0.787271	-0.616108	24.5606005931	Atom	
-192.438	1368.69	-4466.36	0.0799649	0.81553	-0.573163	24.4946090586	Atom	
-191.394	1379.34	-4473.84	0.0823216	0.813408	-0.575839	24.4619506824	Atom	
-187.104	1421.73	-4503.85	0.0736404	0.801542	-0.593386	24.3314602077	Atom	
-186.944	1423.47	-4505.15	0.0765022	0.776789	-0.625097	24.3259926502	Atom	
-186.937	1423.54	-4505.2	0.0506497	0.787392	-0.614368	24.3257703813	Atom	
-185.503	1445.84	-4522.6	0.0163623	0.797879	-0.602595	24.2545519314	Atom	
-185.385	1451.59	-4526.94	-0.0508639	0.854984	-0.516155	24.2363730745	Atom	
-186.9	1477.06	-4542.32	-0.0672341	0.858346	-0.508648	24.1612267392	Atom	
-188.075	1492.06	-4551.21	-0.16598	0.841684	-0.513827	24.1170594641	Atom	
-199.292	1548.94	-4585.93	-0.188444	0.828481	-0.52736	23.9459304813	Atom	
-199.813	1551.23	-4587.39	-0.133544	0.848787	-0.511591	23.938888873	Atom	
-201.855	1564.21	-4595.21	-0.136657	0.848044	-0.512001	23.8999542857	Atom	
-202.904	1570.72	-4599.15	-0.0770806	0.829428	-0.55327	23.8803693529	Atom	
-204.807	1591.2	-4612.8	-0.106663	0.829713	-0.547905	23.8173700342	Atom	
-206.942	1607.8	-4623.77	-0.154651	0.819235	-0.55221	23.7661978359	Atom	
-213.157	1640.73	-4645.96	-0.209305	0.795228	-0.569038	23.6632576078	Atom	
-217.234	1656.21	-4657.04	-0.142204	0.825588	-0.546061	23.6131946799	Atom	
-219.26	1667.98	-4664.83	-0.255316	0.874545	-0.412292	23.5765055945	Atom	
-222.75	1679.93	-4670.46	-0.22155	0.88626	-0.406768	23.5412688954	Atom	
-223.39	1682.49	-4671.64	-0.218432	0.886999	-0.406843	23.5338135282	Atom	
-230.054	1709.55	-4684.05	-0.324621	0.845888	0.423195	23.4550606255	Atom	
-231.434	1713.15	-4682.25	-0.314754	0.804805	0.503208	23.4440552359	Atom	
-234.582	1721.2	-4677.22	-0.34625	0.813606	0.467071	23.4181598437	Atom	
-236.695	1726.17	-4674.36	-0.36187	0.804205	0.471492	23.4023431075	Atom	
-241.954	1737.85	-4667.51	-0.366806	0.802132	0.471208	23.3646593034	Atom	
-249.083	1753.44	-4658.36	-0.383565	0.793359	0.472715	23.3142063672	Atom	
-254.833	1765.34	-4651.27	-0.7287	0.316822	0.60714	23.2752168453	Atom	
-257.32	1766.42	-4649.2	-0.762292	0.298159	0.574467	23.2663316562	Atom	
-258.037	1766.7	-4648.66	-0.261988	0.206369	0.942748	23.2638815254	Atom	
-260.37	1768.54	-4640.26	-0.231891	0.235123	0.943898	23.2406794583	Atom	
-264.42	1772.64	-4623.78	-0.357928	0.198805	0.91234	23.1951533013	Atom	
-275.939	1779.04	-4594.41	-0.352753	0.188076	0.91662	23.1111179783	Atom	
-278.503	1780.41	-4587.75	-0.339833	0.171591	0.9247	23.0920868476	Atom	
-285.967	1784.18	-4567.44	-0.330965	0.158228	0.930283	23.03453407	Atom	
-293.325	1787.69	-4546.76	-0.315845	0.177626	0.932036	22.9761663766	Atom	
-293.414	1787.74	-4546.5	-0.351806	0.173341	0.919883	22.9754236115	Atom	
-297.221	1789.62	-4536.54	-0.351108	0.172083	0.920386	22.9469541941	Atom	
-299.638	1790.8	-4530.21	-0.30241	0.241751	0.922011	22.9288230892	Atom	
-299.83	1790.96	-4529.62	-0.241255	0.240376	0.940221	22.9271512477	Atom	
-302.685	1793.8	-4518.49	-0.235898	0.220185	0.946505	22.8959674123	Atom	
-324.204	1813.89	-4432.15	-0.301464	0.235876	0.923841	22.6553288419	Atom	
-339.778	1826.07	-4384.43	-0.532173	0.146309	0.833898	22.5179135297	Atom	
-343.846	1827.19	-4378.05	-0.606717	0.0787664	0.791006	22.4974828126	Atom	
-343.99	1827.21	-4377.86	-0.672943	0.0941622	0.733677	22.4968457223	Atom	
-352.953	1828.46	-4368.09	-0.693797	0.121688	0.709815	22.4612227091	Atom	
-377.791	1832.82	-4342.68	-0.719941	0.0442313	0.692624	22.3653468329	Atom	
-383.182	1833.15	-4337.5	-0.849405	-0.101757	0.517838	22.3452264453	Atom	
-390.186	1832.31	-4333.23	-0.854137	-0.133616	0.50259	22.3230542105	Atom	
-392.592	1831.94	-4331.81	-0.908289	-0.0687025	0.412662	22.315473126	Atom	
-426.126	1829.4	-4316.57	-0.917341	0.0718245	0.391571	22.2160921307	Atom	
-459.895	1832.04	-4302.16	-0.911346	0.00234395	0.411635	22.1166511196	Atom	
-461.672	1832.05	-4301.36	-0.92064	0.0168955	0.390046	22.1113665908	Atom	
-464.8	1832.11	-4300.03	-0.858071	-0.0377438	0.512143	22.102155213	Atom	
-485.477	1831.2	-4287.69	-0.859202	-0.0519026	0.508997	22.036797486	Atom	
-509.857	1829.72	-4273.25	-0.83503	-0.122481	0.536398	21.9596576823	Atom	
-557.779	1822.69	-4242.46	-0.438088	0.396419	0.806803	21.8032118548	Atom	
-566.039	1830.17	-4227.25	-0.439214	0.378157	0.814916	21.7515244573	Atom	
-569.047	1832.76	-4221.67	-0.466757	0.39037	0.793567	21.7327194195	Atom	
-570.034	1833.58	-4219.99	-0.459339	0.41423	0.785762	21.7269039508	Atom	
-576.882	1839.76	-4208.28	-0.411973	0.835134	0.364457	21.6859226424	Atom	
-588.132	1862.56	-4198.33	-0.535561	0.691197	0.485202	21.6107452573	Atom	
-600.689	1878.77	-4186.95	-0.537808	0.673896	0.506584	21.5460208392	Atom	
-603.637	1882.46	-4184.17	-0.551728	0.688891	0.470134	21.530853359	Atom	
-623.711	1907.53	-4167.07	-0.56652	0.69265	0.446421	21.4301190368	Atom	
-635.837	1922.35	-4157.51	-0.536135	0.663798	0.521471	21.3706416315	Atom	
-644.799	1933.45	-4148.8	-0.553409	0.670332	0.494362	21.3240906383	Atom	
-670.594	1964.7	-4125.75	-0.531236	0.687549	0.495041	21.1940643405	Atom	
-680.681	1977.75	-4116.35	-0.485661	0.770152	0.413521	21.1408417432	Atom	
-682.733	1981	-4114.61	-0.503859	0.756576	0.416796	21.1289777497	Atom	
-689.94	1991.83	-4108.64	-0.555313	0.797554	0.235657	21.0887847893	Atom	
-690.569	1992.73	-4108.38	-0.543375	0.803076	0.244564	21.0855994202	Atom	
-706.561	2016.36	-4101.18	-0.545347	0.808355	0.221717	21.0027703199	Atom	
-719.773	2035.95	-4095.81	-0.565464	0.792775	0.227505	20.9343752323	Atom	
-734.79	2057	-4089.77	-0.605295	0.749712	0.267486	20.8592137704	Atom	
-740.216	2063.72	-4087.37	-0.583565	0.688714	0.430261	20.8337717961	Atom	
-747.071	2071.81	-4082.31	-0.588243	0.687075	0.426496	20.800399392	Atom	
-750.704	2076.06	-4079.68	-0.554205	0.628741	0.545474	20.7828322693	Atom	
-750.942	2076.33	-4079.45	-0.572673	0.618822	0.537684	20.7816120503	Atom	
-780.405	2108.16	-4051.78	-0.566025	0.609489	0.555103	20.6351599567	Atom	
-790.11	2118.61	-4042.27	-0.587167	0.60421	0.53867	20.5860862652	Atom	
-795.756	2124.42	-4037.09	-0.59531	0.494935	0.632965	20.5585086165	Atom	
-798.662	2126.84	-4034	-0.591597	0.526087	0.610938	20.5444963563	Atom	
-798.847	2127	-4033.81	-0.551196	0.447683	0.704104	20.5435998645	Atom	
-799.005	2127.13	-4033.6	-0.553252	0.449978	0.701022	20.5427736393	Atom	
-800.311	2128.19	-4031.95	-0.539711	0.435847	0.720243	20.5359965722	Atom	
-812.192	2137.79	-4016.09	-0.537824	0.400025	0.742109	20.472748253	Atom	
-820.11	2143.68	-4005.17	-0.490973	0.449491	0.74626	20.430343116	Atom	
-824.652	2147.84	-3998.26	-0.3444	0.543222	0.765702	20.403659049	Atom	
-830.688	2157.36	-3984.84	-0.418632	0.523959	0.741765	20.3530446417	Atom	
-836.363	2164.46	-3974.79	-0.443128	0.414795	0.794722	20.3138255985	Atom	
-836.895	2164.96	-3973.83	-0.367541	0.490794	0.789959	20.3103434003	Atom	
-841.694	2171.37	-3963.52	-0.305181	0.456123	0.835952	20.2725031683	Atom	
-873.773	2219.31	-3875.65	-0.298379	0.462825	0.834723	19.9674315237	Atom	
-876.941	2224.23	-3866.79	-0.3608	0.544857	0.756937	19.9362468665	Atom	
-886.464	2238.61	-3846.81	-0.338822	0.574169	0.745338	19.8586355328	Atom	
-891.971	2247.94	-3834.69	-0.356343	0.607434	0.70996	19.8106925868	Atom	
-901.637	2264.42	-3815.44	-0.328893	0.616608	0.71528	19.7305370087	Atom	
-916.284	2291.88	-3783.58	-0.513766	0.590151	0.622708	19.5985212845	Atom	
-917.858	2293.68	-3781.67	-0.516025	0.605573	0.605805	19.5893889875	Atom	
-919.071	2295.11	-3780.25	-0.625389	0.560646	0.542738	19.5823823961	Atom	
-921.499	2297.28	-3778.14	-0.620152	0.57504	0.533611	19.5708061462	Atom	
-925.326	2300.83	-3774.85	-0.613805	0.569642	0.546581	19.5523952879	Atom	
-925.772	2301.25	-3774.45	-0.595887	0.633449	0.49362	19.5502259604	Atom	
-929.729	2305.45	-3771.17	-0.577835	0.602708	0.550317	19.5304018708	Atom	
-941.672	2317.91	-3759.8	-0.826613	0.507325	0.243584	19.4686412825	Atom	
-945.316	2320.15	-3758.73	-0.826015	0.474672	0.30395	19.4554348816	Atom	
-968.319	2333.37	-3750.26	-0.864969	0.4546	0.212524	19.3719722235	Atom	
-969.702	2334.09	-3749.92	-0.85094	0.477712	0.218388	19.3671634202	Atom	
-973.088	2335.99	-3749.05	-0.824363	0.466044	0.321293	19.355196749	Atom	
-991.274	2346.27	-3741.97	-0.829501	0.326283	0.453285	19.2888107831	Atom	
-1003.7	2351.16	-3735.17	-0.363598	0.760327	0.538238	19.2435947821	Atom	
-1011.05	2366.53	-3724.3	-0.135715	0.487278	0.862637	19.1825065739	Atom	
-1011.17	2366.97	-3723.52	-0.163963	0.49601	0.852696	19.1797844005	Atom	
-1015.49	2380.04	-3701.05	-0.135226	0.492827	0.859556	19.0999342028	Atom	
-1017.04	2385.67	-3691.23	-0.138803	0.504868	0.851964	19.0651830736	Atom	
-1023.04	2407.49	-3654.41	-0.203003	0.711764	0.672444	18.9336101361	Atom	
-1034.99	2449.4	-3614.81	-0.226469	0.72621	0.649099	18.7533281929	Atom	
-1037.2	2456.48	-3608.49	-0.299627	0.750757	0.588717	18.7232741203	Atom	
-1037.73	2457.81	-3607.44	-0.278241	0.790539	0.545555	18.7177946546	Atom	
-1037.74	2457.83	-3607.43	-0.574698	0.75328	0.319831	18.7177165271	Atom	
-1039.66	2460.35	-3606.36	-0.560693	0.767827	0.309944	18.7073846798	Atom	
-1043.85	2466.09	-3604.04	-0.549373	0.790569	0.270537	18.6842934627	Atom	
-1067.46	2500.06	-3592.42	-0.569669	0.782251	0.252111	18.5513656833	Atom	
-1094.97	2537.83	-3580.24	-0.574892	0.790141	0.212548	18.4011871495	Atom	
-1106.22	2553.3	-3576.08	-0.544437	0.817301	0.188696	18.3399253088	Atom	
-1114.86	2566.28	-3573.09	-0.532014	0.830039	0.167322	18.2900954914	Atom	
-1125.11	2582.26	-3569.87	-0.528871	0.847206	0.0503682	18.2295411662	Atom	
-1127.32	2585.8	-3569.66	-0.584556	0.810913	0.0267342	18.2163486483	Atom	
-1132.94	2593.59	-3569.4	-0.554684	0.831808	0.0205448	18.186048473	Atom	
-1134.8	2596.38	-3569.33	-0.56883	0.822229	0.0192846	18.1754506364	Atom	
-1142.29	2607.21	-3569.08	-0.561001	0.827039	0.0358198	18.1338432163	Atom	
-1145.96	2612.62	-3568.84	-0.597603	0.800461	-0.0461844	18.1131181366	Atom	
-1147.82	2615.12	-3568.99	-0.576384	0.815322	-0.0550554	18.1032491654	Atom	
-1147.96	2615.31	-3569	-0.571356	0.817418	-0.073345	18.1024768294	Atom	
-1165.97	2641.07	-3571.31	-0.581819	0.809854	-0.0749843	18.0025757627	Atom	
-1183.04	2664.84	-3573.51	-0.573068	0.814871	-0.0870592	17.9091411778	Atom	
-1193.23	2679.33	-3575.06	-0.519001	0.846991	-0.115083	17.8523225845	Atom	
-1195.4	2682.88	-3575.54	-0.50495	0.857145	-0.101621	17.8388891487	Atom	
-1200.19	2691	-3576.5	-0.465155	0.879798	-0.0979104	17.8084945071	Atom	
-1205.52	2701.08	-3577.63	-0.454538	0.884548	-0.104735	17.7717271198	Atom	
-1206.36	2702.71	-3577.82	-0.387915	0.912092	-0.132705	17.7657790881	Atom	
-1206.73	2703.59	-3577.95	-0.383452	0.911162	-0.150826	17.7626913294	Atom	
-1209.64	2710.51	-3579.09	-0.36114	0.906718	-0.217806	17.7382467858	Atom	
-1210.49	2712.64	-3579.6	-0.335401	0.909528	-0.245489	17.7306852851	Atom	
-1212.89	2719.15	-3581.36	-0.372759	0.911857	-0.171954	17.707613517	Atom	
-1217.9	2731.39	-3583.67	-0.391925	0.901092	-0.18555	17.6643246598	Atom	
-1218.73	2733.32	-3584.07	-0.221177	0.939734	-0.260731	17.6574091797	Atom	
-1229.68	2779.83	-3596.97	-0.220916	0.924577	-0.310408	17.4974484261	Atom	
-1233.39	2795.35	-3602.18	-0.0640744	0.976785	-0.204414	17.4428185786	Atom	
-1233.77	2801.22	-3603.41	0.176645	0.97365	-0.14423	17.4232099136	Atom	
-1233.77	2801.24	-3603.41	0.180913	0.964103	-0.194359	17.4231365297	Atom	
-1230.18	2820.39	-3607.27	0.194468	0.971208	-0.137614	17.3582878907	Atom	
-1227.14	2835.56	-3609.42	0.247528	0.962522	-0.110825	17.3071453941	Atom	
-1222.08	2855.23	-3611.69	0.316706	0.944865	-0.0832279	17.2400643022	Atom	
-1218.63	2865.53	-3612.59	0.240328	0.970526	0.0179384	17.2041660373	Atom	
-1216.38	2874.63	-3612.43	0.289273	0.950309	-0.115041	17.1732287341	Atom	
-1212.57	2887.12	-3613.94	0.311123	0.944523	-0.105258	17.1298241125	Atom	
-1203.65	2914.22	-3616.96	0.307893	0.943941	-0.119068	17.0349082917	Atom	
-1187.57	2963.5	-3623.17	0.332734	0.930548	-0.152868	16.8614203136	Atom	
-1181.12	2981.56	-3626.14	0.293184	0.945675	-0.140503	16.7964088569	Atom	
-1176.45	2996.61	-3628.38	0.28151	0.946828	-0.155788	16.7429358642	Atom	
-1173.14	3007.75	-3630.21	0.306682	0.937643	-0.163621	16.7033028426	Atom	
-1169.85	3017.81	-3631.97	0.309183	0.925702	-0.217903	16.6671075319	Atom	
-1169.22	3019.67	-3632.4	0.285305	0.934354	-0.213504	16.6603105624	Atom	
-1167.01	3026.93	-3634.06	0.279707	0.938421	-0.202804	16.6340619387	Atom	
-1166.58	3028.36	-3634.37	0.248777	0.885922	-0.391475	16.6288920182	Atom	
-1161.14	3047.74	-3642.93	0.247796	0.915284	-0.317573	16.5548360255	Atom	
-1160.79	3049.03	-3643.38	0.289633	0.901412	-0.321821	16.5500677484	Atom	
-1160.54	3049.83	-3643.67	0.248583	0.940542	-0.23149	16.5470470452	Atom	
-1155.48	3068.94	-3648.37	0.219538	0.931633	-0.28959	16.4779719039	Atom	
-1154.57	3072.81	-3649.57	-0.0645705	0.904022	-0.422581	16.4638348857	Atom	
-1155.41	3084.46	-3655.02	0.000303531	0.929985	-0.367597	16.4198618376	Atom	
-1155.4	3085.26	-3655.34	-0.00125764	0.965683	-0.25972	16.4169005538	Atom	
-1155.43	3107.26	-3661.25	0.0157685	0.966678	-0.255511	16.3389981311	Atom	
-1155.43	3107.69	-3661.37	0.0543052	0.957006	-0.284941	16.3374651428	Atom	
-1155.14	3112.79	-3662.88	0.0317539	0.970772	-0.237895	16.3192021451	Atom	
-1154.43	3134.37	-3668.17	0.132133	0.961932	-0.239222	16.2428219706	Atom	
-1152.28	3150.06	-3672.08	0.0668321	0.973874	-0.217033	16.1865845192	Atom	
-1152.01	3153.89	-3672.93	0.0510847	0.967559	-0.247425	16.1730032548	Atom	
-1151.2	3169.25	-3676.86	0.0388484	0.977816	-0.205831	16.1180929456	Atom	
-1150.27	3192.79	-3681.81	-0.0361871	0.988096	-0.149521	16.0345771189	Atom	
-1150.46	3198.04	-3682.61	-0.0249444	0.991486	-0.127802	16.0160828664	Atom	
-1150.83	3212.6	-3684.48	-0.0591973	0.990272	-0.125923	15.9649067044	Atom	
-1151.46	3223.22	-3685.83	0.0316447	0.986216	-0.16241	15.9274292817	Atom	
-1151.41	3224.67	-3686.07	0.00793104	0.991132	-0.132645	15.9223096767	Atom	
-1151.38	3228.78	-3686.62	-0.0443274	0.987244	-0.152918	15.9077818212	Atom	
-1151.6	3233.67	-3687.38	-0.00464674	0.971852	-0.235546	15.8904196929	Atom	
-1151.71	3256.63	-3692.95	-0.0184642	0.975668	-0.218472	15.8075674264	Atom	
-1151.74	3257.95	-3693.24	0.247312	0.901095	-0.356181	15.8028129023	Atom	
-1151.28	3259.63	-3693.9	0.0896689	0.803755	-0.588164	15.7962723566	Atom	
-1150.61	3265.58	-3698.26	0.130454	0.802146	-0.582704	15.7701796032	Atom	
-1146.88	3288.52	-3714.92	0.164536	0.835569	-0.524168	15.6693274855	Atom	
-1143.4	3306.19	-3726.01	0.183301	0.8014	-0.56935	15.5943535827	Atom	
-1137.89	3330.31	-3743.14	0.243261	0.786767	-0.567294	15.487296695	Atom	
-1137.72	3330.86	-3743.54	0.403946	0.686669	-0.604411	15.4847921537	Atom	
-1136.91	3332.23	-3744.74	0.398554	0.691235	-0.602784	15.4776636321	Atom	
-1135.98	3333.83	-3746.14	0.378352	0.667721	-0.641091	15.4693441296	Atom	
-1128.83	3346.45	-3758.26	0.12416	0.810751	-0.572072	15.4016746902	Atom	
-1127.58	3354.65	-3764.05	0.110594	0.756664	-0.644382	15.3653580527	Atom	
-1125.86	3366.39	-3774.04	0.0279786	0.750507	-0.66027	15.3095565683	Atom	
-1125.72	3370.31	-3777.49	0.138782	0.793616	-0.592379	15.2907162238	Atom	
-1125.54	3371.29	-3778.22	0.138864	0.778074	-0.612631	15.2862413507	Atom	
-1125.06	3373.98	-3780.34	0.125372	0.771603	-0.623627	15.2737610052	Atom	
-1124.03	3380.33	-3785.47	0.148967	0.774754	-0.614463	15.2439968391	Atom	
-1123.73	3381.9	-3786.72	-0.195468	0.79329	-0.576614	15.2366488682	Atom	
-1124.71	3385.9	-3789.63	-0.147929	0.798107	-0.584074	15.2183978588	Atom	
-1129.44	3411.39	-3808.28	-0.182626	0.793791	-0.580124	15.1026090532	Atom	
-1130.93	3417.88	-3813.02	-0.270192	0.778431	-0.566605	15.0728053142	Atom	
-1139.86	3443.59	-3831.74	-0.273943	0.787772	-0.551698	14.9521940592	Atom	
-1140.77	3446.21	-3833.57	-0.296117	0.818113	-0.492956	14.9399893075	Atom	
-1167.69	3520.59	-3878.39	-0.333639	0.801607	-0.496096	14.605709943	Atom	
-1167.7	3520.61	-3878.4	-0.359564	0.809997	-0.46327	14.6056109523	Atom	
-1169.04	3523.63	-3880.13	-0.327206	0.838506	-0.43571	14.5916284594	Atom	
-1173.28	3534.5	-3885.78	-0.280881	0.864916	-0.415964	14.543136641	Atom	
-1174.31	3537.68	-3887.3	-0.153475	0.840696	-0.519303	14.5293343317	Atom	
-1178.49	3560.58	-3901.46	-0.19235	0.823955	-0.533009	14.4269786781	Atom	
-1181.64	3574.06	-3910.17	-0.241831	0.714753	-0.656236	14.3652129348	Atom	
-1186.43	3588.22	-3923.17	-0.156186	0.720676	-0.67545	14.2901560858	Atom	
-1188.06	3595.76	-3930.24	-0.0871548	0.728013	-0.680001	14.25036648	Atom	
-1189.26	3605.79	-3939.61	-0.128176	0.668523	-0.732562	14.1978209252	Atom	
-1190.07	3609.98	-3944.2	-0.15997	0.718933	-0.676421	14.1738471961	Atom	
-1190.21	3610.63	-3944.81	-0.198098	0.70769	-0.678183	14.1704085703	Atom	
-1192.35	3618.27	-3952.13	-0.196176	0.695578	-0.691149	14.1290684571	Atom	
-1193.3	3621.64	-3955.49	-0.183745	0.60721	-0.773003	14.1104496538	Atom	
-1196.42	3631.95	-3968.6	-0.23062	0.588818	-0.774667	14.0452668473	Atom	
-1201.82	3645.75	-3986.76	-0.559471	0.825306	0.076564	13.9549302215	Atom	
-1203.15	3647.7	-3986.58	-0.51629	0.855831	-0.0315842	13.9457402776	Atom	
-1203.89	3648.93	-3986.62	-0.510467	0.85958	-0.0233504	13.9401910605	Atom	
-1209.7	3658.72	-3986.89	-0.358047	0.928633	-0.0971771	13.8960505716	Atom	
-1219.08	3683.05	-3989.43	-0.371349	0.926182	-0.0654716	13.7942235321	Atom	
-1221.52	3689.11	-3989.86	-0.347489	0.931505	-0.10747	13.7686286719	Atom	
-1227.5	3705.15	-3991.71	-0.349805	0.929718	-0.115159	13.7012323773	Atom	
-1230.33	3712.67	-3992.64	-0.331893	0.929631	-0.160107	13.669474215	Atom	
-1230.35	3712.73	-3992.65	-0.353132	0.917969	-0.180642	13.669230726	Atom	
-1230.82	3713.95	-3992.89	-0.334112	0.940359	0.0639783	13.6639672653	Atom	
-1232.28	3718.05	-3992.62	-0.363015	0.927236	0.0919386	13.6468051522	Atom	
-1234.07	3722.64	-3992.16	-0.275065	0.960097	-0.0505283	13.6273126835	Atom	
-1236.22	3730.14	-3992.56	-0.246818	0.96429	-0.0960474	13.5965146281	Atom	
-1242.19	3753.46	-3994.88	-0.212595	0.972123	-0.0988972	13.5009166707	Atom	
-1242.73	3755.95	-3995.13	-0.187412	0.969399	-0.158561	13.4907410898	Atom	
-1243.63	3760.6	-3995.89	-0.245846	0.960982	-0.126777	13.4716878471	Atom	
-1243.87	3761.54	-3996.02	-0.258937	0.963407	-0.0692775	13.4677849129	Atom	
-1244.13	3762.5	-3996.09	-0.235609	0.97167	0.0185922	13.4638377795	Atom	
-1249.49	3784.61	-3995.66	-0.230569	0.972738	-0.0248687	13.3732518323	Atom	
-1249.77	3785.79	-3995.69	-0.26663	0.962016	-0.0585935	13.3683616448	Atom	
-1249.88	3786.2	-3995.72	-0.301258	0.947282	-0.109088	13.3666893934	Atom	
-1251.18	3790.28	-3996.19	-0.294528	0.953469	-0.0644224	13.3494175522	Atom	
-1251.28	3790.58	-3996.21	-0.280805	0.959698	-0.0113366	13.3481641365	Atom	
-1254.06	3800.09	-3996.32	-0.278104	0.959875	0.036016	13.308451577	Atom	
-1256.12	3807.2	-3996.05	-0.253214	0.964506	-0.0749059	13.2787076404	Atom	
-1256.66	3809.25	-3996.21	-0.0805914	0.918442	-0.387259	13.2701454211	Atom	
-1257.69	3821.06	-4001.19	0.192281	0.960703	-0.200194	13.218381704	Atom	
-1255.62	3831.41	-4003.35	0.374741	0.918357	-0.12724	13.1748960456	Atom	
-1253.76	3835.98	-4003.98	0.413495	0.893536	-0.174973	13.1547393166	Atom	
-1251.39	3841.1	-4004.98	0.388183	0.896964	-0.211586	13.1315492598	Atom	
-1248.43	3847.93	-4006.6	0.323677	0.896426	-0.302744	13.1006241678	Atom	
-1246.1	3854.39	-4008.78	0.340926	0.872235	-0.350679	13.0713267654	Atom	
-1245.47	3856.01	-4009.43	0.307822	0.878227	-0.366009	13.0637763627	Atom	
-1244.72	3858.14	-4010.32	0.35289	0.840018	-0.412114	13.05387159	Atom	
-1242.03	3864.53	-4013.45	0.239709	0.860946	-0.448677	13.0228645106	Atom	
-1236.73	3883.57	-4023.37	0.212109	0.847057	-0.487345	12.9325777612	Atom	
-1234.72	3891.62	-4028.01	0.0708959	0.868721	-0.490202	12.8935476962	Atom	
-1234.66	3892.38	-4028.43	-0.0804378	0.841182	-0.534736	12.8899820103	Atom	
-1234.74	3893.27	-4029	0.00926781	0.820569	-0.571472	12.8856171725	Atom	
-1234.71	3896	-4030.9	-0.000470954	0.814803	-0.579738	12.87189668	Atom	
-1234.71	3896.69	-4031.4	-0.00760891	0.787434	-0.616352	12.8684029837	Atom	
-1234.72	3897.54	-4032.05	-0.0711757	0.802172	-0.592836	12.8639968847	Atom	
-1235.87	3910.55	-4041.67	-0.0537378	0.793903	-0.605665	12.7971289121	Atom	
-1237.12	3928.97	-4055.73	-0.200813	0.769568	-0.606168	12.7010983635	Atom	
-1238.17	3933.01	-4058.91	-0.0347365	0.763089	-0.64536	12.6792585158	Atom	
-1238.62	3942.87	-4067.24	-0.122551	0.6422	-0.756678	12.6254245513	Atom	
-1239.7	3948.53	-4073.91	-0.166338	0.623846	-0.763641	12.588587434	Atom	
-1242.69	3959.72	-4087.61	-0.149837	0.521199	-0.840179	12.5134411848	Atom	
-1243.28	3961.77	-4090.92	-0.149493	0.601283	-0.784927	12.4968271985	Atom	
-1244.6	3967.09	-4097.86	-0.338569	0.826416	-0.449896	12.4595927909	Atom	
-1250.01	3980.3	-4105.05	-0.340145	0.71338	-0.612692	12.392089917	Atom	
-1250.94	3982.26	-4106.73	-0.321704	0.736756	-0.594724	12.3804511804	Atom	
-1253.92	3989.07	-4112.23	-0.3162	0.744917	-0.587466	12.3412101064	Atom	
-1259.13	4001.34	-4121.91	-0.327269	0.733034	-0.596285	12.271141551	Atom	
-1261.1	4005.75	-4125.5	-0.287935	0.734226	-0.614821	12.2454446128	Atom	
-1261.8	4007.53	-4126.99	-0.334585	0.697252	-0.63395	12.2350655817	Atom	
-1262.04	4008.04	-4127.45	-0.137181	0.618331	-0.773853	12.2319401725	Atom	
-1262.98	4012.28	-4132.76	-0.314708	0.688159	-0.653755	12.20256412	Atom	
-1270.62	4028.98	-4148.62	-0.290078	0.726934	-0.622432	12.09846146	Atom	
-1270.81	4029.47	-4149.05	-0.300669	0.679744	-0.668989	12.0955221297	Atom	
-1272.33	4032.89	-4152.41	-0.343398	0.659461	-0.668722	12.0738218445	Atom	
-1272.69	4033.6	-4153.12	-0.366257	0.636904	-0.678388	12.0691924216	Atom	
-1274.3	4036.39	-4156.1	-0.355675	0.658084	-0.663642	12.050224266	Atom	
-1277.8	4042.87	-4162.64	-0.288133	0.639623	-0.712644	12.00755849	Atom	
-1281.16	4050.32	-4170.94	-0.377311	0.587352	-0.715999	11.9569642047	Atom	
-1287.18	4059.69	-4182.36	-0.298405	0.434028	-0.850044	11.8874848679	Atom	
-1289.77	4063.47	-4189.75	-0.420931	0.403168	-0.812572	11.8494174247	Atom	
-1295	4068.47	-4199.84	-0.377906	0.357833	-0.853898	11.7949543448	Atom	
-1297.59	4070.92	-4205.69	-0.404567	0.281095	-0.870236	11.764803373	Atom	
-1300.61	4073.02	-4212.18	-0.398931	0.306128	-0.864373	11.7318974278	Atom	
-1301.74	4073.89	-4214.63	-0.409182	0.35106	-0.842216	11.719371434	Atom	
-1305.76	4077.34	-4222.92	-0.526588	0.265463	-0.80761	11.6758660738	Atom	
-1313.82	4081.4	-4235.27	-0.519541	0.323257	-0.790937	11.6080055138	Atom	
-1325.09	4088.42	-4252.44	-0.53993	0.305332	-0.784378	11.51133106	Atom	
-1329.63	4090.98	-4259.03	-0.627505	0.246483	-0.738569	11.4736338798	Atom	
-1333.31	4092.43	-4263.36	-0.634134	0.257703	-0.729015	11.4473094395	Atom	
-1340.43	4095.32	-4271.55	-0.746249	0.330374	-0.577897	11.3967329528	Atom	
-1342.42	4096.2	-4273.09	-0.671741	0.423085	-0.608081	11.3846639454	Atom	
-1353.42	4103.13	-4283.04	-0.706642	0.417537	-0.571244	11.3106755471	Atom	
-1382.14	4120.1	-4306.26	-0.621489	0.549657	-0.558237	11.1259938262	Atom	
-1385.72	4123.27	-4309.48	-0.614246	0.51151	-0.600882	11.0995218757	Atom	
-1390.01	4126.83	-4313.67	-0.674282	0.481728	-0.559716	11.0673751545	Atom	
-1390.91	4127.48	-4314.42	-0.822165	0.388165	-0.416381	11.0611476759	Atom	
-1391.08	4127.56	-4314.51	-0.832722	0.385179	-0.397758	11.0602155844	Atom	
-1392.89	4128.4	-4315.37	-0.891361	0.277679	-0.358287	11.0501607527	Atom	
-1428.98	4139.64	-4329.88	-0.877129	0.241102	-0.415349	10.8629597261	Atom	
-1431.13	4140.23	-4330.9	-0.892005	0.166487	-0.420249	10.8514971351	Atom	
-1434.68	4140.9	-4332.57	-0.888871	0.142075	-0.435572	10.8328304437	Atom	
-1442.83	4142.2	-4336.56	-0.90051	0.220213	-0.37495	10.7898388861	Atom	
-1451.25	4144.26	-4340.07	-0.871512	0.162314	-0.462732	10.7457937014	Atom	
-1452.88	4144.56	-4340.93	-0.875699	0.201071	-0.439002	10.7369806779	Atom	
-1456.53	4145.4	-4342.76	-0.907296	0.167526	-0.38568	10.71727181	Atom	
-1466.75	4147.29	-4347.11	-0.917733	0.151738	-0.367073	10.6639875732	Atom	
-1470.35	4147.88	-4348.55	-0.913985	0.132614	-0.383464	10.6453921497	Atom	
-1477.75	4148.96	-4351.65	-0.709222	0.370913	-0.599523	10.6068685651	Atom	
-1482.98	4151.69	-4356.07	-0.746842	0.360796	-0.558618	10.5717154189	Atom	
-1485.66	4152.98	-4358.07	-0.734924	0.266321	-0.623666	10.5545917309	Atom	
-1497.61	4157.32	-4368.22	-0.722693	0.361402	-0.589155	10.4767295119	Atom	
-1509.96	4163.49	-4378.29	-0.700682	0.175077	-0.691659	10.3945010572	Atom	
-1521.8	4166.45	-4389.97	-0.721545	0.197897	-0.663483	10.3127674467	Atom	
-1524.64	4167.23	-4392.58	-0.690583	0.175178	-0.701718	10.2935788383	Atom	
-1525.02	4167.33	-4392.97	-0.757104	-0.187862	-0.625701	10.2908843261	Atom	
-1534.69	4164.93	-4400.96	-0.753706	-0.187131	-0.630007	10.2286189993	Atom	
-1552.14	4160.59	-4415.55	-0.750493	-0.163127	-0.640429	10.1152044126	Atom	
-1575.19	4155.58	-4435.22	-0.709463	-0.129424	-0.692756	9.96344887354	Atom	
-1579.96	4154.71	-4439.88	-0.601023	-0.155503	-0.783958	9.92983558706	Atom	
-1580.09	4154.68	-4440.04	-0.623792	-0.119045	-0.772471	9.92881411984	Atom	
-1586.94	4153.37	-4448.52	-0.639579	-0.103475	-0.76173	9.87381156794	Atom	
-1593.24	4152.35	-4456.03	-0.630985	-0.123491	-0.765903	9.82422087111	Atom	
-1594.66	4152.08	-4457.76	-0.646031	-0.117567	-0.754203	9.8128506111	Atom	
-1595.48	4151.93	-4458.71	-0.542764	-0.2048	-0.814533	9.80646936848	Atom	
-1596.61	4151.5	-4460.4	-0.667417	-0.203445	-0.716355	9.79599122203	Atom	
-1597.53	4151.22	-4461.39	-0.630105	-0.203562	-0.749353	9.78901862534	Atom	
-1598.72	4150.83	-4462.81	-0.624547	-0.22393	-0.748195	9.77938571426	Atom	
-1602.81	4149.37	-4467.7	-0.643497	-0.173885	-0.745436	9.74626775324	Atom	
-1614.41	4146.23	-4481.15	-0.646618	-0.167185	-0.744267	9.65467048346	Atom	
-1619.74	4144.86	-4487.28	-0.630253	-0.22558	-0.742897	9.61255666962	Atom	
-1621.31	4144.29	-4489.13	-0.627461	-0.217104	-0.747769	9.59974222098	Atom	
-1633.23	4140.17	-4503.34	-0.380827	-0.253445	-0.889234	9.50217563833	Atom	
-1654.28	4126.16	-4552.48	-0.39864	-0.21686	-0.891099	9.21614489556	Atom	
-1654.58	4126	-4553.15	-0.329039	-0.229372	-0.916036	9.21219073156	Atom	
-1656.21	4124.86	-4557.69	0.414477	-0.0535569	-0.908482	9.18593363239	Atom	
-1655.84	4124.82	-4558.51	0.422485	-0.0512598	-0.904919	9.18118319423	Atom	
-1646.13	4123.64	-4579.3	0.341212	0.0151639	-0.939864	9.05919993438	Atom	
-1643.55	4123.75	-4586.4	0.299084	-0.0604609	-0.952309	9.01867207178	Atom	
-1643.26	4123.69	-4587.32	0.330945	-0.0636685	-0.9415	9.01348692862	Atom	
-1642.13	4123.48	-4590.55	0.403797	-0.171051	-0.898715	8.99501632052	Atom	
-1641.42	4123.18	-4592.12	0.345847	-0.323485	-0.880765	8.98561021192	Atom	
-1637.8	4119.79	-4601.35	0.34455	-0.247967	-0.905427	8.92909628496	Atom	
-1637.43	4119.52	-4602.31	0.31028	-0.251469	-0.916782	8.92335139476	Atom	
-1635.8	4118.2	-4607.14	0.310424	-0.24818	-0.917629	8.89477847675	Atom	
-1633.39	4116.27	-4614.26	0.343458	-0.232409	-0.909958	8.85257530286	Atom	
-1633.26	4116.19	-4614.59	0.194674	-0.303877	-0.93261	8.85060946789	Atom	
-1632.69	4115.3	-4617.33	0.177024	-0.121785	-0.976643	8.83462557182	Atom	
-1632.48	4115.15	-4618.48	0.185721	-0.127958	-0.974235	8.82816717459	Atom	
-1632.24	4114.99	-4619.75	0.220184	-0.135646	-0.965981	8.82104598935	Atom	
-1631.87	4114.76	-4621.4	0.27694	-0.0991142	-0.955762	8.81170318807	Atom	
-1631.74	4114.71	-4621.83	0.256697	-0.0715096	-0.963843	8.80924623391	Atom	
-1631.59	4114.67	-4622.41	0.272938	-0.0334432	-0.96145	8.80592964901	Atom	
-1631.32	4114.63	-4623.36	0.29101	-0.0352787	-0.956069	8.80054105454	Atom	
-1630.45	4114.53	-4626.22	0.306073	-0.03077	-0.951511	8.78418023565	Atom	
-1630.03	4114.49	-4627.52	0.33123	-0.0455561	-0.94245	8.77666417575	Atom	
-1629.4	4114.4	-4629.31	0.224997	-0.00573385	-0.974343	8.76624552166	Atom	
-1627.06	4114.34	-4639.45	0.393767	-0.0667029	-0.916787	8.70905640475	Atom	
-1626.99	4114.33	-4639.6	-0.820712	-0.537723	0.193095	8.70813897824	Atom	
-1628.67	4113.23	-4639.21	-0.845113	-0.49394	0.204469	8.69684926974	Atom	
-1628.8	4113.16	-4639.18	-0.850543	-0.481381	0.211775	8.69601528383	Atom	
-1636.62	4108.73	-4637.23	-0.900446	-0.405351	0.157757	8.64516367197	Atom	
-1676.62	4090.72	-4630.22	-0.922697	-0.372817	0.0981747	8.39866855967	Atom	
-1680.36	4089.21	-4629.82	-0.892245	-0.443433	0.0852414	8.37565486956	Atom	
-1684.4	4087.2	-4629.44	-0.892734	-0.449983	0.023284	8.34992697997	Atom	
-1694.08	4082.32	-4629.19	-0.807599	-0.529806	-0.259018	8.28821057576	Atom	
-1694.1	4082.31	-4629.19	-0.789252	-0.581968	-0.195945	8.288096383	Atom	
-1703.4	4075.45	-4631.5	-0.731237	-0.631447	-0.258006	8.22058264956	Atom	
-1704.26	4074.71	-4631.8	-0.676793	-0.714742	-0.176337	8.21381916716	Atom	
-1711.54	4067.02	-4633.7	-0.64506	-0.743414	-0.176727	8.15184513711	Atom	
-1711.63	4066.92	-4633.73	-0.615184	-0.750937	-0.240088	8.15105493164	Atom	
-1714.83	4063.02	-4634.97	-0.665504	-0.683201	-0.300568	8.12092377252	Atom	
-1719.34	4058.38	-4637.01	-0.724104	-0.643513	-0.248123	8.08148139777	Atom	
-1720.94	4056.96	-4637.56	-0.775829	-0.60932	-0.163765	8.06863809695	Atom	
-1735.47	4045.55	-4640.63	-0.727337	-0.653954	-0.208146	7.95926008205	Atom	
-1744.88	4037.09	-4643.32	-0.686209	-0.695034	-0.214584	7.88298355787	Atom	
-1750.4	4031.5	-4645.05	-0.713863	-0.680463	-0.165437	7.83522587589	Atom	
-1751.42	4030.52	-4645.28	-0.709478	-0.697161	-0.102995	7.82664196219	Atom	
-1754.01	4027.98	-4645.66	-0.71498	-0.695753	-0.0687888	7.80490805554	Atom	
-1755.65	4026.39	-4645.82	-0.790347	-0.611112	-0.0435201	7.79118493832	Atom	
-1756.63	4025.63	-4645.87	-0.768397	-0.638244	-0.047009	7.78375597189	Atom	
-1767.77	4016.37	-4646.55	-0.792293	-0.607995	-0.051121	7.69679564408	Atom	
-1769.8	4014.81	-4646.68	-0.782095	-0.623017	0.013329	7.68132373658	Atom	
-1778.5	4007.88	-4646.54	-0.7536	-0.656907	-0.0236769	7.61398717861	Atom	
-1783.7	4003.35	-4646.7	-0.730401	-0.666765	-0.14812	7.57199009585	Atom	
-1786.41	4000.88	-4647.25	-0.0812342	-0.87972	-0.468502	7.54926113363	Atom	
-1787.07	3993.81	-4651.01	-0.0830174	-0.906075	-0.414894	7.50005353365	Atom	
-1787.27	3991.58	-4652.03	-0.182267	-0.853248	-0.488617	7.48490147108	Atom	
-1787.69	3989.62	-4653.15	-0.0921428	-0.844721	-0.527215	7.47072659166	Atom	
-1788.02	3986.56	-4655.06	-0.0873484	-0.834211	-0.544483	7.44834915245	Atom	
-1788.85	3978.69	-4660.2	-0.0997735	-0.844307	-0.52649	7.38996312857	Atom	
-1789.23	3975.43	-4662.23	-0.126758	-0.887848	-0.442333	7.36589746944	Atom	
-1789.97	3970.3	-4664.79	-0.145775	-0.893183	-0.425411	7.32984875996	Atom	
-1791.94	3958.18	-4670.56	-0.16263	-0.905632	-0.39164	7.24486368448	Atom	
-1792.28	3956.3	-4671.38	0.109371	-0.827407	-0.550849	7.23177322377	Atom	
-1791.16	3947.79	-4677.04	0.111845	-0.828473	-0.548748	7.16670530867	Atom	
-1790.98	3946.46	-4677.93	0.0717731	-0.831657	-0.550632	7.1564596961	Atom	
-1790.28	3938.37	-4683.28	0.190409	-0.78919	-0.583887	7.09449636342	Atom	
-1787.1	3925.21	-4693.02	0.199919	-0.770793	-0.604905	6.98759333045	Atom	
-1786	3920.96	-4696.35	0.0724324	-0.740838	-0.667766	6.9518380768	Atom	
-1785.74	3918.34	-4698.71	0.0437447	-0.748132	-0.662106	6.92881123865	Atom	
-1785.58	3915.55	-4701.18	-0.284417	-0.637647	-0.7159	6.90452136839	Atom	
-1785.85	3914.96	-4701.85	-0.33474	-0.66462	-0.668004	6.89842421188	Atom	
-1791.88	3902.98	-4713.89	-0.307443	-0.686892	-0.658527	6.78047601001	Atom	
-1792.5	3901.59	-4715.22	0.288808	-0.0366039	-0.956687	6.76706205748	Atom	
-1791.92	3901.51	-4717.14	0.326009	-0.0267368	-0.944989	6.75372423134	Atom	
-1786.43	3901.06	-4733.07	0.320837	0.0351064	-0.946484	6.64174060156	Atom	
-1785.48	3901.17	-4735.86	0.358766	-0.0199047	-0.933215	6.62195137956	Atom	
-1784.06	3901.09	-4739.55	0.395851	-0.127928	-0.90936	6.5952856205	Atom	
-1778.09	3899.16	-4753.27	0.359773	-0.129868	-0.923957	6.49329979097	Atom	
-1777.11	3898.8	-4755.79	0.32693	-0.1038	-0.939331	6.47467181267	Atom	
-1776.74	3898.69	-4756.85	0.411866	-0.200584	-0.888894	6.46689644746	Atom	
-1776.57	3898.6	-4757.22	0.453995	-0.164818	-0.875628	6.46405267592	Atom	
-1776.3	3898.5	-4757.75	0.479784	-0.138184	-0.866437	6.45994206941	Atom	
-1775.28	3898.21	-4759.58	0.463468	-0.130733	-0.876417	6.44547525803	Atom	
-1770.58	3896.89	-4768.47	0.501121	-0.122695	-0.856635	6.37577576289	Atom	
-1770.34	3896.83	-4768.88	0.678007	-0.350571	-0.64607	6.37242722093	Atom	
-1766.4	3894.79	-4772.64	0.698616	-0.693366	0.176574	6.33212177906	Atom	
-1764.9	3893.3	-4772.26	0.699372	-0.70763	0.10069	6.31717660802	Atom	
-1764.1	3892.49	-4772.14	0.49883	-0.642906	-0.581241	6.3092258808	Atom	
-1761.7	3889.4	-4774.94	0.18129	-0.787684	-0.588802	6.27565354623	Atom	
-1760.09	3882.41	-4780.16	0.228297	-0.812866	-0.535844	6.21350828063	Atom	
-1758.86	3878.02	-4783.06	0.103285	-0.79635	-0.595952	6.17541006462	Atom	
-1758.22	3873.14	-4786.71	-0.130861	-0.674165	-0.726895	6.13195491819	Atom	
-1758.39	3872.28	-4787.64	-0.172683	-0.687886	-0.704978	6.12286927287	Atom	
-1759.42	3868.18	-4791.84	-0.155815	-0.695815	-0.701115	6.08046160068	Atom	
-1760.28	3864.35	-4795.7	-0.137951	-0.713508	-0.686932	6.04100732611	Atom	
-1760.3	3864.23	-4795.81	-0.046295	-0.735458	-0.675987	6.03982745074	Atom	
-1760.48	3861.28	-4798.52	-0.0567083	-0.740665	-0.669477	6.01095265027	Atom	
-1760.5	3861.14	-4798.65	-0.0184735	-0.730013	-0.683183	6.00951448071	Atom	
-1760.51	3860.42	-4799.33	0.0489633	-0.672334	-0.738627	6.00239013085	Atom	
-1760.42	3859.18	-4800.69	0.673076	-0.0776964	-0.735481	5.98904478729	Atom	
-1753.55	3858.38	-4808.21	0.631272	-0.041147	-0.77447	5.91504312506	Atom	
-1744.1	3857.77	-4819.79	0.646101	-0.0731597	-0.759738	5.80577729885	Atom	
-1742.97	3857.64	-4821.12	0.648243	-0.24422	-0.721206	5.79276533481	Atom	
-1742.56	3857.48	-4821.58	0.494059	-0.115418	-0.861733	5.7881117806	Atom	
-1735.74	3855.89	-4833.47	0.482621	-0.0985055	-0.870272	5.68569555025	Atom	
-1734.27	3855.59	-4836.13	0.667541	-0.388861	-0.634961	5.66272185885	Atom	
-1730.68	3853.5	-4839.54	0.557936	0.0227849	-0.829571	5.6222357253	Atom	
-1728.62	3853.59	-4842.61	0.294488	-0.365067	-0.883177	5.59423023228	Atom	
-1721.91	3845.27	-4862.72	0.307003	-0.317118	-0.897321	5.42117433821	Atom	
-1718.01	3841.24	-4874.13	0.304737	-0.341726	-0.889021	5.32237606193	Atom	
-1715.64	3838.59	-4881.04	0.357106	-0.302433	-0.883747	5.26115443301	Atom	
-1712.61	3836.02	-4888.54	0.378832	-0.377098	-0.845153	5.19382338457	Atom	
-1712.59	3836	-4888.59	0.361164	-0.322538	-0.874946	5.19334664447	Atom	
-1712.44	3835.87	-4888.94	0.322385	-0.145268	-0.935396	5.19007401562	Atom	
-1711.29	3835.35	-4892.29	0.226536	-0.15818	-0.961073	5.16141952936	Atom	
-1709.7	3834.24	-4899.01	0.245805	-0.153411	-0.957102	5.10518272415	Atom	
-1706	3831.93	-4913.43	0.195862	-0.127897	-0.972255	4.98302417044	Atom	
-1705.69	3831.73	-4914.95	0.130543	-0.252683	-0.958702	4.97015395795	Atom	
-1705.62	3831.59	-4915.48	0.0968377	-0.261082	-0.960447	4.96560091497	Atom	
-1704.91	3829.67	-4922.55	0.00968015	-0.110884	-0.993786	4.90474431145	Atom	
-1704.78	3828.21	-4935.63	-0.00295396	-0.0731642	-0.997316	4.79498213099	Atom	
-1704.81	3827.55	-4944.54	-0.0533219	-0.0939226	-0.994151	4.7193123635	Atom	
-1705.46	3826.41	-4956.63	-0.0949176	-0.0540068	-0.994019	4.61521209582	Atom	
-1705.59	3826.34	-4957.99	-0.138125	-0.0237018	-0.990131	4.60329368095	Atom	
-1707.75	3825.97	-4973.46	-0.115854	-0.0407183	-0.992431	4.46714822109	Atom	
-1707.9	3825.91	-4974.78	-0.0996399	-0.0973144	-0.990253	4.45535079994	Atom	
-1708.34	3825.48	-4979.14	-0.114804	-0.11741	-0.986425	4.41607323929	Atom	
-1708.56	3825.26	-4981.01	-0.0216653	0.00524683	-0.999752	4.39908402157	Atom	
-1708.66	3825.29	-4986.04	0.0120385	-0.288161	-0.957506	4.3538624394	Atom	
-1708.58	3823.32	-4992.58	-0.0141327	-0.332585	-0.942967	4.2920780406	Atom	
-1708.6	3822.83	-4993.97	-0.022393	-0.28678	-0.957735	4.27855471888	Atom	
-1708.66	3822.1	-4996.42	-0.0471487	-0.264891	-0.963125	4.25510322639	Atom	
-1708.84	3821.11	-5000	-0.0471487	-0.264891	-0.963125	4.22093519761	Region	
"-----------------------------------------------------------------"
"Trajectory"	194

"NbCollisions"	110
"Zmax"	0
"Display"	256

"Collisions"

"X"	"Y"	"Z"	"Rx"	"Ry"	"Rz"	"Energy"	"CollisionType"	
0.0508463	0.0472564	-5000	2.3923e-006	4.04979e-006	1	30	Region	
0.0508565	0.0472736	-4995.76	0.00535414	0.0514924	0.998659	29.9909713359	Atom	
0.177515	1.26539	-4972.13	-0.0105897	0.0542272	0.998472	29.9405927542	Atom	
-0.0678332	2.52176	-4949	0.0490386	-0.00151905	0.998796	29.891186233	Atom	
0.840892	2.49361	-4930.49	0.0318897	0.0215783	0.999258	29.8516177201	Atom	
2.09969	3.34538	-4891.05	-0.353181	0.804779	0.477068	29.7672413835	Atom	
-9.89108	30.6683	-4874.85	-0.384375	0.834651	0.39448	29.6945060296	Atom	
-15.5688	42.9971	-4869.03	-0.359593	0.813306	0.457413	29.662798678	Atom	
-17.8225	48.0945	-4866.16	-0.255511	0.849583	0.461436	29.6493334676	Atom	
-22.1062	62.3378	-4858.42	-0.259723	0.870295	0.418487	29.6133025334	Atom	
-27.2809	79.6776	-4850.08	-0.276476	0.864475	0.419815	29.570440677	Atom	
-30.525	89.8209	-4845.16	-0.281841	0.859687	0.426032	29.5451696954	Atom	
-45.9669	136.923	-4821.82	-0.28316	0.901338	0.327735	29.4270866847	Atom	
-49.6301	148.583	-4817.58	-0.276801	0.910554	0.307038	29.3991154567	Atom	
-51.9993	156.377	-4814.95	-0.330477	0.884541	0.329199	29.3805957376	Atom	
-58.1467	172.831	-4808.82	-0.335717	0.888792	0.311997	29.3403256127	Atom	
-59.8661	177.383	-4807.23	-0.308614	0.90092	0.305124	29.3292260354	Atom	
-59.904	177.493	-4807.19	-0.29983	0.88789	0.348932	29.328959864	Atom	
-75.0027	222.205	-4789.62	-0.410259	0.856153	0.314148	29.2197908296	Atom	
-89.8648	253.22	-4778.24	-0.435847	0.850618	0.294085	29.1410230492	Atom	
-92.1317	257.645	-4776.71	-0.377861	0.860125	0.342645	29.1296893549	Atom	
-99.7571	275.002	-4769.79	-0.405093	0.876707	0.259393	29.0857025615	Atom	
-113.98	305.784	-4760.69	-0.370651	0.898144	0.236551	29.0090801623	Atom	
-114.024	305.89	-4760.66	-0.472745	0.850251	0.231484	29.0088217395	Atom	
-125.371	326.298	-4755.1	-0.467469	0.853845	0.228957	28.956329867	Atom	
-144.616	361.45	-4745.68	-0.4667	0.858358	0.213102	28.8661639532	Atom	
-146.741	365.358	-4744.71	-0.474838	0.849062	0.231564	28.8561688914	Atom	
-165.964	399.731	-4735.33	-0.5112	0.812728	0.279549	28.7672615109	Atom	
-169.421	405.228	-4733.44	-0.4953	0.811296	0.310606	28.7523717311	Atom	
-183.274	427.918	-4724.75	-0.494816	0.813198	0.306375	28.6907717186	Atom	
-198.158	452.379	-4715.54	-0.486129	0.818016	0.307453	28.6244090007	Atom	
-199.382	454.439	-4714.76	-0.532038	0.799464	0.278915	28.6188435424	Atom	
-202.263	458.768	-4713.25	-0.653355	0.72345	-0.223042	28.6068728825	Atom	
-239.133	499.593	-4725.84	-0.668224	0.71538	-0.204226	28.4820798744	Atom	
-257.447	519.2	-4731.44	-0.8009	0.580571	-0.146615	28.4212602419	Atom	
-283.077	537.779	-4736.13	-0.702327	0.689695	-0.17623	28.3501262907	Atom	
-287.937	542.551	-4737.35	-0.683194	0.70403	-0.193872	28.3347133417	Atom	
-290.466	545.157	-4738.07	-0.703979	0.661786	-0.257785	28.3264658865	Atom	
-313.883	567.171	-4746.64	-0.713321	0.633612	-0.299514	28.2523249832	Atom	
-316.715	569.687	-4747.83	-0.720877	0.627792	-0.293622	28.2434580578	Atom	
-361.823	608.971	-4766.2	-0.740603	0.595372	-0.311512	28.1036657002	Atom	
-369.344	615.016	-4769.37	-0.727148	0.644303	-0.236918	28.0808909328	Atom	
-381.656	625.925	-4773.38	-0.741932	0.639774	-0.200564	28.0428912584	Atom	
-421.675	660.435	-4784.2	-0.771658	0.607573	-0.188145	27.9217024837	Atom	
-422.524	661.103	-4784.4	-0.763344	0.621087	-0.177643	27.919222411	Atom	
-425.421	663.46	-4785.08	-0.770332	0.611555	-0.180528	27.9106654348	Atom	
-426.432	664.263	-4785.31	-0.716432	0.696621	-0.0380197	27.9077066313	Atom	
-441.128	678.552	-4786.09	-0.715985	0.69775	-0.0226035	27.8614414382	Atom	
-445.805	683.11	-4786.24	-0.684375	0.728684	-0.0255072	27.8466889213	Atom	
-454.837	692.727	-4786.58	-0.696807	0.716313	-0.03681	27.816872526	Atom	
-466.161	704.368	-4787.18	-0.692811	0.717883	-0.068238	27.780124507	Atom	
-489.043	728.078	-4789.43	-0.686111	0.724601	-0.064848	27.7053620306	Atom	
-524.526	765.552	-4792.78	-0.671604	0.735607	-0.0884938	27.5880442244	Atom	
-530.71	772.325	-4793.6	-0.620584	0.774003	-0.125679	27.5670863719	Atom	
-533.591	775.917	-4794.18	-0.645898	0.76047	-0.06709	27.556516064	Atom	
-556.681	803.104	-4796.58	-0.654141	0.752283	-0.0785417	27.4750711148	Atom	
-561.193	808.292	-4797.12	-0.664611	0.741701	-0.0903982	27.4593204556	Atom	
-566.203	813.884	-4797.8	-0.687363	0.723368	-0.0653482	27.4420980074	Atom	
-567.064	814.789	-4797.89	-0.581313	0.790505	-0.192812	27.4392359164	Atom	
-569.29	817.817	-4798.62	-0.546741	0.81445	-0.194283	27.4304797794	Atom	
-574.543	825.641	-4800.49	-0.575209	0.7934	-0.199128	27.4085138907	Atom	
-584.23	839.003	-4803.84	-0.563819	0.804023	-0.188826	27.3699825082	Atom	
-604.256	867.561	-4810.55	-0.549003	0.793958	-0.261203	27.2886244131	Atom	
-611.005	877.321	-4813.76	-0.545842	0.800904	-0.246189	27.2603999032	Atom	
-613.626	881.168	-4814.94	-0.515252	0.817613	-0.256951	27.2493630369	Atom	
-617.383	887.129	-4816.82	-0.552165	0.793184	-0.256852	27.2326034664	Atom	
-636.318	914.329	-4825.63	-0.563058	0.785426	-0.257043	27.1537419432	Atom	
-640.267	919.837	-4827.43	-0.487338	0.464967	-0.739127	27.1375765898	Atom	
-658.958	937.671	-4855.78	-0.506442	0.462749	-0.727585	27.0491259731	Atom	
-669.214	947.041	-4870.51	-0.555951	0.444367	-0.702464	27.0023049569	Atom	
-672.176	949.409	-4874.25	-0.557077	0.449594	-0.698233	26.9899701786	Atom	
-677.928	954.051	-4881.46	-0.552203	0.45497	-0.698623	26.9660530621	Atom	
-697.71	970.35	-4906.49	-0.608534	0.345307	-0.714458	26.8830224619	Atom	
-706.05	975.082	-4916.28	-0.597816	0.349604	-0.721382	26.8511790318	Atom	
-708.015	976.231	-4918.65	-0.564662	0.315125	-0.762793	26.8435363201	Atom	
-712.186	978.559	-4924.29	-0.553741	0.326717	-0.765916	26.8263522115	Atom	
-716.707	981.227	-4930.54	-0.442354	0.475386	-0.760481	26.8073512855	Atom	
-736.819	1002.84	-4965.12	-0.460982	0.466372	-0.754978	26.7014781955	Atom	
-738.689	1004.73	-4968.18	-0.450416	0.470377	-0.758862	26.691998919	Atom	
-751.239	1017.84	-4989.33	-0.408556	0.62682	-0.66346	26.6268911014	Atom	
-752.989	1020.52	-4992.17	-0.503701	0.667158	-0.548804	26.6168676497	Atom	
-758.609	1027.97	-4998.29	-0.539507	0.66997	-0.509973	26.5907351496	Atom	
-760.418	1030.21	-5000	-0.539507	0.66997	-0.509973	26.5828756733	Region	
"-----------------------------------------------------------------"
"Trajectory"	195

"NbCollisions"	246
"Zmax"	0
"Display"	256

"Collisions"

"X"	"Y"	"Z"	"Rx"	"Ry"	"Rz"	"Energy"	"CollisionType"	
-0.104116	0.25781	-5000	-1.11661e-006	-1.35859e-006	1	30	Region	
-0.104118	0.257809	-4999	-0.0504132	0.0301769	0.998272	29.9978631351	Atom	
-0.906024	0.737823	-4983.12	-0.0244817	0.0225908	0.999445	29.9639943459	Atom	
-0.959021	0.786727	-4980.95	-0.0929522	-0.0216208	0.995436	29.9593809133	Atom	
-1.04796	0.766039	-4980	0.613259	-0.199814	0.764191	29.9573414312	Atom	
24.0473	-7.41059	-4948.73	0.627034	-0.180162	0.757872	29.870116936	Atom	
35.3956	-10.6712	-4935.01	0.619449	-0.205457	0.757675	29.8314498831	Atom	
48.3592	-14.971	-4919.16	0.463046	-0.306149	0.831782	29.7866917112	Atom	
54.6172	-19.1086	-4907.92	0.473902	-0.250847	0.844093	29.7577524213	Atom	
67.4202	-25.8854	-4885.11	0.48161	-0.238032	0.843441	29.6998591053	Atom	
85.3843	-34.7641	-4853.65	0.469337	-0.219309	0.855352	29.6198028973	Atom	
86.1138	-35.105	-4852.32	0.474003	-0.228426	0.850378	29.6164596211	Atom	
94.2946	-39.0473	-4837.64	0.459104	-0.0387568	0.887536	29.5793345031	Atom	
100.256	-39.5506	-4826.12	0.425328	-0.114708	0.897741	29.5513761513	Atom	
101	-39.7513	-4824.55	0.463806	-0.217092	0.858927	29.5476054579	Atom	
101.631	-40.0467	-4823.38	0.483291	-0.235434	0.843209	29.5446727419	Atom	
113.461	-45.8095	-4802.74	0.455886	-0.199554	0.867379	29.4919178672	Atom	
115.402	-46.6591	-4799.05	0.696014	-0.153708	0.701383	29.4827286754	Atom	
135.178	-51.0265	-4779.12	0.76884	0.0299017	0.638742	29.4213876195	Atom	
145.301	-50.6328	-4770.71	0.774282	0.0351423	0.631865	29.3929148805	Atom	
153.327	-50.2685	-4764.16	0.803004	0.0577969	0.593165	29.3704835949	Atom	
160.737	-49.7351	-4758.69	0.804853	0.0536425	0.591045	29.3504992529	Atom	
207.453	-46.6216	-4724.38	0.728439	0.165565	0.664805	29.2247410364	Atom	
224.517	-42.7432	-4708.81	0.727333	0.166538	0.665772	29.1738141209	Atom	
242.359	-38.658	-4692.48	0.722854	0.183588	0.666166	29.1204090875	Atom	
259.301	-34.355	-4676.86	0.715557	0.104221	0.690736	29.0693073434	Atom	
260.991	-34.1089	-4675.23	0.698454	0.0855192	0.710527	29.0641526218	Atom	
264.432	-33.6876	-4671.73	0.669178	0.0798138	0.738804	29.0533935611	Atom	
273.529	-32.6025	-4661.69	0.607106	0.493795	0.622566	29.0236987101	Atom	
283.298	-24.6574	-4651.67	0.586915	0.453039	0.671034	28.9885253105	Atom	
300.104	-11.6842	-4632.45	0.631442	0.387979	0.671381	28.925864871	Atom	
317.419	-1.04562	-4614.04	0.609555	0.397539	0.685861	28.8657603485	Atom	
327.003	5.20469	-4603.26	0.599156	0.393759	0.697112	28.8312402028	Atom	
332.548	8.84918	-4596.81	0.524121	0.372908	0.765661	28.8108992708	Atom	
334.097	9.95112	-4594.55	0.530189	0.365473	0.765068	28.8044014359	Atom	
343.399	16.3632	-4581.12	0.561649	0.370879	0.739594	28.7658152951	Atom	
348.242	19.5613	-4574.75	0.558677	0.370957	0.741802	28.7468301531	Atom	
359.02	26.7175	-4560.44	0.562261	0.337213	0.755083	28.7043351478	Atom	
367.528	31.8206	-4549.01	0.558983	0.328599	0.761289	28.6709603533	Atom	
402.371	52.3028	-4501.56	0.5009	0.347579	0.792646	28.5333647774	Atom	
405.567	54.5205	-4496.5	0.482819	0.355201	0.800449	28.5192261074	Atom	
411.016	58.5294	-4487.46	0.441354	0.343451	0.829004	28.4942068535	Atom	
414.116	60.9418	-4481.64	0.434541	0.356551	0.827071	28.4786245428	Atom	
414.136	60.9577	-4481.6	-0.75149	0.498451	0.432214	28.4785255721	Atom	
407.809	65.1543	-4477.97	-0.759418	0.489119	0.429007	28.4598404086	Atom	
402.258	68.7295	-4474.83	-0.792659	0.481466	0.374008	28.4436098532	Atom	
397.991	71.3211	-4472.82	-0.799815	0.42573	0.423143	28.4316520137	Atom	
396.055	72.3517	-4471.79	-0.882314	0.289167	0.371355	28.4262723094	Atom	
387.62	75.1163	-4468.24	-0.841321	0.337013	0.422613	28.4050234934	Atom	
359.904	86.2184	-4454.32	-0.805173	0.36895	0.464297	28.3317622601	Atom	
356.745	87.666	-4452.5	-0.800718	0.366165	0.474103	28.323018554	Atom	
324.21	102.544	-4433.23	-0.831442	0.341051	0.438621	28.2324496674	Atom	
307.788	109.28	-4424.57	-0.845951	0.329254	0.419474	28.1883101274	Atom	
290.097	116.166	-4415.8	-0.842637	0.333763	0.422569	28.1415191232	Atom	
278.818	120.633	-4410.14	-0.871886	0.35164	0.340829	28.1115294923	Atom	
277.13	121.314	-4409.48	-0.785765	0.301713	0.539946	28.1071877283	Atom	
268.011	124.816	-4403.22	-0.835059	0.080681	0.544212	28.0811601243	Atom	
262.649	125.334	-4399.72	-0.820011	0.0702019	0.568026	28.0667493173	Atom	
245.129	126.834	-4387.59	-0.852262	0.104504	0.51257	28.0187792887	Atom	
241.37	127.295	-4385.33	-0.867504	0.0817259	0.490671	28.0088646268	Atom	
238.722	127.544	-4383.83	-0.858152	0.110985	0.501256	28.0019994497	Atom	
235.206	127.999	-4381.77	-0.840549	0.0759632	0.536383	27.9927835803	Atom	
194.728	131.657	-4355.94	-0.857672	0.100395	0.5043	27.8844348998	Atom	
193.105	131.847	-4354.99	-0.907615	0.0665333	0.414497	27.8801632562	Atom	
174.978	133.176	-4346.71	-0.902564	0.139125	0.40746	27.8350835818	Atom	
157.102	135.931	-4338.64	-0.899482	0.153113	0.409253	27.7903197688	Atom	
151.969	136.805	-4336.31	-0.885772	0.131239	0.445178	27.7774078514	Atom	
105.49	143.691	-4312.95	-0.884214	0.139806	0.445667	27.6586195979	Atom	
100.978	144.405	-4310.67	-0.873595	0.147907	0.463633	27.6470271483	Atom	
93.5385	145.664	-4306.72	-0.871465	0.139923	0.470074	27.6276767142	Atom	
47.9374	152.986	-4282.13	-0.874289	0.0223079	0.484892	27.508708874	Atom	
31.5978	153.403	-4273.06	-0.209113	-0.23531	0.949158	27.4660723596	Atom	
18.9466	139.167	-4215.64	-0.22799	-0.242467	0.94299	27.327880414	Atom	
18.8069	139.018	-4215.06	-0.239514	-0.219498	0.945756	27.3264750488	Atom	
13.8056	134.435	-4195.31	-0.156003	-0.248928	0.955875	27.2785858393	Atom	
8.79446	126.439	-4164.61	-0.218551	-0.29039	0.931616	27.204812292	Atom	
3.29913	119.137	-4141.18	-0.380686	-0.403531	0.83201	27.1469399849	Atom	
-9.83045	105.22	-4112.49	-0.383331	-0.368268	0.847016	27.0674250829	Atom	
-16.7057	98.6146	-4097.3	-0.44643	-0.456962	0.769342	27.0259783158	Atom	
-21.0185	94.2	-4089.86	-0.453672	-0.467127	0.758929	27.003626395	Atom	
-38.3523	76.3521	-4060.87	-0.485578	-0.407901	0.773195	26.915167227	Atom	
-49.4362	67.0414	-4043.22	-0.480335	-0.392827	0.784197	26.8621822486	Atom	
-52.0566	64.8983	-4038.94	-0.54621	-0.178741	0.818356	26.8494987594	Atom	
-72.7814	58.1164	-4007.89	-0.55276	-0.437679	0.70915	26.7612526494	Atom	
-81.219	51.4354	-3997.06	-0.607489	-0.29077	0.739196	26.7256580915	Atom	
-85.1951	49.5323	-3992.23	-0.575258	-0.306572	0.758348	26.7103798784	Atom	
-87.8062	48.1408	-3988.78	-0.563369	-0.309114	0.766201	26.6997795967	Atom	
-99.9751	41.4638	-3972.23	-0.57399	-0.24985	0.779814	26.6493189816	Atom	
-111.101	36.6211	-3957.12	-0.578096	-0.210148	0.788443	26.6039708924	Atom	
-113.923	35.5952	-3953.27	-0.57944	-0.18179	0.794482	26.5925344638	Atom	
-125.079	32.095	-3937.97	-0.609159	-0.220494	0.76178	26.5474108961	Atom	
-126.55	31.5626	-3936.13	-0.61203	-0.256121	0.748212	26.5417446396	Atom	
-136.527	27.3873	-3923.94	-0.629843	-0.114802	0.768191	26.5034813943	Atom	
-157.68	23.5318	-3898.14	-0.603957	0.0360971	0.796199	26.4245638643	Atom	
-163.669	23.8897	-3890.24	-0.567048	0.0815801	0.819635	26.401208193	Atom	
-173.809	25.3485	-3875.59	-0.538264	0.0574145	0.840818	26.3590599872	Atom	
-179.007	25.903	-3867.47	-0.547793	0.038538	0.835726	26.3362671344	Atom	
-181.712	26.0933	-3863.34	-0.567502	0.0359944	0.822585	26.3246062539	Atom	
-189.524	26.5888	-3852.02	-0.576892	0.0180645	0.81662	26.2920853228	Atom	
-190.874	26.631	-3850.1	-0.582988	0.0700167	0.809459	26.2865522793	Atom	
-204.025	28.2105	-3831.84	-0.577236	0.0722183	0.813377	26.233196374	Atom	
-207.8	28.6828	-3826.53	-0.65629	0.0395118	0.753473	26.2177051659	Atom	
-231.202	30.0917	-3799.66	-0.547855	0.0139097	0.836458	26.1331883508	Atom	
-237.407	30.2493	-3790.18	-0.556796	0.113781	0.822819	26.1062762438	Atom	
-243.394	31.4726	-3781.34	-0.652085	0.219036	0.725815	26.0807072193	Atom	
-243.662	31.5628	-3781.04	-0.677959	0.183829	0.711744	26.0797270884	Atom	
-252.857	34.0559	-3771.39	-0.679809	0.24059	0.692803	26.0474477552	Atom	
-256.996	35.5208	-3767.17	-0.644598	0.260624	0.718727	26.0329424359	Atom	
-279.597	44.6588	-3741.97	-0.648311	0.173793	0.741276	25.9493731279	Atom	
-299.02	49.8654	-3719.76	-0.572323	0.183394	0.799258	25.8777858436	Atom	
-302.024	50.8283	-3715.56	-0.54821	0.145838	0.823527	25.8652126269	Atom	
-323.28	56.4827	-3683.63	-0.546733	0.151263	0.823531	25.7723260463	Atom	
-329.025	58.0723	-3674.98	-0.724257	0.444647	-0.527012	25.7470782073	Atom	
-354.094	73.4629	-3693.22	-0.441123	0.69112	-0.572507	25.6638544881	Atom	
-361.152	84.5215	-3702.38	-0.473316	0.44549	-0.759941	25.6252827397	Atom	
-376.594	99.0555	-3727.17	-0.494023	0.45628	-0.740101	25.5465442866	Atom	
-379.276	101.532	-3731.19	-0.401609	0.463676	-0.789756	25.5334113984	Atom	
-381.684	104.312	-3735.93	-0.338548	0.573707	-0.745819	25.5189006073	Atom	
-385.367	110.555	-3744.04	-0.37053	0.610331	-0.700146	25.4925537373	Atom	
-386.131	111.813	-3745.49	-0.419043	0.512378	-0.749581	25.4875568992	Atom	
-388.215	114.361	-3749.21	-0.399898	0.523352	-0.752452	25.4755020225	Atom	
-397.347	126.312	-3766.39	-0.202178	0.658412	-0.724995	25.4201370024	Atom	
-397.495	126.793	-3766.93	-0.185837	0.650278	-0.736616	25.4183590128	Atom	
-398.643	130.811	-3771.48	-0.184968	0.649384	-0.737623	25.4033520287	Atom	
-399.765	134.749	-3775.95	-0.22283	0.663148	-0.71455	25.3886151277	Atom	
-406.81	155.717	-3798.54	-0.232401	0.643067	-0.729695	25.3117418302	Atom	
-407.214	156.833	-3799.81	-0.248249	0.643572	-0.724008	25.3075117405	Atom	
-408.386	159.873	-3803.23	-0.265391	0.633686	-0.726642	25.2959975182	Atom	
-410.851	165.759	-3809.98	-0.269581	0.649042	-0.711387	25.2733501865	Atom	
-411.959	168.426	-3812.9	-0.267226	0.653837	-0.707875	25.263323868	Atom	
-413	170.972	-3815.66	-0.289661	0.61623	-0.732364	25.2538187268	Atom	
-430.758	208.752	-3860.56	-0.304507	0.567153	-0.765254	25.1041350872	Atom	
-437.118	220.597	-3876.54	-0.276666	0.556849	-0.783183	25.0529005869	Atom	
-439.257	224.904	-3882.6	-0.258613	0.614979	-0.74493	25.0339004766	Atom	
-443.132	234.117	-3893.76	-0.247463	0.664545	-0.705083	24.9970692825	Atom	
-444.617	238.106	-3897.99	-0.216575	0.661983	-0.717547	24.9822954149	Atom	
-451.527	259.226	-3920.88	-0.211386	0.65337	-0.726928	24.9037281717	Atom	
-454.931	269.747	-3932.59	-0.201956	0.651685	-0.731109	24.8639780313	Atom	
-457.897	279.317	-3943.32	-0.168891	0.647051	-0.743506	24.8276800812	Atom	
-458.246	280.657	-3944.86	-0.151432	0.675459	-0.721681	24.8225554198	Atom	
-461.094	293.361	-3958.44	-0.155295	0.676928	-0.71948	24.7760052467	Atom	
-462.474	299.373	-3964.83	-0.170638	0.662375	-0.729481	24.7539914544	Atom	
-468.637	323.299	-3991.18	-0.202835	0.601516	-0.772681	24.6643918758	Atom	
-475.11	342.493	-4015.83	-0.237376	0.759395	-0.605782	24.5850180304	Atom	
-476.022	345.412	-4018.16	-0.114263	0.740548	-0.662218	24.5754294003	Atom	
-476.713	349.889	-4022.16	-0.0494441	0.714707	-0.697674	24.5603500493	Atom	
-477.997	368.455	-4040.29	0.127588	0.935807	-0.328613	24.4955135913	Atom	
-475.397	387.525	-4046.98	0.154893	0.911262	-0.381588	24.4445443141	Atom	
-471.466	410.653	-4056.67	0.150024	0.910383	-0.38561	24.3809610289	Atom	
-464.691	451.768	-4074.08	0.145798	0.914375	-0.377705	24.2675856541	Atom	
-461.07	474.478	-4083.47	0.133449	0.926649	-0.351445	24.2050069168	Atom	
-458.523	492.159	-4090.17	0.0180835	0.906588	-0.421629	24.1568330664	Atom	
-458.484	494.117	-4091.08	0.0531245	0.913183	-0.404073	24.1513700299	Atom	
-457.08	518.261	-4101.77	0.0830815	0.920597	-0.381573	24.0844991202	Atom	
-455.181	539.301	-4110.49	0.0919987	0.913868	-0.395452	24.0265689358	Atom	
-452.395	566.979	-4122.46	-0.050911	0.921597	-0.384795	23.9496520048	Atom	
-453.432	585.753	-4130.3	-0.57329	0.451891	-0.683472	23.8977867824	Atom	
-470.705	599.369	-4150.9	-0.636961	0.398541	-0.659883	23.820942742	Atom	
-478.209	604.064	-4158.67	-0.474333	0.431452	-0.76737	23.7908193205	Atom	
-478.292	604.139	-4158.8	-0.526765	0.399643	-0.750203	23.7903737902	Atom	
-493.596	615.75	-4180.6	-0.516872	0.393695	-0.760163	23.7160117585	Atom	
-518.748	634.908	-4217.59	-0.52967	0.360815	-0.767634	23.5911545192	Atom	
-528.342	641.443	-4231.49	-0.485842	0.380056	-0.787093	23.5444880991	Atom	
-529.966	642.714	-4234.12	-0.447241	0.346666	-0.824498	23.5358620871	Atom	
-530.065	642.791	-4234.31	-0.379149	0.374235	-0.846283	23.5352877558	Atom	
-540.524	653.114	-4257.65	-0.365299	0.382469	-0.848689	23.4640805974	Atom	
-544.341	657.111	-4266.52	-0.43952	0.446308	-0.779507	23.4370440397	Atom	
-552.703	665.601	-4281.35	-0.429074	0.491221	-0.758022	23.3877736709	Atom	
-558.881	672.675	-4292.27	-0.399112	0.519086	-0.755817	23.3504189266	Atom	
-565.722	681.572	-4305.22	-0.357384	0.566164	-0.742789	23.3059003888	Atom	
-566.277	682.451	-4306.37	-0.358435	0.578791	-0.732479	23.3018612809	Atom	
-566.279	682.455	-4306.38	-0.355037	0.592722	-0.722931	23.3018435359	Atom	
-566.317	682.517	-4306.45	0.00207976	-0.640933	-0.767594	23.301569975	Atom	
-566.314	681.758	-4307.36	0.121694	-0.606616	-0.785625	23.2984890792	Atom	
-561.706	658.788	-4337.11	0.189167	-0.51625	-0.835286	23.1999625782	Atom	
-557.703	647.864	-4354.79	0.205971	-0.50206	-0.839947	23.1447205138	Atom	
-556.184	644.16	-4360.98	0.223781	-0.507307	-0.832203	23.1254236533	Atom	
-556.102	643.976	-4361.29	0.26307	-0.554347	-0.789616	23.1244722405	Atom	
-552.8	637.017	-4371.2	0.251419	-0.540121	-0.803155	23.0916146155	Atom	
-549.173	629.226	-4382.78	0.254054	-0.583162	-0.771608	23.0538171218	Atom	
-549.021	628.875	-4383.25	0.251329	-0.583876	-0.77196	23.0522389428	Atom	
-548.113	626.767	-4386.03	0.0561069	-0.608245	-0.791764	23.04276425	Atom	
-545.914	602.922	-4417.07	0.0307183	-0.638242	-0.769223	22.939868373	Atom	
-545.223	588.568	-4434.37	0.0314431	-0.635224	-0.771687	22.8806303796	Atom	
-544.97	583.457	-4440.58	0.041696	-0.640674	-0.76668	22.8593952544	Atom	
-544.837	581.419	-4443.02	-0.0905689	-0.639878	-0.763121	22.850992178	Atom	
-545.06	579.843	-4444.9	-0.139453	-0.637708	-0.757549	22.8444846019	Atom	
-545.163	579.371	-4445.46	-0.158292	-0.626102	-0.763505	22.8425316377	Atom	
-550.348	558.862	-4470.47	0.0240123	-0.717067	-0.696591	22.7559583557	Atom	
-549.344	528.864	-4499.61	0.0261213	-0.706306	-0.707424	22.645069659	Atom	
-549.303	527.75	-4500.73	0.0378082	-0.679454	-0.732743	22.6408726256	Atom	
-549.088	523.887	-4504.89	0.0476233	-0.698936	-0.713597	22.6257398551	Atom	
-548.942	521.743	-4507.08	-0.159887	-0.641279	-0.750465	22.6175712016	Atom	
-549.589	519.145	-4510.12	-0.249797	-0.639728	-0.726877	22.6067820426	Atom	
-550.395	517.081	-4512.47	-0.214286	-0.643695	-0.734669	22.5981855964	Atom	
-560.637	486.316	-4547.58	-0.200767	-0.638076	-0.743338	22.4708011807	Atom	
-562.021	481.918	-4552.71	-0.177835	-0.593314	-0.785081	22.4523449266	Atom	
-562.504	480.305	-4554.84	-0.160589	-0.581496	-0.797542	22.4450633268	Atom	
-563.603	476.327	-4560.3	-0.176277	-0.561618	-0.808401	22.4267349665	Atom	
-565.965	468.801	-4571.13	-0.131077	-0.568858	-0.811923	22.3908029675	Atom	
-566.171	467.906	-4572.41	-0.210401	-0.526838	-0.823513	22.3865774089	Atom	
-566.19	467.86	-4572.48	-0.156609	-0.539112	-0.827546	22.3863433914	Atom	
-568.07	461.389	-4582.41	-0.113998	-0.460975	-0.880061	22.3541121952	Atom	
-568.882	458.104	-4588.68	-0.0826248	-0.477813	-0.874567	22.3349586149	Atom	
-572.031	439.895	-4622.01	-0.069992	-0.498025	-0.864333	22.2324450644	Atom	
-573.175	431.751	-4636.15	-0.0610567	-0.470241	-0.880423	22.1883015462	Atom	
-574.127	424.417	-4649.88	0.0896802	0.0373691	-0.995269	22.1461291034	Atom	
-573.451	424.699	-4657.38	0.0852039	0.0179732	-0.996201	22.1257210165	Atom	
-568.555	425.732	-4714.63	0.0946464	0.00705087	-0.995486	21.9699871575	Atom	
-566.368	425.895	-4737.63	0.0824112	0.00259231	-0.996595	21.9070259235	Atom	
-564.767	425.945	-4756.99	0.0856484	0.00817856	-0.996292	21.8539542822	Atom	
-561.661	426.242	-4793.12	0.0858508	0.0318077	-0.9958	21.7547383545	Atom	
-560.125	426.811	-4810.94	0.0459578	0.036916	-0.998261	21.7055800248	Atom	
-558.709	427.948	-4841.69	0.0515755	0.0546567	-0.997172	21.6208551092	Atom	
-558.526	428.142	-4845.22	0.242402	-0.0157596	-0.970048	21.6110719464	Atom	
-556.239	427.993	-4854.38	0.150617	0.0141566	-0.988491	21.585019335	Atom	
-554.803	428.128	-4863.8	0.136596	0.0934185	-0.986212	21.5586801523	Atom	
-554.092	428.614	-4868.93	0.12988	0.0589793	-0.989774	21.5442908698	Atom	
-553.815	428.74	-4871.04	0.119281	0.0369819	-0.992172	21.53839239	Atom	
-548.75	430.31	-4913.18	0.145276	0.040668	-0.988555	21.4208450447	Atom	
-545.972	431.088	-4932.07	0.185097	0.0506172	-0.981416	21.3677046424	Atom	
-545.524	431.21	-4934.45	0.178055	0.0648696	-0.98188	21.3609567099	Atom	
-538.895	433.625	-4971.01	0.181293	0.0327983	-0.982882	21.2572460639	Atom	
-533.547	434.593	-5000	0.181293	0.0327983	-0.982882	21.1747520601	Region	
"##################################################################"
